[2026-03-17 11:24:00] [marian] Marian v1.12.43 c9f287db 2025-06-23 19:47:45 +0000
[2026-03-17 11:24:00] [marian] Running on 591bffa33f76 as process 129194 with command line:
[2026-03-17 11:24:00] [marian] /workspace/OPUS-MT-train/tools/marian-dev/build/marian --type transformer --max-length 500 --maxi-batch 512 --mini-batch-fit --max-length-factor 3 --enc-depth 6 --dec-depth 6 --dim-emb 512 --tied-embeddings-all --transformer-heads 8 --transformer-dropout 0.1 --transformer-postprocess-emb d --transformer-postprocess dan --label-smoothing 0.1 --learn-rate 0.0003 --lr-warmup 16000 --lr-decay-inv-sqrt 16000 --lr-report --optimizer-params 0.9 0.98 1e-09 --clip-norm 5 --sync-sgd --exponential-smoothing --early-stopping 10 --valid-freq 1e --valid-sets /workspace/OPUS-MT-train/work/ckb-en/val/openlanguagedata_flores_plus.src.spm4k /workspace/OPUS-MT-train/work/ckb-en/val/openlanguagedata_flores_plus.trg.spm4k --valid-metrics bleu chrf perplexity --valid-mini-batch 8 --valid-max-length 100 --valid-log /workspace/OPUS-MT-train/work/ckb-en/curated-floresdev.spm4k-spm4k.transformer.valid1.log --beam-size 6 --normalize 1 --allow-unk --workspace 20000 --model /workspace/OPUS-MT-train/work/ckb-en/curated-floresdev.spm4k-spm4k.transformer.model1.npz --train-sets /workspace/OPUS-MT-train/work/ckb-en/train/curated-floresdev.src.clean.spm4k.gz /workspace/OPUS-MT-train/work/ckb-en/train/curated-floresdev.trg.clean.spm4k.gz --vocabs /workspace/OPUS-MT-train/work/ckb-en/curated-floresdev.spm4k-spm4k.vocab.yml /workspace/OPUS-MT-train/work/ckb-en/curated-floresdev.spm4k-spm4k.vocab.yml --save-freq 1000u --disp-freq 1000u --log /workspace/OPUS-MT-train/work/ckb-en/curated-floresdev.spm4k-spm4k.transformer.train1.log --devices 0 --seed 1111 --tempdir /tmp --shuffle batches --sharding local --overwrite --disp-first 10 --disp-label-counts --keep-best
[2026-03-17 11:24:00] [config] after: 0e
[2026-03-17 11:24:00] [config] after-batches: 0
[2026-03-17 11:24:00] [config] after-epochs: 0
[2026-03-17 11:24:00] [config] all-caps-every: 0
[2026-03-17 11:24:00] [config] allow-unk: true
[2026-03-17 11:24:00] [config] authors: false
[2026-03-17 11:24:00] [config] beam-size: 6
[2026-03-17 11:24:00] [config] bert-class-symbol: "[CLS]"
[2026-03-17 11:24:00] [config] bert-mask-symbol: "[MASK]"
[2026-03-17 11:24:00] [config] bert-masking-fraction: 0.15
[2026-03-17 11:24:00] [config] bert-sep-symbol: "[SEP]"
[2026-03-17 11:24:00] [config] bert-train-type-embeddings: true
[2026-03-17 11:24:00] [config] bert-type-vocab-size: 2
[2026-03-17 11:24:00] [config] build-info: ""
[2026-03-17 11:24:00] [config] check-gradient-nan: false
[2026-03-17 11:24:00] [config] check-nan: false
[2026-03-17 11:24:00] [config] cite: false
[2026-03-17 11:24:00] [config] clip-norm: 5
[2026-03-17 11:24:00] [config] comet-augment-bad: 0
[2026-03-17 11:24:00] [config] comet-dropout: 0.1
[2026-03-17 11:24:00] [config] comet-final-sigmoid: false
[2026-03-17 11:24:00] [config] comet-mix: false
[2026-03-17 11:24:00] [config] comet-mix-norm: false
[2026-03-17 11:24:00] [config] comet-mix-transformation: softmax
[2026-03-17 11:24:00] [config] comet-mixup: 0
[2026-03-17 11:24:00] [config] comet-mixup-reg: false
[2026-03-17 11:24:00] [config] comet-pool: avg
[2026-03-17 11:24:00] [config] comet-pooler-ffn:
[2026-03-17 11:24:00] [config]   - 2048
[2026-03-17 11:24:00] [config]   - 1024
[2026-03-17 11:24:00] [config] comet-prepend-zero: false
[2026-03-17 11:24:00] [config] comet-stop-grad: false
[2026-03-17 11:24:00] [config] comet-use-separator: false
[2026-03-17 11:24:00] [config] cost-scaling:
[2026-03-17 11:24:00] [config]   []
[2026-03-17 11:24:00] [config] cost-type: ce-sum
[2026-03-17 11:24:00] [config] cpu-threads: 0
[2026-03-17 11:24:00] [config] custom-fallbacks:
[2026-03-17 11:24:00] [config]   []
[2026-03-17 11:24:00] [config] data-threads: 8
[2026-03-17 11:24:00] [config] data-weighting: ""
[2026-03-17 11:24:00] [config] data-weighting-type: sentence
[2026-03-17 11:24:00] [config] dec-cell: gru
[2026-03-17 11:24:00] [config] dec-cell-base-depth: 2
[2026-03-17 11:24:00] [config] dec-cell-high-depth: 1
[2026-03-17 11:24:00] [config] dec-depth: 6
[2026-03-17 11:24:00] [config] devices:
[2026-03-17 11:24:00] [config]   - 0
[2026-03-17 11:24:00] [config] dim-emb: 512
[2026-03-17 11:24:00] [config] dim-rnn: 1024
[2026-03-17 11:24:00] [config] dim-vocabs:
[2026-03-17 11:24:00] [config]   - 0
[2026-03-17 11:24:00] [config]   - 0
[2026-03-17 11:24:00] [config] disp-first: 10
[2026-03-17 11:24:00] [config] disp-freq: 1000u
[2026-03-17 11:24:00] [config] disp-label-counts: true
[2026-03-17 11:24:00] [config] dropout-rnn: 0
[2026-03-17 11:24:00] [config] dropout-src: 0
[2026-03-17 11:24:00] [config] dropout-trg: 0
[2026-03-17 11:24:00] [config] dump-config: ""
[2026-03-17 11:24:00] [config] dynamic-gradient-scaling:
[2026-03-17 11:24:00] [config]   []
[2026-03-17 11:24:00] [config] early-stopping: 10
[2026-03-17 11:24:00] [config] early-stopping-epsilon:
[2026-03-17 11:24:00] [config]   - 0
[2026-03-17 11:24:00] [config] early-stopping-on: first
[2026-03-17 11:24:00] [config] embedding-fix-src: false
[2026-03-17 11:24:00] [config] embedding-fix-trg: false
[2026-03-17 11:24:00] [config] embedding-normalization: false
[2026-03-17 11:24:00] [config] embedding-vectors:
[2026-03-17 11:24:00] [config]   []
[2026-03-17 11:24:00] [config] enc-cell: gru
[2026-03-17 11:24:00] [config] enc-cell-depth: 1
[2026-03-17 11:24:00] [config] enc-depth: 6
[2026-03-17 11:24:00] [config] enc-type: bidirectional
[2026-03-17 11:24:00] [config] english-title-case-every: 0
[2026-03-17 11:24:00] [config] exponential-smoothing: 0.0001
[2026-03-17 11:24:00] [config] exponential-smoothing-replace-freq: 0
[2026-03-17 11:24:00] [config] factor-weight: 1
[2026-03-17 11:24:00] [config] factors-combine: sum
[2026-03-17 11:24:00] [config] factors-dim-emb: 0
[2026-03-17 11:24:00] [config] gradient-checkpointing: false
[2026-03-17 11:24:00] [config] gradient-norm-average-window: 100
[2026-03-17 11:24:00] [config] guided-alignment: none
[2026-03-17 11:24:00] [config] guided-alignment-cost: ce
[2026-03-17 11:24:00] [config] guided-alignment-weight: 0.1
[2026-03-17 11:24:00] [config] ignore-model-config: false
[2026-03-17 11:24:00] [config] input-join-fields: false
[2026-03-17 11:24:00] [config] input-reorder:
[2026-03-17 11:24:00] [config]   []
[2026-03-17 11:24:00] [config] input-types:
[2026-03-17 11:24:00] [config]   []
[2026-03-17 11:24:00] [config] interpolate-env-vars: false
[2026-03-17 11:24:00] [config] keep-best: true
[2026-03-17 11:24:00] [config] label-smoothing: 0.1
[2026-03-17 11:24:00] [config] layer-normalization: false
[2026-03-17 11:24:00] [config] learn-rate: 0.0003
[2026-03-17 11:24:00] [config] lemma-dependency: ""
[2026-03-17 11:24:00] [config] lemma-dim-emb: 0
[2026-03-17 11:24:00] [config] log: /workspace/OPUS-MT-train/work/ckb-en/curated-floresdev.spm4k-spm4k.transformer.train1.log
[2026-03-17 11:24:00] [config] log-level: info
[2026-03-17 11:24:00] [config] log-time-zone: ""
[2026-03-17 11:24:00] [config] logical-epoch:
[2026-03-17 11:24:00] [config]   - 1e
[2026-03-17 11:24:00] [config]   - 0
[2026-03-17 11:24:00] [config] lr-decay: 0
[2026-03-17 11:24:00] [config] lr-decay-freq: 50000
[2026-03-17 11:24:00] [config] lr-decay-inv-sqrt:
[2026-03-17 11:24:00] [config]   - 16000
[2026-03-17 11:24:00] [config] lr-decay-repeat-warmup: false
[2026-03-17 11:24:00] [config] lr-decay-reset-optimizer: false
[2026-03-17 11:24:00] [config] lr-decay-start:
[2026-03-17 11:24:00] [config]   - 10
[2026-03-17 11:24:00] [config]   - 1
[2026-03-17 11:24:00] [config] lr-decay-strategy: epoch+stalled
[2026-03-17 11:24:00] [config] lr-report: true
[2026-03-17 11:24:00] [config] lr-warmup: 16000
[2026-03-17 11:24:00] [config] lr-warmup-at-reload: false
[2026-03-17 11:24:00] [config] lr-warmup-cycle: false
[2026-03-17 11:24:00] [config] lr-warmup-start-rate: 0
[2026-03-17 11:24:00] [config] max-length: 500
[2026-03-17 11:24:00] [config] max-length-crop: false
[2026-03-17 11:24:00] [config] max-length-factor: 3
[2026-03-17 11:24:00] [config] maxi-batch: 512
[2026-03-17 11:24:00] [config] maxi-batch-sort: trg
[2026-03-17 11:24:00] [config] mini-batch: 64
[2026-03-17 11:24:00] [config] mini-batch-fit: true
[2026-03-17 11:24:00] [config] mini-batch-fit-step: 10
[2026-03-17 11:24:00] [config] mini-batch-round-up: true
[2026-03-17 11:24:00] [config] mini-batch-track-lr: false
[2026-03-17 11:24:00] [config] mini-batch-warmup: 0
[2026-03-17 11:24:00] [config] mini-batch-words: 0
[2026-03-17 11:24:00] [config] mini-batch-words-ref: 0
[2026-03-17 11:24:00] [config] model: /workspace/OPUS-MT-train/work/ckb-en/curated-floresdev.spm4k-spm4k.transformer.model1.npz
[2026-03-17 11:24:00] [config] multi-loss-type: sum
[2026-03-17 11:24:00] [config] n-best: false
[2026-03-17 11:24:00] [config] no-nccl: false
[2026-03-17 11:24:00] [config] no-optimizer-reload: false
[2026-03-17 11:24:00] [config] no-reload: false
[2026-03-17 11:24:00] [config] no-restore-corpus: false
[2026-03-17 11:24:00] [config] no-spm-encode: false
[2026-03-17 11:24:00] [config] normalize: 1
[2026-03-17 11:24:00] [config] normalize-gradient: false
[2026-03-17 11:24:00] [config] normalize-gradient-by-ratio: false
[2026-03-17 11:24:00] [config] optimizer: adam
[2026-03-17 11:24:00] [config] optimizer-delay: 1
[2026-03-17 11:24:00] [config] optimizer-params:
[2026-03-17 11:24:00] [config]   - 0.9
[2026-03-17 11:24:00] [config]   - 0.98
[2026-03-17 11:24:00] [config]   - 1e-09
[2026-03-17 11:24:00] [config] output-omit-bias: false
[2026-03-17 11:24:00] [config] overwrite: true
[2026-03-17 11:24:00] [config] overwrite-checkpoint: true
[2026-03-17 11:24:00] [config] precision:
[2026-03-17 11:24:00] [config]   - float32
[2026-03-17 11:24:00] [config]   - float32
[2026-03-17 11:24:00] [config] pretrained-model: ""
[2026-03-17 11:24:00] [config] quantize-biases: false
[2026-03-17 11:24:00] [config] quantize-bits: 0
[2026-03-17 11:24:00] [config] quantize-log-based: false
[2026-03-17 11:24:00] [config] quantize-optimization-steps: 0
[2026-03-17 11:24:00] [config] quiet: false
[2026-03-17 11:24:00] [config] quiet-translation: false
[2026-03-17 11:24:00] [config] quiet-validation: false
[2026-03-17 11:24:00] [config] relative-paths: false
[2026-03-17 11:24:00] [config] right-left: false
[2026-03-17 11:24:00] [config] save-freq: 1000u
[2026-03-17 11:24:00] [config] seed: 1111
[2026-03-17 11:24:00] [config] sentencepiece-alphas:
[2026-03-17 11:24:00] [config]   []
[2026-03-17 11:24:00] [config] sentencepiece-max-lines: 2000000
[2026-03-17 11:24:00] [config] sentencepiece-options: ""
[2026-03-17 11:24:00] [config] separator-symbol: "[eos]"
[2026-03-17 11:24:00] [config] sharding: local
[2026-03-17 11:24:00] [config] shuffle: batches
[2026-03-17 11:24:00] [config] shuffle-in-ram: false
[2026-03-17 11:24:00] [config] sigterm: save-and-exit
[2026-03-17 11:24:00] [config] skip: false
[2026-03-17 11:24:00] [config] sqlite: ""
[2026-03-17 11:24:00] [config] sqlite-drop: false
[2026-03-17 11:24:00] [config] sync-freq: 200u
[2026-03-17 11:24:00] [config] sync-sgd: true
[2026-03-17 11:24:00] [config] tempdir: /tmp
[2026-03-17 11:24:00] [config] throw-on-divergence:
[2026-03-17 11:24:00] [config]   []
[2026-03-17 11:24:00] [config] tied-embeddings: false
[2026-03-17 11:24:00] [config] tied-embeddings-all: true
[2026-03-17 11:24:00] [config] tied-embeddings-src: false
[2026-03-17 11:24:00] [config] train-embedder-rank:
[2026-03-17 11:24:00] [config]   []
[2026-03-17 11:24:00] [config] train-sets:
[2026-03-17 11:24:00] [config]   - /workspace/OPUS-MT-train/work/ckb-en/train/curated-floresdev.src.clean.spm4k.gz
[2026-03-17 11:24:00] [config]   - /workspace/OPUS-MT-train/work/ckb-en/train/curated-floresdev.trg.clean.spm4k.gz
[2026-03-17 11:24:00] [config] transformer-aan-activation: swish
[2026-03-17 11:24:00] [config] transformer-aan-depth: 2
[2026-03-17 11:24:00] [config] transformer-aan-nogate: false
[2026-03-17 11:24:00] [config] transformer-alibi-shift: false
[2026-03-17 11:24:00] [config] transformer-alibi-trainable: false
[2026-03-17 11:24:00] [config] transformer-attention-mask: default
[2026-03-17 11:24:00] [config] transformer-decoder-autoreg: self-attention
[2026-03-17 11:24:00] [config] transformer-decoder-dim-ffn: 0
[2026-03-17 11:24:00] [config] transformer-decoder-ffn-depth: 0
[2026-03-17 11:24:00] [config] transformer-depth-scaling: false
[2026-03-17 11:24:00] [config] transformer-dim-aan: 2048
[2026-03-17 11:24:00] [config] transformer-dim-ffn: 2048
[2026-03-17 11:24:00] [config] transformer-disable-position-embeddings: false
[2026-03-17 11:24:00] [config] transformer-dropout: 0.1
[2026-03-17 11:24:00] [config] transformer-dropout-attention: 0
[2026-03-17 11:24:00] [config] transformer-dropout-ffn: 0
[2026-03-17 11:24:00] [config] transformer-ffn-activation: swish
[2026-03-17 11:24:00] [config] transformer-ffn-depth: 2
[2026-03-17 11:24:00] [config] transformer-guided-alignment-layer: last
[2026-03-17 11:24:00] [config] transformer-heads: 8
[2026-03-17 11:24:00] [config] transformer-no-affine: false
[2026-03-17 11:24:00] [config] transformer-no-bias: false
[2026-03-17 11:24:00] [config] transformer-no-projection: false
[2026-03-17 11:24:00] [config] transformer-pool: false
[2026-03-17 11:24:00] [config] transformer-postprocess: dan
[2026-03-17 11:24:00] [config] transformer-postprocess-emb: d
[2026-03-17 11:24:00] [config] transformer-postprocess-top: ""
[2026-03-17 11:24:00] [config] transformer-preprocess: ""
[2026-03-17 11:24:00] [config] transformer-rnn-projection: false
[2026-03-17 11:24:00] [config] transformer-tied-layers:
[2026-03-17 11:24:00] [config]   []
[2026-03-17 11:24:00] [config] transformer-train-position-embeddings: false
[2026-03-17 11:24:00] [config] tsv: false
[2026-03-17 11:24:00] [config] tsv-fields: 0
[2026-03-17 11:24:00] [config] type: transformer
[2026-03-17 11:24:00] [config] ulr: false
[2026-03-17 11:24:00] [config] ulr-dim-emb: 0
[2026-03-17 11:24:00] [config] ulr-dropout: 0
[2026-03-17 11:24:00] [config] ulr-keys-vectors: ""
[2026-03-17 11:24:00] [config] ulr-query-vectors: ""
[2026-03-17 11:24:00] [config] ulr-softmax-temperature: 1
[2026-03-17 11:24:00] [config] ulr-trainable-transformation: false
[2026-03-17 11:24:00] [config] unlikelihood-loss: false
[2026-03-17 11:24:00] [config] valid-freq: 1e
[2026-03-17 11:24:00] [config] valid-log: /workspace/OPUS-MT-train/work/ckb-en/curated-floresdev.spm4k-spm4k.transformer.valid1.log
[2026-03-17 11:24:00] [config] valid-max-length: 100
[2026-03-17 11:24:00] [config] valid-metrics:
[2026-03-17 11:24:00] [config]   - bleu
[2026-03-17 11:24:00] [config]   - chrf
[2026-03-17 11:24:00] [config]   - perplexity
[2026-03-17 11:24:00] [config] valid-mini-batch: 8
[2026-03-17 11:24:00] [config] valid-reset-all: false
[2026-03-17 11:24:00] [config] valid-reset-stalled: false
[2026-03-17 11:24:00] [config] valid-script-args:
[2026-03-17 11:24:00] [config]   []
[2026-03-17 11:24:00] [config] valid-script-path: ""
[2026-03-17 11:24:00] [config] valid-sets:
[2026-03-17 11:24:00] [config]   - /workspace/OPUS-MT-train/work/ckb-en/val/openlanguagedata_flores_plus.src.spm4k
[2026-03-17 11:24:00] [config]   - /workspace/OPUS-MT-train/work/ckb-en/val/openlanguagedata_flores_plus.trg.spm4k
[2026-03-17 11:24:00] [config] valid-translation-output: ""
[2026-03-17 11:24:00] [config] vocabs:
[2026-03-17 11:24:00] [config]   - /workspace/OPUS-MT-train/work/ckb-en/curated-floresdev.spm4k-spm4k.vocab.yml
[2026-03-17 11:24:00] [config]   - /workspace/OPUS-MT-train/work/ckb-en/curated-floresdev.spm4k-spm4k.vocab.yml
[2026-03-17 11:24:00] [config] word-penalty: 0
[2026-03-17 11:24:00] [config] word-scores: false
[2026-03-17 11:24:00] [config] workspace: 20000
[2026-03-17 11:24:00] [config] Model is being created with Marian v1.12.43 c9f287db 2025-06-23 19:47:45 +0000
[2026-03-17 11:24:00] Using synchronous SGD
[2026-03-17 11:24:00] [comm] Compiled without MPI support. Running as a single process on 591bffa33f76
[2026-03-17 11:24:00] Synced seed 1111
[2026-03-17 11:24:00] [data] Loading vocabulary from JSON/Yaml file /workspace/OPUS-MT-train/work/ckb-en/curated-floresdev.spm4k-spm4k.vocab.yml
[2026-03-17 11:24:00] [data] Setting vocabulary size for input 0 to 7,614
[2026-03-17 11:24:00] [data] Loading vocabulary from JSON/Yaml file /workspace/OPUS-MT-train/work/ckb-en/curated-floresdev.spm4k-spm4k.vocab.yml
[2026-03-17 11:24:00] [data] Setting vocabulary size for input 1 to 7,614
[2026-03-17 11:24:00] [batching] Collecting statistics for batch fitting with step size 10
[2026-03-17 11:24:00] [memory] Extending reserved space to 20096 MB (device gpu0)
[2026-03-17 11:24:00] [comm] Using NCCL 2.8.3 for GPU communication
[2026-03-17 11:24:00] [comm] Using global sharding
[2026-03-17 11:24:00] [comm] NCCLCommunicators constructed successfully
[2026-03-17 11:24:00] [training] Using 1 GPUs
[2026-03-17 11:24:00] [logits] Applying loss function for 1 factor(s)
[2026-03-17 11:24:00] [memory] Reserving 183 MB, device gpu0
[2026-03-17 11:24:01] [gpu] 16-bit TensorCores enabled for float32 matrix operations
[2026-03-17 11:24:01] [memory] Reserving 183 MB, device gpu0
[2026-03-17 11:24:53] [batching] Done. Typical MB size is 17,096 target words
[2026-03-17 11:24:53] [memory] Extending reserved space to 20096 MB (device gpu0)
[2026-03-17 11:24:53] [comm] Using NCCL 2.8.3 for GPU communication
[2026-03-17 11:24:53] [comm] Using global sharding
[2026-03-17 11:24:53] [comm] NCCLCommunicators constructed successfully
[2026-03-17 11:24:53] [training] Using 1 GPUs
[2026-03-17 11:24:53] Training started
[2026-03-17 11:24:54] [training] Batches are processed as 1 process(es) x 1 devices/process
[2026-03-17 11:24:54] [memory] Reserving 183 MB, device gpu0
[2026-03-17 11:24:54] [memory] Reserving 183 MB, device gpu0
[2026-03-17 11:24:54] Parameter type float32, optimization type float32, casting types false
[2026-03-17 11:24:54] Allocating memory for general optimizer shards
[2026-03-17 11:24:54] [memory] Reserving 183 MB, device gpu0
[2026-03-17 11:24:54] Allocating memory for Adam-specific shards
[2026-03-17 11:24:54] [memory] Reserving 366 MB, device gpu0
[2026-03-17 11:24:54] Ep. 1 : Up. 1 : Sen. 70 : Cost 9.43484974 * 8,575 @ 8,575 after 8,575 : Time 0.97s : 8823.81 words/s : gNorm 7.1520 : L.r. 1.8750e-08
[2026-03-17 11:24:54] Error: Unit 1e is not supported for frequency parameters
[2026-03-17 11:24:54] Error: Aborted from bool marian::TrainingState::enteredNewPeriodOf(marian::SchedulingParameter) const in /workspace/OPUS-MT-train/tools/marian-dev/src/training/training_state.h:152

[CALL STACK]
[0x5a781ebe7c3d]    marian::TrainingState::  enteredNewPeriodOf  (marian::SchedulingParameter) const + 0x1ed
[0x5a781f12e6f8]    marian::SyncGraphGroup::  update  (std::vector<std::shared_ptr<marian::data::Batch>,std::allocator<std::shared_ptr<marian::data::Batch>>>,  unsigned long) + 0xbb8
[0x5a781f12ede3]    marian::SyncGraphGroup::  update  (std::shared_ptr<marian::data::Batch>) + 0x203
[0x5a781ebf6207]    marian::Train<marian::SyncGraphGroup>::  run  ()   + 0x1de7
[0x5a781eb2f4f0]    mainTrainer  (int,  char**)                        + 0x120
[0x5a781ead678d]    main                                               + 0x60d
[0x7367db19a1ca]                                                       + 0x2a1ca
[0x7367db19a28b]    __libc_start_main                                  + 0x8b
[0x5a781eb28905]    _start                                             + 0x25

[2026-03-17 11:30:28] [marian] Marian v1.12.43 c9f287db 2025-06-23 19:47:45 +0000
[2026-03-17 11:30:28] [marian] Running on 591bffa33f76 as process 134485 with command line:
[2026-03-17 11:30:28] [marian] /workspace/OPUS-MT-train/tools/marian-dev/build/marian --type transformer --max-length 500 --maxi-batch 512 --mini-batch-fit --max-length-factor 3 --enc-depth 6 --dec-depth 6 --dim-emb 512 --tied-embeddings-all --transformer-heads 8 --transformer-dropout 0.1 --transformer-postprocess-emb d --transformer-postprocess dan --label-smoothing 0.1 --learn-rate 0.0003 --lr-warmup 16000 --lr-decay-inv-sqrt 16000 --lr-report --optimizer-params 0.9 0.98 1e-09 --clip-norm 5 --sync-sgd --exponential-smoothing --early-stopping 10 --valid-freq 1000u --valid-sets /workspace/OPUS-MT-train/work/ckb-en/val/openlanguagedata_flores_plus.src.spm4k /workspace/OPUS-MT-train/work/ckb-en/val/openlanguagedata_flores_plus.trg.spm4k --valid-metrics bleu chrf perplexity --valid-mini-batch 8 --valid-max-length 100 --valid-log /workspace/OPUS-MT-train/work/ckb-en/curated-floresdev.spm4k-spm4k.transformer.valid1.log --beam-size 6 --normalize 1 --allow-unk --workspace 20000 --model /workspace/OPUS-MT-train/work/ckb-en/curated-floresdev.spm4k-spm4k.transformer.model1.npz --train-sets /workspace/OPUS-MT-train/work/ckb-en/train/curated-floresdev.src.clean.spm4k.gz /workspace/OPUS-MT-train/work/ckb-en/train/curated-floresdev.trg.clean.spm4k.gz --vocabs /workspace/OPUS-MT-train/work/ckb-en/curated-floresdev.spm4k-spm4k.vocab.yml /workspace/OPUS-MT-train/work/ckb-en/curated-floresdev.spm4k-spm4k.vocab.yml --save-freq 1000u --disp-freq 1000u --log /workspace/OPUS-MT-train/work/ckb-en/curated-floresdev.spm4k-spm4k.transformer.train1.log --devices 0 --seed 1111 --tempdir /tmp --shuffle batches --sharding local --overwrite --disp-first 10 --disp-label-counts --keep-best
[2026-03-17 11:30:28] [config] after: 0e
[2026-03-17 11:30:28] [config] after-batches: 0
[2026-03-17 11:30:28] [config] after-epochs: 0
[2026-03-17 11:30:28] [config] all-caps-every: 0
[2026-03-17 11:30:28] [config] allow-unk: true
[2026-03-17 11:30:28] [config] authors: false
[2026-03-17 11:30:28] [config] beam-size: 6
[2026-03-17 11:30:28] [config] bert-class-symbol: "[CLS]"
[2026-03-17 11:30:28] [config] bert-mask-symbol: "[MASK]"
[2026-03-17 11:30:28] [config] bert-masking-fraction: 0.15
[2026-03-17 11:30:28] [config] bert-sep-symbol: "[SEP]"
[2026-03-17 11:30:28] [config] bert-train-type-embeddings: true
[2026-03-17 11:30:28] [config] bert-type-vocab-size: 2
[2026-03-17 11:30:28] [config] build-info: ""
[2026-03-17 11:30:28] [config] check-gradient-nan: false
[2026-03-17 11:30:28] [config] check-nan: false
[2026-03-17 11:30:28] [config] cite: false
[2026-03-17 11:30:28] [config] clip-norm: 5
[2026-03-17 11:30:28] [config] comet-augment-bad: 0
[2026-03-17 11:30:28] [config] comet-dropout: 0.1
[2026-03-17 11:30:28] [config] comet-final-sigmoid: false
[2026-03-17 11:30:28] [config] comet-mix: false
[2026-03-17 11:30:28] [config] comet-mix-norm: false
[2026-03-17 11:30:28] [config] comet-mix-transformation: softmax
[2026-03-17 11:30:28] [config] comet-mixup: 0
[2026-03-17 11:30:28] [config] comet-mixup-reg: false
[2026-03-17 11:30:28] [config] comet-pool: avg
[2026-03-17 11:30:28] [config] comet-pooler-ffn:
[2026-03-17 11:30:28] [config]   - 2048
[2026-03-17 11:30:28] [config]   - 1024
[2026-03-17 11:30:28] [config] comet-prepend-zero: false
[2026-03-17 11:30:28] [config] comet-stop-grad: false
[2026-03-17 11:30:28] [config] comet-use-separator: false
[2026-03-17 11:30:28] [config] cost-scaling:
[2026-03-17 11:30:28] [config]   []
[2026-03-17 11:30:28] [config] cost-type: ce-sum
[2026-03-17 11:30:28] [config] cpu-threads: 0
[2026-03-17 11:30:28] [config] custom-fallbacks:
[2026-03-17 11:30:28] [config]   []
[2026-03-17 11:30:28] [config] data-threads: 8
[2026-03-17 11:30:28] [config] data-weighting: ""
[2026-03-17 11:30:28] [config] data-weighting-type: sentence
[2026-03-17 11:30:28] [config] dec-cell: gru
[2026-03-17 11:30:28] [config] dec-cell-base-depth: 2
[2026-03-17 11:30:28] [config] dec-cell-high-depth: 1
[2026-03-17 11:30:28] [config] dec-depth: 6
[2026-03-17 11:30:28] [config] devices:
[2026-03-17 11:30:28] [config]   - 0
[2026-03-17 11:30:28] [config] dim-emb: 512
[2026-03-17 11:30:28] [config] dim-rnn: 1024
[2026-03-17 11:30:28] [config] dim-vocabs:
[2026-03-17 11:30:28] [config]   - 0
[2026-03-17 11:30:28] [config]   - 0
[2026-03-17 11:30:28] [config] disp-first: 10
[2026-03-17 11:30:28] [config] disp-freq: 1000u
[2026-03-17 11:30:28] [config] disp-label-counts: true
[2026-03-17 11:30:28] [config] dropout-rnn: 0
[2026-03-17 11:30:28] [config] dropout-src: 0
[2026-03-17 11:30:28] [config] dropout-trg: 0
[2026-03-17 11:30:28] [config] dump-config: ""
[2026-03-17 11:30:28] [config] dynamic-gradient-scaling:
[2026-03-17 11:30:28] [config]   []
[2026-03-17 11:30:28] [config] early-stopping: 10
[2026-03-17 11:30:28] [config] early-stopping-epsilon:
[2026-03-17 11:30:28] [config]   - 0
[2026-03-17 11:30:28] [config] early-stopping-on: first
[2026-03-17 11:30:28] [config] embedding-fix-src: false
[2026-03-17 11:30:28] [config] embedding-fix-trg: false
[2026-03-17 11:30:28] [config] embedding-normalization: false
[2026-03-17 11:30:28] [config] embedding-vectors:
[2026-03-17 11:30:28] [config]   []
[2026-03-17 11:30:28] [config] enc-cell: gru
[2026-03-17 11:30:28] [config] enc-cell-depth: 1
[2026-03-17 11:30:28] [config] enc-depth: 6
[2026-03-17 11:30:28] [config] enc-type: bidirectional
[2026-03-17 11:30:28] [config] english-title-case-every: 0
[2026-03-17 11:30:28] [config] exponential-smoothing: 0.0001
[2026-03-17 11:30:28] [config] exponential-smoothing-replace-freq: 0
[2026-03-17 11:30:28] [config] factor-weight: 1
[2026-03-17 11:30:28] [config] factors-combine: sum
[2026-03-17 11:30:28] [config] factors-dim-emb: 0
[2026-03-17 11:30:28] [config] gradient-checkpointing: false
[2026-03-17 11:30:28] [config] gradient-norm-average-window: 100
[2026-03-17 11:30:28] [config] guided-alignment: none
[2026-03-17 11:30:28] [config] guided-alignment-cost: ce
[2026-03-17 11:30:28] [config] guided-alignment-weight: 0.1
[2026-03-17 11:30:28] [config] ignore-model-config: false
[2026-03-17 11:30:28] [config] input-join-fields: false
[2026-03-17 11:30:28] [config] input-reorder:
[2026-03-17 11:30:28] [config]   []
[2026-03-17 11:30:28] [config] input-types:
[2026-03-17 11:30:28] [config]   []
[2026-03-17 11:30:28] [config] interpolate-env-vars: false
[2026-03-17 11:30:28] [config] keep-best: true
[2026-03-17 11:30:28] [config] label-smoothing: 0.1
[2026-03-17 11:30:28] [config] layer-normalization: false
[2026-03-17 11:30:28] [config] learn-rate: 0.0003
[2026-03-17 11:30:28] [config] lemma-dependency: ""
[2026-03-17 11:30:28] [config] lemma-dim-emb: 0
[2026-03-17 11:30:28] [config] log: /workspace/OPUS-MT-train/work/ckb-en/curated-floresdev.spm4k-spm4k.transformer.train1.log
[2026-03-17 11:30:28] [config] log-level: info
[2026-03-17 11:30:28] [config] log-time-zone: ""
[2026-03-17 11:30:28] [config] logical-epoch:
[2026-03-17 11:30:28] [config]   - 1e
[2026-03-17 11:30:28] [config]   - 0
[2026-03-17 11:30:28] [config] lr-decay: 0
[2026-03-17 11:30:28] [config] lr-decay-freq: 50000
[2026-03-17 11:30:28] [config] lr-decay-inv-sqrt:
[2026-03-17 11:30:28] [config]   - 16000
[2026-03-17 11:30:28] [config] lr-decay-repeat-warmup: false
[2026-03-17 11:30:28] [config] lr-decay-reset-optimizer: false
[2026-03-17 11:30:28] [config] lr-decay-start:
[2026-03-17 11:30:28] [config]   - 10
[2026-03-17 11:30:28] [config]   - 1
[2026-03-17 11:30:28] [config] lr-decay-strategy: epoch+stalled
[2026-03-17 11:30:28] [config] lr-report: true
[2026-03-17 11:30:28] [config] lr-warmup: 16000
[2026-03-17 11:30:28] [config] lr-warmup-at-reload: false
[2026-03-17 11:30:28] [config] lr-warmup-cycle: false
[2026-03-17 11:30:28] [config] lr-warmup-start-rate: 0
[2026-03-17 11:30:28] [config] max-length: 500
[2026-03-17 11:30:28] [config] max-length-crop: false
[2026-03-17 11:30:28] [config] max-length-factor: 3
[2026-03-17 11:30:28] [config] maxi-batch: 512
[2026-03-17 11:30:28] [config] maxi-batch-sort: trg
[2026-03-17 11:30:28] [config] mini-batch: 64
[2026-03-17 11:30:28] [config] mini-batch-fit: true
[2026-03-17 11:30:28] [config] mini-batch-fit-step: 10
[2026-03-17 11:30:28] [config] mini-batch-round-up: true
[2026-03-17 11:30:28] [config] mini-batch-track-lr: false
[2026-03-17 11:30:28] [config] mini-batch-warmup: 0
[2026-03-17 11:30:28] [config] mini-batch-words: 0
[2026-03-17 11:30:28] [config] mini-batch-words-ref: 0
[2026-03-17 11:30:28] [config] model: /workspace/OPUS-MT-train/work/ckb-en/curated-floresdev.spm4k-spm4k.transformer.model1.npz
[2026-03-17 11:30:28] [config] multi-loss-type: sum
[2026-03-17 11:30:28] [config] n-best: false
[2026-03-17 11:30:28] [config] no-nccl: false
[2026-03-17 11:30:28] [config] no-optimizer-reload: false
[2026-03-17 11:30:28] [config] no-reload: false
[2026-03-17 11:30:28] [config] no-restore-corpus: false
[2026-03-17 11:30:28] [config] no-spm-encode: false
[2026-03-17 11:30:28] [config] normalize: 1
[2026-03-17 11:30:28] [config] normalize-gradient: false
[2026-03-17 11:30:28] [config] normalize-gradient-by-ratio: false
[2026-03-17 11:30:28] [config] optimizer: adam
[2026-03-17 11:30:28] [config] optimizer-delay: 1
[2026-03-17 11:30:28] [config] optimizer-params:
[2026-03-17 11:30:28] [config]   - 0.9
[2026-03-17 11:30:28] [config]   - 0.98
[2026-03-17 11:30:28] [config]   - 1e-09
[2026-03-17 11:30:28] [config] output-omit-bias: false
[2026-03-17 11:30:28] [config] overwrite: true
[2026-03-17 11:30:28] [config] overwrite-checkpoint: true
[2026-03-17 11:30:28] [config] precision:
[2026-03-17 11:30:28] [config]   - float32
[2026-03-17 11:30:28] [config]   - float32
[2026-03-17 11:30:28] [config] pretrained-model: ""
[2026-03-17 11:30:28] [config] quantize-biases: false
[2026-03-17 11:30:28] [config] quantize-bits: 0
[2026-03-17 11:30:28] [config] quantize-log-based: false
[2026-03-17 11:30:28] [config] quantize-optimization-steps: 0
[2026-03-17 11:30:28] [config] quiet: false
[2026-03-17 11:30:28] [config] quiet-translation: false
[2026-03-17 11:30:28] [config] quiet-validation: false
[2026-03-17 11:30:28] [config] relative-paths: false
[2026-03-17 11:30:28] [config] right-left: false
[2026-03-17 11:30:28] [config] save-freq: 1000u
[2026-03-17 11:30:28] [config] seed: 1111
[2026-03-17 11:30:28] [config] sentencepiece-alphas:
[2026-03-17 11:30:28] [config]   []
[2026-03-17 11:30:28] [config] sentencepiece-max-lines: 2000000
[2026-03-17 11:30:28] [config] sentencepiece-options: ""
[2026-03-17 11:30:28] [config] separator-symbol: "[eos]"
[2026-03-17 11:30:28] [config] sharding: local
[2026-03-17 11:30:28] [config] shuffle: batches
[2026-03-17 11:30:28] [config] shuffle-in-ram: false
[2026-03-17 11:30:28] [config] sigterm: save-and-exit
[2026-03-17 11:30:28] [config] skip: false
[2026-03-17 11:30:28] [config] sqlite: ""
[2026-03-17 11:30:28] [config] sqlite-drop: false
[2026-03-17 11:30:28] [config] sync-freq: 200u
[2026-03-17 11:30:28] [config] sync-sgd: true
[2026-03-17 11:30:28] [config] tempdir: /tmp
[2026-03-17 11:30:28] [config] throw-on-divergence:
[2026-03-17 11:30:28] [config]   []
[2026-03-17 11:30:28] [config] tied-embeddings: false
[2026-03-17 11:30:28] [config] tied-embeddings-all: true
[2026-03-17 11:30:28] [config] tied-embeddings-src: false
[2026-03-17 11:30:28] [config] train-embedder-rank:
[2026-03-17 11:30:28] [config]   []
[2026-03-17 11:30:28] [config] train-sets:
[2026-03-17 11:30:28] [config]   - /workspace/OPUS-MT-train/work/ckb-en/train/curated-floresdev.src.clean.spm4k.gz
[2026-03-17 11:30:28] [config]   - /workspace/OPUS-MT-train/work/ckb-en/train/curated-floresdev.trg.clean.spm4k.gz
[2026-03-17 11:30:28] [config] transformer-aan-activation: swish
[2026-03-17 11:30:28] [config] transformer-aan-depth: 2
[2026-03-17 11:30:28] [config] transformer-aan-nogate: false
[2026-03-17 11:30:28] [config] transformer-alibi-shift: false
[2026-03-17 11:30:28] [config] transformer-alibi-trainable: false
[2026-03-17 11:30:28] [config] transformer-attention-mask: default
[2026-03-17 11:30:28] [config] transformer-decoder-autoreg: self-attention
[2026-03-17 11:30:28] [config] transformer-decoder-dim-ffn: 0
[2026-03-17 11:30:28] [config] transformer-decoder-ffn-depth: 0
[2026-03-17 11:30:28] [config] transformer-depth-scaling: false
[2026-03-17 11:30:28] [config] transformer-dim-aan: 2048
[2026-03-17 11:30:28] [config] transformer-dim-ffn: 2048
[2026-03-17 11:30:28] [config] transformer-disable-position-embeddings: false
[2026-03-17 11:30:28] [config] transformer-dropout: 0.1
[2026-03-17 11:30:28] [config] transformer-dropout-attention: 0
[2026-03-17 11:30:28] [config] transformer-dropout-ffn: 0
[2026-03-17 11:30:28] [config] transformer-ffn-activation: swish
[2026-03-17 11:30:28] [config] transformer-ffn-depth: 2
[2026-03-17 11:30:28] [config] transformer-guided-alignment-layer: last
[2026-03-17 11:30:28] [config] transformer-heads: 8
[2026-03-17 11:30:28] [config] transformer-no-affine: false
[2026-03-17 11:30:28] [config] transformer-no-bias: false
[2026-03-17 11:30:28] [config] transformer-no-projection: false
[2026-03-17 11:30:28] [config] transformer-pool: false
[2026-03-17 11:30:28] [config] transformer-postprocess: dan
[2026-03-17 11:30:28] [config] transformer-postprocess-emb: d
[2026-03-17 11:30:28] [config] transformer-postprocess-top: ""
[2026-03-17 11:30:28] [config] transformer-preprocess: ""
[2026-03-17 11:30:28] [config] transformer-rnn-projection: false
[2026-03-17 11:30:28] [config] transformer-tied-layers:
[2026-03-17 11:30:28] [config]   []
[2026-03-17 11:30:28] [config] transformer-train-position-embeddings: false
[2026-03-17 11:30:28] [config] tsv: false
[2026-03-17 11:30:28] [config] tsv-fields: 0
[2026-03-17 11:30:28] [config] type: transformer
[2026-03-17 11:30:28] [config] ulr: false
[2026-03-17 11:30:28] [config] ulr-dim-emb: 0
[2026-03-17 11:30:28] [config] ulr-dropout: 0
[2026-03-17 11:30:28] [config] ulr-keys-vectors: ""
[2026-03-17 11:30:28] [config] ulr-query-vectors: ""
[2026-03-17 11:30:28] [config] ulr-softmax-temperature: 1
[2026-03-17 11:30:28] [config] ulr-trainable-transformation: false
[2026-03-17 11:30:28] [config] unlikelihood-loss: false
[2026-03-17 11:30:28] [config] valid-freq: 1000u
[2026-03-17 11:30:28] [config] valid-log: /workspace/OPUS-MT-train/work/ckb-en/curated-floresdev.spm4k-spm4k.transformer.valid1.log
[2026-03-17 11:30:28] [config] valid-max-length: 100
[2026-03-17 11:30:28] [config] valid-metrics:
[2026-03-17 11:30:28] [config]   - bleu
[2026-03-17 11:30:28] [config]   - chrf
[2026-03-17 11:30:28] [config]   - perplexity
[2026-03-17 11:30:28] [config] valid-mini-batch: 8
[2026-03-17 11:30:28] [config] valid-reset-all: false
[2026-03-17 11:30:28] [config] valid-reset-stalled: false
[2026-03-17 11:30:28] [config] valid-script-args:
[2026-03-17 11:30:28] [config]   []
[2026-03-17 11:30:28] [config] valid-script-path: ""
[2026-03-17 11:30:28] [config] valid-sets:
[2026-03-17 11:30:28] [config]   - /workspace/OPUS-MT-train/work/ckb-en/val/openlanguagedata_flores_plus.src.spm4k
[2026-03-17 11:30:28] [config]   - /workspace/OPUS-MT-train/work/ckb-en/val/openlanguagedata_flores_plus.trg.spm4k
[2026-03-17 11:30:28] [config] valid-translation-output: ""
[2026-03-17 11:30:28] [config] vocabs:
[2026-03-17 11:30:28] [config]   - /workspace/OPUS-MT-train/work/ckb-en/curated-floresdev.spm4k-spm4k.vocab.yml
[2026-03-17 11:30:28] [config]   - /workspace/OPUS-MT-train/work/ckb-en/curated-floresdev.spm4k-spm4k.vocab.yml
[2026-03-17 11:30:28] [config] word-penalty: 0
[2026-03-17 11:30:28] [config] word-scores: false
[2026-03-17 11:30:28] [config] workspace: 20000
[2026-03-17 11:30:28] [config] Model is being created with Marian v1.12.43 c9f287db 2025-06-23 19:47:45 +0000
[2026-03-17 11:30:28] Using synchronous SGD
[2026-03-17 11:30:28] [comm] Compiled without MPI support. Running as a single process on 591bffa33f76
[2026-03-17 11:30:28] Synced seed 1111
[2026-03-17 11:30:28] [data] Loading vocabulary from JSON/Yaml file /workspace/OPUS-MT-train/work/ckb-en/curated-floresdev.spm4k-spm4k.vocab.yml
[2026-03-17 11:30:28] [data] Setting vocabulary size for input 0 to 7,614
[2026-03-17 11:30:28] [data] Loading vocabulary from JSON/Yaml file /workspace/OPUS-MT-train/work/ckb-en/curated-floresdev.spm4k-spm4k.vocab.yml
[2026-03-17 11:30:28] [data] Setting vocabulary size for input 1 to 7,614
[2026-03-17 11:30:28] [batching] Collecting statistics for batch fitting with step size 10
[2026-03-17 11:30:28] [memory] Extending reserved space to 20096 MB (device gpu0)
[2026-03-17 11:30:28] [comm] Using NCCL 2.8.3 for GPU communication
[2026-03-17 11:30:28] [comm] Using global sharding
[2026-03-17 11:30:28] [comm] NCCLCommunicators constructed successfully
[2026-03-17 11:30:28] [training] Using 1 GPUs
[2026-03-17 11:30:28] [logits] Applying loss function for 1 factor(s)
[2026-03-17 11:30:28] [memory] Reserving 183 MB, device gpu0
[2026-03-17 11:30:29] [gpu] 16-bit TensorCores enabled for float32 matrix operations
[2026-03-17 11:30:29] [memory] Reserving 183 MB, device gpu0
[2026-03-17 11:31:21] [batching] Done. Typical MB size is 17,096 target words
[2026-03-17 11:31:21] [memory] Extending reserved space to 20096 MB (device gpu0)
[2026-03-17 11:31:21] [comm] Using NCCL 2.8.3 for GPU communication
[2026-03-17 11:31:21] [comm] Using global sharding
[2026-03-17 11:31:22] [comm] NCCLCommunicators constructed successfully
[2026-03-17 11:31:22] [training] Using 1 GPUs
[2026-03-17 11:31:22] Training started
[2026-03-17 11:31:22] [training] Batches are processed as 1 process(es) x 1 devices/process
[2026-03-17 11:31:22] [memory] Reserving 183 MB, device gpu0
[2026-03-17 11:31:22] [memory] Reserving 183 MB, device gpu0
[2026-03-17 11:31:22] Parameter type float32, optimization type float32, casting types false
[2026-03-17 11:31:22] Allocating memory for general optimizer shards
[2026-03-17 11:31:22] [memory] Reserving 183 MB, device gpu0
[2026-03-17 11:31:22] Allocating memory for Adam-specific shards
[2026-03-17 11:31:22] [memory] Reserving 366 MB, device gpu0
[2026-03-17 11:31:22] Ep. 1 : Up. 1 : Sen. 70 : Cost 9.43484974 * 8,575 @ 8,575 after 8,575 : Time 1.01s : 8521.11 words/s : gNorm 7.1520 : L.r. 1.8750e-08
[2026-03-17 11:31:23] Ep. 1 : Up. 2 : Sen. 373 : Cost 9.49894333 * 11,514 @ 11,514 after 20,089 : Time 0.14s : 81938.99 words/s : gNorm 7.3406 : L.r. 3.7500e-08
[2026-03-17 11:31:23] Ep. 1 : Up. 3 : Sen. 468 : Cost 9.41347408 * 9,087 @ 9,087 after 29,176 : Time 0.15s : 59742.81 words/s : gNorm 7.8121 : L.r. 5.6250e-08
[2026-03-17 11:31:23] Ep. 1 : Up. 4 : Sen. 534 : Cost 9.46186256 * 8,372 @ 8,372 after 37,548 : Time 0.15s : 56316.78 words/s : gNorm 7.6411 : L.r. 7.5000e-08
[2026-03-17 11:31:23] Ep. 1 : Up. 5 : Sen. 674 : Cost 9.47133541 * 9,907 @ 9,907 after 47,455 : Time 0.15s : 65250.06 words/s : gNorm 7.6944 : L.r. 9.3750e-08
[2026-03-17 11:31:23] Ep. 1 : Up. 6 : Sen. 990 : Cost 9.45557976 * 10,428 @ 10,428 after 57,883 : Time 0.15s : 69135.29 words/s : gNorm 7.5825 : L.r. 1.1250e-07
[2026-03-17 11:31:23] Ep. 1 : Up. 7 : Sen. 1,159 : Cost 9.47546005 * 9,971 @ 9,971 after 67,854 : Time 0.15s : 68242.81 words/s : gNorm 7.6621 : L.r. 1.3125e-07
[2026-03-17 11:31:24] Ep. 1 : Up. 8 : Sen. 1,430 : Cost 9.43094444 * 10,718 @ 10,718 after 78,572 : Time 0.15s : 70012.62 words/s : gNorm 7.5913 : L.r. 1.5000e-07
[2026-03-17 11:31:24] Ep. 1 : Up. 9 : Sen. 1,454 : Cost 9.41574860 * 6,798 @ 6,798 after 85,370 : Time 0.15s : 45114.03 words/s : gNorm 7.2021 : L.r. 1.6875e-07
[2026-03-17 11:31:24] Ep. 1 : Up. 10 : Sen. 1,788 : Cost 9.45643425 * 11,356 @ 11,356 after 96,726 : Time 0.14s : 80007.18 words/s : gNorm 7.2080 : L.r. 1.8750e-07
[2026-03-17 11:33:53] Ep. 1 : Up. 1000 : Sen. 241,448 : Cost 7.40598679 * 9,727,177 @ 10,096 after 9,823,903 : Time 148.70s : 65416.83 words/s : gNorm 2.0356 : L.r. 1.8750e-05
[2026-03-17 11:33:53] Saving model weights and runtime parameters to /workspace/OPUS-MT-train/work/ckb-en/curated-floresdev.spm4k-spm4k.transformer.model1.npz
[2026-03-17 11:33:54] Saving Adam parameters
[2026-03-17 11:33:56] [training] Saving training checkpoint to /workspace/OPUS-MT-train/work/ckb-en/curated-floresdev.spm4k-spm4k.transformer.model1.npz and /workspace/OPUS-MT-train/work/ckb-en/curated-floresdev.spm4k-spm4k.transformer.model1.npz.optimizer.npz
[2026-03-17 11:34:00] Translating validation set...
[2026-03-17 11:34:01] [valid] First sentence's tokens as scored:
[2026-03-17 11:34:01] [valid] DefaultVocab keeps original segments for scoring
[2026-03-17 11:34:01] [valid]   Hyp: ▁The ▁of ▁the ▁of ▁the ▁of ▁the ▁of ▁the ▁of ▁the ▁of ▁the ▁Kurdistan ▁of ▁the ▁Kurdistan ▁of ▁the ▁Kurdistan ▁of ▁the ▁Kurdistan ▁of ▁the ▁Kurdistan ▁of ▁the ▁Kurdistan ▁of ▁the ▁Kurdistan ▁of ▁the ▁Kurdistan ▁of ▁the ▁Kurdistan ▁of ▁the ▁ ▁of ▁the ▁Kurdistan ▁of ▁the ▁ ▁of ▁the ▁ ▁of ▁the ▁ ▁of ▁the ▁ s ▁of ▁the ▁ s ▁of ▁the ▁ s ▁of ▁the ▁ s ▁of ▁the ▁ s ▁of ▁the ▁ s ▁of ▁the ▁ s ▁of ▁the ▁ s ▁of ▁the ▁ s ▁of ▁the ▁ s ▁of ▁the ▁ s ▁of ▁the ▁ s ▁of ▁the ▁ s ▁of ▁the ▁ s ▁of ▁the ▁ s ▁of ▁the ▁ s ▁of ▁the ▁ s ▁of ▁the ▁ s ▁of ▁the ▁ s ▁of ▁the ▁ s ▁of ▁the ▁ s ▁of ▁the ▁ s ▁of ▁the ▁ s ▁of ▁the ▁ s ▁of ▁the ▁ s ▁of ▁the ▁ s ▁of ▁the ▁ s ▁of ▁the ▁ s ▁of ▁the ▁ s ▁of ▁the ▁ s ▁of ▁the ▁ s ▁of ▁the ▁ s ▁of ▁the ▁ s ▁of ▁the ▁ s ▁of ▁the ▁ s ▁of ▁the ▁ s ▁of ▁the ▁ s ▁of ▁the ▁ s ▁of ▁the ▁ s ▁of ▁the ▁ s ▁of ▁the ▁ s ▁of ▁the ▁ s ▁of ▁the ▁ s ▁of ▁the ▁ s ▁of ▁the ▁ s ▁of ▁the ▁ s ▁of ▁the ▁ s ▁of ▁the ▁ s ▁of ▁the ▁ s ▁of ▁the ▁ s ▁of ▁the ▁ s ▁of ▁the ▁ s
[2026-03-17 11:34:01] [valid]   Ref: ▁Other ▁scientist s ▁a r gue ▁that ▁these ▁plant s ▁are ▁very ▁ po i son ous ▁so ▁it ▁is ▁un li ke ly ▁that ▁any ▁di no sa ur ▁a te ▁them , ▁even ▁ th ough ▁today ▁the ▁ s lo th ▁and ▁other ▁animal s ▁like ▁the ▁ par ro t ▁( a ▁de s ce nd ant ▁of ▁the ▁di no sa ur s ) ▁can ▁eat ▁ po i son ous ▁leave s ▁or ▁fruit .
[2026-03-17 11:34:02] Best translation 0 : ▁The ▁of ▁the ▁ ▁of ▁the ▁ s ▁of ▁the ▁ s ▁of ▁the ▁ s ▁of ▁the ▁ s ▁of ▁the ▁ s ▁of ▁the ▁ s ▁of ▁the ▁ s ▁of ▁the ▁ s ▁of ▁the ▁ s ▁of ▁the ▁ s ▁of ▁the ▁ s .
[2026-03-17 11:34:02] Best translation 1 : ▁The ▁of ▁the ▁of ▁the ▁of ▁the ▁ s ▁of ▁the ▁ s ▁of ▁the ▁ s ▁of ▁the ▁ s ▁of ▁the ▁ s ▁of ▁the ▁ s ▁of ▁the ▁ s ▁of ▁the ▁ s ▁of ▁the ▁ s ▁of ▁the ▁ s ▁of ▁the ▁ s ▁of ▁the ▁ s ▁of ▁the ▁ s ▁of ▁the ▁ s ▁of ▁the ▁ s ▁of ▁the ▁ s ▁of ▁the ▁ s ▁of ▁the ▁ s ▁of ▁the ▁ s ▁of ▁the ▁ s ▁of ▁the ▁ s ▁of ▁the ▁ s ▁of ▁the ▁ s ▁of ▁the ▁ s ▁of ▁the ▁ s ▁of ▁the ▁ s ▁of ▁the ▁ s ▁of ▁the ▁ s ▁of ▁the ▁ s ▁of ▁the ▁ s ▁of ▁the ▁ s ▁of ▁the ▁ s ▁of ▁the ▁ s ▁of ▁the ▁ s ▁of ▁the ▁ s ▁of ▁the ▁ s ▁of ▁the ▁ s ▁of ▁the ▁ s ▁of ▁the ▁ s ▁of ▁the ▁ s ▁of ▁the ▁ s ▁of ▁the ▁ s ▁of ▁the ▁ s ▁of ▁the ▁ s ▁of ▁the ▁ s ▁of ▁the ▁ s ▁of ▁the ▁ s ▁of ▁the ▁ s ▁of ▁the ▁ s ▁of ▁the ▁ s ▁of ▁the ▁ s ▁of ▁the ▁ s ▁of ▁the ▁ s ▁of ▁the ▁ s ▁of ▁the ▁ s ▁of ▁the ▁ s ▁of ▁the ▁ s ▁of ▁the ▁ s ▁of ▁the ▁ s ▁of ▁the ▁ s ▁of ▁the ▁ s ▁of ▁the ▁ s ▁of ▁the ▁ s ▁of ▁the ▁ s
[2026-03-17 11:34:02] Best translation 2 : ▁The ▁of ▁the ▁ ▁of ▁the ▁ s ▁of ▁the ▁ s ▁of ▁the ▁ s ▁of ▁the ▁ s ▁of ▁the ▁ s ▁of ▁the ▁ s ▁of ▁the ▁ s ▁of ▁the ▁ s ▁of ▁the ▁ s .
[2026-03-17 11:34:02] Best translation 3 : ▁The ▁of ▁the ▁ ▁of ▁the ▁ s ▁of ▁the ▁ ▁of ▁the ▁ s ▁of ▁the ▁ s ▁of ▁the ▁ s ▁of ▁the ▁ s ▁of ▁the ▁ s ▁of ▁the ▁ s ▁of ▁the ▁ s ▁of ▁the ▁ s ▁of ▁the ▁ s ▁of ▁the ▁ s ▁of ▁the ▁ s ▁of ▁the ▁ s ▁of ▁the ▁ s ▁of ▁the ▁ s ▁of ▁the ▁ s ▁of ▁the ▁ s ▁of ▁the ▁ s ▁of ▁the ▁ s ▁of ▁the ▁ s ▁of ▁the ▁ s ▁of ▁the ▁ s ▁of ▁the ▁ s ▁of ▁the ▁ s ▁of ▁the ▁ s ▁of ▁the ▁ s ▁of ▁the ▁ s ▁of ▁the ▁ s ▁of ▁the ▁ s ▁of ▁the ▁ s ▁of ▁the ▁ s ▁of ▁the ▁ s ▁of ▁the ▁ s ▁of ▁the ▁ s ▁of ▁the ▁ s ▁of ▁the ▁ s ▁of ▁the ▁ s ▁of ▁the ▁ s ▁of ▁the ▁ s ▁of ▁the ▁ s ▁of ▁the ▁ s ▁of ▁the ▁ s ▁of ▁the ▁ s ▁of ▁the ▁ s ▁of ▁the ▁ s ▁of ▁the ▁ s .
[2026-03-17 11:34:02] Best translation 4 : ▁The ▁of ▁the ▁Kurdistan ▁of ▁the ▁Kurdistan ▁of ▁the ▁Kurdistan ▁of ▁the ▁Kurdistan ▁of ▁the ▁Kurdistan ▁of ▁the ▁Kurdistan ▁of ▁the ▁Kurdistan ▁of ▁the ▁Kurdistan ▁of ▁the ▁ s ▁of ▁the ▁ s ▁of ▁the ▁ s ▁of ▁the ▁ s .
[2026-03-17 11:34:02] Best translation 5 : ▁The ▁of ▁the ▁of ▁the ▁of ▁the ▁ s ▁of ▁the ▁ ▁of ▁the ▁ s ▁of ▁the ▁ s ▁of ▁the ▁ s ▁of ▁the ▁ s ▁of ▁the ▁ ▁of ▁the ▁ s ▁of ▁the ▁ s ▁of ▁the ▁ s ▁of ▁the ▁ s ▁of ▁the ▁ s ▁of ▁the ▁ s ▁of ▁the ▁ s ▁of ▁the ▁ s ▁of ▁the ▁ s ▁of ▁the ▁ s ▁of ▁the ▁ s ▁of ▁the ▁ s ▁of ▁the ▁ s ▁of ▁the ▁ s ▁of ▁the ▁ s ▁of ▁the ▁ s ▁of ▁the ▁ s ▁of ▁the ▁ s ▁of ▁the ▁ s ▁of ▁the ▁ s ▁of ▁the ▁ s ▁of ▁the ▁ s ▁of ▁the ▁ s ▁of ▁the ▁ s ▁of ▁the ▁ s ▁of ▁the ▁ s ▁of ▁the ▁ s ▁of ▁the ▁ s ▁of ▁the ▁ s ▁of ▁the ▁ s ▁of ▁the ▁ s ▁of ▁the ▁ s ▁of ▁the ▁ s ▁of ▁the ▁ s ▁of ▁the ▁ s ▁of ▁the ▁ s ▁of ▁the ▁ s ▁of ▁the ▁ s ▁of ▁the ▁ s ▁of ▁the ▁ s ▁of ▁the ▁ s .
[2026-03-17 11:34:03] Best translation 10 : ▁The ▁of ▁the ▁Kurdistan ▁of ▁the ▁Kurdistan ▁of ▁the ▁Kurdistan ▁of ▁the ▁Kurdistan ▁of ▁the ▁Kurdistan ▁of ▁the ▁ s ▁of ▁the ▁Kurdistan ▁of ▁the ▁Kurdistan ▁of ▁the ▁Kurdistan ▁of ▁the ▁ s ▁of ▁the ▁ s ▁of ▁the ▁ s ▁of ▁the ▁ s ▁of ▁the ▁ s ▁of ▁the ▁ s ▁of ▁the ▁ s .
[2026-03-17 11:34:03] Best translation 20 : ▁The ▁of ▁the ▁ s ▁of ▁the ▁ s ▁of ▁the ▁ s ▁of ▁the ▁ s ▁of ▁the ▁ s ▁of ▁the ▁ s ▁of ▁the ▁ s ▁of ▁the ▁ s ▁of ▁the ▁ s ▁of ▁the ▁ s ▁of ▁the ▁ s ▁of ▁the ▁ s ▁of ▁the ▁ s ▁of ▁the ▁ s ▁of ▁the ▁ s ▁of ▁the ▁ s ▁of ▁the ▁ s ▁of ▁the ▁ s ▁of ▁the ▁ s ▁of ▁the ▁ s ▁of ▁the ▁ s .
[2026-03-17 11:34:03] Best translation 40 : ▁The ▁of ▁the ▁Kurdistan ▁of ▁the ▁Kurdistan ▁of ▁the ▁Kurdistan ▁of ▁the ▁Kurdistan ▁of ▁the ▁Kurdistan ▁of ▁the ▁Kurdistan ▁of ▁the ▁Kurdistan ▁of ▁the ▁Kurdistan ▁of ▁the ▁Kurdistan ▁of ▁the ▁Kurdistan ▁of ▁the ▁Kurdistan ▁of ▁the ▁Kurdistan ▁of ▁the ▁ s ▁of ▁the ▁ s ▁of ▁the ▁ s ▁of ▁the ▁ s ▁of ▁the ▁ s ▁of ▁the ▁ s ▁of ▁the ▁ s ▁of ▁the ▁ s ▁of ▁the ▁ s ▁of ▁the ▁ s ▁of ▁the ▁ s ▁of ▁the ▁ s ▁of ▁the ▁ s ▁of ▁the ▁ s ▁of ▁the ▁ s ▁of ▁the ▁ s ▁of ▁the ▁ s ▁of ▁the ▁ s ▁of ▁the ▁ s ▁of ▁the ▁ s ▁of ▁the ▁ s ▁of ▁the ▁ s ▁of ▁the ▁ s ▁of ▁the ▁ s ▁of ▁the ▁ s ▁of ▁the ▁ s ▁of ▁the ▁ s ▁of ▁the ▁ s ▁of ▁the ▁ s ▁of ▁the ▁ s ▁of ▁the ▁ s ▁of ▁the ▁ s ▁of ▁the ▁ s ▁of ▁the ▁ s ▁of ▁the ▁ s ▁of ▁the ▁
[2026-03-17 11:34:05] Best translation 80 : ▁The ▁of ▁the ▁ s ▁of ▁the ▁ s ▁of ▁the ▁ ▁of ▁the ▁ s ▁of ▁the ▁ s ▁of ▁the ▁ s ▁of ▁the ▁ s ▁of ▁the ▁ s ▁of ▁the ▁ s ▁of ▁the ▁ s ▁of ▁the ▁ s ▁of ▁the ▁ s ▁of ▁the ▁ s ▁of ▁the ▁ s ▁of ▁the ▁ s ▁of ▁the ▁ s ▁of ▁the ▁ s ▁of ▁the ▁ s ▁of ▁the ▁ s ▁of ▁the ▁ s ▁of ▁the ▁ s ▁of ▁the ▁ s ▁of ▁the ▁ s ▁of ▁the ▁ s ▁of ▁the ▁ s ▁of ▁the ▁ s ▁of ▁the ▁ s ▁of ▁the ▁ s .
[2026-03-17 11:34:10] Best translation 160 : ▁The ▁of ▁the ▁ s ▁of ▁the ▁ s ▁of ▁the ▁ s ▁of ▁the ▁ s ▁of ▁the ▁ s ▁of ▁the ▁ s .
[2026-03-17 11:34:16] Best translation 320 : ▁The ▁of ▁the ▁ s ▁of ▁the ▁ s ▁of ▁the ▁ s ▁of ▁the ▁ s ▁of ▁the ▁ s ▁of ▁the ▁ s .
[2026-03-17 11:34:27] Best translation 640 : ▁The ▁of ▁the ▁Kurdistan ▁of ▁the ▁ s ▁of ▁the ▁ s ▁of ▁the ▁ s ▁of ▁the ▁ s ▁of ▁the ▁ s ▁of ▁the ▁ s ▁of ▁the ▁ s ▁of ▁the ▁ s ▁of ▁the ▁ s ▁of ▁the ▁ s .
[2026-03-17 11:34:52] Best translation 1280 : ▁The ▁of ▁the ▁Kurdistan ▁of ▁the ▁of ▁the ▁Kurdistan ▁of ▁the ▁Kurdistan ▁of ▁the ▁Kurdistan ▁of ▁the ▁Kurdistan ▁of ▁the ▁Kurdistan ▁of ▁the ▁Kurdistan ▁of ▁the ▁Kurdistan ▁of ▁the ▁Kurdistan ▁of ▁the ▁Kurdistan ▁of ▁the ▁Kurdistan ▁of ▁the ▁Kurdistan ▁of ▁the ▁Kurdistan ▁of ▁the ▁Kurdistan ▁of ▁the ▁Kurdistan ▁of ▁the ▁Kurdistan ▁of ▁the ▁Kurdistan ▁of ▁the ▁Kurdistan ▁of ▁the ▁Kurdistan ▁of ▁the ▁Kurdistan ▁of ▁the ▁Kurdistan ▁of ▁the ▁Kurdistan ▁of ▁the ▁Kurdistan ▁of ▁the ▁Kurdistan ▁of ▁the ▁Kurdistan ▁of ▁the ▁Kurdistan ▁of ▁the ▁Kurdistan ▁of ▁the ▁Kurdistan ▁of ▁the ▁Kurdistan ▁of ▁the ▁Kurdistan ▁of ▁the ▁Kurdistan ▁of ▁the ▁Kurdistan ▁of ▁the ▁Kurdistan ▁of ▁the ▁Kurdistan ▁of ▁the ▁Kurdistan ▁of ▁the ▁Kurdistan ▁of ▁the ▁Kurdistan ▁of ▁the ▁Kurdistan ▁of ▁the ▁of ▁the ▁of ▁the .
[2026-03-17 11:35:22] Total translation time: 82.70801s
[2026-03-17 11:35:22] Saving model weights and runtime parameters to /workspace/OPUS-MT-train/work/ckb-en/curated-floresdev.spm4k-spm4k.transformer.model1.npz.best-bleu.npz
[2026-03-17 11:35:24] [valid] Ep. 1 : Up. 1000 : bleu : 0.20009 : new best
[2026-03-17 11:35:24] Translating validation set...
[2026-03-17 11:35:25] Best translation 0 : ▁The ▁of ▁the ▁ ▁of ▁the ▁ s ▁of ▁the ▁ s ▁of ▁the ▁ s ▁of ▁the ▁ s ▁of ▁the ▁ s ▁of ▁the ▁ s ▁of ▁the ▁ s ▁of ▁the ▁ s ▁of ▁the ▁ s ▁of ▁the ▁ s ▁of ▁the ▁ s .
[2026-03-17 11:35:25] Best translation 1 : ▁The ▁of ▁the ▁of ▁the ▁of ▁the ▁ s ▁of ▁the ▁ s ▁of ▁the ▁ s ▁of ▁the ▁ s ▁of ▁the ▁ s ▁of ▁the ▁ s ▁of ▁the ▁ s ▁of ▁the ▁ s ▁of ▁the ▁ s ▁of ▁the ▁ s ▁of ▁the ▁ s ▁of ▁the ▁ s ▁of ▁the ▁ s ▁of ▁the ▁ s ▁of ▁the ▁ s ▁of ▁the ▁ s ▁of ▁the ▁ s ▁of ▁the ▁ s ▁of ▁the ▁ s ▁of ▁the ▁ s ▁of ▁the ▁ s ▁of ▁the ▁ s ▁of ▁the ▁ s ▁of ▁the ▁ s ▁of ▁the ▁ s ▁of ▁the ▁ s ▁of ▁the ▁ s ▁of ▁the ▁ s ▁of ▁the ▁ s ▁of ▁the ▁ s ▁of ▁the ▁ s ▁of ▁the ▁ s ▁of ▁the ▁ s ▁of ▁the ▁ s ▁of ▁the ▁ s ▁of ▁the ▁ s ▁of ▁the ▁ s ▁of ▁the ▁ s ▁of ▁the ▁ s ▁of ▁the ▁ s ▁of ▁the ▁ s ▁of ▁the ▁ s ▁of ▁the ▁ s ▁of ▁the ▁ s ▁of ▁the ▁ s ▁of ▁the ▁ s ▁of ▁the ▁ s ▁of ▁the ▁ s ▁of ▁the ▁ s ▁of ▁the ▁ s ▁of ▁the ▁ s ▁of ▁the ▁ s ▁of ▁the ▁ s ▁of ▁the ▁ s ▁of ▁the ▁ s ▁of ▁the ▁ s ▁of ▁the ▁ s ▁of ▁the ▁ s ▁of ▁the ▁ s ▁of ▁the ▁ s ▁of ▁the ▁ s ▁of ▁the ▁ s ▁of ▁the ▁ s ▁of ▁the ▁ s
[2026-03-17 11:35:26] Best translation 2 : ▁The ▁of ▁the ▁ ▁of ▁the ▁ s ▁of ▁the ▁ s ▁of ▁the ▁ s ▁of ▁the ▁ s ▁of ▁the ▁ s ▁of ▁the ▁ s ▁of ▁the ▁ s ▁of ▁the ▁ s ▁of ▁the ▁ s .
[2026-03-17 11:35:26] Best translation 3 : ▁The ▁of ▁the ▁ ▁of ▁the ▁ s ▁of ▁the ▁ ▁of ▁the ▁ s ▁of ▁the ▁ s ▁of ▁the ▁ s ▁of ▁the ▁ s ▁of ▁the ▁ s ▁of ▁the ▁ s ▁of ▁the ▁ s ▁of ▁the ▁ s ▁of ▁the ▁ s ▁of ▁the ▁ s ▁of ▁the ▁ s ▁of ▁the ▁ s ▁of ▁the ▁ s ▁of ▁the ▁ s ▁of ▁the ▁ s ▁of ▁the ▁ s ▁of ▁the ▁ s ▁of ▁the ▁ s ▁of ▁the ▁ s ▁of ▁the ▁ s ▁of ▁the ▁ s ▁of ▁the ▁ s ▁of ▁the ▁ s ▁of ▁the ▁ s ▁of ▁the ▁ s ▁of ▁the ▁ s ▁of ▁the ▁ s ▁of ▁the ▁ s ▁of ▁the ▁ s ▁of ▁the ▁ s ▁of ▁the ▁ s ▁of ▁the ▁ s ▁of ▁the ▁ s ▁of ▁the ▁ s ▁of ▁the ▁ s ▁of ▁the ▁ s ▁of ▁the ▁ s ▁of ▁the ▁ s ▁of ▁the ▁ s ▁of ▁the ▁ s ▁of ▁the ▁ s ▁of ▁the ▁ s ▁of ▁the ▁ s ▁of ▁the ▁ s ▁of ▁the ▁ s .
[2026-03-17 11:35:26] Best translation 4 : ▁The ▁of ▁the ▁Kurdistan ▁of ▁the ▁Kurdistan ▁of ▁the ▁Kurdistan ▁of ▁the ▁Kurdistan ▁of ▁the ▁Kurdistan ▁of ▁the ▁Kurdistan ▁of ▁the ▁Kurdistan ▁of ▁the ▁Kurdistan ▁of ▁the ▁ s ▁of ▁the ▁ s ▁of ▁the ▁ s ▁of ▁the ▁ s .
[2026-03-17 11:35:26] Best translation 5 : ▁The ▁of ▁the ▁of ▁the ▁of ▁the ▁ s ▁of ▁the ▁ ▁of ▁the ▁ s ▁of ▁the ▁ s ▁of ▁the ▁ s ▁of ▁the ▁ s ▁of ▁the ▁ ▁of ▁the ▁ s ▁of ▁the ▁ s ▁of ▁the ▁ s ▁of ▁the ▁ s ▁of ▁the ▁ s ▁of ▁the ▁ s ▁of ▁the ▁ s ▁of ▁the ▁ s ▁of ▁the ▁ s ▁of ▁the ▁ s ▁of ▁the ▁ s ▁of ▁the ▁ s ▁of ▁the ▁ s ▁of ▁the ▁ s ▁of ▁the ▁ s ▁of ▁the ▁ s ▁of ▁the ▁ s ▁of ▁the ▁ s ▁of ▁the ▁ s ▁of ▁the ▁ s ▁of ▁the ▁ s ▁of ▁the ▁ s ▁of ▁the ▁ s ▁of ▁the ▁ s ▁of ▁the ▁ s ▁of ▁the ▁ s ▁of ▁the ▁ s ▁of ▁the ▁ s ▁of ▁the ▁ s ▁of ▁the ▁ s ▁of ▁the ▁ s ▁of ▁the ▁ s ▁of ▁the ▁ s ▁of ▁the ▁ s ▁of ▁the ▁ s ▁of ▁the ▁ s ▁of ▁the ▁ s ▁of ▁the ▁ s ▁of ▁the ▁ s ▁of ▁the ▁ s ▁of ▁the ▁ s .
[2026-03-17 11:35:26] Best translation 10 : ▁The ▁of ▁the ▁Kurdistan ▁of ▁the ▁Kurdistan ▁of ▁the ▁Kurdistan ▁of ▁the ▁Kurdistan ▁of ▁the ▁Kurdistan ▁of ▁the ▁ s ▁of ▁the ▁Kurdistan ▁of ▁the ▁Kurdistan ▁of ▁the ▁Kurdistan ▁of ▁the ▁ s ▁of ▁the ▁ s ▁of ▁the ▁ s ▁of ▁the ▁ s ▁of ▁the ▁ s ▁of ▁the ▁ s ▁of ▁the ▁ s .
[2026-03-17 11:35:26] Best translation 20 : ▁The ▁of ▁the ▁ s ▁of ▁the ▁ s ▁of ▁the ▁ s ▁of ▁the ▁ s ▁of ▁the ▁ s ▁of ▁the ▁ s ▁of ▁the ▁ s ▁of ▁the ▁ s ▁of ▁the ▁ s ▁of ▁the ▁ s ▁of ▁the ▁ s ▁of ▁the ▁ s ▁of ▁the ▁ s ▁of ▁the ▁ s ▁of ▁the ▁ s ▁of ▁the ▁ s ▁of ▁the ▁ s ▁of ▁the ▁ s ▁of ▁the ▁ s ▁of ▁the ▁ s ▁of ▁the ▁ s .
[2026-03-17 11:35:26] Best translation 40 : ▁The ▁of ▁the ▁Kurdistan ▁of ▁the ▁Kurdistan ▁of ▁the ▁Kurdistan ▁of ▁the ▁Kurdistan ▁of ▁the ▁Kurdistan ▁of ▁the ▁Kurdistan ▁of ▁the ▁Kurdistan ▁of ▁the ▁Kurdistan ▁of ▁the ▁Kurdistan ▁of ▁the ▁Kurdistan ▁of ▁the ▁Kurdistan ▁of ▁the ▁Kurdistan ▁of ▁the ▁ s ▁of ▁the ▁ s ▁of ▁the ▁ s ▁of ▁the ▁ s ▁of ▁the ▁ s ▁of ▁the ▁ s ▁of ▁the ▁ s ▁of ▁the ▁ s ▁of ▁the ▁ s ▁of ▁the ▁ s ▁of ▁the ▁ s ▁of ▁the ▁ s ▁of ▁the ▁ s ▁of ▁the ▁ s ▁of ▁the ▁ s ▁of ▁the ▁ s ▁of ▁the ▁ s ▁of ▁the ▁ s ▁of ▁the ▁ s ▁of ▁the ▁ s ▁of ▁the ▁ s ▁of ▁the ▁ s ▁of ▁the ▁ s ▁of ▁the ▁ s ▁of ▁the ▁ s ▁of ▁the ▁ s ▁of ▁the ▁ s ▁of ▁the ▁ s ▁of ▁the ▁ s ▁of ▁the ▁ s ▁of ▁the ▁ s ▁of ▁the ▁ s ▁of ▁the ▁ s ▁of ▁the ▁ s ▁of ▁the ▁ s ▁of ▁the ▁
[2026-03-17 11:35:29] Best translation 80 : ▁The ▁of ▁the ▁ s ▁of ▁the ▁ s ▁of ▁the ▁ ▁of ▁the ▁ s ▁of ▁the ▁ s ▁of ▁the ▁ s ▁of ▁the ▁ s ▁of ▁the ▁ s ▁of ▁the ▁ s ▁of ▁the ▁ s ▁of ▁the ▁ s ▁of ▁the ▁ s ▁of ▁the ▁ s ▁of ▁the ▁ s ▁of ▁the ▁ s ▁of ▁the ▁ s ▁of ▁the ▁ s ▁of ▁the ▁ s ▁of ▁the ▁ s ▁of ▁the ▁ s ▁of ▁the ▁ s ▁of ▁the ▁ s ▁of ▁the ▁ s ▁of ▁the ▁ s ▁of ▁the ▁ s ▁of ▁the ▁ s ▁of ▁the ▁ s ▁of ▁the ▁ s .
[2026-03-17 11:35:34] Best translation 160 : ▁The ▁of ▁the ▁ s ▁of ▁the ▁ s ▁of ▁the ▁ s ▁of ▁the ▁ s ▁of ▁the ▁ s ▁of ▁the ▁ s .
[2026-03-17 11:35:40] Best translation 320 : ▁The ▁of ▁the ▁ s ▁of ▁the ▁ s ▁of ▁the ▁ s ▁of ▁the ▁ s ▁of ▁the ▁ s ▁of ▁the ▁ s .
[2026-03-17 11:35:51] Best translation 640 : ▁The ▁of ▁the ▁Kurdistan ▁of ▁the ▁ s ▁of ▁the ▁ s ▁of ▁the ▁ s ▁of ▁the ▁ s ▁of ▁the ▁ s ▁of ▁the ▁ s ▁of ▁the ▁ s ▁of ▁the ▁ s ▁of ▁the ▁ s ▁of ▁the ▁ s .
[2026-03-17 11:36:17] Best translation 1280 : ▁The ▁of ▁the ▁Kurdistan ▁of ▁the ▁of ▁the ▁Kurdistan ▁of ▁the ▁Kurdistan ▁of ▁the ▁Kurdistan ▁of ▁the ▁Kurdistan ▁of ▁the ▁Kurdistan ▁of ▁the ▁Kurdistan ▁of ▁the ▁Kurdistan ▁of ▁the ▁Kurdistan ▁of ▁the ▁Kurdistan ▁of ▁the ▁Kurdistan ▁of ▁the ▁Kurdistan ▁of ▁the ▁Kurdistan ▁of ▁the ▁Kurdistan ▁of ▁the ▁Kurdistan ▁of ▁the ▁Kurdistan ▁of ▁the ▁Kurdistan ▁of ▁the ▁Kurdistan ▁of ▁the ▁Kurdistan ▁of ▁the ▁Kurdistan ▁of ▁the ▁Kurdistan ▁of ▁the ▁Kurdistan ▁of ▁the ▁Kurdistan ▁of ▁the ▁Kurdistan ▁of ▁the ▁Kurdistan ▁of ▁the ▁Kurdistan ▁of ▁the ▁Kurdistan ▁of ▁the ▁Kurdistan ▁of ▁the ▁Kurdistan ▁of ▁the ▁Kurdistan ▁of ▁the ▁Kurdistan ▁of ▁the ▁Kurdistan ▁of ▁the ▁Kurdistan ▁of ▁the ▁Kurdistan ▁of ▁the ▁Kurdistan ▁of ▁the ▁Kurdistan ▁of ▁the ▁Kurdistan ▁of ▁the ▁Kurdistan ▁of ▁the ▁of ▁the ▁of ▁the .
[2026-03-17 11:36:47] Total translation time: 83.21863s
[2026-03-17 11:36:47] Saving model weights and runtime parameters to /workspace/OPUS-MT-train/work/ckb-en/curated-floresdev.spm4k-spm4k.transformer.model1.npz.best-chrf.npz
[2026-03-17 11:36:48] [valid] Ep. 1 : Up. 1000 : chrf : 13.8348 : new best
[2026-03-17 11:36:50] Saving model weights and runtime parameters to /workspace/OPUS-MT-train/work/ckb-en/curated-floresdev.spm4k-spm4k.transformer.model1.npz.best-perplexity.npz
[2026-03-17 11:36:51] [valid] Ep. 1 : Up. 1000 : perplexity : 596.879 : new best
[2026-03-17 11:37:32] Seen 310,206 samples
[2026-03-17 11:37:32] Starting data epoch 2 in logical epoch 2
[2026-03-17 11:39:22] Ep. 2 : Up. 2000 : Sen. 178,333 : Cost 6.21391106 * 9,818,072 @ 9,077 after 19,641,975 : Time 329.26s : 29818.54 words/s : gNorm 2.2207 : L.r. 3.7500e-05
[2026-03-17 11:39:22] Saving model weights and runtime parameters to /workspace/OPUS-MT-train/work/ckb-en/curated-floresdev.spm4k-spm4k.transformer.model1.npz
[2026-03-17 11:39:24] Saving Adam parameters
[2026-03-17 11:39:26] [training] Saving training checkpoint to /workspace/OPUS-MT-train/work/ckb-en/curated-floresdev.spm4k-spm4k.transformer.model1.npz and /workspace/OPUS-MT-train/work/ckb-en/curated-floresdev.spm4k-spm4k.transformer.model1.npz.optimizer.npz
[2026-03-17 11:39:29] Translating validation set...
[2026-03-17 11:39:30] Best translation 0 : ▁He ▁also ▁also ▁said ▁that ▁the ▁ s ▁of ▁the ▁ s ▁of ▁the ▁Kurdistan ▁Region , ▁he ▁is ▁a ▁ s .
[2026-03-17 11:39:30] Best translation 1 : ▁In ▁this ▁regard , ▁the ▁reporter ▁of ▁the ▁reporter s ▁of ▁the ▁reporter ▁news ▁agency , ▁which ▁was ▁a ▁ s ▁of ▁the ▁ s ▁of ▁the ▁ s ▁of ▁the ▁ s , ▁which ▁is ▁a ▁ s ▁of ▁the ▁ s , ▁which ▁is ▁a ▁ s ▁of ▁the ▁ s ▁of ▁the ▁ s ▁of ▁the ▁ s .
[2026-03-17 11:39:31] Best translation 2 : ▁He ▁also ▁also ▁said ▁that ▁the ▁ s ▁of ▁the ▁ s ▁of ▁the ▁ s .
[2026-03-17 11:39:31] Best translation 3 : ▁In ▁this ▁regard , ▁the ▁reporter ▁of ▁the ▁Kurdistan ▁Regional ▁Government ▁( KRG ) ▁said ▁that ▁the ▁ s ▁of ▁the ▁Kurdistan ▁Regional ▁Government ▁( KRG ) ▁is ▁a ▁ s ▁of ▁the ▁ s .
[2026-03-17 11:39:31] Best translation 4 : ▁He ▁also ▁also ▁said ▁that ▁the ▁ s ▁of ▁the ▁Kurdistan ▁Regional ▁Government ▁( KRG ) ▁is ▁a ▁ s .
[2026-03-17 11:39:31] Best translation 5 : ▁In ▁this ▁regard , ▁the ▁reporter ▁of ▁the ▁reporter ▁that ▁the ▁ s ▁of ▁the ▁ s , ▁which ▁is ▁a ▁ s ▁of ▁the ▁ s ▁of ▁the ▁ s ▁of ▁the ▁ s , ▁which ▁is ▁a ▁ s ▁of ▁the ▁ s .
[2026-03-17 11:39:31] Best translation 10 : ▁He ▁also ▁also ▁said ▁that ▁the ▁Kurdistan ▁Regional ▁Government ▁( KRG ) ▁is ▁a ▁ s ▁of ▁the ▁ s .
[2026-03-17 11:39:31] Best translation 20 : ▁He ▁also ▁also ▁said ▁that ▁the ▁ s ▁of ▁the ▁Kurdistan ▁Regional ▁Government ▁( KRG ) ▁is ▁a ▁ s .
[2026-03-17 11:39:31] Best translation 40 : ▁He ▁also ▁also ▁said ▁that ▁the ▁Kurdistan ▁Regional ▁Government ▁( KRG ) ▁is ▁the ▁Kurdistan ▁Regional ▁Government ▁( KRG ) ▁is ▁a ▁ s .
[2026-03-17 11:39:33] Best translation 80 : ▁He ▁also ▁also ▁said ▁that ▁the ▁Kurdistan ▁Regional ▁Government ▁( KRG ) ▁is ▁a ▁ s ▁of ▁the ▁ s ▁of ▁the ▁ s ▁of ▁the ▁Kurdistan ▁Regional ▁Government ▁( KRG ) ▁is ▁a ▁ s .
[2026-03-17 11:39:36] Best translation 160 : ▁He ▁also ▁also ▁said ▁that ▁the ▁ s .
[2026-03-17 11:39:40] Best translation 320 : ▁He ▁also ▁said ▁that ▁the ▁Kurdistan ▁Regional ▁Government ▁( KRG ) ▁is ▁a ▁ s .
[2026-03-17 11:39:46] Best translation 640 : ▁He ▁also ▁also ▁said ▁that ▁the ▁Kurdistan ▁Regional ▁Government ▁( KRG ) ▁is ▁a ▁ s ▁of ▁the ▁ s .
[2026-03-17 11:40:02] Best translation 1280 : ▁He ▁also ▁also ▁said ▁that ▁the ▁Kurdistan ▁Regional ▁Government ▁( KRG ) ▁is ▁a ▁number ▁of ▁the ▁Kurdistan ▁Regional ▁Government ▁( KRG ) ▁is ▁a ▁number ▁of ▁the ▁Kurdistan ▁Regional ▁Government ▁( KRG ) ▁is ▁a ▁number ▁of ▁the ▁Kurdistan ▁Regional ▁Government ▁( KRG ) .
[2026-03-17 11:40:21] Total translation time: 51.67246s
[2026-03-17 11:40:21] Saving model weights and runtime parameters to /workspace/OPUS-MT-train/work/ckb-en/curated-floresdev.spm4k-spm4k.transformer.model1.npz.best-bleu.npz
[2026-03-17 11:40:22] [valid] Ep. 2 : Up. 2000 : bleu : 0.426546 : new best
[2026-03-17 11:40:22] Translating validation set...
[2026-03-17 11:40:23] Best translation 0 : ▁He ▁also ▁also ▁said ▁that ▁the ▁ s ▁of ▁the ▁ s ▁of ▁the ▁Kurdistan ▁Region , ▁he ▁is ▁a ▁ s .
[2026-03-17 11:40:23] Best translation 1 : ▁In ▁this ▁regard , ▁the ▁reporter ▁of ▁the ▁reporter s ▁of ▁the ▁reporter ▁news ▁agency , ▁which ▁was ▁a ▁ s ▁of ▁the ▁ s ▁of ▁the ▁ s ▁of ▁the ▁ s , ▁which ▁is ▁a ▁ s ▁of ▁the ▁ s , ▁which ▁is ▁a ▁ s ▁of ▁the ▁ s ▁of ▁the ▁ s ▁of ▁the ▁ s .
[2026-03-17 11:40:24] Best translation 2 : ▁He ▁also ▁also ▁said ▁that ▁the ▁ s ▁of ▁the ▁ s ▁of ▁the ▁ s .
[2026-03-17 11:40:24] Best translation 3 : ▁In ▁this ▁regard , ▁the ▁reporter ▁of ▁the ▁Kurdistan ▁Regional ▁Government ▁( KRG ) ▁said ▁that ▁the ▁ s ▁of ▁the ▁Kurdistan ▁Regional ▁Government ▁( KRG ) ▁is ▁a ▁ s ▁of ▁the ▁ s .
[2026-03-17 11:40:24] Best translation 4 : ▁He ▁also ▁also ▁said ▁that ▁the ▁ s ▁of ▁the ▁Kurdistan ▁Regional ▁Government ▁( KRG ) ▁is ▁a ▁ s .
[2026-03-17 11:40:24] Best translation 5 : ▁In ▁this ▁regard , ▁the ▁reporter ▁of ▁the ▁reporter ▁that ▁the ▁ s ▁of ▁the ▁ s , ▁which ▁is ▁a ▁ s ▁of ▁the ▁ s ▁of ▁the ▁ s ▁of ▁the ▁ s , ▁which ▁is ▁a ▁ s ▁of ▁the ▁ s .
[2026-03-17 11:40:24] Best translation 10 : ▁He ▁also ▁also ▁said ▁that ▁the ▁Kurdistan ▁Regional ▁Government ▁( KRG ) ▁is ▁a ▁ s ▁of ▁the ▁ s .
[2026-03-17 11:40:24] Best translation 20 : ▁He ▁also ▁also ▁said ▁that ▁the ▁ s ▁of ▁the ▁Kurdistan ▁Regional ▁Government ▁( KRG ) ▁is ▁a ▁ s .
[2026-03-17 11:40:24] Best translation 40 : ▁He ▁also ▁also ▁said ▁that ▁the ▁Kurdistan ▁Regional ▁Government ▁( KRG ) ▁is ▁the ▁Kurdistan ▁Regional ▁Government ▁( KRG ) ▁is ▁a ▁ s .
[2026-03-17 11:40:26] Best translation 80 : ▁He ▁also ▁also ▁said ▁that ▁the ▁Kurdistan ▁Regional ▁Government ▁( KRG ) ▁is ▁a ▁ s ▁of ▁the ▁ s ▁of ▁the ▁ s ▁of ▁the ▁Kurdistan ▁Regional ▁Government ▁( KRG ) ▁is ▁a ▁ s .
[2026-03-17 11:40:29] Best translation 160 : ▁He ▁also ▁also ▁said ▁that ▁the ▁ s .
[2026-03-17 11:40:33] Best translation 320 : ▁He ▁also ▁said ▁that ▁the ▁Kurdistan ▁Regional ▁Government ▁( KRG ) ▁is ▁a ▁ s .
[2026-03-17 11:40:40] Best translation 640 : ▁He ▁also ▁also ▁said ▁that ▁the ▁Kurdistan ▁Regional ▁Government ▁( KRG ) ▁is ▁a ▁ s ▁of ▁the ▁ s .
[2026-03-17 11:40:55] Best translation 1280 : ▁He ▁also ▁also ▁said ▁that ▁the ▁Kurdistan ▁Regional ▁Government ▁( KRG ) ▁is ▁a ▁number ▁of ▁the ▁Kurdistan ▁Regional ▁Government ▁( KRG ) ▁is ▁a ▁number ▁of ▁the ▁Kurdistan ▁Regional ▁Government ▁( KRG ) ▁is ▁a ▁number ▁of ▁the ▁Kurdistan ▁Regional ▁Government ▁( KRG ) .
[2026-03-17 11:41:15] Total translation time: 52.27371s
[2026-03-17 11:41:15] Saving model weights and runtime parameters to /workspace/OPUS-MT-train/work/ckb-en/curated-floresdev.spm4k-spm4k.transformer.model1.npz.best-chrf.npz
[2026-03-17 11:41:16] [valid] Ep. 2 : Up. 2000 : chrf : 17.745 : new best
[2026-03-17 11:41:18] Saving model weights and runtime parameters to /workspace/OPUS-MT-train/work/ckb-en/curated-floresdev.spm4k-spm4k.transformer.model1.npz.best-perplexity.npz
[2026-03-17 11:41:19] [valid] Ep. 2 : Up. 2000 : perplexity : 305.76 : new best
[2026-03-17 11:42:41] Seen 310,206 samples
[2026-03-17 11:42:41] Starting data epoch 3 in logical epoch 3
[2026-03-17 11:43:50] Ep. 3 : Up. 3000 : Sen. 109,601 : Cost 5.54129744 * 9,789,933 @ 11,376 after 29,431,908 : Time 267.98s : 36532.96 words/s : gNorm 1.8098 : L.r. 5.6250e-05
[2026-03-17 11:43:50] Saving model weights and runtime parameters to /workspace/OPUS-MT-train/work/ckb-en/curated-floresdev.spm4k-spm4k.transformer.model1.npz
[2026-03-17 11:43:51] Saving Adam parameters
[2026-03-17 11:43:53] [training] Saving training checkpoint to /workspace/OPUS-MT-train/work/ckb-en/curated-floresdev.spm4k-spm4k.transformer.model1.npz and /workspace/OPUS-MT-train/work/ckb-en/curated-floresdev.spm4k-spm4k.transformer.model1.npz.optimizer.npz
[2026-03-17 11:43:57] Translating validation set...
[2026-03-17 11:43:58] Best translation 0 : ▁It ▁is ▁worth ▁mentioning ▁that ▁it ▁is ▁a ▁ s ur n ing ▁of ▁the ▁ s ur n ing ▁of ▁the ▁ s , ▁which ▁is ▁a ▁ s ur n ing ▁of ▁the ▁ s .
[2026-03-17 11:43:58] Best translation 1 : ▁In ▁this ▁regard , ▁the ▁19 9 9 9 9 9 9 9 9 9 9 9 9 9 9 9 9 9 6 6 6 6 6 6 , ▁19 9 9 9 9 9 9 9 9 9 9 9 9 9 9 9 9 9 9 9 9 9 9 9 9 9 9 9 9 9 9 9 9 9 9 9 9 9 9 9 6 6 6 6 6 6 6 6 6 6 6 6 6 6 6 6 6 6 6 6 6 6 6 6 6 ]
[2026-03-17 11:43:59] Best translation 2 : ▁It ▁is ▁worth ▁mentioning ▁that ▁the ▁ s ur t s ▁of ▁the ▁ s ur t s , ▁and ▁the ▁ s ur t s ▁of ▁the ▁ s .
[2026-03-17 11:43:59] Best translation 3 : ▁In ▁an ▁exclusive ▁interview ▁with ▁the ▁United ▁States , ▁the ▁United ▁States , ▁the ▁United ▁States , ▁the ▁United ▁States , ▁the ▁United ▁States , ▁the ▁United ▁States , ▁which ▁is ▁a ▁number ▁of ▁the ▁United ▁States .
[2026-03-17 11:43:59] Best translation 4 : ▁It ▁is ▁worth ▁mentioning ▁that ▁the ▁United ▁States ▁is ▁a ▁ s ur g ed ▁to ▁the ▁ s ur n .
[2026-03-17 11:43:59] Best translation 5 : ▁In ▁this ▁regard , ▁the ▁first ▁goal ▁of ▁the ▁first ▁goal ▁of ▁the ▁first ▁goal ▁of ▁the ▁first ▁goal ▁of ▁the ▁first ▁goal ▁of ▁the ▁first ▁goal ▁of ▁the ▁first ▁goal ▁of ▁the ▁first ▁goal ▁of ▁the ▁first ▁goal ▁of ▁the ▁first ▁goal ▁of ▁the ▁first ▁time .
[2026-03-17 11:43:59] Best translation 10 : ▁It ▁is ▁worth ▁mentioning ▁that ▁the ▁ s ent s ▁of ▁the ▁ s ing ▁of ▁the ▁ s ing ▁of ▁the ▁ s ent s , ▁and ▁the ▁ s ing ▁of ▁the ▁ s .
[2026-03-17 11:43:59] Best translation 20 : ▁It ▁is ▁worth ▁mentioning ▁that ▁it ▁is ▁a ▁ s ur t t s , ▁but ▁the ▁ s ur t s , ▁and ▁the ▁ s ▁of ▁the ▁ po s , ▁and ▁the ▁ s .
[2026-03-17 11:43:59] Best translation 40 : ▁In ▁an ▁exclusive ▁interview ▁with ▁the ▁United ▁States , ▁the ▁United ▁States , ▁the ▁United ▁States , ▁the ▁United ▁States , ▁the ▁United ▁States , ▁the ▁United ▁States , ▁the ▁United ▁States , ▁the ▁United ▁States , ▁the ▁United ▁States , ▁the ▁United ▁States ▁and ▁the ▁United ▁States .
[2026-03-17 11:44:00] Best translation 80 : ▁He ▁also ▁also ▁said ▁that ▁the ▁first ▁time ▁was ▁a ▁ s it ed ▁to ▁the ▁ s it ed ▁to ▁the ▁ s ▁of ▁the ▁first ▁time .
[2026-03-17 11:44:04] Best translation 160 : ▁He ▁also ▁said ▁that ▁the ▁ s ent s ▁of ▁the ▁ s ent s .
[2026-03-17 11:44:10] Best translation 320 : ▁It ▁is ▁worth ▁mentioning ▁that ▁the ▁end ▁of ▁the ▁ s ing ▁of ▁the ▁ s ing ▁of ▁the ▁world .
[2026-03-17 11:44:19] Best translation 640 : ▁It ▁is ▁worth ▁mentioning ▁that ▁the ▁first ▁time ▁is ▁a ▁ s ent ▁of ▁the ▁world ' s ▁ po s ▁ s er n ing ▁of ▁the ▁world .
[2026-03-17 11:44:38] Best translation 1280 : ▁It ▁is ▁worth ▁mentioning ▁that ▁the ▁first ▁time ▁of ▁the ▁ s ent s ▁of ▁the ▁ s ent s , ▁and ▁the ▁ s ur t s ▁of ▁the ▁ s ▁of ▁the ▁ s , ▁and ▁the ▁ s ▁of ▁the ▁ s ▁of ▁the ▁ s ▁of ▁the ▁ s ▁of ▁the ▁ s .
[2026-03-17 11:45:01] Total translation time: 63.74578s
[2026-03-17 11:45:01] Saving model weights and runtime parameters to /workspace/OPUS-MT-train/work/ckb-en/curated-floresdev.spm4k-spm4k.transformer.model1.npz.best-bleu.npz
[2026-03-17 11:45:02] [valid] Ep. 3 : Up. 3000 : bleu : 0.739398 : new best
[2026-03-17 11:45:02] Translating validation set...
[2026-03-17 11:45:03] Best translation 0 : ▁It ▁is ▁worth ▁mentioning ▁that ▁it ▁is ▁a ▁ s ur n ing ▁of ▁the ▁ s ur n ing ▁of ▁the ▁ s , ▁which ▁is ▁a ▁ s ur n ing ▁of ▁the ▁ s .
[2026-03-17 11:45:03] Best translation 1 : ▁In ▁this ▁regard , ▁the ▁19 9 9 9 9 9 9 9 9 9 9 9 9 9 9 9 9 9 6 6 6 6 6 6 , ▁19 9 9 9 9 9 9 9 9 9 9 9 9 9 9 9 9 9 9 9 9 9 9 9 9 9 9 9 9 9 9 9 9 9 9 9 9 9 9 9 6 6 6 6 6 6 6 6 6 6 6 6 6 6 6 6 6 6 6 6 6 6 6 6 6 ]
[2026-03-17 11:45:04] Best translation 2 : ▁It ▁is ▁worth ▁mentioning ▁that ▁the ▁ s ur t s ▁of ▁the ▁ s ur t s , ▁and ▁the ▁ s ur t s ▁of ▁the ▁ s .
[2026-03-17 11:45:04] Best translation 3 : ▁In ▁an ▁exclusive ▁interview ▁with ▁the ▁United ▁States , ▁the ▁United ▁States , ▁the ▁United ▁States , ▁the ▁United ▁States , ▁the ▁United ▁States , ▁the ▁United ▁States , ▁which ▁is ▁a ▁number ▁of ▁the ▁United ▁States .
[2026-03-17 11:45:04] Best translation 4 : ▁It ▁is ▁worth ▁mentioning ▁that ▁the ▁United ▁States ▁is ▁a ▁ s ur g ed ▁to ▁the ▁ s ur n .
[2026-03-17 11:45:04] Best translation 5 : ▁In ▁this ▁regard , ▁the ▁first ▁goal ▁of ▁the ▁first ▁goal ▁of ▁the ▁first ▁goal ▁of ▁the ▁first ▁goal ▁of ▁the ▁first ▁goal ▁of ▁the ▁first ▁goal ▁of ▁the ▁first ▁goal ▁of ▁the ▁first ▁goal ▁of ▁the ▁first ▁goal ▁of ▁the ▁first ▁goal ▁of ▁the ▁first ▁time .
[2026-03-17 11:45:04] Best translation 10 : ▁It ▁is ▁worth ▁mentioning ▁that ▁the ▁ s ent s ▁of ▁the ▁ s ing ▁of ▁the ▁ s ing ▁of ▁the ▁ s ent s , ▁and ▁the ▁ s ing ▁of ▁the ▁ s .
[2026-03-17 11:45:04] Best translation 20 : ▁It ▁is ▁worth ▁mentioning ▁that ▁it ▁is ▁a ▁ s ur t t s , ▁but ▁the ▁ s ur t s , ▁and ▁the ▁ s ▁of ▁the ▁ po s , ▁and ▁the ▁ s .
[2026-03-17 11:45:04] Best translation 40 : ▁In ▁an ▁exclusive ▁interview ▁with ▁the ▁United ▁States , ▁the ▁United ▁States , ▁the ▁United ▁States , ▁the ▁United ▁States , ▁the ▁United ▁States , ▁the ▁United ▁States , ▁the ▁United ▁States , ▁the ▁United ▁States , ▁the ▁United ▁States , ▁the ▁United ▁States ▁and ▁the ▁United ▁States .
[2026-03-17 11:45:06] Best translation 80 : ▁He ▁also ▁also ▁said ▁that ▁the ▁first ▁time ▁was ▁a ▁ s it ed ▁to ▁the ▁ s it ed ▁to ▁the ▁ s ▁of ▁the ▁first ▁time .
[2026-03-17 11:45:09] Best translation 160 : ▁He ▁also ▁said ▁that ▁the ▁ s ent s ▁of ▁the ▁ s ent s .
[2026-03-17 11:45:15] Best translation 320 : ▁It ▁is ▁worth ▁mentioning ▁that ▁the ▁end ▁of ▁the ▁ s ing ▁of ▁the ▁ s ing ▁of ▁the ▁world .
[2026-03-17 11:45:24] Best translation 640 : ▁It ▁is ▁worth ▁mentioning ▁that ▁the ▁first ▁time ▁is ▁a ▁ s ent ▁of ▁the ▁world ' s ▁ po s ▁ s er n ing ▁of ▁the ▁world .
[2026-03-17 11:45:44] Best translation 1280 : ▁It ▁is ▁worth ▁mentioning ▁that ▁the ▁first ▁time ▁of ▁the ▁ s ent s ▁of ▁the ▁ s ent s , ▁and ▁the ▁ s ur t s ▁of ▁the ▁ s ▁of ▁the ▁ s , ▁and ▁the ▁ s ▁of ▁the ▁ s ▁of ▁the ▁ s ▁of ▁the ▁ s ▁of ▁the ▁ s .
[2026-03-17 11:46:06] Total translation time: 64.51037s
[2026-03-17 11:46:06] Saving model weights and runtime parameters to /workspace/OPUS-MT-train/work/ckb-en/curated-floresdev.spm4k-spm4k.transformer.model1.npz.best-chrf.npz
[2026-03-17 11:46:07] [valid] Ep. 3 : Up. 3000 : chrf : 19.6223 : new best
[2026-03-17 11:46:09] Saving model weights and runtime parameters to /workspace/OPUS-MT-train/work/ckb-en/curated-floresdev.spm4k-spm4k.transformer.model1.npz.best-perplexity.npz
[2026-03-17 11:46:10] [valid] Ep. 3 : Up. 3000 : perplexity : 194.22 : new best
[2026-03-17 11:48:13] Seen 310,206 samples
[2026-03-17 11:48:13] Starting data epoch 4 in logical epoch 4
[2026-03-17 11:48:40] Ep. 4 : Up. 4000 : Sen. 44,429 : Cost 5.10048008 * 9,792,024 @ 9,105 after 39,223,932 : Time 290.44s : 33714.94 words/s : gNorm 1.8176 : L.r. 7.5000e-05
[2026-03-17 11:48:40] Saving model weights and runtime parameters to /workspace/OPUS-MT-train/work/ckb-en/curated-floresdev.spm4k-spm4k.transformer.model1.npz
[2026-03-17 11:48:42] Saving Adam parameters
[2026-03-17 11:48:44] [training] Saving training checkpoint to /workspace/OPUS-MT-train/work/ckb-en/curated-floresdev.spm4k-spm4k.transformer.model1.npz and /workspace/OPUS-MT-train/work/ckb-en/curated-floresdev.spm4k-spm4k.transformer.model1.npz.optimizer.npz
[2026-03-17 11:48:47] Translating validation set...
[2026-03-17 11:48:49] Best translation 0 : ▁It ▁is ▁worth ▁mentioning ▁that ▁this ▁is ▁a ▁ s ur g ent ▁of ▁the ▁ s ur g ent s .
[2026-03-17 11:48:49] Best translation 1 : ▁According ▁to ▁the ▁report ▁of ▁the ▁reporter ▁news ▁agency , ▁which ▁was ▁born ▁in ▁19 9 9 0 s ▁of ▁the ▁19 8 0 s ▁of ▁the ▁19 8 0 s ▁of ▁the ▁19 8 0 s ▁of ▁the ▁19 8 0 s ▁of ▁the ▁19 8 0 s ▁of ▁the ▁19 8 0 s ▁of ▁the ▁19 8 0 s ▁of ▁the ▁19 8 0 s ▁of ▁the ▁19 8 0 s ▁of ▁the ▁19 8 0 s ▁of ▁the ▁19 8 0 s ▁of ▁the ▁19 8 0 s ▁of ▁the ▁19 8 0 s .
[2026-03-17 11:48:49] Best translation 2 : ▁It ▁is ▁worth ▁mentioning ▁that ▁the ▁ s ur ve s ▁of ▁the ▁ s ur ve s ▁and ▁the ▁ s ur ve s ▁of ▁the ▁ s ur ve s .
[2026-03-17 11:48:49] Best translation 3 : ▁In ▁an ▁exclusive ▁interview ▁with ▁the ▁United ▁States , ▁the ▁United ▁Nations , ▁the ▁ s ur g ent s ▁of ▁the ▁United ▁States , ▁which ▁is ▁the ▁ s ur g ent s ▁of ▁the ▁ s ur g ent s ▁of ▁the ▁ s ur g ent s .
[2026-03-17 11:48:49] Best translation 4 : ▁It ▁is ▁worth ▁mentioning ▁that ▁the ▁United ▁States ▁has ▁been ▁used ▁to ▁the ▁United ▁States .
[2026-03-17 11:48:49] Best translation 5 : ▁In ▁this ▁year , ▁the ▁first ▁goal ▁of ▁the ▁first ▁half ▁of ▁the ▁first ▁goal ▁of ▁the ▁first ▁half ▁of ▁the ▁first ▁half ▁of ▁the ▁first ▁goal ▁of ▁the ▁first ▁goal ▁of ▁the ▁first ▁half ▁of ▁the ▁first ▁goal ▁of ▁the ▁first ▁half ▁of ▁the ▁first ▁goal ▁of ▁the ▁first ▁half ▁of ▁the ▁first ▁goal ▁of ▁the ▁first ▁goal ▁of ▁the ▁first ▁goal ▁of ▁the ▁first ▁time .
[2026-03-17 11:48:50] Best translation 10 : ▁It ▁is ▁worth ▁mentioning ▁that ▁the ▁ s ur ve s ▁of ▁the ▁ s ur ve s ▁of ▁ s ur ve s ▁and ▁ s ur ve s .
[2026-03-17 11:48:50] Best translation 20 : ▁It ▁is ▁worth ▁mentioning ▁that ▁it ▁is ▁a ▁ s ur g ent , ▁but ▁it ▁is ▁a ▁ s ur g ent , ▁and ▁the ▁ s ur t s ▁of ▁the ▁ s ur ve s .
[2026-03-17 11:48:50] Best translation 40 : ▁In ▁an ▁exclusive ▁interview ▁with ▁the ▁reporter ▁news ▁agency , ▁the ▁United ▁States ▁has ▁been ▁arrested ▁in ▁the ▁United ▁States , ▁the ▁United ▁States ▁and ▁the ▁United ▁States ▁has ▁been ▁made ▁by ▁the ▁United ▁States .
[2026-03-17 11:48:51] Best translation 80 : ▁He ▁also ▁said ▁that ▁he ▁was ▁a ▁ s ur g ed ▁to ▁the ▁ s ur g ent s ▁of ▁the ▁ s ur g ent s ▁of ▁the ▁ s ur g ent s .
[2026-03-17 11:48:54] Best translation 160 : ▁He ▁also ▁said ▁that ▁they ▁have ▁not ▁been ▁ s it ed .
[2026-03-17 11:48:59] Best translation 320 : ▁It ▁is ▁worth ▁mentioning ▁that ▁the ▁ s ur g ent s ▁of ▁the ▁ s ur ve s .
[2026-03-17 11:49:07] Best translation 640 : ▁It ▁is ▁worth ▁mentioning ▁that ▁the ▁world ▁is ▁one ▁of ▁the ▁world ' s ▁most ▁important ▁in ▁the ▁world .
[2026-03-17 11:49:24] Best translation 1280 : ▁It ▁is ▁worth ▁mentioning ▁that ▁the ▁number ▁of ▁ s ur g ent s ▁are ▁ s ur ve d ▁in ▁the ▁city ▁of ▁the ▁city ▁of ▁the ▁city ▁of ▁the ▁city , ▁which ▁is ▁a ▁large ▁number ▁of ▁ s ur ve s .
[2026-03-17 11:49:45] Total translation time: 57.49033s
[2026-03-17 11:49:45] Saving model weights and runtime parameters to /workspace/OPUS-MT-train/work/ckb-en/curated-floresdev.spm4k-spm4k.transformer.model1.npz.best-bleu.npz
[2026-03-17 11:49:46] [valid] Ep. 4 : Up. 4000 : bleu : 0.947976 : new best
[2026-03-17 11:49:46] Translating validation set...
[2026-03-17 11:49:48] Best translation 0 : ▁It ▁is ▁worth ▁mentioning ▁that ▁this ▁is ▁a ▁ s ur g ent ▁of ▁the ▁ s ur g ent s .
[2026-03-17 11:49:48] Best translation 1 : ▁According ▁to ▁the ▁report ▁of ▁the ▁reporter ▁news ▁agency , ▁which ▁was ▁born ▁in ▁19 9 9 0 s ▁of ▁the ▁19 8 0 s ▁of ▁the ▁19 8 0 s ▁of ▁the ▁19 8 0 s ▁of ▁the ▁19 8 0 s ▁of ▁the ▁19 8 0 s ▁of ▁the ▁19 8 0 s ▁of ▁the ▁19 8 0 s ▁of ▁the ▁19 8 0 s ▁of ▁the ▁19 8 0 s ▁of ▁the ▁19 8 0 s ▁of ▁the ▁19 8 0 s ▁of ▁the ▁19 8 0 s ▁of ▁the ▁19 8 0 s .
[2026-03-17 11:49:48] Best translation 2 : ▁It ▁is ▁worth ▁mentioning ▁that ▁the ▁ s ur ve s ▁of ▁the ▁ s ur ve s ▁and ▁the ▁ s ur ve s ▁of ▁the ▁ s ur ve s .
[2026-03-17 11:49:48] Best translation 3 : ▁In ▁an ▁exclusive ▁interview ▁with ▁the ▁United ▁States , ▁the ▁United ▁Nations , ▁the ▁ s ur g ent s ▁of ▁the ▁United ▁States , ▁which ▁is ▁the ▁ s ur g ent s ▁of ▁the ▁ s ur g ent s ▁of ▁the ▁ s ur g ent s .
[2026-03-17 11:49:48] Best translation 4 : ▁It ▁is ▁worth ▁mentioning ▁that ▁the ▁United ▁States ▁has ▁been ▁used ▁to ▁the ▁United ▁States .
[2026-03-17 11:49:48] Best translation 5 : ▁In ▁this ▁year , ▁the ▁first ▁goal ▁of ▁the ▁first ▁half ▁of ▁the ▁first ▁goal ▁of ▁the ▁first ▁half ▁of ▁the ▁first ▁half ▁of ▁the ▁first ▁goal ▁of ▁the ▁first ▁goal ▁of ▁the ▁first ▁half ▁of ▁the ▁first ▁goal ▁of ▁the ▁first ▁half ▁of ▁the ▁first ▁goal ▁of ▁the ▁first ▁half ▁of ▁the ▁first ▁goal ▁of ▁the ▁first ▁goal ▁of ▁the ▁first ▁goal ▁of ▁the ▁first ▁time .
[2026-03-17 11:49:49] Best translation 10 : ▁It ▁is ▁worth ▁mentioning ▁that ▁the ▁ s ur ve s ▁of ▁the ▁ s ur ve s ▁of ▁ s ur ve s ▁and ▁ s ur ve s .
[2026-03-17 11:49:49] Best translation 20 : ▁It ▁is ▁worth ▁mentioning ▁that ▁it ▁is ▁a ▁ s ur g ent , ▁but ▁it ▁is ▁a ▁ s ur g ent , ▁and ▁the ▁ s ur t s ▁of ▁the ▁ s ur ve s .
[2026-03-17 11:49:49] Best translation 40 : ▁In ▁an ▁exclusive ▁interview ▁with ▁the ▁reporter ▁news ▁agency , ▁the ▁United ▁States ▁has ▁been ▁arrested ▁in ▁the ▁United ▁States , ▁the ▁United ▁States ▁and ▁the ▁United ▁States ▁has ▁been ▁made ▁by ▁the ▁United ▁States .
[2026-03-17 11:49:50] Best translation 80 : ▁He ▁also ▁said ▁that ▁he ▁was ▁a ▁ s ur g ed ▁to ▁the ▁ s ur g ent s ▁of ▁the ▁ s ur g ent s ▁of ▁the ▁ s ur g ent s .
[2026-03-17 11:49:53] Best translation 160 : ▁He ▁also ▁said ▁that ▁they ▁have ▁not ▁been ▁ s it ed .
[2026-03-17 11:49:58] Best translation 320 : ▁It ▁is ▁worth ▁mentioning ▁that ▁the ▁ s ur g ent s ▁of ▁the ▁ s ur ve s .
[2026-03-17 11:50:07] Best translation 640 : ▁It ▁is ▁worth ▁mentioning ▁that ▁the ▁world ▁is ▁one ▁of ▁the ▁world ' s ▁most ▁important ▁in ▁the ▁world .
[2026-03-17 11:50:23] Best translation 1280 : ▁It ▁is ▁worth ▁mentioning ▁that ▁the ▁number ▁of ▁ s ur g ent s ▁are ▁ s ur ve d ▁in ▁the ▁city ▁of ▁the ▁city ▁of ▁the ▁city ▁of ▁the ▁city , ▁which ▁is ▁a ▁large ▁number ▁of ▁ s ur ve s .
[2026-03-17 11:50:45] Total translation time: 58.48123s
[2026-03-17 11:50:45] Saving model weights and runtime parameters to /workspace/OPUS-MT-train/work/ckb-en/curated-floresdev.spm4k-spm4k.transformer.model1.npz.best-chrf.npz
[2026-03-17 11:50:46] [valid] Ep. 4 : Up. 4000 : chrf : 19.8122 : new best
[2026-03-17 11:50:48] Saving model weights and runtime parameters to /workspace/OPUS-MT-train/work/ckb-en/curated-floresdev.spm4k-spm4k.transformer.model1.npz.best-perplexity.npz
[2026-03-17 11:50:49] [valid] Ep. 4 : Up. 4000 : perplexity : 138.31 : new best
[2026-03-17 11:53:19] Ep. 4 : Up. 5000 : Sen. 289,113 : Cost 4.77242851 * 9,836,105 @ 9,486 after 49,060,037 : Time 278.84s : 35274.49 words/s : gNorm 1.7182 : L.r. 9.3750e-05
[2026-03-17 11:53:19] Saving model weights and runtime parameters to /workspace/OPUS-MT-train/work/ckb-en/curated-floresdev.spm4k-spm4k.transformer.model1.npz
[2026-03-17 11:53:21] Saving Adam parameters
[2026-03-17 11:53:23] [training] Saving training checkpoint to /workspace/OPUS-MT-train/work/ckb-en/curated-floresdev.spm4k-spm4k.transformer.model1.npz and /workspace/OPUS-MT-train/work/ckb-en/curated-floresdev.spm4k-spm4k.transformer.model1.npz.optimizer.npz
[2026-03-17 11:53:27] Translating validation set...
[2026-03-17 11:53:28] Best translation 0 : ▁It ▁is ▁worth ▁mentioning ▁that ▁this ▁is ▁a ▁ s ur ve ge ▁of ▁the ▁ s ur ve ge s ▁of ▁the ▁ s ur ve ge t s ▁of ▁the ▁ s ur ve ge t s .
[2026-03-17 11:53:28] Best translation 1 : ▁In ▁the ▁19 8 0 s , ▁the ▁ s ur vi ve s ▁were ▁ s ur ve d ▁by ▁the ▁ s ur ve ge t s ▁of ▁the ▁ s ur ve ge t s ▁of ▁the ▁ s ur ve ge s ▁of ▁the ▁ s ur ve ge t s ▁and ▁ s ur ve ge t s .
[2026-03-17 11:53:29] Best translation 2 : ▁It ▁is ▁worth ▁mentioning ▁that ▁the ▁ s ur ve s ▁of ▁the ▁ s ur ve ge s ▁of ▁the ▁ s ur ve ge s ▁of ▁the ▁ s ur ve s .
[2026-03-17 11:53:29] Best translation 3 : ▁In ▁an ▁exclusive ▁interview ▁with ▁the ▁reporter ▁news ▁agency , ▁which ▁was ▁found ed ▁by ▁the ▁United ▁States , ▁which ▁was ▁found ed ▁by ▁the ▁United ▁States .
[2026-03-17 11:53:29] Best translation 4 : ▁According ▁to ▁the ▁BBC , ▁the ▁US ▁military ▁has ▁been ▁ s ur vi ve d ▁by ▁the ▁United ▁States .
[2026-03-17 11:53:29] Best translation 5 : ▁In ▁the ▁first ▁time , ▁the ▁first ▁half ▁of ▁the ▁first ▁half ▁of ▁the ▁first ▁half ▁of ▁the ▁first ▁half ▁of ▁the ▁first ▁half ▁of ▁the ▁first ▁half ▁of ▁the ▁first ▁half , ▁the ▁first ▁goal ▁of ▁the ▁first ▁half ▁of ▁the ▁first ▁half ▁of ▁the ▁first ▁half ▁of ▁the ▁first ▁half ▁of ▁the ▁first ▁goal ▁of ▁the ▁first ▁goal ▁of ▁the ▁game .
[2026-03-17 11:53:29] Best translation 10 : ▁It ▁is ▁worth ▁mentioning ▁that ▁the ▁ s ur ve s ▁of ▁the ▁ s ur ve ge s ▁of ▁the ▁ s ur ve ge s ▁of ▁the ▁ s ur ve ge s ▁of ▁the ▁ s ur ve ge s .
[2026-03-17 11:53:29] Best translation 20 : ▁It ▁is ▁worth ▁mentioning ▁that ▁it ▁is ▁a ▁ s up po s ed ▁that ▁can ▁be ▁used ▁to ▁be ▁used , ▁but ▁it ▁can ▁be ▁used ▁to ▁be ▁used .
[2026-03-17 11:53:29] Best translation 40 : ▁According ▁to ▁the ▁report ▁of ▁the ▁reporter ▁news ▁agency , ▁the ▁head ▁of ▁the ▁United ▁Nations ▁( I C C ) ▁said ▁in ▁a ▁statement ▁that ▁the ▁ s ur vi val ▁of ▁the ▁United ▁States ▁has ▁been ▁released ▁in ▁the ▁country .
[2026-03-17 11:53:30] Best translation 80 : ▁In ▁the ▁same ▁time , ▁the ▁ s ur vi v ing ▁of ▁the ▁ s ur vi ve s ▁of ▁the ▁ s ur ve ge s ▁of ▁the ▁ s ur vi ve s ▁of ▁the ▁ s ur vi v ing ▁of ▁the ▁ s ur vi v ing ▁of ▁the ▁ s ur ve s .
[2026-03-17 11:53:34] Best translation 160 : ▁But ▁they ▁are ▁not ▁ s up po s ed ▁with ▁the ▁ s ur ve s .
[2026-03-17 11:53:38] Best translation 320 : ▁It ▁is ▁worth ▁mentioning ▁that ▁the ▁ s ur ve s ▁of ▁the ▁ s ur ve s ▁of ▁the ▁ s ur ve ge t s ▁of ▁the ▁ s ur ve s .
[2026-03-17 11:53:47] Best translation 640 : ▁It ▁is ▁worth ▁mentioning ▁that ▁the ▁world ' s ▁most ▁of ▁the ▁world ▁is ▁one ▁of ▁the ▁world ' s ▁most ▁important ▁in ▁the ▁world .
[2026-03-17 11:54:03] Best translation 1280 : ▁It ▁is ▁worth ▁mentioning ▁that ▁the ▁number ▁of ▁ s ur r ound s ▁of ▁ s ur ve ge s , ▁ s ur ve ge s , ▁ s ur ve s , ▁ s ur ve ge t s , ▁ s ur ve s , ▁ s ur ve s , ▁ s ur ve s ▁and ▁ s ur ve s .
[2026-03-17 11:54:25] Total translation time: 58.50569s
[2026-03-17 11:54:25] Saving model weights and runtime parameters to /workspace/OPUS-MT-train/work/ckb-en/curated-floresdev.spm4k-spm4k.transformer.model1.npz.best-bleu.npz
[2026-03-17 11:54:26] [valid] Ep. 4 : Up. 5000 : bleu : 1.03856 : new best
[2026-03-17 11:54:26] Translating validation set...
[2026-03-17 11:54:28] Best translation 0 : ▁It ▁is ▁worth ▁mentioning ▁that ▁this ▁is ▁a ▁ s ur ve ge ▁of ▁the ▁ s ur ve ge s ▁of ▁the ▁ s ur ve ge t s ▁of ▁the ▁ s ur ve ge t s .
[2026-03-17 11:54:28] Best translation 1 : ▁In ▁the ▁19 8 0 s , ▁the ▁ s ur vi ve s ▁were ▁ s ur ve d ▁by ▁the ▁ s ur ve ge t s ▁of ▁the ▁ s ur ve ge t s ▁of ▁the ▁ s ur ve ge s ▁of ▁the ▁ s ur ve ge t s ▁and ▁ s ur ve ge t s .
[2026-03-17 11:54:29] Best translation 2 : ▁It ▁is ▁worth ▁mentioning ▁that ▁the ▁ s ur ve s ▁of ▁the ▁ s ur ve ge s ▁of ▁the ▁ s ur ve ge s ▁of ▁the ▁ s ur ve s .
[2026-03-17 11:54:29] Best translation 3 : ▁In ▁an ▁exclusive ▁interview ▁with ▁the ▁reporter ▁news ▁agency , ▁which ▁was ▁found ed ▁by ▁the ▁United ▁States , ▁which ▁was ▁found ed ▁by ▁the ▁United ▁States .
[2026-03-17 11:54:29] Best translation 4 : ▁According ▁to ▁the ▁BBC , ▁the ▁US ▁military ▁has ▁been ▁ s ur vi ve d ▁by ▁the ▁United ▁States .
[2026-03-17 11:54:29] Best translation 5 : ▁In ▁the ▁first ▁time , ▁the ▁first ▁half ▁of ▁the ▁first ▁half ▁of ▁the ▁first ▁half ▁of ▁the ▁first ▁half ▁of ▁the ▁first ▁half ▁of ▁the ▁first ▁half ▁of ▁the ▁first ▁half , ▁the ▁first ▁goal ▁of ▁the ▁first ▁half ▁of ▁the ▁first ▁half ▁of ▁the ▁first ▁half ▁of ▁the ▁first ▁half ▁of ▁the ▁first ▁goal ▁of ▁the ▁first ▁goal ▁of ▁the ▁game .
[2026-03-17 11:54:29] Best translation 10 : ▁It ▁is ▁worth ▁mentioning ▁that ▁the ▁ s ur ve s ▁of ▁the ▁ s ur ve ge s ▁of ▁the ▁ s ur ve ge s ▁of ▁the ▁ s ur ve ge s ▁of ▁the ▁ s ur ve ge s .
[2026-03-17 11:54:29] Best translation 20 : ▁It ▁is ▁worth ▁mentioning ▁that ▁it ▁is ▁a ▁ s up po s ed ▁that ▁can ▁be ▁used ▁to ▁be ▁used , ▁but ▁it ▁can ▁be ▁used ▁to ▁be ▁used .
[2026-03-17 11:54:29] Best translation 40 : ▁According ▁to ▁the ▁report ▁of ▁the ▁reporter ▁news ▁agency , ▁the ▁head ▁of ▁the ▁United ▁Nations ▁( I C C ) ▁said ▁in ▁a ▁statement ▁that ▁the ▁ s ur vi val ▁of ▁the ▁United ▁States ▁has ▁been ▁released ▁in ▁the ▁country .
[2026-03-17 11:54:30] Best translation 80 : ▁In ▁the ▁same ▁time , ▁the ▁ s ur vi v ing ▁of ▁the ▁ s ur vi ve s ▁of ▁the ▁ s ur ve ge s ▁of ▁the ▁ s ur vi ve s ▁of ▁the ▁ s ur vi v ing ▁of ▁the ▁ s ur vi v ing ▁of ▁the ▁ s ur ve s .
[2026-03-17 11:54:34] Best translation 160 : ▁But ▁they ▁are ▁not ▁ s up po s ed ▁with ▁the ▁ s ur ve s .
[2026-03-17 11:54:38] Best translation 320 : ▁It ▁is ▁worth ▁mentioning ▁that ▁the ▁ s ur ve s ▁of ▁the ▁ s ur ve s ▁of ▁the ▁ s ur ve ge t s ▁of ▁the ▁ s ur ve s .
[2026-03-17 11:54:47] Best translation 640 : ▁It ▁is ▁worth ▁mentioning ▁that ▁the ▁world ' s ▁most ▁of ▁the ▁world ▁is ▁one ▁of ▁the ▁world ' s ▁most ▁important ▁in ▁the ▁world .
[2026-03-17 11:55:03] Best translation 1280 : ▁It ▁is ▁worth ▁mentioning ▁that ▁the ▁number ▁of ▁ s ur r ound s ▁of ▁ s ur ve ge s , ▁ s ur ve ge s , ▁ s ur ve s , ▁ s ur ve ge t s , ▁ s ur ve s , ▁ s ur ve s , ▁ s ur ve s ▁and ▁ s ur ve s .
[2026-03-17 11:55:26] Total translation time: 59.50759s
[2026-03-17 11:55:26] Saving model weights and runtime parameters to /workspace/OPUS-MT-train/work/ckb-en/curated-floresdev.spm4k-spm4k.transformer.model1.npz.best-chrf.npz
[2026-03-17 11:55:27] [valid] Ep. 4 : Up. 5000 : chrf : 20.2953 : new best
[2026-03-17 11:55:29] Saving model weights and runtime parameters to /workspace/OPUS-MT-train/work/ckb-en/curated-floresdev.spm4k-spm4k.transformer.model1.npz.best-perplexity.npz
[2026-03-17 11:55:30] [valid] Ep. 4 : Up. 5000 : perplexity : 105.515 : new best
[2026-03-17 11:55:44] Seen 310,206 samples
[2026-03-17 11:55:44] Starting data epoch 5 in logical epoch 5
[2026-03-17 11:58:01] Ep. 5 : Up. 6000 : Sen. 222,735 : Cost 4.51924706 * 9,805,926 @ 10,222 after 58,865,963 : Time 281.99s : 34774.29 words/s : gNorm 1.6593 : L.r. 1.1250e-04
[2026-03-17 11:58:01] Saving model weights and runtime parameters to /workspace/OPUS-MT-train/work/ckb-en/curated-floresdev.spm4k-spm4k.transformer.model1.npz
[2026-03-17 11:58:03] Saving Adam parameters
[2026-03-17 11:58:06] [training] Saving training checkpoint to /workspace/OPUS-MT-train/work/ckb-en/curated-floresdev.spm4k-spm4k.transformer.model1.npz and /workspace/OPUS-MT-train/work/ckb-en/curated-floresdev.spm4k-spm4k.transformer.model1.npz.optimizer.npz
[2026-03-17 11:58:09] Translating validation set...
[2026-03-17 11:58:11] Best translation 0 : ▁In ▁this ▁regard , ▁the ▁ s ur ve ge t s ▁of ▁the ▁ s ur ve ge t able s ▁of ▁the ▁ s ur ve ge t able s ▁of ▁the ▁ s ur ve ge t able s .
[2026-03-17 11:58:11] Best translation 1 : ▁In ▁the ▁19 8 0 s , ▁a ▁large ▁number ▁of ▁ s ur ve ge t s ▁were ▁ s ur vi ve d ▁by ▁the ▁ s ur ve ill ance ▁of ▁ s ur ve ge t s ▁and ▁ s m m ug g l ed ▁ s ur vi ve s .
[2026-03-17 11:58:11] Best translation 2 : ▁It ▁is ▁worth ▁mentioning ▁that ▁the ▁ s ur ve ill ance ▁of ▁the ▁ s ur ve ill ance ▁of ▁the ▁ s ur ve ill ance ▁of ▁the ▁ s ur ve ill ance .
[2026-03-17 11:58:11] Best translation 3 : ▁In ▁an ▁interview ▁with ▁the ▁reporter ▁news ▁agency , ▁the ▁ s up po s ing ▁of ▁the ▁ s us pe n sion ▁of ▁the ▁ s us pe n sion ▁of ▁the ▁ s us pe n sion ▁of ▁the ▁ s us pe n sion ▁of ▁the ▁ s us pe n sion .
[2026-03-17 11:58:11] Best translation 4 : ▁It ▁is ▁worth ▁mentioning ▁that ▁the ▁United ▁States ▁has ▁been ▁used ▁to ▁ s up po s ed ▁by ▁the ▁army .
[2026-03-17 11:58:11] Best translation 5 : ▁In ▁the ▁first ▁half , ▁the ▁first ▁goal ▁was ▁scored ▁by ▁the ▁first ▁half ▁of ▁the ▁first ▁half ▁of ▁the ▁first ▁half ▁of ▁the ▁first ▁half ▁of ▁the ▁year , ▁and ▁the ▁first ▁goal ▁was ▁scored ▁by ▁the ▁club ' s ▁goals .
[2026-03-17 11:58:12] Best translation 10 : ▁It ▁is ▁worth ▁mentioning ▁that ▁the ▁blood ▁of ▁the ▁ s ur ve ge t s ▁of ▁the ▁ s we et s ▁of ▁the ▁blood ▁of ▁the ▁ s we et s .
[2026-03-17 11:58:12] Best translation 20 : ▁It ▁is ▁worth ▁mentioning ▁that ▁the ▁ s ur ve ill ance ▁is ▁a ▁ s us pe n sion , ▁but ▁it ▁can ▁be ▁used ▁to ▁be ▁used ▁as ▁a ▁ s ur ve ge t able .
[2026-03-17 11:58:12] Best translation 40 : ▁On ▁Monday , ▁the ▁ s ur vi v ing ▁of ▁the ▁ s ur ve ill ance ▁of ▁the ▁Ba ' ath ▁regime ' s ▁ s ur ve ill ance , ▁which ▁is ▁the ▁first ▁day ▁of ▁the ▁ s ur ve ill ance ▁of ▁the ▁ s ur vi v ing ▁ s ur vi ve s .
[2026-03-17 11:58:13] Best translation 80 : ▁The ▁ s up press ion ▁of ▁the ▁ s ur vi ve s ▁of ▁the ▁ s up press ion ▁of ▁the ▁ s ur ve ge t s ▁of ▁the ▁ s us p ic s ▁of ▁the ▁ s up press ion ▁of ▁the ▁ s us p ic s ▁of ▁the ▁ s ur ve ge t s .
[2026-03-17 11:58:16] Best translation 160 : ▁But ▁they ▁are ▁not ▁ s up po s ed ▁with ▁the ▁ s us p ic ion ▁of ▁the ▁ s ur ve s .
[2026-03-17 11:58:20] Best translation 320 : ▁The ▁ s ur vi ve s ▁of ▁the ▁ s ur ve ill ance ▁of ▁the ▁ s ur ve ill ance ▁of ▁the ▁ s ur ve ge t s .
[2026-03-17 11:58:28] Best translation 640 : ▁It ▁is ▁worth ▁mentioning ▁that ▁most ▁of ▁the ▁world ' s ▁most ▁of ▁the ▁world ▁is ▁one ▁of ▁the ▁world ' s ▁most ▁important ▁than ▁one ▁of ▁the ▁world ' s ▁largest ▁world .
[2026-03-17 11:58:46] Best translation 1280 : ▁It ▁is ▁worth ▁mentioning ▁that ▁the ▁number ▁of ▁ s ur ve ge t s ▁are ▁located ▁in ▁the ▁north we ster n ▁district s ▁of ▁the ▁city , ▁which ▁is ▁located ▁in ▁the ▁north we ster n ▁region .
[2026-03-17 11:59:07] Total translation time: 57.41628s
[2026-03-17 11:59:07] Saving model weights and runtime parameters to /workspace/OPUS-MT-train/work/ckb-en/curated-floresdev.spm4k-spm4k.transformer.model1.npz.best-bleu.npz
[2026-03-17 11:59:08] [valid] Ep. 5 : Up. 6000 : bleu : 1.36542 : new best
[2026-03-17 11:59:08] Translating validation set...
[2026-03-17 11:59:09] Best translation 0 : ▁In ▁this ▁regard , ▁the ▁ s ur ve ge t s ▁of ▁the ▁ s ur ve ge t able s ▁of ▁the ▁ s ur ve ge t able s ▁of ▁the ▁ s ur ve ge t able s .
[2026-03-17 11:59:09] Best translation 1 : ▁In ▁the ▁19 8 0 s , ▁a ▁large ▁number ▁of ▁ s ur ve ge t s ▁were ▁ s ur vi ve d ▁by ▁the ▁ s ur ve ill ance ▁of ▁ s ur ve ge t s ▁and ▁ s m m ug g l ed ▁ s ur vi ve s .
[2026-03-17 11:59:10] Best translation 2 : ▁It ▁is ▁worth ▁mentioning ▁that ▁the ▁ s ur ve ill ance ▁of ▁the ▁ s ur ve ill ance ▁of ▁the ▁ s ur ve ill ance ▁of ▁the ▁ s ur ve ill ance .
[2026-03-17 11:59:10] Best translation 3 : ▁In ▁an ▁interview ▁with ▁the ▁reporter ▁news ▁agency , ▁the ▁ s up po s ing ▁of ▁the ▁ s us pe n sion ▁of ▁the ▁ s us pe n sion ▁of ▁the ▁ s us pe n sion ▁of ▁the ▁ s us pe n sion ▁of ▁the ▁ s us pe n sion .
[2026-03-17 11:59:10] Best translation 4 : ▁It ▁is ▁worth ▁mentioning ▁that ▁the ▁United ▁States ▁has ▁been ▁used ▁to ▁ s up po s ed ▁by ▁the ▁army .
[2026-03-17 11:59:10] Best translation 5 : ▁In ▁the ▁first ▁half , ▁the ▁first ▁goal ▁was ▁scored ▁by ▁the ▁first ▁half ▁of ▁the ▁first ▁half ▁of ▁the ▁first ▁half ▁of ▁the ▁first ▁half ▁of ▁the ▁year , ▁and ▁the ▁first ▁goal ▁was ▁scored ▁by ▁the ▁club ' s ▁goals .
[2026-03-17 11:59:10] Best translation 10 : ▁It ▁is ▁worth ▁mentioning ▁that ▁the ▁blood ▁of ▁the ▁ s ur ve ge t s ▁of ▁the ▁ s we et s ▁of ▁the ▁blood ▁of ▁the ▁ s we et s .
[2026-03-17 11:59:10] Best translation 20 : ▁It ▁is ▁worth ▁mentioning ▁that ▁the ▁ s ur ve ill ance ▁is ▁a ▁ s us pe n sion , ▁but ▁it ▁can ▁be ▁used ▁to ▁be ▁used ▁as ▁a ▁ s ur ve ge t able .
[2026-03-17 11:59:10] Best translation 40 : ▁On ▁Monday , ▁the ▁ s ur vi v ing ▁of ▁the ▁ s ur ve ill ance ▁of ▁the ▁Ba ' ath ▁regime ' s ▁ s ur ve ill ance , ▁which ▁is ▁the ▁first ▁day ▁of ▁the ▁ s ur ve ill ance ▁of ▁the ▁ s ur vi v ing ▁ s ur vi ve s .
[2026-03-17 11:59:11] Best translation 80 : ▁The ▁ s up press ion ▁of ▁the ▁ s ur vi ve s ▁of ▁the ▁ s up press ion ▁of ▁the ▁ s ur ve ge t s ▁of ▁the ▁ s us p ic s ▁of ▁the ▁ s up press ion ▁of ▁the ▁ s us p ic s ▁of ▁the ▁ s ur ve ge t s .
[2026-03-17 11:59:15] Best translation 160 : ▁But ▁they ▁are ▁not ▁ s up po s ed ▁with ▁the ▁ s us p ic ion ▁of ▁the ▁ s ur ve s .
[2026-03-17 11:59:19] Best translation 320 : ▁The ▁ s ur vi ve s ▁of ▁the ▁ s ur ve ill ance ▁of ▁the ▁ s ur ve ill ance ▁of ▁the ▁ s ur ve ge t s .
[2026-03-17 11:59:28] Best translation 640 : ▁It ▁is ▁worth ▁mentioning ▁that ▁most ▁of ▁the ▁world ' s ▁most ▁of ▁the ▁world ▁is ▁one ▁of ▁the ▁world ' s ▁most ▁important ▁than ▁one ▁of ▁the ▁world ' s ▁largest ▁world .
[2026-03-17 11:59:45] Best translation 1280 : ▁It ▁is ▁worth ▁mentioning ▁that ▁the ▁number ▁of ▁ s ur ve ge t s ▁are ▁located ▁in ▁the ▁north we ster n ▁district s ▁of ▁the ▁city , ▁which ▁is ▁located ▁in ▁the ▁north we ster n ▁region .
[2026-03-17 12:00:06] Total translation time: 58.37758s
[2026-03-17 12:00:06] Saving model weights and runtime parameters to /workspace/OPUS-MT-train/work/ckb-en/curated-floresdev.spm4k-spm4k.transformer.model1.npz.best-chrf.npz
[2026-03-17 12:00:07] [valid] Ep. 5 : Up. 6000 : chrf : 21.1195 : new best
[2026-03-17 12:00:09] Saving model weights and runtime parameters to /workspace/OPUS-MT-train/work/ckb-en/curated-floresdev.spm4k-spm4k.transformer.model1.npz.best-perplexity.npz
[2026-03-17 12:00:11] [valid] Ep. 5 : Up. 6000 : perplexity : 84.351 : new best
[2026-03-17 12:01:05] Seen 310,206 samples
[2026-03-17 12:01:05] Starting data epoch 6 in logical epoch 6
[2026-03-17 12:02:43] Ep. 6 : Up. 7000 : Sen. 154,928 : Cost 4.31561661 * 9,815,892 @ 10,125 after 68,681,855 : Time 281.60s : 34857.11 words/s : gNorm 1.4280 : L.r. 1.3125e-04
[2026-03-17 12:02:43] Saving model weights and runtime parameters to /workspace/OPUS-MT-train/work/ckb-en/curated-floresdev.spm4k-spm4k.transformer.model1.npz
[2026-03-17 12:02:44] Saving Adam parameters
[2026-03-17 12:02:46] [training] Saving training checkpoint to /workspace/OPUS-MT-train/work/ckb-en/curated-floresdev.spm4k-spm4k.transformer.model1.npz and /workspace/OPUS-MT-train/work/ckb-en/curated-floresdev.spm4k-spm4k.transformer.model1.npz.optimizer.npz
[2026-03-17 12:02:49] Translating validation set...
[2026-03-17 12:02:50] Best translation 0 : ▁This ▁is ▁a ▁ s us pe n sion ▁of ▁ s mo k ing , ▁which ▁is ▁used ▁to ▁be ▁used ▁to ▁be ▁used ▁in ▁this ▁way .
[2026-03-17 12:02:50] Best translation 1 : ▁On ▁the ▁other ▁hand , ▁the ▁ s ur ve ill ance ▁of ▁the ▁ s us pe n sion ▁of ▁the ▁ s m ug g l ed ▁ s m ug g ent s ▁were ▁ s ur vi ve d ▁by ▁the ▁ s m m ug g l s ▁of ▁the ▁ s m ug g l ed ▁ s m m ug g l s .
[2026-03-17 12:02:51] Best translation 2 : ▁It ▁is ▁worth ▁mentioning ▁that ▁the ▁ s ur ve ill ance ▁of ▁the ▁ s ur ve ill ance ▁of ▁the ▁ s ur ve ill ance ▁of ▁the ▁ s ur ve ill ance ▁of ▁the ▁ s ur ve ill ance .
[2026-03-17 12:02:51] Best translation 3 : ▁In ▁the ▁19 9 0 s , ▁the ▁ s ur vi v ing ▁of ▁the ▁ s ur vi v ing ▁ s ur vi ve d ▁the ▁ s ur vi ve d ▁the ▁ s ing ing ▁of ▁the ▁ s ing ing s .
[2026-03-17 12:02:51] Best translation 4 : ▁The ▁army ' s ▁army ' s ▁army ▁was ▁ s ur vi ve d ▁by ▁the ▁army ' s ▁army ' s ▁army .
[2026-03-17 12:02:51] Best translation 5 : ▁In ▁the ▁first ▁half , ▁he ▁scored ▁the ▁first ▁goal ▁in ▁the ▁first ▁half ▁of ▁the ▁first ▁half ▁of ▁the ▁year , ▁and ▁scored ▁the ▁first ▁goal ▁of ▁the ▁club ' s ▁first ▁goal ▁in ▁the ▁first ▁half .
[2026-03-17 12:02:52] Best translation 10 : ▁It ▁is ▁worth ▁mentioning ▁that ▁the ▁blood ▁of ▁the ▁blood ▁of ▁the ▁heart s ▁of ▁the ▁blood ▁of ▁the ▁blood ▁of ▁the ▁blood ▁of ▁the ▁blood ▁of ▁the ▁blood ▁of ▁the ▁blood ▁of ▁the ▁blood ▁of ▁the ▁blood ▁of ▁the ▁brain .
[2026-03-17 12:02:52] Best translation 20 : ▁It ▁is ▁worth ▁mentioning ▁that ▁it ▁is ▁also ▁known ▁as ▁a ▁ s ur ve ill ance , ▁but ▁it ▁is ▁also ▁known ▁as ▁a ▁ s ur ve ill ance .
[2026-03-17 12:02:52] Best translation 40 : ▁On ▁Tuesday , ▁June ▁June ▁20 ▁( IANS ) ▁The ▁commander ▁of ▁the ▁O per ation al ▁For ce s ▁( I C C C C ) ▁has ▁announced ▁that ▁the ▁ s ur ve ill ance ▁of ▁the ▁ s ur ve ill ance ▁of ▁the ▁ s ur ve ill ance ▁of ▁the ▁ s ur ve ill ance .
[2026-03-17 12:02:53] Best translation 80 : ▁The ▁ s ur vi ve s ▁of ▁the ▁ s us pe n sion ▁of ▁the ▁p h y s op h y s op h y s ic s ▁of ▁the ▁ s us pe n sion ▁of ▁the ▁p h y s op h y s op h y s ic s ▁of ▁the ▁p h y s op h y s ic s .
[2026-03-17 12:02:57] Best translation 160 : ▁But ▁the ▁number ▁of ▁people ▁are ▁not ▁ s ur vi ve d .
[2026-03-17 12:03:00] Best translation 320 : ▁The ▁ s ur ve ill ance ▁of ▁the ▁ s ur ve ill ance ▁of ▁the ▁ s ur ve ill ance ▁of ▁the ▁ s ur ve ill ance .
[2026-03-17 12:03:08] Best translation 640 : ▁It ▁is ▁worth ▁mentioning ▁that ▁the ▁world ' s ▁largest est est est est ▁is ▁the ▁largest est est est est est ▁in ▁the ▁world .
[2026-03-17 12:03:25] Best translation 1280 : ▁It ▁is ▁worth ▁mentioning ▁that ▁the ▁number ▁of ▁ s we et s ▁are ▁located ▁in ▁the ▁north we ster n ▁district s ▁of ▁the ▁city , ▁which ▁are ▁located ▁in ▁the ▁north we ster n ▁region .
[2026-03-17 12:03:46] Total translation time: 56.36144s
[2026-03-17 12:03:46] Saving model weights and runtime parameters to /workspace/OPUS-MT-train/work/ckb-en/curated-floresdev.spm4k-spm4k.transformer.model1.npz.best-bleu.npz
[2026-03-17 12:03:47] [valid] Ep. 6 : Up. 7000 : bleu : 1.44728 : new best
[2026-03-17 12:03:47] Translating validation set...
[2026-03-17 12:03:48] Best translation 0 : ▁This ▁is ▁a ▁ s us pe n sion ▁of ▁ s mo k ing , ▁which ▁is ▁used ▁to ▁be ▁used ▁to ▁be ▁used ▁in ▁this ▁way .
[2026-03-17 12:03:48] Best translation 1 : ▁On ▁the ▁other ▁hand , ▁the ▁ s ur ve ill ance ▁of ▁the ▁ s us pe n sion ▁of ▁the ▁ s m ug g l ed ▁ s m ug g ent s ▁were ▁ s ur vi ve d ▁by ▁the ▁ s m m ug g l s ▁of ▁the ▁ s m ug g l ed ▁ s m m ug g l s .
[2026-03-17 12:03:49] Best translation 2 : ▁It ▁is ▁worth ▁mentioning ▁that ▁the ▁ s ur ve ill ance ▁of ▁the ▁ s ur ve ill ance ▁of ▁the ▁ s ur ve ill ance ▁of ▁the ▁ s ur ve ill ance ▁of ▁the ▁ s ur ve ill ance .
[2026-03-17 12:03:49] Best translation 3 : ▁In ▁the ▁19 9 0 s , ▁the ▁ s ur vi v ing ▁of ▁the ▁ s ur vi v ing ▁ s ur vi ve d ▁the ▁ s ur vi ve d ▁the ▁ s ing ing ▁of ▁the ▁ s ing ing s .
[2026-03-17 12:03:49] Best translation 4 : ▁The ▁army ' s ▁army ' s ▁army ▁was ▁ s ur vi ve d ▁by ▁the ▁army ' s ▁army ' s ▁army .
[2026-03-17 12:03:49] Best translation 5 : ▁In ▁the ▁first ▁half , ▁he ▁scored ▁the ▁first ▁goal ▁in ▁the ▁first ▁half ▁of ▁the ▁first ▁half ▁of ▁the ▁year , ▁and ▁scored ▁the ▁first ▁goal ▁of ▁the ▁club ' s ▁first ▁goal ▁in ▁the ▁first ▁half .
[2026-03-17 12:03:49] Best translation 10 : ▁It ▁is ▁worth ▁mentioning ▁that ▁the ▁blood ▁of ▁the ▁blood ▁of ▁the ▁heart s ▁of ▁the ▁blood ▁of ▁the ▁blood ▁of ▁the ▁blood ▁of ▁the ▁blood ▁of ▁the ▁blood ▁of ▁the ▁blood ▁of ▁the ▁blood ▁of ▁the ▁blood ▁of ▁the ▁brain .
[2026-03-17 12:03:49] Best translation 20 : ▁It ▁is ▁worth ▁mentioning ▁that ▁it ▁is ▁also ▁known ▁as ▁a ▁ s ur ve ill ance , ▁but ▁it ▁is ▁also ▁known ▁as ▁a ▁ s ur ve ill ance .
[2026-03-17 12:03:49] Best translation 40 : ▁On ▁Tuesday , ▁June ▁June ▁20 ▁( IANS ) ▁The ▁commander ▁of ▁the ▁O per ation al ▁For ce s ▁( I C C C C ) ▁has ▁announced ▁that ▁the ▁ s ur ve ill ance ▁of ▁the ▁ s ur ve ill ance ▁of ▁the ▁ s ur ve ill ance ▁of ▁the ▁ s ur ve ill ance .
[2026-03-17 12:03:51] Best translation 80 : ▁The ▁ s ur vi ve s ▁of ▁the ▁ s us pe n sion ▁of ▁the ▁p h y s op h y s op h y s ic s ▁of ▁the ▁ s us pe n sion ▁of ▁the ▁p h y s op h y s op h y s ic s ▁of ▁the ▁p h y s op h y s ic s .
[2026-03-17 12:03:55] Best translation 160 : ▁But ▁the ▁number ▁of ▁people ▁are ▁not ▁ s ur vi ve d .
[2026-03-17 12:03:59] Best translation 320 : ▁The ▁ s ur ve ill ance ▁of ▁the ▁ s ur ve ill ance ▁of ▁the ▁ s ur ve ill ance ▁of ▁the ▁ s ur ve ill ance .
[2026-03-17 12:04:06] Best translation 640 : ▁It ▁is ▁worth ▁mentioning ▁that ▁the ▁world ' s ▁largest est est est est ▁is ▁the ▁largest est est est est est ▁in ▁the ▁world .
[2026-03-17 12:04:23] Best translation 1280 : ▁It ▁is ▁worth ▁mentioning ▁that ▁the ▁number ▁of ▁ s we et s ▁are ▁located ▁in ▁the ▁north we ster n ▁district s ▁of ▁the ▁city , ▁which ▁are ▁located ▁in ▁the ▁north we ster n ▁region .
[2026-03-17 12:04:44] Total translation time: 56.96875s
[2026-03-17 12:04:44] Saving model weights and runtime parameters to /workspace/OPUS-MT-train/work/ckb-en/curated-floresdev.spm4k-spm4k.transformer.model1.npz.best-chrf.npz
[2026-03-17 12:04:45] [valid] Ep. 6 : Up. 7000 : chrf : 21.8337 : new best
[2026-03-17 12:04:47] Saving model weights and runtime parameters to /workspace/OPUS-MT-train/work/ckb-en/curated-floresdev.spm4k-spm4k.transformer.model1.npz.best-perplexity.npz
[2026-03-17 12:04:48] [valid] Ep. 6 : Up. 7000 : perplexity : 70.3971 : new best
[2026-03-17 12:06:24] Seen 310,206 samples
[2026-03-17 12:06:24] Starting data epoch 7 in logical epoch 7
[2026-03-17 12:07:19] Ep. 7 : Up. 8000 : Sen. 90,130 : Cost 4.14657593 * 9,815,179 @ 7,120 after 78,497,034 : Time 276.87s : 35451.05 words/s : gNorm 1.3099 : L.r. 1.5000e-04
[2026-03-17 12:07:19] Saving model weights and runtime parameters to /workspace/OPUS-MT-train/work/ckb-en/curated-floresdev.spm4k-spm4k.transformer.model1.npz
[2026-03-17 12:07:21] Saving Adam parameters
[2026-03-17 12:07:23] [training] Saving training checkpoint to /workspace/OPUS-MT-train/work/ckb-en/curated-floresdev.spm4k-spm4k.transformer.model1.npz and /workspace/OPUS-MT-train/work/ckb-en/curated-floresdev.spm4k-spm4k.transformer.model1.npz.optimizer.npz
[2026-03-17 12:07:27] Translating validation set...
[2026-03-17 12:07:28] Best translation 0 : ▁This ▁is ▁a ▁very ▁ s us pe n sion ▁of ▁the ▁ gen er ator s ▁that ▁are ▁used ▁to ▁be ▁used ▁in ▁this ▁field .
[2026-03-17 12:07:28] Best translation 1 : ▁On ▁the ▁other ▁hand , ▁the ▁ s m ug g l ed ▁ s m ug g l ed ▁ s m ug g l ed ▁ s m ug g l ed ▁ s m ug g l ed ▁ s m ug g ler s ▁and ▁ s m ug g l ed ▁ s m ug g l ed ▁ s m ug g l ed ▁ s m ug g l ed ▁ s m ug g ler s .
[2026-03-17 12:07:29] Best translation 2 : ▁It ▁is ▁worth ▁mentioning ▁that ▁the ▁ s ur ve ill ance ▁of ▁the ▁ s ur vi ve d ▁the ▁ s ur ve ill ance ▁of ▁the ▁ s ur ve ill ance ▁of ▁the ▁ s ur ve ill ance .
[2026-03-17 12:07:29] Best translation 3 : ▁The ▁ qu ot ed ▁a d d mi t t t t s ▁of ▁the ▁ s ur ve ill ance ▁of ▁the ▁ s ur vi ve d ▁ s ing ing ing .
[2026-03-17 12:07:29] Best translation 4 : ▁The ▁army ' s ▁army ▁was ▁ s ur vi ve d ▁by ▁the ▁army ' s ▁army ' s ▁army ' s ▁army .
[2026-03-17 12:07:29] Best translation 5 : ▁In ▁the ▁first ▁half , ▁he ▁scored ▁the ▁first ▁goal ▁of ▁the ▁club ▁in ▁the ▁first ▁half ▁of ▁the ▁year , ▁and ▁scored ▁the ▁first ▁goal ▁of ▁the ▁club ▁in ▁the ▁first ▁half .
[2026-03-17 12:07:29] Best translation 10 : ▁The ▁blood ▁cell s ▁of ▁the ▁blood ▁cell s ▁of ▁the ▁blood ▁ s am ple s ▁of ▁the ▁blood ▁of ▁the ▁blood ▁of ▁the ▁blood ▁of ▁the ▁blood ▁of ▁the ▁blood ▁of ▁the ▁blood ▁of ▁the ▁blood ▁of ▁the ▁blood ▁of ▁the ▁blood ▁of ▁the ▁blood ▁of ▁the ▁blood ▁of ▁the ▁blood ▁of ▁the ▁blood ▁of ▁the ▁blood .
[2026-03-17 12:07:29] Best translation 20 : ▁It ▁is ▁worth ▁mentioning ▁that ▁the ▁man ' s ▁a r ch a e ologist s ▁can ▁be ▁used ▁as ▁a ▁ s mo ke , ▁but ▁also ▁known ▁as ▁a ▁man .
[2026-03-17 12:07:29] Best translation 40 : ▁On ▁Tuesday , ▁March ▁20 ▁( X in hu a ) ▁was ▁ s up po s ed ▁to ▁ s ur ve ill ance ▁for ▁the ▁ s ur ve ill ance ▁of ▁the ▁ s ur ve ill ance ▁of ▁the ▁ s ur ve ill ance ▁of ▁the ▁city .
[2026-03-17 12:07:30] Best translation 80 : ▁The ▁ s ur ve ill ance ▁of ▁the ▁p h y s ic s ▁was ▁a ▁ s y mp h y ▁of ▁the ▁ s y mp h y s ic s ▁of ▁the ▁p h y s ic s ▁of ▁the ▁p h y s ic s ▁of ▁the ▁p h y s ic s ▁of ▁the ▁p h y s ic s ▁of ▁the ▁p h y s ic s .
[2026-03-17 12:07:34] Best translation 160 : ▁But ▁the ▁number ▁of ▁people ▁are ▁not ▁ s ati s fi ed ▁with ▁them .
[2026-03-17 12:07:38] Best translation 320 : ▁The ▁body ▁was ▁found ▁in ▁the ▁ s ur ve ill ance ▁of ▁the ▁virus .
[2026-03-17 12:07:46] Best translation 640 : ▁It ▁is ▁worth ▁mentioning ▁that ▁the ▁world ' s ▁largest est est est est est est est ▁is ▁the ▁most ▁important est est est ▁in ▁the ▁world .
[2026-03-17 12:08:03] Best translation 1280 : ▁According ▁to ▁the ▁same ▁source , ▁the ▁rain fa ll ▁is ▁located ▁in ▁the ▁north we ster n ▁city ▁of ▁K and il , ▁which ▁is ▁located ▁in ▁the ▁north east er n ▁Iran .
[2026-03-17 12:08:22] Total translation time: 55.13620s
[2026-03-17 12:08:22] Saving model weights and runtime parameters to /workspace/OPUS-MT-train/work/ckb-en/curated-floresdev.spm4k-spm4k.transformer.model1.npz.best-bleu.npz
[2026-03-17 12:08:23] [valid] Ep. 7 : Up. 8000 : bleu : 1.73865 : new best
[2026-03-17 12:08:23] Translating validation set...
[2026-03-17 12:08:25] Best translation 0 : ▁This ▁is ▁a ▁very ▁ s us pe n sion ▁of ▁the ▁ gen er ator s ▁that ▁are ▁used ▁to ▁be ▁used ▁in ▁this ▁field .
[2026-03-17 12:08:25] Best translation 1 : ▁On ▁the ▁other ▁hand , ▁the ▁ s m ug g l ed ▁ s m ug g l ed ▁ s m ug g l ed ▁ s m ug g l ed ▁ s m ug g l ed ▁ s m ug g ler s ▁and ▁ s m ug g l ed ▁ s m ug g l ed ▁ s m ug g l ed ▁ s m ug g l ed ▁ s m ug g ler s .
[2026-03-17 12:08:25] Best translation 2 : ▁It ▁is ▁worth ▁mentioning ▁that ▁the ▁ s ur ve ill ance ▁of ▁the ▁ s ur vi ve d ▁the ▁ s ur ve ill ance ▁of ▁the ▁ s ur ve ill ance ▁of ▁the ▁ s ur ve ill ance .
[2026-03-17 12:08:25] Best translation 3 : ▁The ▁ qu ot ed ▁a d d mi t t t t s ▁of ▁the ▁ s ur ve ill ance ▁of ▁the ▁ s ur vi ve d ▁ s ing ing ing .
[2026-03-17 12:08:25] Best translation 4 : ▁The ▁army ' s ▁army ▁was ▁ s ur vi ve d ▁by ▁the ▁army ' s ▁army ' s ▁army ' s ▁army .
[2026-03-17 12:08:25] Best translation 5 : ▁In ▁the ▁first ▁half , ▁he ▁scored ▁the ▁first ▁goal ▁of ▁the ▁club ▁in ▁the ▁first ▁half ▁of ▁the ▁year , ▁and ▁scored ▁the ▁first ▁goal ▁of ▁the ▁club ▁in ▁the ▁first ▁half .
[2026-03-17 12:08:26] Best translation 10 : ▁The ▁blood ▁cell s ▁of ▁the ▁blood ▁cell s ▁of ▁the ▁blood ▁ s am ple s ▁of ▁the ▁blood ▁of ▁the ▁blood ▁of ▁the ▁blood ▁of ▁the ▁blood ▁of ▁the ▁blood ▁of ▁the ▁blood ▁of ▁the ▁blood ▁of ▁the ▁blood ▁of ▁the ▁blood ▁of ▁the ▁blood ▁of ▁the ▁blood ▁of ▁the ▁blood ▁of ▁the ▁blood ▁of ▁the ▁blood .
[2026-03-17 12:08:26] Best translation 20 : ▁It ▁is ▁worth ▁mentioning ▁that ▁the ▁man ' s ▁a r ch a e ologist s ▁can ▁be ▁used ▁as ▁a ▁ s mo ke , ▁but ▁also ▁known ▁as ▁a ▁man .
[2026-03-17 12:08:26] Best translation 40 : ▁On ▁Tuesday , ▁March ▁20 ▁( X in hu a ) ▁was ▁ s up po s ed ▁to ▁ s ur ve ill ance ▁for ▁the ▁ s ur ve ill ance ▁of ▁the ▁ s ur ve ill ance ▁of ▁the ▁ s ur ve ill ance ▁of ▁the ▁city .
[2026-03-17 12:08:27] Best translation 80 : ▁The ▁ s ur ve ill ance ▁of ▁the ▁p h y s ic s ▁was ▁a ▁ s y mp h y ▁of ▁the ▁ s y mp h y s ic s ▁of ▁the ▁p h y s ic s ▁of ▁the ▁p h y s ic s ▁of ▁the ▁p h y s ic s ▁of ▁the ▁p h y s ic s ▁of ▁the ▁p h y s ic s .
[2026-03-17 12:08:30] Best translation 160 : ▁But ▁the ▁number ▁of ▁people ▁are ▁not ▁ s ati s fi ed ▁with ▁them .
[2026-03-17 12:08:35] Best translation 320 : ▁The ▁body ▁was ▁found ▁in ▁the ▁ s ur ve ill ance ▁of ▁the ▁virus .
[2026-03-17 12:08:43] Best translation 640 : ▁It ▁is ▁worth ▁mentioning ▁that ▁the ▁world ' s ▁largest est est est est est est est ▁is ▁the ▁most ▁important est est est ▁in ▁the ▁world .
[2026-03-17 12:09:00] Best translation 1280 : ▁According ▁to ▁the ▁same ▁source , ▁the ▁rain fa ll ▁is ▁located ▁in ▁the ▁north we ster n ▁city ▁of ▁K and il , ▁which ▁is ▁located ▁in ▁the ▁north east er n ▁Iran .
[2026-03-17 12:09:19] Total translation time: 55.32885s
[2026-03-17 12:09:19] Saving model weights and runtime parameters to /workspace/OPUS-MT-train/work/ckb-en/curated-floresdev.spm4k-spm4k.transformer.model1.npz.best-chrf.npz
[2026-03-17 12:09:20] [valid] Ep. 7 : Up. 8000 : chrf : 22.4042 : new best
[2026-03-17 12:09:22] Saving model weights and runtime parameters to /workspace/OPUS-MT-train/work/ckb-en/curated-floresdev.spm4k-spm4k.transformer.model1.npz.best-perplexity.npz
[2026-03-17 12:09:23] [valid] Ep. 7 : Up. 8000 : perplexity : 60.6255 : new best
[2026-03-17 12:11:40] Seen 310,206 samples
[2026-03-17 12:11:40] Starting data epoch 8 in logical epoch 8
[2026-03-17 12:11:54] Ep. 8 : Up. 9000 : Sen. 22,276 : Cost 4.00322962 * 9,803,681 @ 11,376 after 88,300,715 : Time 274.30s : 35740.39 words/s : gNorm 1.1675 : L.r. 1.6875e-04
[2026-03-17 12:11:54] Saving model weights and runtime parameters to /workspace/OPUS-MT-train/work/ckb-en/curated-floresdev.spm4k-spm4k.transformer.model1.npz
[2026-03-17 12:11:55] Saving Adam parameters
[2026-03-17 12:11:57] [training] Saving training checkpoint to /workspace/OPUS-MT-train/work/ckb-en/curated-floresdev.spm4k-spm4k.transformer.model1.npz and /workspace/OPUS-MT-train/work/ckb-en/curated-floresdev.spm4k-spm4k.transformer.model1.npz.optimizer.npz
[2026-03-17 12:12:01] Translating validation set...
[2026-03-17 12:12:02] Best translation 0 : ▁This ▁is ▁a ▁very ▁ s am ple ▁of ▁ s y mp ath y . ▁This ▁is ▁a ▁ s ur vi ve d ▁by ▁the ▁ s ur ve ill ance ▁of ▁the ▁ s am ple s ▁of ▁this ▁ s m ug g ling .
[2026-03-17 12:12:02] Best translation 1 : ▁In ▁19 9 0 , ▁the ▁ s ur vi v ors ▁were ▁ s ur vi ve d ▁by ▁ s m ug g ler s ▁and ▁ s m ug g l ed ▁ s m ug g l ed ▁ s m ug g l ed ▁ s m ug g l ed ▁to ▁the ▁ s m ug g l ed ▁ s m ug g l ed ▁ s m ug g l ed ▁ s m ug g ler s .
[2026-03-17 12:12:02] Best translation 2 : ▁The ▁ s ur vi ve d ▁the ▁ s ur ve ill ance ▁of ▁the ▁ s ur vi ve d ▁the ▁ s ur ve ill ance ▁of ▁the ▁ s ur ve ill ance .
[2026-03-17 12:12:02] Best translation 3 : ▁The ▁ s ur vi ve d ▁ s ur vi ve d ▁the ▁ s ur vi v ors ▁of ▁the ▁ s ur vi v ors , ▁which ▁was ▁also ▁known ▁as ▁the ▁ ro bo t s ▁of ▁the ▁ ro bo t .
[2026-03-17 12:12:02] Best translation 4 : ▁The ▁army ▁was ▁able ▁to ▁ s ur vi ve ▁the ▁army ' s ▁army ' s ▁army ' s ▁army ' s ▁army .
[2026-03-17 12:12:02] Best translation 5 : ▁In ▁the ▁first ▁half , ▁he ▁scored ▁the ▁first ▁goal ▁of ▁the ▁season ▁in ▁the ▁first ▁half ▁of ▁the ▁season ▁and ▁scored ▁the ▁first ▁goal ▁of ▁the ▁club ▁in ▁the ▁first ▁half . ▁He ▁scored ▁the ▁first ▁goal ▁in ▁the ▁first ▁half .
[2026-03-17 12:12:03] Best translation 10 : ▁The ▁blood ▁cell s ▁are ▁blood ▁pressure d ▁in ▁the ▁blood ▁cell s ▁of ▁the ▁blood ▁cell s ▁and ▁the ▁blood ▁ s am ple s ▁of ▁the ▁blood ▁cell s .
[2026-03-17 12:12:03] Best translation 20 : ▁It ▁is ▁also ▁known ▁as ▁a ▁man , ▁but ▁it ▁is ▁also ▁known ▁as ▁a ▁ te ch ni que , ▁but ▁it ▁is ▁also ▁known ▁as ▁a ▁ ro bo t .
[2026-03-17 12:12:03] Best translation 40 : ▁On ▁Tuesday , ▁June ▁20 ▁( IANS ) ▁The ▁commander ▁of ▁the ▁O t to man ▁E mp i re ▁For ce s ▁( F F F F ) ▁has ▁been ▁ s ur re n der ed ▁in ▁the ▁city ▁of ▁De s er t .
[2026-03-17 12:12:04] Best translation 80 : ▁The ▁ s y mp ath y ▁of ▁the ▁ s y mp ath y ▁was ▁ s ur vi ve d ▁by ▁the ▁p h y s ic ist ▁of ▁the ▁p h y s ic s ▁of ▁the ▁p h y s ic ist .
[2026-03-17 12:12:08] Best translation 160 : ▁But ▁most ▁of ▁the ▁people ▁are ▁not ▁ s ati s fi ed ▁with ▁the ▁sea s .
[2026-03-17 12:12:13] Best translation 320 : ▁The ▁body ▁was ▁found ▁on ▁the ▁ s us pe n sion ▁of ▁the ▁virus .
[2026-03-17 12:12:20] Best translation 640 : ▁It ▁is ▁worth ▁mentioning ▁that ▁most ▁of ▁the ▁world ' s ▁largest ▁population ▁in ▁the ▁world ▁is ▁one ▁of ▁the ▁most ▁important ▁world ' s ▁most ▁important ▁world s ▁in ▁the ▁world .
[2026-03-17 12:12:37] Best translation 1280 : ▁S pe ak ing ▁to ▁the ▁Me r ga s ur ▁Sea ▁( P ers ian : ▁ <0xD8> <0xB3> <0xD9> <0x88> <0xD8> <0xB1> <0xD8> <0xB1> <0xD8> <0xB1> <0xD8> <0xB1> <0xD8> <0xB1> <0xD8> <0xB1> <0xD8> <0xB1> <0xD8> <0xB1> <0xD8> <0xB1> <0xD8> <0xB1> <0xD9> <0x86> ) ▁is ▁a ▁city ▁in ▁the ▁north east er n ▁Iran .
[2026-03-17 12:12:57] Total translation time: 56.37062s
[2026-03-17 12:12:57] Saving model weights and runtime parameters to /workspace/OPUS-MT-train/work/ckb-en/curated-floresdev.spm4k-spm4k.transformer.model1.npz.best-bleu.npz
[2026-03-17 12:12:59] [valid] Ep. 8 : Up. 9000 : bleu : 1.96317 : new best
[2026-03-17 12:12:59] Translating validation set...
[2026-03-17 12:12:59] Best translation 0 : ▁This ▁is ▁a ▁very ▁ s am ple ▁of ▁ s y mp ath y . ▁This ▁is ▁a ▁ s ur vi ve d ▁by ▁the ▁ s ur ve ill ance ▁of ▁the ▁ s am ple s ▁of ▁this ▁ s m ug g ling .
[2026-03-17 12:12:59] Best translation 1 : ▁In ▁19 9 0 , ▁the ▁ s ur vi v ors ▁were ▁ s ur vi ve d ▁by ▁ s m ug g ler s ▁and ▁ s m ug g l ed ▁ s m ug g l ed ▁ s m ug g l ed ▁ s m ug g l ed ▁to ▁the ▁ s m ug g l ed ▁ s m ug g l ed ▁ s m ug g l ed ▁ s m ug g ler s .
[2026-03-17 12:13:00] Best translation 2 : ▁The ▁ s ur vi ve d ▁the ▁ s ur ve ill ance ▁of ▁the ▁ s ur vi ve d ▁the ▁ s ur ve ill ance ▁of ▁the ▁ s ur ve ill ance .
[2026-03-17 12:13:00] Best translation 3 : ▁The ▁ s ur vi ve d ▁ s ur vi ve d ▁the ▁ s ur vi v ors ▁of ▁the ▁ s ur vi v ors , ▁which ▁was ▁also ▁known ▁as ▁the ▁ ro bo t s ▁of ▁the ▁ ro bo t .
[2026-03-17 12:13:00] Best translation 4 : ▁The ▁army ▁was ▁able ▁to ▁ s ur vi ve ▁the ▁army ' s ▁army ' s ▁army ' s ▁army ' s ▁army .
[2026-03-17 12:13:00] Best translation 5 : ▁In ▁the ▁first ▁half , ▁he ▁scored ▁the ▁first ▁goal ▁of ▁the ▁season ▁in ▁the ▁first ▁half ▁of ▁the ▁season ▁and ▁scored ▁the ▁first ▁goal ▁of ▁the ▁club ▁in ▁the ▁first ▁half . ▁He ▁scored ▁the ▁first ▁goal ▁in ▁the ▁first ▁half .
[2026-03-17 12:13:00] Best translation 10 : ▁The ▁blood ▁cell s ▁are ▁blood ▁pressure d ▁in ▁the ▁blood ▁cell s ▁of ▁the ▁blood ▁cell s ▁and ▁the ▁blood ▁ s am ple s ▁of ▁the ▁blood ▁cell s .
[2026-03-17 12:13:00] Best translation 20 : ▁It ▁is ▁also ▁known ▁as ▁a ▁man , ▁but ▁it ▁is ▁also ▁known ▁as ▁a ▁ te ch ni que , ▁but ▁it ▁is ▁also ▁known ▁as ▁a ▁ ro bo t .
[2026-03-17 12:13:00] Best translation 40 : ▁On ▁Tuesday , ▁June ▁20 ▁( IANS ) ▁The ▁commander ▁of ▁the ▁O t to man ▁E mp i re ▁For ce s ▁( F F F F ) ▁has ▁been ▁ s ur re n der ed ▁in ▁the ▁city ▁of ▁De s er t .
[2026-03-17 12:13:01] Best translation 80 : ▁The ▁ s y mp ath y ▁of ▁the ▁ s y mp ath y ▁was ▁ s ur vi ve d ▁by ▁the ▁p h y s ic ist ▁of ▁the ▁p h y s ic s ▁of ▁the ▁p h y s ic ist .
[2026-03-17 12:13:05] Best translation 160 : ▁But ▁most ▁of ▁the ▁people ▁are ▁not ▁ s ati s fi ed ▁with ▁the ▁sea s .
[2026-03-17 12:13:10] Best translation 320 : ▁The ▁body ▁was ▁found ▁on ▁the ▁ s us pe n sion ▁of ▁the ▁virus .
[2026-03-17 12:13:18] Best translation 640 : ▁It ▁is ▁worth ▁mentioning ▁that ▁most ▁of ▁the ▁world ' s ▁largest ▁population ▁in ▁the ▁world ▁is ▁one ▁of ▁the ▁most ▁important ▁world ' s ▁most ▁important ▁world s ▁in ▁the ▁world .
[2026-03-17 12:13:36] Best translation 1280 : ▁S pe ak ing ▁to ▁the ▁Me r ga s ur ▁Sea ▁( P ers ian : ▁ <0xD8> <0xB3> <0xD9> <0x88> <0xD8> <0xB1> <0xD8> <0xB1> <0xD8> <0xB1> <0xD8> <0xB1> <0xD8> <0xB1> <0xD8> <0xB1> <0xD8> <0xB1> <0xD8> <0xB1> <0xD8> <0xB1> <0xD8> <0xB1> <0xD9> <0x86> ) ▁is ▁a ▁city ▁in ▁the ▁north east er n ▁Iran .
[2026-03-17 12:13:56] Total translation time: 57.96881s
[2026-03-17 12:13:57] Saving model weights and runtime parameters to /workspace/OPUS-MT-train/work/ckb-en/curated-floresdev.spm4k-spm4k.transformer.model1.npz.best-chrf.npz
[2026-03-17 12:13:58] [valid] Ep. 8 : Up. 9000 : chrf : 22.9242 : new best
[2026-03-17 12:14:00] Saving model weights and runtime parameters to /workspace/OPUS-MT-train/work/ckb-en/curated-floresdev.spm4k-spm4k.transformer.model1.npz.best-perplexity.npz
[2026-03-17 12:14:01] [valid] Ep. 8 : Up. 9000 : perplexity : 53.6304 : new best
[2026-03-17 12:16:31] Ep. 8 : Up. 10000 : Sen. 265,684 : Cost 3.88562727 * 9,794,752 @ 8,887 after 98,095,467 : Time 277.16s : 35339.50 words/s : gNorm 1.3247 : L.r. 1.8750e-04
[2026-03-17 12:16:31] Saving model weights and runtime parameters to /workspace/OPUS-MT-train/work/ckb-en/curated-floresdev.spm4k-spm4k.transformer.model1.npz
[2026-03-17 12:16:32] Saving Adam parameters
[2026-03-17 12:16:34] [training] Saving training checkpoint to /workspace/OPUS-MT-train/work/ckb-en/curated-floresdev.spm4k-spm4k.transformer.model1.npz and /workspace/OPUS-MT-train/work/ckb-en/curated-floresdev.spm4k-spm4k.transformer.model1.npz.optimizer.npz
[2026-03-17 12:16:38] Translating validation set...
[2026-03-17 12:16:39] Best translation 0 : ▁This ▁is ▁a ▁very ▁ s am ple ▁of ▁ s y mp ath y , ▁which ▁is ▁used ▁to ▁be ▁used ▁in ▁many ▁parts ▁of ▁the ▁human ▁body .
[2026-03-17 12:16:39] Best translation 1 : ▁In ▁19 9 0 , ▁the ▁ s ur vi ve d ▁ s m ug g ler s ▁were ▁ s m ug g l ed ▁to ▁ s m ug g l ed ▁ s m ug g ler s ▁and ▁ s m ug g l ed ▁ s m ug g l ed ▁ s m ug g l ed ▁to ▁the ▁ s m ug g l ed ▁ s m ug g l ed ▁ s m ug g ler s .
[2026-03-17 12:16:40] Best translation 2 : ▁The ▁ s ur vi ve d ▁the ▁ s ur ve ill ance ▁of ▁the ▁ s ur vi ve d ▁the ▁ s ur ve ill ance ▁of ▁the ▁area .
[2026-03-17 12:16:40] Best translation 3 : ▁The ▁ ro bo t ▁was ▁also ▁known ▁as ▁the ▁O t to man ▁E mp i re , ▁which ▁was ▁released ▁on ▁December ▁1 , ▁2019 , ▁and ▁was ▁released ▁on ▁the ▁Internet .
[2026-03-17 12:16:40] Best translation 4 : ▁The ▁army ▁was ▁able ▁to ▁ s ur vi ve ▁the ▁army ' s ▁army ' s ▁army ' s ▁army ' s ▁army .
[2026-03-17 12:16:40] Best translation 5 : ▁In ▁the ▁first ▁half , ▁he ▁scored ▁the ▁first ▁goal ▁of ▁the ▁season ▁and ▁scored ▁the ▁first ▁goal ▁of ▁the ▁season ▁in ▁the ▁first ▁half , ▁and ▁scored ▁the ▁first ▁goal ▁in ▁the ▁first ▁half .
[2026-03-17 12:16:40] Best translation 10 : ▁The ▁blood ▁cell s ▁of ▁the ▁blood ▁ s am ple s ▁of ▁the ▁blood ▁ s am ple s ▁of ▁the ▁blood ▁of ▁the ▁blood ▁of ▁the ▁blood ▁of ▁the ▁blood ▁cell s ▁and ▁the ▁blood ▁of ▁the ▁blood ▁cell s .
[2026-03-17 12:16:40] Best translation 20 : ▁However , ▁it ▁is ▁also ▁known ▁that ▁it ▁is ▁known ▁as ▁a ▁ ro bo t , ▁but ▁also ▁known ▁as ▁a ▁ ro bo t , ▁but ▁it ▁is ▁also ▁known ▁as ▁a ▁ ro bo t , ▁but ▁also ▁known ▁as ▁a ▁ ro bo t .
[2026-03-17 12:16:40] Best translation 40 : ▁The ▁ s ur ve ill ance ▁ s ur ve ill ance ▁was ▁ s ur vi ve d ▁by ▁the ▁ s ur re n der ▁of ▁the ▁ s ur ve ill ance ▁ s ur re n der ed ▁by ▁the ▁local ▁government .
[2026-03-17 12:16:41] Best translation 80 : ▁The ▁p h y s ic ist ▁was ▁a ▁ s y mp ath y ▁for ▁the ▁p h y s ic ist ▁of ▁the ▁p h y s ic ist , ▁which ▁was ▁the ▁ s y mp ath y ▁of ▁the ▁p h y s ic ist ▁and ▁was h y s ic ist ▁of ▁the ▁p h y s ic ist .
[2026-03-17 12:16:45] Best translation 160 : ▁But ▁most ▁of ▁the ▁people ▁are ▁not ▁ s ati s fi ed ▁with ▁the ▁sea s .
[2026-03-17 12:16:49] Best translation 320 : ▁The ▁body ▁of ▁the ▁virus ▁was ▁found ▁on ▁the ▁ s us pe n sion ▁of ▁the ▁virus .
[2026-03-17 12:16:57] Best translation 640 : ▁It ▁is ▁worth ▁mentioning ▁that ▁most ▁of ▁the ▁world ' s ▁largest ▁population ▁is ▁one ▁of ▁the ▁world ' s ▁largest ▁world ' s ▁largest est est est est est est est ▁in ▁the ▁world .
[2026-03-17 12:17:15] Best translation 1280 : ▁The ▁rain fa ll ▁is ▁located ▁in ▁the ▁north we ster n ▁Pe n j we n ▁District , ▁which ▁is ▁located ▁in ▁the ▁north we ster n ▁Sea , ▁and ▁is ▁located ▁in ▁the ▁north we ster n ▁Pe n j we n ▁District .
[2026-03-17 12:17:35] Total translation time: 57.18630s
[2026-03-17 12:17:35] Saving model weights and runtime parameters to /workspace/OPUS-MT-train/work/ckb-en/curated-floresdev.spm4k-spm4k.transformer.model1.npz.best-bleu.npz
[2026-03-17 12:17:36] [valid] Ep. 8 : Up. 10000 : bleu : 2.26585 : new best
[2026-03-17 12:17:36] Translating validation set...
[2026-03-17 12:17:37] Best translation 0 : ▁This ▁is ▁a ▁very ▁ s am ple ▁of ▁ s y mp ath y , ▁which ▁is ▁used ▁to ▁be ▁used ▁in ▁many ▁parts ▁of ▁the ▁human ▁body .
[2026-03-17 12:17:37] Best translation 1 : ▁In ▁19 9 0 , ▁the ▁ s ur vi ve d ▁ s m ug g ler s ▁were ▁ s m ug g l ed ▁to ▁ s m ug g l ed ▁ s m ug g ler s ▁and ▁ s m ug g l ed ▁ s m ug g l ed ▁ s m ug g l ed ▁to ▁the ▁ s m ug g l ed ▁ s m ug g l ed ▁ s m ug g ler s .
[2026-03-17 12:17:38] Best translation 2 : ▁The ▁ s ur vi ve d ▁the ▁ s ur ve ill ance ▁of ▁the ▁ s ur vi ve d ▁the ▁ s ur ve ill ance ▁of ▁the ▁area .
[2026-03-17 12:17:38] Best translation 3 : ▁The ▁ ro bo t ▁was ▁also ▁known ▁as ▁the ▁O t to man ▁E mp i re , ▁which ▁was ▁released ▁on ▁December ▁1 , ▁2019 , ▁and ▁was ▁released ▁on ▁the ▁Internet .
[2026-03-17 12:17:38] Best translation 4 : ▁The ▁army ▁was ▁able ▁to ▁ s ur vi ve ▁the ▁army ' s ▁army ' s ▁army ' s ▁army ' s ▁army .
[2026-03-17 12:17:38] Best translation 5 : ▁In ▁the ▁first ▁half , ▁he ▁scored ▁the ▁first ▁goal ▁of ▁the ▁season ▁and ▁scored ▁the ▁first ▁goal ▁of ▁the ▁season ▁in ▁the ▁first ▁half , ▁and ▁scored ▁the ▁first ▁goal ▁in ▁the ▁first ▁half .
[2026-03-17 12:17:38] Best translation 10 : ▁The ▁blood ▁cell s ▁of ▁the ▁blood ▁ s am ple s ▁of ▁the ▁blood ▁ s am ple s ▁of ▁the ▁blood ▁of ▁the ▁blood ▁of ▁the ▁blood ▁of ▁the ▁blood ▁cell s ▁and ▁the ▁blood ▁of ▁the ▁blood ▁cell s .
[2026-03-17 12:17:38] Best translation 20 : ▁However , ▁it ▁is ▁also ▁known ▁that ▁it ▁is ▁known ▁as ▁a ▁ ro bo t , ▁but ▁also ▁known ▁as ▁a ▁ ro bo t , ▁but ▁it ▁is ▁also ▁known ▁as ▁a ▁ ro bo t , ▁but ▁also ▁known ▁as ▁a ▁ ro bo t .
[2026-03-17 12:17:38] Best translation 40 : ▁The ▁ s ur ve ill ance ▁ s ur ve ill ance ▁was ▁ s ur vi ve d ▁by ▁the ▁ s ur re n der ▁of ▁the ▁ s ur ve ill ance ▁ s ur re n der ed ▁by ▁the ▁local ▁government .
[2026-03-17 12:17:40] Best translation 80 : ▁The ▁p h y s ic ist ▁was ▁a ▁ s y mp ath y ▁for ▁the ▁p h y s ic ist ▁of ▁the ▁p h y s ic ist , ▁which ▁was ▁the ▁ s y mp ath y ▁of ▁the ▁p h y s ic ist ▁and ▁was h y s ic ist ▁of ▁the ▁p h y s ic ist .
[2026-03-17 12:17:43] Best translation 160 : ▁But ▁most ▁of ▁the ▁people ▁are ▁not ▁ s ati s fi ed ▁with ▁the ▁sea s .
[2026-03-17 12:17:48] Best translation 320 : ▁The ▁body ▁of ▁the ▁virus ▁was ▁found ▁on ▁the ▁ s us pe n sion ▁of ▁the ▁virus .
[2026-03-17 12:17:56] Best translation 640 : ▁It ▁is ▁worth ▁mentioning ▁that ▁most ▁of ▁the ▁world ' s ▁largest ▁population ▁is ▁one ▁of ▁the ▁world ' s ▁largest ▁world ' s ▁largest est est est est est est est ▁in ▁the ▁world .
[2026-03-17 12:18:14] Best translation 1280 : ▁The ▁rain fa ll ▁is ▁located ▁in ▁the ▁north we ster n ▁Pe n j we n ▁District , ▁which ▁is ▁located ▁in ▁the ▁north we ster n ▁Sea , ▁and ▁is ▁located ▁in ▁the ▁north we ster n ▁Pe n j we n ▁District .
[2026-03-17 12:18:34] Total translation time: 58.04725s
[2026-03-17 12:18:34] Saving model weights and runtime parameters to /workspace/OPUS-MT-train/work/ckb-en/curated-floresdev.spm4k-spm4k.transformer.model1.npz.best-chrf.npz
[2026-03-17 12:18:35] [valid] Ep. 8 : Up. 10000 : chrf : 23.231 : new best
[2026-03-17 12:18:37] Saving model weights and runtime parameters to /workspace/OPUS-MT-train/work/ckb-en/curated-floresdev.spm4k-spm4k.transformer.model1.npz.best-perplexity.npz
[2026-03-17 12:18:38] [valid] Ep. 8 : Up. 10000 : perplexity : 48.1652 : new best
[2026-03-17 12:19:06] Seen 310,206 samples
[2026-03-17 12:19:06] Starting data epoch 9 in logical epoch 9
[2026-03-17 12:21:09] Ep. 9 : Up. 11000 : Sen. 200,288 : Cost 3.71654677 * 9,812,481 @ 9,957 after 107,907,948 : Time 277.75s : 35328.94 words/s : gNorm 1.3282 : L.r. 2.0625e-04
[2026-03-17 12:21:09] Saving model weights and runtime parameters to /workspace/OPUS-MT-train/work/ckb-en/curated-floresdev.spm4k-spm4k.transformer.model1.npz
[2026-03-17 12:21:10] Saving Adam parameters
[2026-03-17 12:21:13] [training] Saving training checkpoint to /workspace/OPUS-MT-train/work/ckb-en/curated-floresdev.spm4k-spm4k.transformer.model1.npz and /workspace/OPUS-MT-train/work/ckb-en/curated-floresdev.spm4k-spm4k.transformer.model1.npz.optimizer.npz
[2026-03-17 12:21:16] Translating validation set...
[2026-03-17 12:21:18] Best translation 0 : ▁This ▁is ▁the ▁first ▁part ▁of ▁this ▁ s y mp ath y , ▁which ▁is ▁used ▁in ▁many ▁parts ▁of ▁the ▁human ▁body , ▁which ▁is ▁very ▁ su it able ▁for ▁human s .
[2026-03-17 12:21:18] Best translation 1 : ▁On ▁2 7 ▁August ▁2020 , ▁the ▁ s ur vi ve d ▁ s m ug g ler s ▁were ▁ s m ug g l ed ▁to ▁the ▁ s m ug g l ed ▁ s m ug g l ed ▁ s m ug g ler s ▁and ▁ s m ug g l ed ▁ s m ug g l ed ▁ s m ug g l ed ▁ s m ug g l ed ▁to ▁the ▁ s m ug g ler s .
[2026-03-17 12:21:18] Best translation 2 : ▁The ▁ s ur vi ve d ▁the ▁ s ur vi ve d ▁the ▁ s ur vi v ors ▁of ▁the ▁ s ur vi v ors .
[2026-03-17 12:21:18] Best translation 3 : ▁He ▁was ▁also ▁known ▁as ▁the ▁ s ur vi v or ▁of ▁the ▁ i P h one ' s ▁ im m un e ▁system , ▁which ▁was ▁not ▁allowed ▁to ▁be ▁released ▁on ▁the ▁Internet .
[2026-03-17 12:21:18] Best translation 4 : ▁The ▁army ▁was ▁ s up po s ed ▁to ▁ s ur vi ve ▁the ▁army ' s ▁army ' s ▁we ak ness .
[2026-03-17 12:21:18] Best translation 5 : ▁In ▁the ▁first ▁half , ▁he ▁scored ▁the ▁first ▁goal ▁of ▁the ▁season ▁and ▁scored ▁the ▁first ▁goal ▁of ▁the ▁season ▁in ▁the ▁first ▁half , ▁and ▁scored ▁the ▁first ▁goal ▁of ▁the ▁season ▁in ▁the ▁first ▁half .
[2026-03-17 12:21:18] Best translation 10 : ▁In ▁the ▁blood ▁cell s , ▁the ▁blood ▁ s am ple s ▁of ▁the ▁blood ▁cell s ▁and ▁the ▁blood ▁ s am ple s ▁of ▁the ▁blood ▁ s am ple s ▁of ▁the ▁blood ▁ s am ple s ▁of ▁the ▁blood .
[2026-03-17 12:21:18] Best translation 20 : ▁It ▁is ▁also ▁known ▁that ▁the ▁ ro bo t ▁is ▁a ▁ ro bo t , ▁but ▁also ▁known ▁as ▁a ▁ ro man tic ▁ ro man tic ▁ ro man tic ▁ ro bo t .
[2026-03-17 12:21:18] Best translation 40 : ▁The ▁ s ur ve ill ance ▁ s ur vi ve d ▁the ▁ s ur ve ill ance ▁ s ur ve ill ance ▁of ▁the ▁ port ▁of ▁the ▁ port ▁of ▁the ▁ port ▁of ▁the ▁police ▁station .
[2026-03-17 12:21:20] Best translation 80 : ▁The ▁com po si tion ▁of ▁the ▁ s y mp ath y ▁was ▁ s up po s ed ▁to ▁ s y n the tic s ; ▁The ▁ s y mp ath y ▁was ▁ s y mp ath y ▁for ▁the ▁ s y mp ath y ▁of ▁the ▁p h y s ic ist ▁and ▁the ▁ s y mp ath y ▁of ▁the ▁ s y mp ath y .
[2026-03-17 12:21:24] Best translation 160 : ▁But ▁most ▁of ▁the ▁people ▁are ▁not ▁ s ati s fi ed ▁with ▁the ▁sea s .
[2026-03-17 12:21:28] Best translation 320 : ▁After ▁the ▁outbreak ▁of ▁the ▁virus , ▁it ▁was ▁found ▁that ▁the ▁virus ▁had ▁been ▁found ▁in ▁the ▁la b or ator y .
[2026-03-17 12:21:35] Best translation 640 : ▁It ▁is ▁worth ▁mentioning ▁that ▁most ▁of ▁the ▁world ' s ▁largest ▁ est im ate s ▁are ▁the ▁most ▁important ▁world ▁in ▁the ▁world .
[2026-03-17 12:21:53] Best translation 1280 : ▁The ▁area ▁is ▁located ▁in ▁the ▁north we ster n ▁Pe n j we n ▁District , ▁which ▁is ▁located ▁in ▁the ▁north we ster n ▁Sea , ▁and ▁is ▁located ▁in ▁the ▁north we ster n ▁Sea .
[2026-03-17 12:22:13] Total translation time: 56.82104s
[2026-03-17 12:22:13] Saving model weights and runtime parameters to /workspace/OPUS-MT-train/work/ckb-en/curated-floresdev.spm4k-spm4k.transformer.model1.npz.best-bleu.npz
[2026-03-17 12:22:14] [valid] Ep. 9 : Up. 11000 : bleu : 2.61406 : new best
[2026-03-17 12:22:14] Translating validation set...
[2026-03-17 12:22:15] Best translation 0 : ▁This ▁is ▁the ▁first ▁part ▁of ▁this ▁ s y mp ath y , ▁which ▁is ▁used ▁in ▁many ▁parts ▁of ▁the ▁human ▁body , ▁which ▁is ▁very ▁ su it able ▁for ▁human s .
[2026-03-17 12:22:15] Best translation 1 : ▁On ▁2 7 ▁August ▁2020 , ▁the ▁ s ur vi ve d ▁ s m ug g ler s ▁were ▁ s m ug g l ed ▁to ▁the ▁ s m ug g l ed ▁ s m ug g l ed ▁ s m ug g ler s ▁and ▁ s m ug g l ed ▁ s m ug g l ed ▁ s m ug g l ed ▁ s m ug g l ed ▁to ▁the ▁ s m ug g ler s .
[2026-03-17 12:22:16] Best translation 2 : ▁The ▁ s ur vi ve d ▁the ▁ s ur vi ve d ▁the ▁ s ur vi v ors ▁of ▁the ▁ s ur vi v ors .
[2026-03-17 12:22:16] Best translation 3 : ▁He ▁was ▁also ▁known ▁as ▁the ▁ s ur vi v or ▁of ▁the ▁ i P h one ' s ▁ im m un e ▁system , ▁which ▁was ▁not ▁allowed ▁to ▁be ▁released ▁on ▁the ▁Internet .
[2026-03-17 12:22:16] Best translation 4 : ▁The ▁army ▁was ▁ s up po s ed ▁to ▁ s ur vi ve ▁the ▁army ' s ▁army ' s ▁we ak ness .
[2026-03-17 12:22:16] Best translation 5 : ▁In ▁the ▁first ▁half , ▁he ▁scored ▁the ▁first ▁goal ▁of ▁the ▁season ▁and ▁scored ▁the ▁first ▁goal ▁of ▁the ▁season ▁in ▁the ▁first ▁half , ▁and ▁scored ▁the ▁first ▁goal ▁of ▁the ▁season ▁in ▁the ▁first ▁half .
[2026-03-17 12:22:16] Best translation 10 : ▁In ▁the ▁blood ▁cell s , ▁the ▁blood ▁ s am ple s ▁of ▁the ▁blood ▁cell s ▁and ▁the ▁blood ▁ s am ple s ▁of ▁the ▁blood ▁ s am ple s ▁of ▁the ▁blood ▁ s am ple s ▁of ▁the ▁blood .
[2026-03-17 12:22:16] Best translation 20 : ▁It ▁is ▁also ▁known ▁that ▁the ▁ ro bo t ▁is ▁a ▁ ro bo t , ▁but ▁also ▁known ▁as ▁a ▁ ro man tic ▁ ro man tic ▁ ro man tic ▁ ro bo t .
[2026-03-17 12:22:16] Best translation 40 : ▁The ▁ s ur ve ill ance ▁ s ur vi ve d ▁the ▁ s ur ve ill ance ▁ s ur ve ill ance ▁of ▁the ▁ port ▁of ▁the ▁ port ▁of ▁the ▁ port ▁of ▁the ▁police ▁station .
[2026-03-17 12:22:18] Best translation 80 : ▁The ▁com po si tion ▁of ▁the ▁ s y mp ath y ▁was ▁ s up po s ed ▁to ▁ s y n the tic s ; ▁The ▁ s y mp ath y ▁was ▁ s y mp ath y ▁for ▁the ▁ s y mp ath y ▁of ▁the ▁p h y s ic ist ▁and ▁the ▁ s y mp ath y ▁of ▁the ▁ s y mp ath y .
[2026-03-17 12:22:21] Best translation 160 : ▁But ▁most ▁of ▁the ▁people ▁are ▁not ▁ s ati s fi ed ▁with ▁the ▁sea s .
[2026-03-17 12:22:26] Best translation 320 : ▁After ▁the ▁outbreak ▁of ▁the ▁virus , ▁it ▁was ▁found ▁that ▁the ▁virus ▁had ▁been ▁found ▁in ▁the ▁la b or ator y .
[2026-03-17 12:22:33] Best translation 640 : ▁It ▁is ▁worth ▁mentioning ▁that ▁most ▁of ▁the ▁world ' s ▁largest ▁ est im ate s ▁are ▁the ▁most ▁important ▁world ▁in ▁the ▁world .
[2026-03-17 12:22:51] Best translation 1280 : ▁The ▁area ▁is ▁located ▁in ▁the ▁north we ster n ▁Pe n j we n ▁District , ▁which ▁is ▁located ▁in ▁the ▁north we ster n ▁Sea , ▁and ▁is ▁located ▁in ▁the ▁north we ster n ▁Sea .
[2026-03-17 12:23:12] Total translation time: 57.43222s
[2026-03-17 12:23:12] Saving model weights and runtime parameters to /workspace/OPUS-MT-train/work/ckb-en/curated-floresdev.spm4k-spm4k.transformer.model1.npz.best-chrf.npz
[2026-03-17 12:23:13] [valid] Ep. 9 : Up. 11000 : chrf : 24.2476 : new best
[2026-03-17 12:23:15] Saving model weights and runtime parameters to /workspace/OPUS-MT-train/work/ckb-en/curated-floresdev.spm4k-spm4k.transformer.model1.npz.best-perplexity.npz
[2026-03-17 12:23:16] [valid] Ep. 9 : Up. 11000 : perplexity : 41.8181 : new best
[2026-03-17 12:24:24] Seen 310,206 samples
[2026-03-17 12:24:24] Starting data epoch 10 in logical epoch 10
[2026-03-17 12:25:46] Ep. 10 : Up. 12000 : Sen. 132,255 : Cost 3.54887772 * 9,814,731 @ 9,792 after 117,722,679 : Time 277.77s : 35333.90 words/s : gNorm 1.1490 : L.r. 2.2500e-04
[2026-03-17 12:25:46] Saving model weights and runtime parameters to /workspace/OPUS-MT-train/work/ckb-en/curated-floresdev.spm4k-spm4k.transformer.model1.npz
[2026-03-17 12:25:48] Saving Adam parameters
[2026-03-17 12:25:50] [training] Saving training checkpoint to /workspace/OPUS-MT-train/work/ckb-en/curated-floresdev.spm4k-spm4k.transformer.model1.npz and /workspace/OPUS-MT-train/work/ckb-en/curated-floresdev.spm4k-spm4k.transformer.model1.npz.optimizer.npz
[2026-03-17 12:25:53] Translating validation set...
[2026-03-17 12:25:54] Best translation 0 : ▁This ▁is ▁a ▁mix ture ▁of ▁ma the ma tic s ▁in ▁the ▁form ▁of ▁ s y mp ath y , ▁which ▁is ▁very ▁important ▁for ▁human s .
[2026-03-17 12:25:54] Best translation 1 : ▁The ▁attacks ▁were ▁carried ▁out ▁on ▁November ▁2 6 , ▁2020 , ▁with ▁the ▁ s m ug g l ed ▁ s la u gh ter ho use s , ▁ s la u gh ter ho use s , ▁ s la u gh ter ho use s , ▁ s la u gh ter ho use s , ▁and ▁ s la u gh ter ho use s .
[2026-03-17 12:25:54] Best translation 2 : ▁The ▁ s ur ve ill ance ▁came ra ▁was ▁ s ur vi ve d ▁due ▁to ▁the ▁ s ur ve ill ance ▁of ▁the ▁ s ur vi v ors .
[2026-03-17 12:25:54] Best translation 3 : ▁It ▁also ▁was ▁also ▁known ▁that ▁the ▁video ▁was ▁released ▁on ▁the ▁Internet , ▁but ▁was ▁not ▁allowed ▁to ▁ s up po s ed ▁to ▁be ▁ s up po s ed ▁to ▁ s ur re n der ed ▁to ▁the ▁media .
[2026-03-17 12:25:54] Best translation 4 : ▁The ▁army ▁was ▁we ak en ed ▁by ▁the ▁army ' s ▁we ak en ing , ▁which ▁was ▁ s up po s ed ▁to ▁ s ur vi ve ▁the ▁new ▁war .
[2026-03-17 12:25:54] Best translation 5 : ▁In ▁the ▁second ▁half , ▁he ▁scored ▁the ▁first ▁goal ▁of ▁the ▁season ▁and ▁scored ▁the ▁first ▁goal ▁of ▁the ▁season ▁in ▁a ▁2 – 1 ▁win ▁over ▁Mar se il le ▁in ▁the ▁19 9 0 s , ▁and ▁scored ▁the ▁first ▁goal ▁of ▁the ▁season ▁in ▁the ▁19 9 0 s .
[2026-03-17 12:25:55] Best translation 10 : ▁In ▁the ▁blood ▁cell s , ▁the ▁blood ▁ s am ple s ▁of ▁the ▁blood ▁ ve s s s el s ▁and ▁the ▁blood ▁ ve s s s el s ▁can ▁be ▁found ▁in ▁the ▁blood ▁of ▁the ▁blood ▁cell s .
[2026-03-17 12:25:55] Best translation 20 : ▁Vi et n am ▁is ▁a ▁ te ch ni que , ▁but ▁it ▁is ▁also ▁known ▁as ▁a ▁ te ch ni que , ▁but ▁also ▁known ▁as ▁the ▁same ▁man u f act ur er . ▁The ▁same ▁man u f act ur er ▁is ▁also ▁known ▁as ▁the ▁same ▁man u f act ur er .
[2026-03-17 12:25:55] Best translation 40 : ▁The ▁ s ur ve ill ance ▁ s ur ve ill ance ▁ s ur re n der ed ▁in ▁the ▁ port ▁of ▁the ▁ port ▁of ▁the ▁ port ▁of ▁the ▁ port ▁of ▁the ▁ port ▁of ▁the ▁police ▁chief ▁of ▁the ▁police ▁station .
[2026-03-17 12:25:56] Best translation 80 : ▁The ▁harm on y ▁was ▁the ▁cause ▁of ▁the ▁p h y s ic ist ; ▁The ▁ s y n the tic s ▁were ▁ s y mp t om ed ▁by ▁the ▁p h y s ic ist ▁and ▁ s y mp ath y ▁of ▁the ▁p h y s ic ist .
[2026-03-17 12:26:00] Best translation 160 : ▁The ▁people ▁of ▁the ▁sea l ed ▁ s we et s ▁are ▁not ▁ s we ar ing .
[2026-03-17 12:26:04] Best translation 320 : ▁After ▁the ▁ s ur ve ill ance ▁of ▁the ▁virus ▁was ▁found ▁in ▁the ▁la b or ator y .
[2026-03-17 12:26:12] Best translation 640 : ▁It ▁is ▁the ▁largest ▁ est im ated est ▁in ▁the ▁world . ▁It ▁is ▁the ▁largest ▁world ▁in ▁the ▁world .
[2026-03-17 12:26:30] Best translation 1280 : ▁The ▁station s ▁are ▁located ▁in ▁the ▁south we ster n ▁district s ▁of ▁Ba la ka ity , ▁and ▁most ▁of ▁them ▁are ▁located ▁in ▁the ▁north east er n ▁Me di ter ra ne an ▁Sea .
[2026-03-17 12:26:48] Total translation time: 55.11928s
[2026-03-17 12:26:48] Saving model weights and runtime parameters to /workspace/OPUS-MT-train/work/ckb-en/curated-floresdev.spm4k-spm4k.transformer.model1.npz.best-bleu.npz
[2026-03-17 12:26:49] [valid] Ep. 10 : Up. 12000 : bleu : 3.51918 : new best
[2026-03-17 12:26:49] Translating validation set...
[2026-03-17 12:26:50] Best translation 0 : ▁This ▁is ▁a ▁mix ture ▁of ▁ma the ma tic s ▁in ▁the ▁form ▁of ▁ s y mp ath y , ▁which ▁is ▁very ▁important ▁for ▁human s .
[2026-03-17 12:26:50] Best translation 1 : ▁The ▁attacks ▁were ▁carried ▁out ▁on ▁November ▁2 6 , ▁2020 , ▁with ▁the ▁ s m ug g l ed ▁ s la u gh ter ho use s , ▁ s la u gh ter ho use s , ▁ s la u gh ter ho use s , ▁ s la u gh ter ho use s , ▁and ▁ s la u gh ter ho use s .
[2026-03-17 12:26:51] Best translation 2 : ▁The ▁ s ur ve ill ance ▁came ra ▁was ▁ s ur vi ve d ▁due ▁to ▁the ▁ s ur ve ill ance ▁of ▁the ▁ s ur vi v ors .
[2026-03-17 12:26:51] Best translation 3 : ▁It ▁also ▁was ▁also ▁known ▁that ▁the ▁video ▁was ▁released ▁on ▁the ▁Internet , ▁but ▁was ▁not ▁allowed ▁to ▁ s up po s ed ▁to ▁be ▁ s up po s ed ▁to ▁ s ur re n der ed ▁to ▁the ▁media .
[2026-03-17 12:26:51] Best translation 4 : ▁The ▁army ▁was ▁we ak en ed ▁by ▁the ▁army ' s ▁we ak en ing , ▁which ▁was ▁ s up po s ed ▁to ▁ s ur vi ve ▁the ▁new ▁war .
[2026-03-17 12:26:51] Best translation 5 : ▁In ▁the ▁second ▁half , ▁he ▁scored ▁the ▁first ▁goal ▁of ▁the ▁season ▁and ▁scored ▁the ▁first ▁goal ▁of ▁the ▁season ▁in ▁a ▁2 – 1 ▁win ▁over ▁Mar se il le ▁in ▁the ▁19 9 0 s , ▁and ▁scored ▁the ▁first ▁goal ▁of ▁the ▁season ▁in ▁the ▁19 9 0 s .
[2026-03-17 12:26:51] Best translation 10 : ▁In ▁the ▁blood ▁cell s , ▁the ▁blood ▁ s am ple s ▁of ▁the ▁blood ▁ ve s s s el s ▁and ▁the ▁blood ▁ ve s s s el s ▁can ▁be ▁found ▁in ▁the ▁blood ▁of ▁the ▁blood ▁cell s .
[2026-03-17 12:26:51] Best translation 20 : ▁Vi et n am ▁is ▁a ▁ te ch ni que , ▁but ▁it ▁is ▁also ▁known ▁as ▁a ▁ te ch ni que , ▁but ▁also ▁known ▁as ▁the ▁same ▁man u f act ur er . ▁The ▁same ▁man u f act ur er ▁is ▁also ▁known ▁as ▁the ▁same ▁man u f act ur er .
[2026-03-17 12:26:51] Best translation 40 : ▁The ▁ s ur ve ill ance ▁ s ur ve ill ance ▁ s ur re n der ed ▁in ▁the ▁ port ▁of ▁the ▁ port ▁of ▁the ▁ port ▁of ▁the ▁ port ▁of ▁the ▁ port ▁of ▁the ▁police ▁chief ▁of ▁the ▁police ▁station .
[2026-03-17 12:26:53] Best translation 80 : ▁The ▁harm on y ▁was ▁the ▁cause ▁of ▁the ▁p h y s ic ist ; ▁The ▁ s y n the tic s ▁were ▁ s y mp t om ed ▁by ▁the ▁p h y s ic ist ▁and ▁ s y mp ath y ▁of ▁the ▁p h y s ic ist .
[2026-03-17 12:26:56] Best translation 160 : ▁The ▁people ▁of ▁the ▁sea l ed ▁ s we et s ▁are ▁not ▁ s we ar ing .
[2026-03-17 12:27:01] Best translation 320 : ▁After ▁the ▁ s ur ve ill ance ▁of ▁the ▁virus ▁was ▁found ▁in ▁the ▁la b or ator y .
[2026-03-17 12:27:09] Best translation 640 : ▁It ▁is ▁the ▁largest ▁ est im ated est ▁in ▁the ▁world . ▁It ▁is ▁the ▁largest ▁world ▁in ▁the ▁world .
[2026-03-17 12:27:27] Best translation 1280 : ▁The ▁station s ▁are ▁located ▁in ▁the ▁south we ster n ▁district s ▁of ▁Ba la ka ity , ▁and ▁most ▁of ▁them ▁are ▁located ▁in ▁the ▁north east er n ▁Me di ter ra ne an ▁Sea .
[2026-03-17 12:27:46] Total translation time: 56.24080s
[2026-03-17 12:27:46] Saving model weights and runtime parameters to /workspace/OPUS-MT-train/work/ckb-en/curated-floresdev.spm4k-spm4k.transformer.model1.npz.best-chrf.npz
[2026-03-17 12:27:47] [valid] Ep. 10 : Up. 12000 : chrf : 26.3201 : new best
[2026-03-17 12:27:49] Saving model weights and runtime parameters to /workspace/OPUS-MT-train/work/ckb-en/curated-floresdev.spm4k-spm4k.transformer.model1.npz.best-perplexity.npz
[2026-03-17 12:27:50] [valid] Ep. 10 : Up. 12000 : perplexity : 35.0184 : new best
[2026-03-17 12:29:39] Seen 310,206 samples
[2026-03-17 12:29:39] Starting data epoch 11 in logical epoch 11
[2026-03-17 12:30:20] Ep. 11 : Up. 13000 : Sen. 65,675 : Cost 3.38927221 * 9,794,901 @ 9,874 after 127,517,580 : Time 273.70s : 35787.12 words/s : gNorm 1.1089 : L.r. 2.4375e-04
[2026-03-17 12:30:20] Saving model weights and runtime parameters to /workspace/OPUS-MT-train/work/ckb-en/curated-floresdev.spm4k-spm4k.transformer.model1.npz
[2026-03-17 12:30:22] Saving Adam parameters
[2026-03-17 12:30:23] [training] Saving training checkpoint to /workspace/OPUS-MT-train/work/ckb-en/curated-floresdev.spm4k-spm4k.transformer.model1.npz and /workspace/OPUS-MT-train/work/ckb-en/curated-floresdev.spm4k-spm4k.transformer.model1.npz.optimizer.npz
[2026-03-17 12:30:27] Translating validation set...
[2026-03-17 12:30:28] Best translation 0 : ▁This ▁is ▁the ▁concept ▁of ▁ s y mp ath y ▁in ▁this ▁ s y mp ath y , ▁which ▁is ▁very ▁ su it able ▁for ▁human s ▁to ▁human s .
[2026-03-17 12:30:28] Best translation 1 : ▁The ▁attack ▁took ▁place ▁on ▁November ▁2 6 , ▁2019 , ▁with ▁several ▁ s m ug g ler s ▁and ▁ s la u gh ter ho use s ▁target ed ▁several ▁station s , ▁including ▁ s la u gh ter ho use s , ▁ s la u gh ter ho use s , ▁ s la u gh ter ho use s , ▁ s la u gh ter ho use s , ▁ s la u gh ter ho use s , ▁ s la u gh ter ho use s , ▁ s la u gh ter ho use s , ▁ s la u gh ter ho use s ▁and ▁ s la u gh ter ho use s .
[2026-03-17 12:30:28] Best translation 2 : ▁The ▁ s ur ve ill ance ▁came ra ▁was ▁ s ur vi ve d ▁due ▁to ▁heavy ▁rain s .
[2026-03-17 12:30:28] Best translation 3 : ▁It ▁also ▁was ▁also ▁known ▁that ▁the ▁video ▁was ▁released ▁on ▁television ▁channel s , ▁but ▁was ▁not ▁allowed ▁to ▁ s ur ve ill ance . ▁He ▁was ▁not ▁allowed ▁to ▁ s ur ve ill ance ▁in ▁the ▁media .
[2026-03-17 12:30:28] Best translation 4 : ▁The ▁army ▁was ▁we ak ▁and ▁we ak en ed ▁the ▁army ' s ▁we ak ness .
[2026-03-17 12:30:28] Best translation 5 : ▁In ▁the ▁second ▁half , ▁he ▁scored ▁the ▁first ▁goal ▁of ▁the ▁season ▁and ▁scored ▁the ▁first ▁goal ▁of ▁the ▁season ▁in ▁a ▁2 – 1 ▁win ▁over ▁Mar se il le ▁in ▁the ▁19 9 0 s , ▁and ▁scored ▁the ▁first ▁goal ▁in ▁the ▁19 9 0 s .
[2026-03-17 12:30:28] Best translation 10 : ▁The ▁blood ▁ ve s s s el s ▁are ▁ s light ly ▁ s light ly ▁lower ed ▁and ▁the ▁blood ▁ s am ple s ▁of ▁the ▁blood ▁ s am ple s .
[2026-03-17 12:30:28] Best translation 20 : ▁It ▁is ▁also ▁known ▁that ▁the ▁ ro bo t ▁is ▁a ▁ ro man tic ▁ ro bo t , ▁but ▁also ▁known ▁as ▁a ▁ ro man tic ▁ ro man tic ▁ ro man tic ▁man u f act ur er , ▁but ▁also ▁known ▁as ▁the ▁same ▁man u f act ur er .
[2026-03-17 12:30:28] Best translation 40 : ▁The ▁demonstration ▁was ▁held ▁at ▁10 : 00 : 00 ▁am ▁( 1 00 : 00 : 00 ▁ m ) ▁at ▁the ▁police ▁station ▁in ▁T ri po li .
[2026-03-17 12:30:29] Best translation 80 : ▁The ▁harm on y ▁was ▁the ▁harm ful ▁cause ▁of ▁the ▁ s y mp to ma tic ▁ s y mp to ma tic ▁ s y n the tic s ; ▁The ▁ s y nd ro me ▁was ▁used ▁to ▁change ▁the ▁p h y s ic ian ' s ▁p h y s ic s .
[2026-03-17 12:30:33] Best translation 160 : ▁People ▁won ▁seats , ▁but ▁they ▁are ▁not ▁ s ati s fi ed ▁with ▁the ▁ s we et s .
[2026-03-17 12:30:37] Best translation 320 : ▁After ▁the ▁outbreak ▁of ▁the ▁ s am ple ▁was ▁found ▁in ▁the ▁la b or ator y .
[2026-03-17 12:30:46] Best translation 640 : ▁About ▁7 0 ▁percent ▁of ▁the ▁world ' s ▁largest ▁ est im ate s ▁are ▁the ▁largest ▁world ▁in ▁the ▁world .
[2026-03-17 12:31:03] Best translation 1280 : ▁The ▁station s ▁are ▁located ▁in ▁the ▁district s ▁of ▁Ba la ka y et y , ▁but ▁most ▁of ▁the ▁days ▁of ▁the ▁day , ▁most ▁of ▁which ▁are ▁7 0 ▁ k m ▁( 3 ▁ k m ) ▁and ▁4 0 ▁ k m ▁( 3 ▁ k m ).
[2026-03-17 12:31:21] Total translation time: 54.77632s
[2026-03-17 12:31:21] Saving model weights and runtime parameters to /workspace/OPUS-MT-train/work/ckb-en/curated-floresdev.spm4k-spm4k.transformer.model1.npz.best-bleu.npz
[2026-03-17 12:31:23] [valid] Ep. 11 : Up. 13000 : bleu : 4.61432 : new best
[2026-03-17 12:31:23] Translating validation set...
[2026-03-17 12:31:24] Best translation 0 : ▁This ▁is ▁the ▁concept ▁of ▁ s y mp ath y ▁in ▁this ▁ s y mp ath y , ▁which ▁is ▁very ▁ su it able ▁for ▁human s ▁to ▁human s .
[2026-03-17 12:31:24] Best translation 1 : ▁The ▁attack ▁took ▁place ▁on ▁November ▁2 6 , ▁2019 , ▁with ▁several ▁ s m ug g ler s ▁and ▁ s la u gh ter ho use s ▁target ed ▁several ▁station s , ▁including ▁ s la u gh ter ho use s , ▁ s la u gh ter ho use s , ▁ s la u gh ter ho use s , ▁ s la u gh ter ho use s , ▁ s la u gh ter ho use s , ▁ s la u gh ter ho use s , ▁ s la u gh ter ho use s , ▁ s la u gh ter ho use s ▁and ▁ s la u gh ter ho use s .
[2026-03-17 12:31:24] Best translation 2 : ▁The ▁ s ur ve ill ance ▁came ra ▁was ▁ s ur vi ve d ▁due ▁to ▁heavy ▁rain s .
[2026-03-17 12:31:24] Best translation 3 : ▁It ▁also ▁was ▁also ▁known ▁that ▁the ▁video ▁was ▁released ▁on ▁television ▁channel s , ▁but ▁was ▁not ▁allowed ▁to ▁ s ur ve ill ance . ▁He ▁was ▁not ▁allowed ▁to ▁ s ur ve ill ance ▁in ▁the ▁media .
[2026-03-17 12:31:24] Best translation 4 : ▁The ▁army ▁was ▁we ak ▁and ▁we ak en ed ▁the ▁army ' s ▁we ak ness .
[2026-03-17 12:31:24] Best translation 5 : ▁In ▁the ▁second ▁half , ▁he ▁scored ▁the ▁first ▁goal ▁of ▁the ▁season ▁and ▁scored ▁the ▁first ▁goal ▁of ▁the ▁season ▁in ▁a ▁2 – 1 ▁win ▁over ▁Mar se il le ▁in ▁the ▁19 9 0 s , ▁and ▁scored ▁the ▁first ▁goal ▁in ▁the ▁19 9 0 s .
[2026-03-17 12:31:24] Best translation 10 : ▁The ▁blood ▁ ve s s s el s ▁are ▁ s light ly ▁ s light ly ▁lower ed ▁and ▁the ▁blood ▁ s am ple s ▁of ▁the ▁blood ▁ s am ple s .
[2026-03-17 12:31:24] Best translation 20 : ▁It ▁is ▁also ▁known ▁that ▁the ▁ ro bo t ▁is ▁a ▁ ro man tic ▁ ro bo t , ▁but ▁also ▁known ▁as ▁a ▁ ro man tic ▁ ro man tic ▁ ro man tic ▁man u f act ur er , ▁but ▁also ▁known ▁as ▁the ▁same ▁man u f act ur er .
[2026-03-17 12:31:24] Best translation 40 : ▁The ▁demonstration ▁was ▁held ▁at ▁10 : 00 : 00 ▁am ▁( 1 00 : 00 : 00 ▁ m ) ▁at ▁the ▁police ▁station ▁in ▁T ri po li .
[2026-03-17 12:31:25] Best translation 80 : ▁The ▁harm on y ▁was ▁the ▁harm ful ▁cause ▁of ▁the ▁ s y mp to ma tic ▁ s y mp to ma tic ▁ s y n the tic s ; ▁The ▁ s y nd ro me ▁was ▁used ▁to ▁change ▁the ▁p h y s ic ian ' s ▁p h y s ic s .
[2026-03-17 12:31:29] Best translation 160 : ▁People ▁won ▁seats , ▁but ▁they ▁are ▁not ▁ s ati s fi ed ▁with ▁the ▁ s we et s .
[2026-03-17 12:31:33] Best translation 320 : ▁After ▁the ▁outbreak ▁of ▁the ▁ s am ple ▁was ▁found ▁in ▁the ▁la b or ator y .
[2026-03-17 12:31:42] Best translation 640 : ▁About ▁7 0 ▁percent ▁of ▁the ▁world ' s ▁largest ▁ est im ate s ▁are ▁the ▁largest ▁world ▁in ▁the ▁world .
[2026-03-17 12:31:59] Best translation 1280 : ▁The ▁station s ▁are ▁located ▁in ▁the ▁district s ▁of ▁Ba la ka y et y , ▁but ▁most ▁of ▁the ▁days ▁of ▁the ▁day , ▁most ▁of ▁which ▁are ▁7 0 ▁ k m ▁( 3 ▁ k m ) ▁and ▁4 0 ▁ k m ▁( 3 ▁ k m ).
[2026-03-17 12:32:19] Total translation time: 56.10692s
[2026-03-17 12:32:19] Saving model weights and runtime parameters to /workspace/OPUS-MT-train/work/ckb-en/curated-floresdev.spm4k-spm4k.transformer.model1.npz.best-chrf.npz
[2026-03-17 12:32:20] [valid] Ep. 11 : Up. 13000 : chrf : 29.1005 : new best
[2026-03-17 12:32:22] Saving model weights and runtime parameters to /workspace/OPUS-MT-train/work/ckb-en/curated-floresdev.spm4k-spm4k.transformer.model1.npz.best-perplexity.npz
[2026-03-17 12:32:23] [valid] Ep. 11 : Up. 13000 : perplexity : 29.4249 : new best
[2026-03-17 12:34:53] Ep. 11 : Up. 14000 : Sen. 309,800 : Cost 3.22462916 * 9,806,505 @ 10,627 after 137,324,085 : Time 272.62s : 35970.79 words/s : gNorm 1.0317 : L.r. 2.6250e-04
[2026-03-17 12:34:53] Saving model weights and runtime parameters to /workspace/OPUS-MT-train/work/ckb-en/curated-floresdev.spm4k-spm4k.transformer.model1.npz
[2026-03-17 12:34:54] Saving Adam parameters
[2026-03-17 12:34:57] [training] Saving training checkpoint to /workspace/OPUS-MT-train/work/ckb-en/curated-floresdev.spm4k-spm4k.transformer.model1.npz and /workspace/OPUS-MT-train/work/ckb-en/curated-floresdev.spm4k-spm4k.transformer.model1.npz.optimizer.npz
[2026-03-17 12:35:00] Translating validation set...
[2026-03-17 12:35:01] Best translation 0 : ▁These ▁concept s ▁have ▁been ▁seen ▁in ▁the ▁old ▁ k ni fe , ▁which ▁are ▁very ▁ su it able ▁for ▁human s .
[2026-03-17 12:35:01] Best translation 1 : ▁The ▁Mu m ba i ▁attacks ▁occurred ▁on ▁November ▁2 6 , ▁ 200 8 ▁on ▁November ▁2 , ▁ 200 8 , ▁and ▁several ▁target s ▁target ed ▁several ▁station s , ▁including ▁the ▁Mo ng ol ian ▁ ba s ke t ba ll ▁ ba s ke t ba ll ▁ ba s ke t ba ll ▁ ba s ke t ba ll ▁ ba s ke t ba ll .
[2026-03-17 12:35:02] Best translation 2 : ▁The ▁search ▁was ▁caused ▁by ▁heavy ▁air ▁and ▁bad ▁air s pa ce .
[2026-03-17 12:35:02] Best translation 3 : ▁It ▁also ▁was ▁also ▁known ▁that ▁the ▁video ▁was ▁released ▁on ▁the ▁Internet , ▁in ▁which ▁he ▁did ▁not ▁name ▁any ▁media ▁out le t s . ▁He ▁was ▁not ▁allowed ▁to ▁ s ur ve ill ance ▁on ▁the ▁media .
[2026-03-17 12:35:02] Best translation 4 : ▁The ▁army ▁was ▁we ak ▁and ▁we ak en ed ▁the ▁army ' s ▁we ak ▁water .
[2026-03-17 12:35:02] Best translation 5 : ▁Second , ▁he ▁scored ▁his ▁first ▁goal ▁and ▁scored ▁the ▁first ▁goal ▁in ▁the ▁19 9 0 s ▁and ▁scored ▁more ▁goals ▁in ▁the ▁19 9 0 s ▁and ▁19 9 0 s .
[2026-03-17 12:35:02] Best translation 10 : ▁The ▁blood ▁ ve s s el s ▁come ▁from ▁the ▁blood ▁of ▁the ▁blood ▁and ▁the ▁blood ▁ ve s s el s .
[2026-03-17 12:35:02] Best translation 20 : ▁It ▁is ▁also ▁true ▁that ▁all ▁the ▁ ve ge t able s ▁must ▁be ▁made ▁in ▁a ▁way , ▁but ▁it ▁is ▁also ▁known ▁that ▁the ▁man u f act ur er ▁is ▁a ▁small ▁man u f act ur er , ▁but ▁the ▁same ▁man u f act ur er ▁is ▁the ▁same ▁as ▁the ▁same ▁man u f act ur er .
[2026-03-17 12:35:02] Best translation 40 : ▁The ▁demonstration ▁was ▁held ▁at ▁10 : 00 ▁am ▁on ▁11 : 00 ▁am ▁( 1 00 ▁ k m ) ▁at ▁the ▁police ▁station ▁in ▁T ri po li , ▁where ▁he ▁began ▁to ▁ s ur re n der ▁to ▁the ▁residence ▁of ▁the ▁prime ▁minister .
[2026-03-17 12:35:03] Best translation 80 : ▁The ▁harm on y ▁of ▁the ▁ s y mp to ma tic ▁ s y n the s is ▁was ▁the ▁result ▁of ▁the ▁use ▁of ▁the ▁ s y n the tic s ▁and ▁ s y n the s is ▁to ▁change ▁the ▁ s y nd ro me ▁of ▁the ▁ s y n the s is .
[2026-03-17 12:35:06] Best translation 160 : ▁People ' s ▁seats ▁are ▁ s up po s ed ▁to ▁be ▁ s up press ed .
[2026-03-17 12:35:10] Best translation 320 : ▁After ▁the ▁ s am ple ▁was ▁found ▁to ▁be ▁found ▁in ▁the ▁ s wi m m ing ▁ s al t .
[2026-03-17 12:35:17] Best translation 640 : ▁It ▁is ▁about ▁7 0 ▁percent ▁of ▁the ▁world ' s ▁largest ▁ est im ate s ▁that ▁the ▁largest ▁is ▁the ▁largest ▁world ▁in ▁the ▁world !
[2026-03-17 12:35:32] Best translation 1280 : ▁The ▁Revolutionar y ▁Gu ard s ▁are ▁located ▁in ▁the ▁district s ▁of ▁Ba la ka y et y , ▁although ▁most ▁of ▁the ▁days ▁of ▁the ▁day , ▁most ▁of ▁which ▁are ▁between ▁7 0 ▁and ▁7 0 ▁ k m ▁per ▁hour .
[2026-03-17 12:35:50] Total translation time: 49.30379s
[2026-03-17 12:35:50] Saving model weights and runtime parameters to /workspace/OPUS-MT-train/work/ckb-en/curated-floresdev.spm4k-spm4k.transformer.model1.npz.best-bleu.npz
[2026-03-17 12:35:51] [valid] Ep. 11 : Up. 14000 : bleu : 6.07182 : new best
[2026-03-17 12:35:51] Translating validation set...
[2026-03-17 12:35:52] Best translation 0 : ▁These ▁concept s ▁have ▁been ▁seen ▁in ▁the ▁old ▁ k ni fe , ▁which ▁are ▁very ▁ su it able ▁for ▁human s .
[2026-03-17 12:35:52] Best translation 1 : ▁The ▁Mu m ba i ▁attacks ▁occurred ▁on ▁November ▁2 6 , ▁ 200 8 ▁on ▁November ▁2 , ▁ 200 8 , ▁and ▁several ▁target s ▁target ed ▁several ▁station s , ▁including ▁the ▁Mo ng ol ian ▁ ba s ke t ba ll ▁ ba s ke t ba ll ▁ ba s ke t ba ll ▁ ba s ke t ba ll ▁ ba s ke t ba ll .
[2026-03-17 12:35:53] Best translation 2 : ▁The ▁search ▁was ▁caused ▁by ▁heavy ▁air ▁and ▁bad ▁air s pa ce .
[2026-03-17 12:35:53] Best translation 3 : ▁It ▁also ▁was ▁also ▁known ▁that ▁the ▁video ▁was ▁released ▁on ▁the ▁Internet , ▁in ▁which ▁he ▁did ▁not ▁name ▁any ▁media ▁out le t s . ▁He ▁was ▁not ▁allowed ▁to ▁ s ur ve ill ance ▁on ▁the ▁media .
[2026-03-17 12:35:53] Best translation 4 : ▁The ▁army ▁was ▁we ak ▁and ▁we ak en ed ▁the ▁army ' s ▁we ak ▁water .
[2026-03-17 12:35:53] Best translation 5 : ▁Second , ▁he ▁scored ▁his ▁first ▁goal ▁and ▁scored ▁the ▁first ▁goal ▁in ▁the ▁19 9 0 s ▁and ▁scored ▁more ▁goals ▁in ▁the ▁19 9 0 s ▁and ▁19 9 0 s .
[2026-03-17 12:35:53] Best translation 10 : ▁The ▁blood ▁ ve s s el s ▁come ▁from ▁the ▁blood ▁of ▁the ▁blood ▁and ▁the ▁blood ▁ ve s s el s .
[2026-03-17 12:35:53] Best translation 20 : ▁It ▁is ▁also ▁true ▁that ▁all ▁the ▁ ve ge t able s ▁must ▁be ▁made ▁in ▁a ▁way , ▁but ▁it ▁is ▁also ▁known ▁that ▁the ▁man u f act ur er ▁is ▁a ▁small ▁man u f act ur er , ▁but ▁the ▁same ▁man u f act ur er ▁is ▁the ▁same ▁as ▁the ▁same ▁man u f act ur er .
[2026-03-17 12:35:53] Best translation 40 : ▁The ▁demonstration ▁was ▁held ▁at ▁10 : 00 ▁am ▁on ▁11 : 00 ▁am ▁( 1 00 ▁ k m ) ▁at ▁the ▁police ▁station ▁in ▁T ri po li , ▁where ▁he ▁began ▁to ▁ s ur re n der ▁to ▁the ▁residence ▁of ▁the ▁prime ▁minister .
[2026-03-17 12:35:54] Best translation 80 : ▁The ▁harm on y ▁of ▁the ▁ s y mp to ma tic ▁ s y n the s is ▁was ▁the ▁result ▁of ▁the ▁use ▁of ▁the ▁ s y n the tic s ▁and ▁ s y n the s is ▁to ▁change ▁the ▁ s y nd ro me ▁of ▁the ▁ s y n the s is .
[2026-03-17 12:35:56] Best translation 160 : ▁People ' s ▁seats ▁are ▁ s up po s ed ▁to ▁be ▁ s up press ed .
[2026-03-17 12:36:01] Best translation 320 : ▁After ▁the ▁ s am ple ▁was ▁found ▁to ▁be ▁found ▁in ▁the ▁ s wi m m ing ▁ s al t .
[2026-03-17 12:36:08] Best translation 640 : ▁It ▁is ▁about ▁7 0 ▁percent ▁of ▁the ▁world ' s ▁largest ▁ est im ate s ▁that ▁the ▁largest ▁is ▁the ▁largest ▁world ▁in ▁the ▁world !
[2026-03-17 12:36:24] Best translation 1280 : ▁The ▁Revolutionar y ▁Gu ard s ▁are ▁located ▁in ▁the ▁district s ▁of ▁Ba la ka y et y , ▁although ▁most ▁of ▁the ▁days ▁of ▁the ▁day , ▁most ▁of ▁which ▁are ▁between ▁7 0 ▁and ▁7 0 ▁ k m ▁per ▁hour .
[2026-03-17 12:36:42] Total translation time: 50.69956s
[2026-03-17 12:36:42] Saving model weights and runtime parameters to /workspace/OPUS-MT-train/work/ckb-en/curated-floresdev.spm4k-spm4k.transformer.model1.npz.best-chrf.npz
[2026-03-17 12:36:43] [valid] Ep. 11 : Up. 14000 : chrf : 32.3302 : new best
[2026-03-17 12:36:45] Saving model weights and runtime parameters to /workspace/OPUS-MT-train/work/ckb-en/curated-floresdev.spm4k-spm4k.transformer.model1.npz.best-perplexity.npz
[2026-03-17 12:36:46] [valid] Ep. 11 : Up. 14000 : perplexity : 25.0797 : new best
[2026-03-17 12:36:46] Seen 310,206 samples
[2026-03-17 12:36:46] Starting data epoch 12 in logical epoch 12
[2026-03-17 12:39:16] Ep. 12 : Up. 15000 : Sen. 242,085 : Cost 3.05891871 * 9,816,018 @ 9,289 after 147,140,103 : Time 263.42s : 37264.38 words/s : gNorm 1.0074 : L.r. 2.8125e-04
[2026-03-17 12:39:16] Saving model weights and runtime parameters to /workspace/OPUS-MT-train/work/ckb-en/curated-floresdev.spm4k-spm4k.transformer.model1.npz
[2026-03-17 12:39:18] Saving Adam parameters
[2026-03-17 12:39:21] [training] Saving training checkpoint to /workspace/OPUS-MT-train/work/ckb-en/curated-floresdev.spm4k-spm4k.transformer.model1.npz and /workspace/OPUS-MT-train/work/ckb-en/curated-floresdev.spm4k-spm4k.transformer.model1.npz.optimizer.npz
[2026-03-17 12:39:24] Translating validation set...
[2026-03-17 12:39:25] Best translation 0 : ▁These ▁concept s ▁have ▁been ▁seen ▁in ▁the ▁old ▁c ir cu m st ance s , ▁which ▁are ▁very ▁ su it able ▁for ▁human s .
[2026-03-17 12:39:25] Best translation 1 : ▁Mu m ba i ' s ▁attacks ▁came ▁on ▁November ▁2 6 , ▁ 200 8 , ▁and ▁several ▁target s ▁were ▁target ed ▁by ▁the ▁Mo ng ol ▁E mp i re ▁and ▁were ▁target ed ▁with ▁several ▁target s ▁and ▁target s , ▁including ▁the ▁Mo ng ol ian ▁ ba s ke t ba ll ▁ ba s ke t ba ll ▁ ba s in .
[2026-03-17 12:39:26] Best translation 2 : ▁The ▁search ▁was ▁caused ▁by ▁heavy ▁air ▁and ▁bad ▁air s pa ce .
[2026-03-17 12:39:26] Best translation 3 : ▁The ▁C E O ▁also ▁announced ▁the ▁video ▁on ▁the ▁video ▁on ▁the ▁Internet , ▁in ▁addition ▁to ▁the ▁a d ver ti s ing ▁rule r ▁of ▁the ▁F in an ci al ▁Su per vi sion ▁Law , ▁not ed ▁that ▁any ▁media ▁out le t s ▁were ▁ s up po s ed ▁to ▁be ▁ s up po s ed ▁to ▁be ▁ s ack ed .
[2026-03-17 12:39:26] Best translation 4 : ▁The ▁army ▁had ▁we ak en ed ▁the ▁army ▁and ▁the ▁army ▁had ▁we ak en ed , ▁although ▁it ▁had ▁been ▁built ▁for ▁new ▁war fa re .
[2026-03-17 12:39:26] Best translation 5 : ▁The ▁second ▁goal ▁was ▁to ▁score ▁the ▁first ▁goal ▁of ▁the ▁season , ▁which ▁was ▁the ▁first ▁player ▁to ▁score ▁more ▁than ▁6 0 ▁goals ▁in ▁19 9 5 ▁and ▁2 9 9 ▁years .
[2026-03-17 12:39:26] Best translation 10 : ▁B lo o d ▁blood ▁ ve s s el s ▁around ▁the ▁blood ▁ ve s s el s ▁and ▁ ve s s el s ▁are ▁considered ▁small er ▁than ▁the ▁small er ▁blood ▁ ve s s el s .
[2026-03-17 12:39:26] Best translation 20 : ▁It ▁can ▁be ▁a ▁real ity , ▁in ▁another ▁way , ▁but ▁the ▁teacher ▁is ▁a ▁young ▁man , ▁but ▁the ▁young ▁man ▁is ▁also ▁the ▁young ▁man , ▁and ▁the ▁man u f act ur er ▁is ▁the ▁same ▁as ▁the ▁same ▁man u f act ur er .
[2026-03-17 12:39:26] Best translation 40 : ▁The ▁demonstration ▁began ▁at ▁11 : 00 ▁am ▁( 1 00 ▁ k m ) ▁in ▁front ▁of ▁the ▁police ▁officer ' s ▁guard ian ' s ▁guard ian ' s ▁guard ian ' s ▁guard ian ' s ▁office , ▁where ▁the ▁official ▁residence ▁of ▁the ▁prime ▁minister ▁was ▁ s up po s ed ▁to ▁be ▁ s up po s ed ▁to ▁the ▁prime ▁minister .
[2026-03-17 12:39:27] Best translation 80 : ▁The ▁cause ▁of ▁the ▁ s y n the s is ▁was ▁ s up po s ed ▁to ▁use ▁the ▁ s la u gh ter ho use ▁to ▁change ▁the ▁ s la u gh ter ho use s ▁of ▁peace ▁and ▁heart ▁disease .
[2026-03-17 12:39:29] Best translation 160 : ▁The ▁people ▁of ▁the ▁sea s ▁are ▁ s up po s ed , ▁but ▁the ▁ s we et s ▁are ▁not ▁ s up po s ed ▁to ▁be ▁ s we pt .
[2026-03-17 12:39:33] Best translation 320 : ▁After ▁the ▁ lay ing ▁of ▁the ▁sea ▁was ▁found ▁in ▁the ▁sea .
[2026-03-17 12:39:39] Best translation 640 : ▁Ya ban ▁is ▁about ▁7 0 ▁ k m ▁( 1 00 ▁ k m ) ▁or ▁the ▁largest ▁city ▁in ▁the ▁world !
[2026-03-17 12:39:53] Best translation 1280 : ▁The ▁Revolutionar y ▁Gu ard s ▁are ▁located ▁in ▁the ▁district s ▁of ▁Ba la ka y et y , ▁although ▁most ▁of ▁them ▁are ▁ s m ug g l ed ▁to ▁the ▁eastern ▁ east ▁and ▁the ▁ east .
[2026-03-17 12:40:09] Total translation time: 44.56533s
[2026-03-17 12:40:09] Saving model weights and runtime parameters to /workspace/OPUS-MT-train/work/ckb-en/curated-floresdev.spm4k-spm4k.transformer.model1.npz.best-bleu.npz
[2026-03-17 12:40:10] [valid] Ep. 12 : Up. 15000 : bleu : 7.93805 : new best
[2026-03-17 12:40:10] Translating validation set...
[2026-03-17 12:40:11] Best translation 0 : ▁These ▁concept s ▁have ▁been ▁seen ▁in ▁the ▁old ▁c ir cu m st ance s , ▁which ▁are ▁very ▁ su it able ▁for ▁human s .
[2026-03-17 12:40:11] Best translation 1 : ▁Mu m ba i ' s ▁attacks ▁came ▁on ▁November ▁2 6 , ▁ 200 8 , ▁and ▁several ▁target s ▁were ▁target ed ▁by ▁the ▁Mo ng ol ▁E mp i re ▁and ▁were ▁target ed ▁with ▁several ▁target s ▁and ▁target s , ▁including ▁the ▁Mo ng ol ian ▁ ba s ke t ba ll ▁ ba s ke t ba ll ▁ ba s in .
[2026-03-17 12:40:11] Best translation 2 : ▁The ▁search ▁was ▁caused ▁by ▁heavy ▁air ▁and ▁bad ▁air s pa ce .
[2026-03-17 12:40:11] Best translation 3 : ▁The ▁C E O ▁also ▁announced ▁the ▁video ▁on ▁the ▁video ▁on ▁the ▁Internet , ▁in ▁addition ▁to ▁the ▁a d ver ti s ing ▁rule r ▁of ▁the ▁F in an ci al ▁Su per vi sion ▁Law , ▁not ed ▁that ▁any ▁media ▁out le t s ▁were ▁ s up po s ed ▁to ▁be ▁ s up po s ed ▁to ▁be ▁ s ack ed .
[2026-03-17 12:40:11] Best translation 4 : ▁The ▁army ▁had ▁we ak en ed ▁the ▁army ▁and ▁the ▁army ▁had ▁we ak en ed , ▁although ▁it ▁had ▁been ▁built ▁for ▁new ▁war fa re .
[2026-03-17 12:40:11] Best translation 5 : ▁The ▁second ▁goal ▁was ▁to ▁score ▁the ▁first ▁goal ▁of ▁the ▁season , ▁which ▁was ▁the ▁first ▁player ▁to ▁score ▁more ▁than ▁6 0 ▁goals ▁in ▁19 9 5 ▁and ▁2 9 9 ▁years .
[2026-03-17 12:40:12] Best translation 10 : ▁B lo o d ▁blood ▁ ve s s el s ▁around ▁the ▁blood ▁ ve s s el s ▁and ▁ ve s s el s ▁are ▁considered ▁small er ▁than ▁the ▁small er ▁blood ▁ ve s s el s .
[2026-03-17 12:40:12] Best translation 20 : ▁It ▁can ▁be ▁a ▁real ity , ▁in ▁another ▁way , ▁but ▁the ▁teacher ▁is ▁a ▁young ▁man , ▁but ▁the ▁young ▁man ▁is ▁also ▁the ▁young ▁man , ▁and ▁the ▁man u f act ur er ▁is ▁the ▁same ▁as ▁the ▁same ▁man u f act ur er .
[2026-03-17 12:40:12] Best translation 40 : ▁The ▁demonstration ▁began ▁at ▁11 : 00 ▁am ▁( 1 00 ▁ k m ) ▁in ▁front ▁of ▁the ▁police ▁officer ' s ▁guard ian ' s ▁guard ian ' s ▁guard ian ' s ▁guard ian ' s ▁office , ▁where ▁the ▁official ▁residence ▁of ▁the ▁prime ▁minister ▁was ▁ s up po s ed ▁to ▁be ▁ s up po s ed ▁to ▁the ▁prime ▁minister .
[2026-03-17 12:40:13] Best translation 80 : ▁The ▁cause ▁of ▁the ▁ s y n the s is ▁was ▁ s up po s ed ▁to ▁use ▁the ▁ s la u gh ter ho use ▁to ▁change ▁the ▁ s la u gh ter ho use s ▁of ▁peace ▁and ▁heart ▁disease .
[2026-03-17 12:40:15] Best translation 160 : ▁The ▁people ▁of ▁the ▁sea s ▁are ▁ s up po s ed , ▁but ▁the ▁ s we et s ▁are ▁not ▁ s up po s ed ▁to ▁be ▁ s we pt .
[2026-03-17 12:40:19] Best translation 320 : ▁After ▁the ▁ lay ing ▁of ▁the ▁sea ▁was ▁found ▁in ▁the ▁sea .
[2026-03-17 12:40:25] Best translation 640 : ▁Ya ban ▁is ▁about ▁7 0 ▁ k m ▁( 1 00 ▁ k m ) ▁or ▁the ▁largest ▁city ▁in ▁the ▁world !
[2026-03-17 12:40:40] Best translation 1280 : ▁The ▁Revolutionar y ▁Gu ard s ▁are ▁located ▁in ▁the ▁district s ▁of ▁Ba la ka y et y , ▁although ▁most ▁of ▁them ▁are ▁ s m ug g l ed ▁to ▁the ▁eastern ▁ east ▁and ▁the ▁ east .
[2026-03-17 12:40:56] Total translation time: 45.69360s
[2026-03-17 12:40:56] Saving model weights and runtime parameters to /workspace/OPUS-MT-train/work/ckb-en/curated-floresdev.spm4k-spm4k.transformer.model1.npz.best-chrf.npz
[2026-03-17 12:40:57] [valid] Ep. 12 : Up. 15000 : chrf : 35.1201 : new best
[2026-03-17 12:40:59] Saving model weights and runtime parameters to /workspace/OPUS-MT-train/work/ckb-en/curated-floresdev.spm4k-spm4k.transformer.model1.npz.best-perplexity.npz
[2026-03-17 12:41:00] [valid] Ep. 12 : Up. 15000 : perplexity : 21.592 : new best
[2026-03-17 12:41:41] Seen 310,206 samples
[2026-03-17 12:41:41] Starting data epoch 13 in logical epoch 13
[2026-03-17 12:43:30] Ep. 13 : Up. 16000 : Sen. 176,707 : Cost 2.90112257 * 9,815,157 @ 9,054 after 156,955,260 : Time 254.04s : 38636.37 words/s : gNorm 0.9700 : L.r. 3.0000e-04
[2026-03-17 12:43:30] Saving model weights and runtime parameters to /workspace/OPUS-MT-train/work/ckb-en/curated-floresdev.spm4k-spm4k.transformer.model1.npz
[2026-03-17 12:43:32] Saving Adam parameters
[2026-03-17 12:43:35] [training] Saving training checkpoint to /workspace/OPUS-MT-train/work/ckb-en/curated-floresdev.spm4k-spm4k.transformer.model1.npz and /workspace/OPUS-MT-train/work/ckb-en/curated-floresdev.spm4k-spm4k.transformer.model1.npz.optimizer.npz
[2026-03-17 12:43:38] Translating validation set...
[2026-03-17 12:43:39] Best translation 0 : ▁This ▁concept ▁has ▁come ▁from ▁the ▁old ▁ fa ul t , ▁which ▁is ▁very ▁ su it able ▁for ▁human s .
[2026-03-17 12:43:39] Best translation 1 : ▁Mu m ba i ' s ▁attacks ▁came ▁on ▁November ▁2 6 , ▁ 200 8 , ▁and ▁several ▁target s ▁were ▁target ed ▁by ▁the ▁ s la u gh ter ho use ▁and ▁several ▁target s , ▁including ▁the ▁ s la u gh ter ho use ▁of ▁the ▁ s la u gh ter ho use .
[2026-03-17 12:43:39] Best translation 2 : ▁The ▁search ▁was ▁caused ▁by ▁the ▁same ▁news ▁and ▁bad ▁news .
[2026-03-17 12:43:39] Best translation 3 : ▁The ▁C E O ▁also ▁found ed ▁the ▁video ▁on ▁the ▁Internet , ▁and ▁B ru s s el s ▁did ▁not ▁allow ▁any ▁media ▁out le t s ▁to ▁be ▁ s up po s ed ▁to ▁be ▁ s up press ed .
[2026-03-17 12:43:39] Best translation 4 : ▁The ▁army ▁had ▁we ak er ▁we ak en ed ▁the ▁army ▁and ▁the ▁army ▁was ▁we ak , ▁although ▁it ▁was ▁built ▁for ▁the ▁new ▁p ot ent ial ▁of ▁the ▁war .
[2026-03-17 12:43:39] Best translation 5 : ▁The ▁second ▁goal ▁was ▁the ▁goal ▁of ▁the ▁season , ▁which ▁was ▁the ▁first ▁player ▁to ▁score ▁more ▁goals ▁or ▁more ▁goals ▁in ▁19 9 9 ▁and ▁19 9 9 9 , ▁which ▁reached ▁the ▁stage ▁of ▁this ▁stage .
[2026-03-17 12:43:40] Best translation 10 : ▁B lo o d ▁blood ▁ ve s s el s ▁around ▁the ▁blood ▁ ve s s el s ▁are ▁called ▁small er ▁blood ▁ ve s s el s .
[2026-03-17 12:43:40] Best translation 20 : ▁It ▁can ▁be ▁a ▁real ity , ▁but ▁in ▁another ▁way , ▁the ▁teacher ▁is ▁a ▁teacher , ▁but ▁the ▁young ▁man ▁is ▁the ▁young ▁man , ▁but ▁the ▁small est ▁man ▁is ▁the ▁same ▁as ▁the ▁same ▁man u f act ur er .
[2026-03-17 12:43:40] Best translation 40 : ▁The ▁demonstration ▁began ▁at ▁11 : 00 ▁am ▁( 1 00 ▁ k m ) ▁in ▁front ▁of ▁the ▁police ▁officer ' s ▁guard s , ▁where ▁the ▁official ▁residence ▁of ▁the ▁prime ▁minister , ▁which ▁is ▁the ▁official ▁residence ▁of ▁the ▁prime ▁minister .
[2026-03-17 12:43:40] Best translation 80 : ▁The ▁sign ▁of ▁p h y s ic s ▁was ▁the ▁result ▁of ▁the ▁use ▁of ▁p h y s ic s ▁to ▁change ▁peace ▁and ▁heart b re ak ing . ▁It ▁was ▁ s up po s ed ▁to ▁be ▁read ▁as ▁the ▁small est ▁ s y n the s is .
[2026-03-17 12:43:43] Best translation 160 : ▁People ▁won ▁seats , ▁but ▁the ▁f lo o d s ▁are ▁f lo o d ed .
[2026-03-17 12:43:47] Best translation 320 : ▁After ▁the ▁ lay ing ▁of ▁the ▁sea ▁was ▁found ▁on ▁the ▁surface ▁of ▁the ▁la ke .
[2026-03-17 12:43:52] Best translation 640 : ▁Ya ban ▁is ▁about ▁7 00 ▁ k m ▁( 0 0,000 ▁ k m ) ▁or ▁the ▁largest ▁is land ▁in ▁the ▁world !
[2026-03-17 12:44:05] Best translation 1280 : ▁The ▁Revolutionar y ▁Gu ard s ▁are ▁located ▁in ▁the ▁district s ▁of ▁Ba la ka y et y , ▁although ▁most ▁of ▁them ▁are ▁ east ▁of ▁the ▁ east , ▁especially ▁those ▁who ▁travel ▁between ▁6 30 ▁and ▁7 0 ▁ k m ▁( 30 ▁ k m ) ▁and ▁7 0 ▁ k m ▁( 30 ▁ k m ).
[2026-03-17 12:44:20] Total translation time: 41.82039s
[2026-03-17 12:44:20] Saving model weights and runtime parameters to /workspace/OPUS-MT-train/work/ckb-en/curated-floresdev.spm4k-spm4k.transformer.model1.npz.best-bleu.npz
[2026-03-17 12:44:21] [valid] Ep. 13 : Up. 16000 : bleu : 9.77363 : new best
[2026-03-17 12:44:21] Translating validation set...
[2026-03-17 12:44:22] Best translation 0 : ▁This ▁concept ▁has ▁come ▁from ▁the ▁old ▁ fa ul t , ▁which ▁is ▁very ▁ su it able ▁for ▁human s .
[2026-03-17 12:44:22] Best translation 1 : ▁Mu m ba i ' s ▁attacks ▁came ▁on ▁November ▁2 6 , ▁ 200 8 , ▁and ▁several ▁target s ▁were ▁target ed ▁by ▁the ▁ s la u gh ter ho use ▁and ▁several ▁target s , ▁including ▁the ▁ s la u gh ter ho use ▁of ▁the ▁ s la u gh ter ho use .
[2026-03-17 12:44:22] Best translation 2 : ▁The ▁search ▁was ▁caused ▁by ▁the ▁same ▁news ▁and ▁bad ▁news .
[2026-03-17 12:44:22] Best translation 3 : ▁The ▁C E O ▁also ▁found ed ▁the ▁video ▁on ▁the ▁Internet , ▁and ▁B ru s s el s ▁did ▁not ▁allow ▁any ▁media ▁out le t s ▁to ▁be ▁ s up po s ed ▁to ▁be ▁ s up press ed .
[2026-03-17 12:44:22] Best translation 4 : ▁The ▁army ▁had ▁we ak er ▁we ak en ed ▁the ▁army ▁and ▁the ▁army ▁was ▁we ak , ▁although ▁it ▁was ▁built ▁for ▁the ▁new ▁p ot ent ial ▁of ▁the ▁war .
[2026-03-17 12:44:22] Best translation 5 : ▁The ▁second ▁goal ▁was ▁the ▁goal ▁of ▁the ▁season , ▁which ▁was ▁the ▁first ▁player ▁to ▁score ▁more ▁goals ▁or ▁more ▁goals ▁in ▁19 9 9 ▁and ▁19 9 9 9 , ▁which ▁reached ▁the ▁stage ▁of ▁this ▁stage .
[2026-03-17 12:44:23] Best translation 10 : ▁B lo o d ▁blood ▁ ve s s el s ▁around ▁the ▁blood ▁ ve s s el s ▁are ▁called ▁small er ▁blood ▁ ve s s el s .
[2026-03-17 12:44:23] Best translation 20 : ▁It ▁can ▁be ▁a ▁real ity , ▁but ▁in ▁another ▁way , ▁the ▁teacher ▁is ▁a ▁teacher , ▁but ▁the ▁young ▁man ▁is ▁the ▁young ▁man , ▁but ▁the ▁small est ▁man ▁is ▁the ▁same ▁as ▁the ▁same ▁man u f act ur er .
[2026-03-17 12:44:23] Best translation 40 : ▁The ▁demonstration ▁began ▁at ▁11 : 00 ▁am ▁( 1 00 ▁ k m ) ▁in ▁front ▁of ▁the ▁police ▁officer ' s ▁guard s , ▁where ▁the ▁official ▁residence ▁of ▁the ▁prime ▁minister , ▁which ▁is ▁the ▁official ▁residence ▁of ▁the ▁prime ▁minister .
[2026-03-17 12:44:23] Best translation 80 : ▁The ▁sign ▁of ▁p h y s ic s ▁was ▁the ▁result ▁of ▁the ▁use ▁of ▁p h y s ic s ▁to ▁change ▁peace ▁and ▁heart b re ak ing . ▁It ▁was ▁ s up po s ed ▁to ▁be ▁read ▁as ▁the ▁small est ▁ s y n the s is .
[2026-03-17 12:44:26] Best translation 160 : ▁People ▁won ▁seats , ▁but ▁the ▁f lo o d s ▁are ▁f lo o d ed .
[2026-03-17 12:44:30] Best translation 320 : ▁After ▁the ▁ lay ing ▁of ▁the ▁sea ▁was ▁found ▁on ▁the ▁surface ▁of ▁the ▁la ke .
[2026-03-17 12:44:35] Best translation 640 : ▁Ya ban ▁is ▁about ▁7 00 ▁ k m ▁( 0 0,000 ▁ k m ) ▁or ▁the ▁largest ▁is land ▁in ▁the ▁world !
[2026-03-17 12:44:49] Best translation 1280 : ▁The ▁Revolutionar y ▁Gu ard s ▁are ▁located ▁in ▁the ▁district s ▁of ▁Ba la ka y et y , ▁although ▁most ▁of ▁them ▁are ▁ east ▁of ▁the ▁ east , ▁especially ▁those ▁who ▁travel ▁between ▁6 30 ▁and ▁7 0 ▁ k m ▁( 30 ▁ k m ) ▁and ▁7 0 ▁ k m ▁( 30 ▁ k m ).
[2026-03-17 12:45:04] Total translation time: 43.16221s
[2026-03-17 12:45:04] Saving model weights and runtime parameters to /workspace/OPUS-MT-train/work/ckb-en/curated-floresdev.spm4k-spm4k.transformer.model1.npz.best-chrf.npz
[2026-03-17 12:45:05] [valid] Ep. 13 : Up. 16000 : chrf : 37.9425 : new best
[2026-03-17 12:45:07] Saving model weights and runtime parameters to /workspace/OPUS-MT-train/work/ckb-en/curated-floresdev.spm4k-spm4k.transformer.model1.npz.best-perplexity.npz
[2026-03-17 12:45:08] [valid] Ep. 13 : Up. 16000 : perplexity : 18.5337 : new best
[2026-03-17 12:46:31] Seen 310,206 samples
[2026-03-17 12:46:31] Starting data epoch 14 in logical epoch 14
[2026-03-17 12:47:39] Ep. 14 : Up. 17000 : Sen. 108,197 : Cost 2.76214099 * 9,794,934 @ 12,008 after 166,750,194 : Time 248.74s : 39377.98 words/s : gNorm 0.8860 : L.r. 2.9104e-04
[2026-03-17 12:47:39] Saving model weights and runtime parameters to /workspace/OPUS-MT-train/work/ckb-en/curated-floresdev.spm4k-spm4k.transformer.model1.npz
[2026-03-17 12:47:41] Saving Adam parameters
[2026-03-17 12:47:43] [training] Saving training checkpoint to /workspace/OPUS-MT-train/work/ckb-en/curated-floresdev.spm4k-spm4k.transformer.model1.npz and /workspace/OPUS-MT-train/work/ckb-en/curated-floresdev.spm4k-spm4k.transformer.model1.npz.optimizer.npz
[2026-03-17 12:47:47] Translating validation set...
[2026-03-17 12:47:48] Best translation 0 : ▁This ▁concept ▁has ▁come ▁from ▁old ▁ fa mi li ar ity , ▁which ▁is ▁very ▁ su it able ▁for ▁human s .
[2026-03-17 12:47:48] Best translation 1 : ▁Mu m ba i ' s ▁attacks ▁came ▁on ▁November ▁2 6 , ▁ 200 8 ▁through ▁the ▁Me di ter ra ne an ▁Sea , ▁and ▁several ▁target s ▁were ▁target ed ▁by ▁the ▁ port ra it ▁of ▁Ta ji ki stan .
[2026-03-17 12:47:48] Best translation 2 : ▁The ▁search ▁broke ▁out ▁due ▁to ▁the ▁same ▁weather ▁and ▁bad ▁news ▁that ▁led ▁to ▁the ▁re bu il d ing ▁of ▁the ▁land .
[2026-03-17 12:47:48] Best translation 3 : ▁The ▁C A M ▁was ▁also ▁found ed ▁on ▁the ▁video ▁on ▁the ▁Internet , ▁Bi g ber g ▁did ▁not ▁allow ▁any ▁media ▁out le t s ▁to ▁be ▁ s up po s ed ▁to ▁be ▁ s ack ed .
[2026-03-17 12:47:48] Best translation 4 : ▁The ▁army ▁had ▁we ak en ed ▁the ▁army ▁and ▁the ▁army ▁was ▁we ak , ▁although ▁it ▁was ▁built ▁for ▁the ▁new ▁p ot ent ial ▁of ▁the ▁war .
[2026-03-17 12:47:48] Best translation 5 : ▁The ▁second ▁goal ▁was ▁the ▁goal ▁of ▁the ▁season , ▁which ▁was ▁the ▁first ▁player ▁to ▁score ▁6 60 ▁goals ▁in ▁a ▁season ▁in ▁19 9 9 – 9 9 , ▁which ▁reached ▁the ▁stage ▁and ▁the ▁ mar g in al ization ▁of ▁Li on el ▁Messi ▁and ▁Mar ia ▁Li on el ▁Messi .
[2026-03-17 12:47:48] Best translation 10 : ▁B lo o d ▁blood ▁ ve s s el s ▁around ▁the ▁blood ▁ ve s s el s ▁are ▁called ▁small er ▁blood ▁ ve s s el s .
[2026-03-17 12:47:48] Best translation 20 : ▁It ▁can ▁be ▁a ▁real ity , ▁in ▁other ▁way s , ▁teachers , ▁but ▁the ▁young ▁man ' s ▁young ▁man ▁is ▁also ▁the ▁same ▁as ▁the ▁ma g ni tu de ▁of ▁the ▁ma g ni tu de ▁of ▁the ▁same ▁thing .
[2026-03-17 12:47:48] Best translation 40 : ▁The ▁demonstration ▁began ▁at ▁11 : 00 ▁am ▁( 1 00 ▁ k W ) ▁at ▁10 : 00 ▁am ▁on ▁the ▁side line s ▁of ▁the ▁police ▁station , ▁where ▁the ▁official ▁place ▁of ▁the ▁prime ▁minister ' s ▁residence ▁began .
[2026-03-17 12:47:49] Best translation 80 : ▁The ▁sign ▁of ▁p h y s ic s ▁was ▁not ▁harm ful ; ▁all ▁the ▁method s ▁of ▁using ▁the ▁ ra di ation ▁of ▁peace ▁and ▁heart b re ak ing ▁were ▁rejected ▁to ▁change ▁O O S .
[2026-03-17 12:47:52] Best translation 160 : ▁People ▁have ▁sea l ed ▁seats , ▁but ▁the ▁win d ow s ▁are ▁broke n .
[2026-03-17 12:47:55] Best translation 320 : ▁After ward s , ▁the ▁la ke ▁was ▁found ▁to ▁be ▁used ▁using ▁ ep ide m ic s .
[2026-03-17 12:48:00] Best translation 640 : ▁Ya ban ▁is ▁about ▁7 0 ▁ k m ▁( 0 , 000 ▁ k m ) ▁or ▁the ▁largest ▁is land ▁in ▁the ▁world !
[2026-03-17 12:48:12] Best translation 1280 : ▁The ▁bus es ▁are ▁located ▁in ▁the ▁district s ▁of ▁Ba la ka y et y , ▁although ▁most ▁of ▁them ▁are ▁ s m ug g l ed ▁to ▁the ▁eastern ▁ east , ▁especially ▁those ▁located ▁between ▁6 30 ▁and ▁7 0 ▁ k m .
[2026-03-17 12:48:25] Total translation time: 38.23248s
[2026-03-17 12:48:25] Saving model weights and runtime parameters to /workspace/OPUS-MT-train/work/ckb-en/curated-floresdev.spm4k-spm4k.transformer.model1.npz.best-bleu.npz
[2026-03-17 12:48:26] [valid] Ep. 14 : Up. 17000 : bleu : 11.8644 : new best
[2026-03-17 12:48:26] Translating validation set...
[2026-03-17 12:48:27] Best translation 0 : ▁This ▁concept ▁has ▁come ▁from ▁old ▁ fa mi li ar ity , ▁which ▁is ▁very ▁ su it able ▁for ▁human s .
[2026-03-17 12:48:27] Best translation 1 : ▁Mu m ba i ' s ▁attacks ▁came ▁on ▁November ▁2 6 , ▁ 200 8 ▁through ▁the ▁Me di ter ra ne an ▁Sea , ▁and ▁several ▁target s ▁were ▁target ed ▁by ▁the ▁ port ra it ▁of ▁Ta ji ki stan .
[2026-03-17 12:48:27] Best translation 2 : ▁The ▁search ▁broke ▁out ▁due ▁to ▁the ▁same ▁weather ▁and ▁bad ▁news ▁that ▁led ▁to ▁the ▁re bu il d ing ▁of ▁the ▁land .
[2026-03-17 12:48:27] Best translation 3 : ▁The ▁C A M ▁was ▁also ▁found ed ▁on ▁the ▁video ▁on ▁the ▁Internet , ▁Bi g ber g ▁did ▁not ▁allow ▁any ▁media ▁out le t s ▁to ▁be ▁ s up po s ed ▁to ▁be ▁ s ack ed .
[2026-03-17 12:48:27] Best translation 4 : ▁The ▁army ▁had ▁we ak en ed ▁the ▁army ▁and ▁the ▁army ▁was ▁we ak , ▁although ▁it ▁was ▁built ▁for ▁the ▁new ▁p ot ent ial ▁of ▁the ▁war .
[2026-03-17 12:48:27] Best translation 5 : ▁The ▁second ▁goal ▁was ▁the ▁goal ▁of ▁the ▁season , ▁which ▁was ▁the ▁first ▁player ▁to ▁score ▁6 60 ▁goals ▁in ▁a ▁season ▁in ▁19 9 9 – 9 9 , ▁which ▁reached ▁the ▁stage ▁and ▁the ▁ mar g in al ization ▁of ▁Li on el ▁Messi ▁and ▁Mar ia ▁Li on el ▁Messi .
[2026-03-17 12:48:28] Best translation 10 : ▁B lo o d ▁blood ▁ ve s s el s ▁around ▁the ▁blood ▁ ve s s el s ▁are ▁called ▁small er ▁blood ▁ ve s s el s .
[2026-03-17 12:48:28] Best translation 20 : ▁It ▁can ▁be ▁a ▁real ity , ▁in ▁other ▁way s , ▁teachers , ▁but ▁the ▁young ▁man ' s ▁young ▁man ▁is ▁also ▁the ▁same ▁as ▁the ▁ma g ni tu de ▁of ▁the ▁ma g ni tu de ▁of ▁the ▁same ▁thing .
[2026-03-17 12:48:28] Best translation 40 : ▁The ▁demonstration ▁began ▁at ▁11 : 00 ▁am ▁( 1 00 ▁ k W ) ▁at ▁10 : 00 ▁am ▁on ▁the ▁side line s ▁of ▁the ▁police ▁station , ▁where ▁the ▁official ▁place ▁of ▁the ▁prime ▁minister ' s ▁residence ▁began .
[2026-03-17 12:48:28] Best translation 80 : ▁The ▁sign ▁of ▁p h y s ic s ▁was ▁not ▁harm ful ; ▁all ▁the ▁method s ▁of ▁using ▁the ▁ ra di ation ▁of ▁peace ▁and ▁heart b re ak ing ▁were ▁rejected ▁to ▁change ▁O O S .
[2026-03-17 12:48:31] Best translation 160 : ▁People ▁have ▁sea l ed ▁seats , ▁but ▁the ▁win d ow s ▁are ▁broke n .
[2026-03-17 12:48:34] Best translation 320 : ▁After ward s , ▁the ▁la ke ▁was ▁found ▁to ▁be ▁used ▁using ▁ ep ide m ic s .
[2026-03-17 12:48:40] Best translation 640 : ▁Ya ban ▁is ▁about ▁7 0 ▁ k m ▁( 0 , 000 ▁ k m ) ▁or ▁the ▁largest ▁is land ▁in ▁the ▁world !
[2026-03-17 12:48:52] Best translation 1280 : ▁The ▁bus es ▁are ▁located ▁in ▁the ▁district s ▁of ▁Ba la ka y et y , ▁although ▁most ▁of ▁them ▁are ▁ s m ug g l ed ▁to ▁the ▁eastern ▁ east , ▁especially ▁those ▁located ▁between ▁6 30 ▁and ▁7 0 ▁ k m .
[2026-03-17 12:49:06] Total translation time: 39.63174s
[2026-03-17 12:49:06] Saving model weights and runtime parameters to /workspace/OPUS-MT-train/work/ckb-en/curated-floresdev.spm4k-spm4k.transformer.model1.npz.best-chrf.npz
[2026-03-17 12:49:07] [valid] Ep. 14 : Up. 17000 : chrf : 40.7982 : new best
[2026-03-17 12:49:09] Saving model weights and runtime parameters to /workspace/OPUS-MT-train/work/ckb-en/curated-floresdev.spm4k-spm4k.transformer.model1.npz.best-perplexity.npz
[2026-03-17 12:49:10] [valid] Ep. 14 : Up. 17000 : perplexity : 15.9245 : new best
[2026-03-17 12:51:13] Seen 310,206 samples
[2026-03-17 12:51:13] Starting data epoch 15 in logical epoch 15
[2026-03-17 12:51:41] Ep. 15 : Up. 18000 : Sen. 42,968 : Cost 2.62154031 * 9,814,490 @ 8,020 after 176,564,684 : Time 241.53s : 40634.07 words/s : gNorm 0.8568 : L.r. 2.8284e-04
[2026-03-17 12:51:41] Saving model weights and runtime parameters to /workspace/OPUS-MT-train/work/ckb-en/curated-floresdev.spm4k-spm4k.transformer.model1.npz
[2026-03-17 12:51:42] Saving Adam parameters
[2026-03-17 12:51:44] [training] Saving training checkpoint to /workspace/OPUS-MT-train/work/ckb-en/curated-floresdev.spm4k-spm4k.transformer.model1.npz and /workspace/OPUS-MT-train/work/ckb-en/curated-floresdev.spm4k-spm4k.transformer.model1.npz.optimizer.npz
[2026-03-17 12:51:48] Translating validation set...
[2026-03-17 12:51:48] Best translation 0 : ▁This ▁concept ▁has ▁come ▁from ▁old ▁ fa mi li ar ▁ fa mi li ar ity , ▁which ▁is ▁very ▁ su it able ▁for ▁human s .
[2026-03-17 12:51:48] Best translation 1 : ▁Mu m ba i ' s ▁attacks ▁came ▁on ▁November ▁2 6 , ▁ 200 8 , ▁and ▁they ▁formed ▁auto ma tic ▁weapons ▁and ▁several ▁target s , ▁including ▁the ▁main ▁train ▁station ▁of ▁the ▁T re as ur y ▁Cha n n el ▁and ▁the ▁Ro y al ▁Hotel .
[2026-03-17 12:51:49] Best translation 2 : ▁The ▁search ▁broke ▁out ▁due ▁to ▁the ▁same ▁weather ▁and ▁bad ▁news ▁that ▁led ▁to ▁the ▁break d own .
[2026-03-17 12:51:49] Best translation 3 : ▁The ▁C A M ▁was ▁also ▁found ed ▁on ▁the ▁video ▁on ▁the ▁Internet , ▁Bi g ▁Bra n ch ▁did ▁not ▁allow ▁the ▁content ▁of ▁the ▁content ▁of ▁the ▁content ▁of ▁the ▁content ▁of ▁the ▁content ▁of ▁the ▁content ▁of ▁the ▁content ▁of ▁the ▁website .
[2026-03-17 12:51:49] Best translation 4 : ▁The ▁army ▁was ▁we ak er ▁and ▁the ▁army ▁was ▁we ak er , ▁although ▁it ▁was ▁built ▁for ▁the ▁new ▁p ot ent ial ▁of ▁the ▁war .
[2026-03-17 12:51:49] Best translation 5 : ▁The ▁second ▁goal ▁of ▁the ▁season ▁became ▁the ▁first ▁player ▁to ▁score ▁6 60 ▁goals ▁in ▁a ▁season ▁in ▁19 9 9 – 9 6 ▁season , ▁which ▁has ▁reached ▁this ▁stage .
[2026-03-17 12:51:49] Best translation 10 : ▁The ▁blood ▁ ve s s el s ▁are ▁called ▁the ▁small est ▁ ve ge t able s ▁in ▁the ▁blood ▁ ve s s el s .
[2026-03-17 12:51:49] Best translation 20 : ▁It ▁can ▁also ▁be ▁a ▁real ity , ▁in ▁other ▁way s , ▁teachers ▁are ▁contract ed , ▁but ▁the ▁young ▁man ' s ▁young est ▁man ▁is ▁the ▁same .
[2026-03-17 12:51:49] Best translation 40 : ▁The ▁demonstration ▁began ▁at ▁11 : 00 ▁am ▁( 1 , 1 00 ▁ m ) ▁in ▁front ▁of ▁the ▁police ' s ▁guard s , ▁where ▁the ▁official ▁place ▁of ▁the ▁prime ▁minister ' s ▁residence ▁began .
[2026-03-17 12:51:49] Best translation 80 : ▁The ▁sign ▁was ▁not ▁harm ful ; ▁using ▁the ▁ ra di ation ▁of ▁the ▁ ra di ation ▁of ▁peace ▁and ▁heart b re ak ing ▁to ▁change ▁O O S ▁as ▁a ▁small ▁letter .
[2026-03-17 12:51:52] Best translation 160 : ▁People ▁draw ▁their ▁sea t , ▁but ▁the ▁win d ow s ▁broke ▁the ▁win d ow s .
[2026-03-17 12:51:54] Best translation 320 : ▁After ward s , ▁the ▁la ke ▁was ▁found ▁to ▁be ▁used ▁using ▁ ep ide m ic s .
[2026-03-17 12:51:59] Best translation 640 : ▁Japan ▁has ▁about ▁7 00 ▁is land s ▁( 1 00 ▁ k m ), ▁which ▁make s ▁the ▁seventh ▁largest ▁is land ▁in ▁the ▁world !
[2026-03-17 12:52:10] Best translation 1280 : ▁The ▁Revolutionar y ▁Gu ard s ▁in ▁the ▁district s ▁leave ▁the ▁river ▁throughout ▁the ▁day , ▁although ▁most ▁of ▁them , ▁especially ▁those ▁who ▁move ▁to ▁the ▁eastern ▁and ▁Ja m ba t ▁region s ▁between ▁6 30 ▁and ▁7 0 : 30 : 30 ▁pm .
[2026-03-17 12:52:22] Total translation time: 34.72431s
[2026-03-17 12:52:22] Saving model weights and runtime parameters to /workspace/OPUS-MT-train/work/ckb-en/curated-floresdev.spm4k-spm4k.transformer.model1.npz.best-bleu.npz
[2026-03-17 12:52:24] [valid] Ep. 15 : Up. 18000 : bleu : 14.0727 : new best
[2026-03-17 12:52:24] Translating validation set...
[2026-03-17 12:52:24] Best translation 0 : ▁This ▁concept ▁has ▁come ▁from ▁old ▁ fa mi li ar ▁ fa mi li ar ity , ▁which ▁is ▁very ▁ su it able ▁for ▁human s .
[2026-03-17 12:52:24] Best translation 1 : ▁Mu m ba i ' s ▁attacks ▁came ▁on ▁November ▁2 6 , ▁ 200 8 , ▁and ▁they ▁formed ▁auto ma tic ▁weapons ▁and ▁several ▁target s , ▁including ▁the ▁main ▁train ▁station ▁of ▁the ▁T re as ur y ▁Cha n n el ▁and ▁the ▁Ro y al ▁Hotel .
[2026-03-17 12:52:25] Best translation 2 : ▁The ▁search ▁broke ▁out ▁due ▁to ▁the ▁same ▁weather ▁and ▁bad ▁news ▁that ▁led ▁to ▁the ▁break d own .
[2026-03-17 12:52:25] Best translation 3 : ▁The ▁C A M ▁was ▁also ▁found ed ▁on ▁the ▁video ▁on ▁the ▁Internet , ▁Bi g ▁Bra n ch ▁did ▁not ▁allow ▁the ▁content ▁of ▁the ▁content ▁of ▁the ▁content ▁of ▁the ▁content ▁of ▁the ▁content ▁of ▁the ▁content ▁of ▁the ▁content ▁of ▁the ▁website .
[2026-03-17 12:52:25] Best translation 4 : ▁The ▁army ▁was ▁we ak er ▁and ▁the ▁army ▁was ▁we ak er , ▁although ▁it ▁was ▁built ▁for ▁the ▁new ▁p ot ent ial ▁of ▁the ▁war .
[2026-03-17 12:52:25] Best translation 5 : ▁The ▁second ▁goal ▁of ▁the ▁season ▁became ▁the ▁first ▁player ▁to ▁score ▁6 60 ▁goals ▁in ▁a ▁season ▁in ▁19 9 9 – 9 6 ▁season , ▁which ▁has ▁reached ▁this ▁stage .
[2026-03-17 12:52:25] Best translation 10 : ▁The ▁blood ▁ ve s s el s ▁are ▁called ▁the ▁small est ▁ ve ge t able s ▁in ▁the ▁blood ▁ ve s s el s .
[2026-03-17 12:52:25] Best translation 20 : ▁It ▁can ▁also ▁be ▁a ▁real ity , ▁in ▁other ▁way s , ▁teachers ▁are ▁contract ed , ▁but ▁the ▁young ▁man ' s ▁young est ▁man ▁is ▁the ▁same .
[2026-03-17 12:52:25] Best translation 40 : ▁The ▁demonstration ▁began ▁at ▁11 : 00 ▁am ▁( 1 , 1 00 ▁ m ) ▁in ▁front ▁of ▁the ▁police ' s ▁guard s , ▁where ▁the ▁official ▁place ▁of ▁the ▁prime ▁minister ' s ▁residence ▁began .
[2026-03-17 12:52:26] Best translation 80 : ▁The ▁sign ▁was ▁not ▁harm ful ; ▁using ▁the ▁ ra di ation ▁of ▁the ▁ ra di ation ▁of ▁peace ▁and ▁heart b re ak ing ▁to ▁change ▁O O S ▁as ▁a ▁small ▁letter .
[2026-03-17 12:52:28] Best translation 160 : ▁People ▁draw ▁their ▁sea t , ▁but ▁the ▁win d ow s ▁broke ▁the ▁win d ow s .
[2026-03-17 12:52:31] Best translation 320 : ▁After ward s , ▁the ▁la ke ▁was ▁found ▁to ▁be ▁used ▁using ▁ ep ide m ic s .
[2026-03-17 12:52:36] Best translation 640 : ▁Japan ▁has ▁about ▁7 00 ▁is land s ▁( 1 00 ▁ k m ), ▁which ▁make s ▁the ▁seventh ▁largest ▁is land ▁in ▁the ▁world !
[2026-03-17 12:52:47] Best translation 1280 : ▁The ▁Revolutionar y ▁Gu ard s ▁in ▁the ▁district s ▁leave ▁the ▁river ▁throughout ▁the ▁day , ▁although ▁most ▁of ▁them , ▁especially ▁those ▁who ▁move ▁to ▁the ▁eastern ▁and ▁Ja m ba t ▁region s ▁between ▁6 30 ▁and ▁7 0 : 30 : 30 ▁pm .
[2026-03-17 12:53:00] Total translation time: 36.22088s
[2026-03-17 12:53:00] Saving model weights and runtime parameters to /workspace/OPUS-MT-train/work/ckb-en/curated-floresdev.spm4k-spm4k.transformer.model1.npz.best-chrf.npz
[2026-03-17 12:53:01] [valid] Ep. 15 : Up. 18000 : chrf : 43.1414 : new best
[2026-03-17 12:53:03] Saving model weights and runtime parameters to /workspace/OPUS-MT-train/work/ckb-en/curated-floresdev.spm4k-spm4k.transformer.model1.npz.best-perplexity.npz
[2026-03-17 12:53:04] [valid] Ep. 15 : Up. 18000 : perplexity : 13.833 : new best
[2026-03-17 12:55:34] Ep. 15 : Up. 19000 : Sen. 287,400 : Cost 2.50628185 * 9,811,851 @ 9,240 after 186,376,535 : Time 233.54s : 42013.95 words/s : gNorm 0.8370 : L.r. 2.7530e-04
[2026-03-17 12:55:34] Saving model weights and runtime parameters to /workspace/OPUS-MT-train/work/ckb-en/curated-floresdev.spm4k-spm4k.transformer.model1.npz
[2026-03-17 12:55:36] Saving Adam parameters
[2026-03-17 12:55:38] [training] Saving training checkpoint to /workspace/OPUS-MT-train/work/ckb-en/curated-floresdev.spm4k-spm4k.transformer.model1.npz and /workspace/OPUS-MT-train/work/ckb-en/curated-floresdev.spm4k-spm4k.transformer.model1.npz.optimizer.npz
[2026-03-17 12:55:41] Translating validation set...
[2026-03-17 12:55:41] Best translation 0 : ▁This ▁concept ▁has ▁come ▁from ▁old ▁ fa mi li ar ity , ▁which ▁is ▁very ▁ su it able ▁for ▁human ▁ s m ug g ling .
[2026-03-17 12:55:41] Best translation 1 : ▁Mu m ba i ' s ▁attack ers ▁arrived ▁on ▁November ▁2 6 , ▁ 200 8 , ▁and ▁they ▁formed ▁auto ma tic ▁weapons ▁and ▁several ▁target s , ▁including ▁the ▁ port ra it ▁of ▁the ▁T ig ri s ▁and ▁Hotel ▁of ▁Ta ji h .
[2026-03-17 12:55:42] Best translation 2 : ▁The ▁search ▁was ▁caused ▁by ▁the ▁same ▁c li m ate ▁and ▁bad ▁news ▁that ▁caused ▁the ▁re s et tle ment .
[2026-03-17 12:55:42] Best translation 3 : ▁The ▁C A M ▁was ▁also ▁based ▁on ▁the ▁video ▁on ▁the ▁Internet , ▁Bi g ▁Bra z be t ▁did ▁not ▁allow ▁the ▁content ▁of ▁the ▁content ▁of ▁the ▁content ▁of ▁the ▁content ▁of ▁the ▁content ▁of ▁the ▁ s ur ve ill ance ▁law .
[2026-03-17 12:55:42] Best translation 4 : ▁There ▁was ▁a ▁we ak er ▁army ▁and ▁the ▁army ▁was ▁we ak er , ▁although ▁they ▁were ▁built ▁for ▁the ▁new ▁p ack age ▁before ▁the ▁beginning ▁of ▁the ▁war .
[2026-03-17 12:55:42] Best translation 5 : ▁The ▁second ▁goal ▁of ▁the ▁season ▁became ▁the ▁first ▁player ▁to ▁score ▁6 60 ▁goals ▁or ▁more ▁in ▁a ▁season ▁in ▁19 9 5 , ▁which ▁reached ▁this ▁stage .
[2026-03-17 12:55:42] Best translation 10 : ▁The ▁blood ▁flow s ▁from ▁the ▁blood ▁ ve s s el s ▁and ▁comes ▁back ▁to ▁the ▁heart ▁of ▁the ▁blood ▁ ve s s el s . ▁The ▁small est ▁ ner ve s ▁are ▁called ▁ lu bri c ation .
[2026-03-17 12:55:42] Best translation 20 : ▁Con s tru ction ▁can ▁be ▁both ▁true , ▁in ▁another ▁way , ▁teacher , ▁but ▁his ▁small ▁man u f act ur er ▁is ▁also ▁the ▁same ▁thing .
[2026-03-17 12:55:42] Best translation 40 : ▁The ▁demonstration ▁began ▁at ▁11 : 00 ▁am ▁( 1 , 1 00 ▁ k m ) ▁at ▁the ▁local ▁time ▁of ▁the ▁T T C ▁( U T C ) ▁in ▁St ra it ▁of ▁the ▁Police ▁Gu ard , ▁where ▁the ▁official ▁residence ▁of ▁the ▁prime ▁minister .
[2026-03-17 12:55:43] Best translation 80 : ▁The ▁sign ▁was ▁not ▁harm ful ▁to ▁physical ▁physical ▁damage ; ▁The ▁ s us pe n sion ▁was ▁ s up po s ed ▁to ▁con ver t ▁the ▁symptoms ▁of ▁peace ▁and ▁loyal ty ▁to ▁change ▁O O S ▁as ▁small ▁letter s .
[2026-03-17 12:55:46] Best translation 160 : ▁People ▁draw ▁their ▁sea t , ▁but ▁the ▁win d ow s ▁broke ▁the ▁win d ow s .
[2026-03-17 12:55:48] Best translation 320 : ▁After ward s , ▁the ▁la ke ▁was ▁found ▁to ▁be ▁used ▁using ▁the ▁ ep ide m ic .
[2026-03-17 12:55:53] Best translation 640 : ▁Japan ▁has ▁about ▁7 00 ▁is land s ▁( 1 , 000 ▁far ther ), ▁which ▁make s ▁the ▁seventh ▁largest ▁is land ▁in ▁the ▁world !
[2026-03-17 12:56:04] Best translation 1280 : ▁Pa s s es ▁in ▁the ▁district s ▁leave ▁the ▁river ▁throughout ▁the ▁day , ▁although ▁most ▁of ▁them , ▁especially ▁those ▁who ▁move ▁to ▁the ▁eastern ▁and ▁Ja kar m ba g gan ▁ range ▁between ▁6 30 ▁and ▁7 0 : 30 ▁pm .
[2026-03-17 12:56:16] Total translation time: 35.21357s
[2026-03-17 12:56:16] Saving model weights and runtime parameters to /workspace/OPUS-MT-train/work/ckb-en/curated-floresdev.spm4k-spm4k.transformer.model1.npz.best-bleu.npz
[2026-03-17 12:56:17] [valid] Ep. 15 : Up. 19000 : bleu : 16.1649 : new best
[2026-03-17 12:56:17] Translating validation set...
[2026-03-17 12:56:18] Best translation 0 : ▁This ▁concept ▁has ▁come ▁from ▁old ▁ fa mi li ar ity , ▁which ▁is ▁very ▁ su it able ▁for ▁human ▁ s m ug g ling .
[2026-03-17 12:56:18] Best translation 1 : ▁Mu m ba i ' s ▁attack ers ▁arrived ▁on ▁November ▁2 6 , ▁ 200 8 , ▁and ▁they ▁formed ▁auto ma tic ▁weapons ▁and ▁several ▁target s , ▁including ▁the ▁ port ra it ▁of ▁the ▁T ig ri s ▁and ▁Hotel ▁of ▁Ta ji h .
[2026-03-17 12:56:19] Best translation 2 : ▁The ▁search ▁was ▁caused ▁by ▁the ▁same ▁c li m ate ▁and ▁bad ▁news ▁that ▁caused ▁the ▁re s et tle ment .
[2026-03-17 12:56:19] Best translation 3 : ▁The ▁C A M ▁was ▁also ▁based ▁on ▁the ▁video ▁on ▁the ▁Internet , ▁Bi g ▁Bra z be t ▁did ▁not ▁allow ▁the ▁content ▁of ▁the ▁content ▁of ▁the ▁content ▁of ▁the ▁content ▁of ▁the ▁content ▁of ▁the ▁ s ur ve ill ance ▁law .
[2026-03-17 12:56:19] Best translation 4 : ▁There ▁was ▁a ▁we ak er ▁army ▁and ▁the ▁army ▁was ▁we ak er , ▁although ▁they ▁were ▁built ▁for ▁the ▁new ▁p ack age ▁before ▁the ▁beginning ▁of ▁the ▁war .
[2026-03-17 12:56:19] Best translation 5 : ▁The ▁second ▁goal ▁of ▁the ▁season ▁became ▁the ▁first ▁player ▁to ▁score ▁6 60 ▁goals ▁or ▁more ▁in ▁a ▁season ▁in ▁19 9 5 , ▁which ▁reached ▁this ▁stage .
[2026-03-17 12:56:19] Best translation 10 : ▁The ▁blood ▁flow s ▁from ▁the ▁blood ▁ ve s s el s ▁and ▁comes ▁back ▁to ▁the ▁heart ▁of ▁the ▁blood ▁ ve s s el s . ▁The ▁small est ▁ ner ve s ▁are ▁called ▁ lu bri c ation .
[2026-03-17 12:56:19] Best translation 20 : ▁Con s tru ction ▁can ▁be ▁both ▁true , ▁in ▁another ▁way , ▁teacher , ▁but ▁his ▁small ▁man u f act ur er ▁is ▁also ▁the ▁same ▁thing .
[2026-03-17 12:56:19] Best translation 40 : ▁The ▁demonstration ▁began ▁at ▁11 : 00 ▁am ▁( 1 , 1 00 ▁ k m ) ▁at ▁the ▁local ▁time ▁of ▁the ▁T T C ▁( U T C ) ▁in ▁St ra it ▁of ▁the ▁Police ▁Gu ard , ▁where ▁the ▁official ▁residence ▁of ▁the ▁prime ▁minister .
[2026-03-17 12:56:19] Best translation 80 : ▁The ▁sign ▁was ▁not ▁harm ful ▁to ▁physical ▁physical ▁damage ; ▁The ▁ s us pe n sion ▁was ▁ s up po s ed ▁to ▁con ver t ▁the ▁symptoms ▁of ▁peace ▁and ▁loyal ty ▁to ▁change ▁O O S ▁as ▁small ▁letter s .
[2026-03-17 12:56:22] Best translation 160 : ▁People ▁draw ▁their ▁sea t , ▁but ▁the ▁win d ow s ▁broke ▁the ▁win d ow s .
[2026-03-17 12:56:25] Best translation 320 : ▁After ward s , ▁the ▁la ke ▁was ▁found ▁to ▁be ▁used ▁using ▁the ▁ ep ide m ic .
[2026-03-17 12:56:30] Best translation 640 : ▁Japan ▁has ▁about ▁7 00 ▁is land s ▁( 1 , 000 ▁far ther ), ▁which ▁make s ▁the ▁seventh ▁largest ▁is land ▁in ▁the ▁world !
[2026-03-17 12:56:41] Best translation 1280 : ▁Pa s s es ▁in ▁the ▁district s ▁leave ▁the ▁river ▁throughout ▁the ▁day , ▁although ▁most ▁of ▁them , ▁especially ▁those ▁who ▁move ▁to ▁the ▁eastern ▁and ▁Ja kar m ba g gan ▁ range ▁between ▁6 30 ▁and ▁7 0 : 30 ▁pm .
[2026-03-17 12:56:54] Total translation time: 36.24647s
[2026-03-17 12:56:54] Saving model weights and runtime parameters to /workspace/OPUS-MT-train/work/ckb-en/curated-floresdev.spm4k-spm4k.transformer.model1.npz.best-chrf.npz
[2026-03-17 12:56:55] [valid] Ep. 15 : Up. 19000 : chrf : 45.4119 : new best
[2026-03-17 12:56:57] Saving model weights and runtime parameters to /workspace/OPUS-MT-train/work/ckb-en/curated-floresdev.spm4k-spm4k.transformer.model1.npz.best-perplexity.npz
[2026-03-17 12:56:58] [valid] Ep. 15 : Up. 19000 : perplexity : 12.2009 : new best
[2026-03-17 12:57:12] Seen 310,206 samples
[2026-03-17 12:57:12] Starting data epoch 16 in logical epoch 16
[2026-03-17 12:59:28] Ep. 16 : Up. 20000 : Sen. 220,569 : Cost 2.42713284 * 9,795,781 @ 9,804 after 196,172,316 : Time 234.16s : 41833.80 words/s : gNorm 0.8065 : L.r. 2.6833e-04
[2026-03-17 12:59:28] Saving model weights and runtime parameters to /workspace/OPUS-MT-train/work/ckb-en/curated-floresdev.spm4k-spm4k.transformer.model1.npz
[2026-03-17 12:59:30] Saving Adam parameters
[2026-03-17 12:59:32] [training] Saving training checkpoint to /workspace/OPUS-MT-train/work/ckb-en/curated-floresdev.spm4k-spm4k.transformer.model1.npz and /workspace/OPUS-MT-train/work/ckb-en/curated-floresdev.spm4k-spm4k.transformer.model1.npz.optimizer.npz
[2026-03-17 12:59:35] Translating validation set...
[2026-03-17 12:59:36] Best translation 0 : ▁This ▁concept ▁has ▁come ▁from ▁old ▁ fa mi li ar ity , ▁which ▁are ▁very ▁ su it able ▁for ▁human ▁ s m ug g ling .
[2026-03-17 12:59:36] Best translation 1 : ▁Mu m ba i ' s ▁attack ers ▁arrived ▁on ▁November ▁2 6 , ▁ 200 8 , ▁with ▁a ▁gr en ad e ▁and ▁auto ma tic ▁we ap on , ▁and ▁several ▁target s , ▁including ▁the ▁Ra p ha ra p h ▁Cha va r ma h al ▁and ▁the ▁famous ▁Ta ji ▁Ta j ▁Mah al .
[2026-03-17 12:59:36] Best translation 2 : ▁The ▁search ▁was ▁caused ▁by ▁the ▁same ▁weather ▁that ▁caused ▁break fa st .
[2026-03-17 12:59:36] Best translation 3 : ▁The ▁C A M ▁was ▁also ▁based ▁on ▁the ▁video ▁on ▁the ▁Internet , ▁Bi g ▁Bra z be t ▁did ▁not ▁allow ▁the ▁content ▁of ▁the ▁content ▁of ▁the ▁content ▁of ▁the ▁content ▁of ▁the ▁content ▁as ▁well ▁as ▁the ▁media ▁on ▁Bi g ▁Bro ad way .
[2026-03-17 12:59:36] Best translation 4 : ▁There ▁was ▁a ▁we ak er ▁army ▁and ▁the ▁army ▁was ▁we ak er , ▁although ▁they ▁were ▁built ▁for ▁the ▁new ▁p ip es ▁before ▁the ▁beginning ▁of ▁the ▁war .
[2026-03-17 12:59:36] Best translation 5 : ▁The ▁second ▁goal ▁of ▁the ▁season ▁became ▁the ▁first ▁player ▁to ▁score ▁6 0 ▁goals ▁or ▁more ▁in ▁a ▁season ▁in ▁19 9 5 , ▁when ▁Ya r mo mer ▁or ▁Ma ri o ▁L y o ▁have ▁reached ▁this ▁stage .
[2026-03-17 12:59:37] Best translation 10 : ▁The ▁blood ▁flow s ▁from ▁the ▁blood ▁ ve s s el s ▁and ▁comes ▁back ▁to ▁the ▁heart ▁of ▁the ▁blood ▁ ve s s el s . ▁The ▁small est ▁ ner ve s ▁are ▁called ▁ ne ur on s .
[2026-03-17 12:59:37] Best translation 20 : ▁Con s tru ction ▁can ▁be ▁both ▁true , ▁in ▁other ▁way s , ▁teachers ▁are ▁a ▁com pe ti tive ▁method , ▁but ▁the ▁young ▁man ▁is ▁also ▁the ▁ma g ical ▁ma g ical ▁ma ch ine ▁ ver sion ▁of ▁Mi c ro so ft , ▁and ▁the ▁same ▁thing ▁is ▁the ▁same .
[2026-03-17 12:59:37] Best translation 40 : ▁The ▁demonstration ▁began ▁at ▁11 : 00 ▁am ▁local ▁time ▁( U T C ) ▁in ▁the ▁ port ▁of ▁the ▁police ▁guard , ▁where ▁the ▁official ▁residence ▁of ▁the ▁prime ▁minister .
[2026-03-17 12:59:37] Best translation 80 : ▁The ▁sign ▁was ▁not ▁harm ful ▁to ▁p h y s ic s ; ▁The ▁inter a ction ▁was ▁also ▁black li s ted ▁using ▁p h y s ic s ▁to ▁change ▁O O S ▁as ▁small ▁letter s .
[2026-03-17 12:59:40] Best translation 160 : ▁People ▁draw ▁seats ▁in ▁the ▁win d ow s ▁but ▁the ▁win d ow s ▁did ▁not ▁break ▁the ▁win d ow s .
[2026-03-17 12:59:42] Best translation 320 : ▁Follow ing ▁the ▁ma g ni tu de ▁of ▁the ▁la ke , ▁the ▁mix ture ▁was ▁found ▁using ▁ CoV s .
[2026-03-17 12:59:47] Best translation 640 : ▁Japan ▁has ▁about ▁7 0,000 ▁is land s ▁( the ▁largest ▁or ▁largest ), ▁which ▁means ▁that ▁Ya ban ▁is ▁the ▁seventh ▁largest ▁is land ▁in ▁the ▁world !
[2026-03-17 12:59:57] Best translation 1280 : ▁Pa s s es ▁in ▁the ▁district s ▁leave ▁the ▁river ▁throughout ▁the ▁day , ▁although ▁most ▁of ▁them , ▁especially ▁those ▁who ▁move ▁to ▁the ▁eastern ▁and ▁Ja kar m ba g gan ▁ range ▁between ▁6 : 30 ▁and ▁7 0 : 30 ▁pm .
[2026-03-17 13:00:09] Total translation time: 33.96560s
[2026-03-17 13:00:09] Saving model weights and runtime parameters to /workspace/OPUS-MT-train/work/ckb-en/curated-floresdev.spm4k-spm4k.transformer.model1.npz.best-bleu.npz
[2026-03-17 13:00:10] [valid] Ep. 16 : Up. 20000 : bleu : 17.9531 : new best
[2026-03-17 13:00:10] Translating validation set...
[2026-03-17 13:00:11] Best translation 0 : ▁This ▁concept ▁has ▁come ▁from ▁old ▁ fa mi li ar ity , ▁which ▁are ▁very ▁ su it able ▁for ▁human ▁ s m ug g ling .
[2026-03-17 13:00:11] Best translation 1 : ▁Mu m ba i ' s ▁attack ers ▁arrived ▁on ▁November ▁2 6 , ▁ 200 8 , ▁with ▁a ▁gr en ad e ▁and ▁auto ma tic ▁we ap on , ▁and ▁several ▁target s , ▁including ▁the ▁Ra p ha ra p h ▁Cha va r ma h al ▁and ▁the ▁famous ▁Ta ji ▁Ta j ▁Mah al .
[2026-03-17 13:00:11] Best translation 2 : ▁The ▁search ▁was ▁caused ▁by ▁the ▁same ▁weather ▁that ▁caused ▁break fa st .
[2026-03-17 13:00:11] Best translation 3 : ▁The ▁C A M ▁was ▁also ▁based ▁on ▁the ▁video ▁on ▁the ▁Internet , ▁Bi g ▁Bra z be t ▁did ▁not ▁allow ▁the ▁content ▁of ▁the ▁content ▁of ▁the ▁content ▁of ▁the ▁content ▁of ▁the ▁content ▁as ▁well ▁as ▁the ▁media ▁on ▁Bi g ▁Bro ad way .
[2026-03-17 13:00:11] Best translation 4 : ▁There ▁was ▁a ▁we ak er ▁army ▁and ▁the ▁army ▁was ▁we ak er , ▁although ▁they ▁were ▁built ▁for ▁the ▁new ▁p ip es ▁before ▁the ▁beginning ▁of ▁the ▁war .
[2026-03-17 13:00:11] Best translation 5 : ▁The ▁second ▁goal ▁of ▁the ▁season ▁became ▁the ▁first ▁player ▁to ▁score ▁6 0 ▁goals ▁or ▁more ▁in ▁a ▁season ▁in ▁19 9 5 , ▁when ▁Ya r mo mer ▁or ▁Ma ri o ▁L y o ▁have ▁reached ▁this ▁stage .
[2026-03-17 13:00:12] Best translation 10 : ▁The ▁blood ▁flow s ▁from ▁the ▁blood ▁ ve s s el s ▁and ▁comes ▁back ▁to ▁the ▁heart ▁of ▁the ▁blood ▁ ve s s el s . ▁The ▁small est ▁ ner ve s ▁are ▁called ▁ ne ur on s .
[2026-03-17 13:00:12] Best translation 20 : ▁Con s tru ction ▁can ▁be ▁both ▁true , ▁in ▁other ▁way s , ▁teachers ▁are ▁a ▁com pe ti tive ▁method , ▁but ▁the ▁young ▁man ▁is ▁also ▁the ▁ma g ical ▁ma g ical ▁ma ch ine ▁ ver sion ▁of ▁Mi c ro so ft , ▁and ▁the ▁same ▁thing ▁is ▁the ▁same .
[2026-03-17 13:00:12] Best translation 40 : ▁The ▁demonstration ▁began ▁at ▁11 : 00 ▁am ▁local ▁time ▁( U T C ) ▁in ▁the ▁ port ▁of ▁the ▁police ▁guard , ▁where ▁the ▁official ▁residence ▁of ▁the ▁prime ▁minister .
[2026-03-17 13:00:12] Best translation 80 : ▁The ▁sign ▁was ▁not ▁harm ful ▁to ▁p h y s ic s ; ▁The ▁inter a ction ▁was ▁also ▁black li s ted ▁using ▁p h y s ic s ▁to ▁change ▁O O S ▁as ▁small ▁letter s .
[2026-03-17 13:00:15] Best translation 160 : ▁People ▁draw ▁seats ▁in ▁the ▁win d ow s ▁but ▁the ▁win d ow s ▁did ▁not ▁break ▁the ▁win d ow s .
[2026-03-17 13:00:17] Best translation 320 : ▁Follow ing ▁the ▁ma g ni tu de ▁of ▁the ▁la ke , ▁the ▁mix ture ▁was ▁found ▁using ▁ CoV s .
[2026-03-17 13:00:23] Best translation 640 : ▁Japan ▁has ▁about ▁7 0,000 ▁is land s ▁( the ▁largest ▁or ▁largest ), ▁which ▁means ▁that ▁Ya ban ▁is ▁the ▁seventh ▁largest ▁is land ▁in ▁the ▁world !
[2026-03-17 13:00:33] Best translation 1280 : ▁Pa s s es ▁in ▁the ▁district s ▁leave ▁the ▁river ▁throughout ▁the ▁day , ▁although ▁most ▁of ▁them , ▁especially ▁those ▁who ▁move ▁to ▁the ▁eastern ▁and ▁Ja kar m ba g gan ▁ range ▁between ▁6 : 30 ▁and ▁7 0 : 30 ▁pm .
[2026-03-17 13:00:46] Total translation time: 35.20414s
[2026-03-17 13:00:46] Saving model weights and runtime parameters to /workspace/OPUS-MT-train/work/ckb-en/curated-floresdev.spm4k-spm4k.transformer.model1.npz.best-chrf.npz
[2026-03-17 13:00:47] [valid] Ep. 16 : Up. 20000 : chrf : 47.1346 : new best
[2026-03-17 13:00:49] Saving model weights and runtime parameters to /workspace/OPUS-MT-train/work/ckb-en/curated-floresdev.spm4k-spm4k.transformer.model1.npz.best-perplexity.npz
[2026-03-17 13:00:50] [valid] Ep. 16 : Up. 20000 : perplexity : 10.9872 : new best
[2026-03-17 13:01:45] Seen 310,206 samples
[2026-03-17 13:01:45] Starting data epoch 17 in logical epoch 17
[2026-03-17 13:03:21] Ep. 17 : Up. 21000 : Sen. 157,098 : Cost 2.34456015 * 9,829,619 @ 11,591 after 206,001,935 : Time 232.45s : 42286.16 words/s : gNorm 0.7752 : L.r. 2.6186e-04
[2026-03-17 13:03:21] Saving model weights and runtime parameters to /workspace/OPUS-MT-train/work/ckb-en/curated-floresdev.spm4k-spm4k.transformer.model1.npz
[2026-03-17 13:03:22] Saving Adam parameters
[2026-03-17 13:03:24] [training] Saving training checkpoint to /workspace/OPUS-MT-train/work/ckb-en/curated-floresdev.spm4k-spm4k.transformer.model1.npz and /workspace/OPUS-MT-train/work/ckb-en/curated-floresdev.spm4k-spm4k.transformer.model1.npz.optimizer.npz
[2026-03-17 13:03:28] Translating validation set...
[2026-03-17 13:03:29] Best translation 0 : ▁This ▁concept ▁comes ▁from ▁ancient ▁a c qu a in t ance s ▁in ▁the ▁mo tion ▁of ▁the ▁in j e ction , ▁which ▁are ▁very ▁ su it able ▁for ▁human ▁ tra it ors .
[2026-03-17 13:03:29] Best translation 1 : ▁Mu m ba i ' s ▁attacks ▁came ▁through ▁me ▁on ▁November ▁2 , ▁ 200 8 , ▁with ▁gr en ad es ▁and ▁auto ma tic ▁weapons , ▁and ▁many ▁target s , ▁including ▁the ▁Ra pi d ▁Te ch n ology ▁A u th or ity ▁and ▁the ▁Ro y al ▁Hotel .
[2026-03-17 13:03:29] Best translation 2 : ▁The ▁search ▁was ▁caused ▁by ▁the ▁same ▁weather ▁that ▁caused ▁break fa st .
[2026-03-17 13:03:29] Best translation 3 : ▁The ▁A C M ▁was ▁also ▁found ed ▁d espite ▁the ▁video ▁was ▁broadcast ▁on ▁the ▁Internet , ▁Bi g ▁Bra z er ▁did ▁not ▁violate ▁the ▁content ▁of ▁the ▁content ▁co de ▁as ▁the ▁media ▁was ▁not ▁store d ▁on ▁Bi g ▁Bro ad way ' s ▁website .
[2026-03-17 13:03:29] Best translation 4 : ▁There ▁was ▁a ▁we ak er ▁army ▁and ▁the ▁army ▁was ▁we ak er , ▁although ▁they ▁were ▁built ▁for ▁new ▁ ba tter ies ▁before ▁the ▁beginning ▁of ▁the ▁war .
[2026-03-17 13:03:29] Best translation 5 : ▁The ▁second ▁goal ▁of ▁the ▁season ▁became ▁the ▁first ▁player ▁to ▁score ▁more ▁goals ▁or ▁more ▁in ▁a ▁season ▁in ▁19 9 5 – 9 6 , ▁who se ▁Ya r mo mer ▁or ▁Ma ri o ▁Li mi o ▁have ▁reached ▁this ▁stage .
[2026-03-17 13:03:29] Best translation 10 : ▁B lo o d ▁flow s ▁from ▁the ▁blood ▁ ve s s el s ▁and ▁comes ▁back ▁to ▁the ▁heart ▁of ▁the ▁blood ▁ ve s s el s . ▁The ▁small est ▁ ner ve s ▁are ▁called ▁ ne ur ological ▁ ner ve s .
[2026-03-17 13:03:29] Best translation 20 : ▁Con s tru ction ▁can ▁also ▁be ▁true , ▁in ▁other ▁way s , ▁teachers ▁are ▁a ▁com pe ti tive ▁method , ▁but ▁the ▁young ▁man ▁is ▁also ▁the ▁ma ch ine ▁contract or ▁of ▁the ▁Mi c ro so ft ▁trans form er , ▁and ▁the ▁same ▁thing ▁is ▁the ▁same .
[2026-03-17 13:03:29] Best translation 40 : ▁The ▁demonstration ▁began ▁at ▁11 : 00 ▁am ▁local ▁time ▁( U T C ) ▁in ▁W ol ve s ▁against ▁the ▁police ▁guard ' s ▁g ate way ▁to ▁the ▁Da n ish ▁streets , ▁where ▁the ▁official ▁residence ▁of ▁the ▁prime ▁minister .
[2026-03-17 13:03:30] Best translation 80 : ▁The ▁sign ▁was ▁not ▁harm ful ▁to ▁physical ▁p h y s ic s ; ▁the ▁inter a ction ▁was ▁also ▁used ▁using ▁a ▁p h y s ic ian ▁that ▁was ▁de vo ted ▁to ▁the ▁sign s ▁of ▁peace ▁and ▁heart b re ak ing ▁to ▁change ▁O O ▁to ▁read ▁as ▁small ▁letter s .
[2026-03-17 13:03:32] Best translation 160 : ▁People ▁draw ▁seats ▁in ▁the ▁win d ow s ▁but ▁the ▁win d ow s ▁did ▁not ▁break ▁the ▁win d ow s .
[2026-03-17 13:03:35] Best translation 320 : ▁Follow ing ▁the ▁ma g ni tu de ▁of ▁the ▁la ke , ▁the ▁mix ture ▁was ▁found ▁using ▁R O V .
[2026-03-17 13:03:39] Best translation 640 : ▁Japan ▁has ▁about ▁7 00 ▁is land s ▁( the ▁largest , ▁making ▁it ▁the ▁seventh ▁largest ▁is land ▁in ▁the ▁world !
[2026-03-17 13:03:49] Best translation 1280 : ▁The ▁bus es ▁leave ▁the ▁district s ▁( f ro m ▁the ▁river ) ▁throughout ▁the ▁day , ▁although ▁most ▁of ▁them , ▁especially ▁those ▁moving ▁to ▁the ▁ east ▁and ▁Ja kar m bu g g g gan ▁between ▁6 : 30 ▁and ▁7 0 : 30 ▁pm .
[2026-03-17 13:04:00] Total translation time: 32.33001s
[2026-03-17 13:04:00] Saving model weights and runtime parameters to /workspace/OPUS-MT-train/work/ckb-en/curated-floresdev.spm4k-spm4k.transformer.model1.npz.best-bleu.npz
[2026-03-17 13:04:02] [valid] Ep. 17 : Up. 21000 : bleu : 19.733 : new best
[2026-03-17 13:04:02] Translating validation set...
[2026-03-17 13:04:02] Best translation 0 : ▁This ▁concept ▁comes ▁from ▁ancient ▁a c qu a in t ance s ▁in ▁the ▁mo tion ▁of ▁the ▁in j e ction , ▁which ▁are ▁very ▁ su it able ▁for ▁human ▁ tra it ors .
[2026-03-17 13:04:02] Best translation 1 : ▁Mu m ba i ' s ▁attacks ▁came ▁through ▁me ▁on ▁November ▁2 , ▁ 200 8 , ▁with ▁gr en ad es ▁and ▁auto ma tic ▁weapons , ▁and ▁many ▁target s , ▁including ▁the ▁Ra pi d ▁Te ch n ology ▁A u th or ity ▁and ▁the ▁Ro y al ▁Hotel .
[2026-03-17 13:04:03] Best translation 2 : ▁The ▁search ▁was ▁caused ▁by ▁the ▁same ▁weather ▁that ▁caused ▁break fa st .
[2026-03-17 13:04:03] Best translation 3 : ▁The ▁A C M ▁was ▁also ▁found ed ▁d espite ▁the ▁video ▁was ▁broadcast ▁on ▁the ▁Internet , ▁Bi g ▁Bra z er ▁did ▁not ▁violate ▁the ▁content ▁of ▁the ▁content ▁co de ▁as ▁the ▁media ▁was ▁not ▁store d ▁on ▁Bi g ▁Bro ad way ' s ▁website .
[2026-03-17 13:04:03] Best translation 4 : ▁There ▁was ▁a ▁we ak er ▁army ▁and ▁the ▁army ▁was ▁we ak er , ▁although ▁they ▁were ▁built ▁for ▁new ▁ ba tter ies ▁before ▁the ▁beginning ▁of ▁the ▁war .
[2026-03-17 13:04:03] Best translation 5 : ▁The ▁second ▁goal ▁of ▁the ▁season ▁became ▁the ▁first ▁player ▁to ▁score ▁more ▁goals ▁or ▁more ▁in ▁a ▁season ▁in ▁19 9 5 – 9 6 , ▁who se ▁Ya r mo mer ▁or ▁Ma ri o ▁Li mi o ▁have ▁reached ▁this ▁stage .
[2026-03-17 13:04:03] Best translation 10 : ▁B lo o d ▁flow s ▁from ▁the ▁blood ▁ ve s s el s ▁and ▁comes ▁back ▁to ▁the ▁heart ▁of ▁the ▁blood ▁ ve s s el s . ▁The ▁small est ▁ ner ve s ▁are ▁called ▁ ne ur ological ▁ ner ve s .
[2026-03-17 13:04:03] Best translation 20 : ▁Con s tru ction ▁can ▁also ▁be ▁true , ▁in ▁other ▁way s , ▁teachers ▁are ▁a ▁com pe ti tive ▁method , ▁but ▁the ▁young ▁man ▁is ▁also ▁the ▁ma ch ine ▁contract or ▁of ▁the ▁Mi c ro so ft ▁trans form er , ▁and ▁the ▁same ▁thing ▁is ▁the ▁same .
[2026-03-17 13:04:03] Best translation 40 : ▁The ▁demonstration ▁began ▁at ▁11 : 00 ▁am ▁local ▁time ▁( U T C ) ▁in ▁W ol ve s ▁against ▁the ▁police ▁guard ' s ▁g ate way ▁to ▁the ▁Da n ish ▁streets , ▁where ▁the ▁official ▁residence ▁of ▁the ▁prime ▁minister .
[2026-03-17 13:04:03] Best translation 80 : ▁The ▁sign ▁was ▁not ▁harm ful ▁to ▁physical ▁p h y s ic s ; ▁the ▁inter a ction ▁was ▁also ▁used ▁using ▁a ▁p h y s ic ian ▁that ▁was ▁de vo ted ▁to ▁the ▁sign s ▁of ▁peace ▁and ▁heart b re ak ing ▁to ▁change ▁O O ▁to ▁read ▁as ▁small ▁letter s .
[2026-03-17 13:04:06] Best translation 160 : ▁People ▁draw ▁seats ▁in ▁the ▁win d ow s ▁but ▁the ▁win d ow s ▁did ▁not ▁break ▁the ▁win d ow s .
[2026-03-17 13:04:08] Best translation 320 : ▁Follow ing ▁the ▁ma g ni tu de ▁of ▁the ▁la ke , ▁the ▁mix ture ▁was ▁found ▁using ▁R O V .
[2026-03-17 13:04:14] Best translation 640 : ▁Japan ▁has ▁about ▁7 00 ▁is land s ▁( the ▁largest , ▁making ▁it ▁the ▁seventh ▁largest ▁is land ▁in ▁the ▁world !
[2026-03-17 13:04:24] Best translation 1280 : ▁The ▁bus es ▁leave ▁the ▁district s ▁( f ro m ▁the ▁river ) ▁throughout ▁the ▁day , ▁although ▁most ▁of ▁them , ▁especially ▁those ▁moving ▁to ▁the ▁ east ▁and ▁Ja kar m bu g g g gan ▁between ▁6 : 30 ▁and ▁7 0 : 30 ▁pm .
[2026-03-17 13:04:36] Total translation time: 34.51252s
[2026-03-17 13:04:36] Saving model weights and runtime parameters to /workspace/OPUS-MT-train/work/ckb-en/curated-floresdev.spm4k-spm4k.transformer.model1.npz.best-chrf.npz
[2026-03-17 13:04:37] [valid] Ep. 17 : Up. 21000 : chrf : 48.8003 : new best
[2026-03-17 13:04:39] Saving model weights and runtime parameters to /workspace/OPUS-MT-train/work/ckb-en/curated-floresdev.spm4k-spm4k.transformer.model1.npz.best-perplexity.npz
[2026-03-17 13:04:40] [valid] Ep. 17 : Up. 21000 : perplexity : 10.0819 : new best
[2026-03-17 13:06:16] Seen 310,206 samples
[2026-03-17 13:06:16] Starting data epoch 18 in logical epoch 18
[2026-03-17 13:07:11] Ep. 18 : Up. 22000 : Sen. 87,610 : Cost 2.28349519 * 9,806,953 @ 11,077 after 215,808,888 : Time 229.78s : 42679.64 words/s : gNorm 0.7563 : L.r. 2.5584e-04
[2026-03-17 13:07:11] Saving model weights and runtime parameters to /workspace/OPUS-MT-train/work/ckb-en/curated-floresdev.spm4k-spm4k.transformer.model1.npz
[2026-03-17 13:07:12] Saving Adam parameters
[2026-03-17 13:07:14] [training] Saving training checkpoint to /workspace/OPUS-MT-train/work/ckb-en/curated-floresdev.spm4k-spm4k.transformer.model1.npz and /workspace/OPUS-MT-train/work/ckb-en/curated-floresdev.spm4k-spm4k.transformer.model1.npz.optimizer.npz
[2026-03-17 13:07:18] Translating validation set...
[2026-03-17 13:07:18] Best translation 0 : ▁This ▁concept ▁comes ▁from ▁ancient ▁a c qu a in t ance s ▁in ▁the ▁mo tion ▁of ▁the ▁in j e ction , ▁which ▁are ▁very ▁ su it able ▁for ▁human ▁ s m ug g ling .
[2026-03-17 13:07:18] Best translation 1 : ▁Mu m ba i ' s ▁attacks ▁came ▁on ▁November ▁2 6 , ▁ 200 8 , ▁with ▁gr en ad es ▁and ▁auto ma tic ▁we ap on s , ▁and ▁many ▁target s , ▁including ▁the ▁Che v ical ▁Cha n n el ▁of ▁Te ch n ology , ▁and ▁the ▁famous ▁Ta j ▁Mah al .
[2026-03-17 13:07:19] Best translation 2 : ▁The ▁search ▁was ▁caused ▁by ▁the ▁same ▁weather ▁that ▁led ▁to ▁the ▁break d own ▁of ▁the ▁land .
[2026-03-17 13:07:19] Best translation 3 : ▁The ▁A C M ▁was ▁also ▁found ed ▁in ▁addition ▁to ▁the ▁video ▁on ▁the ▁Internet , ▁Bi g ▁Bra z er ▁did ▁not ▁violate ▁the ▁content ▁ s ur ve ill ance ▁law ▁as ▁the ▁media ▁was ▁not ▁store d ▁on ▁Bi g ▁Bra z ar ' s ▁website .
[2026-03-17 13:07:19] Best translation 4 : ▁There ▁was ▁a ▁we ak er ▁army ▁and ▁the ▁army ▁was ▁we ak er , ▁although ▁they ▁were ▁built ▁for ▁the ▁new ▁Po pe ▁before ▁the ▁beginning ▁of ▁the ▁war .
[2026-03-17 13:07:19] Best translation 5 : ▁The ▁second ▁goal ▁of ▁the ▁night ▁was ▁the ▁goal ▁of ▁the ▁season , ▁the ▁first ▁player ▁to ▁score ▁6 0 ▁goals ▁or ▁more ▁in ▁a ▁season ▁in ▁19 9 5 – 9 6 , ▁when ▁Ya r mo mer ▁Ya ng er ▁and ▁Ma ri o ▁Li mi o ▁have ▁reached ▁this ▁stage .
[2026-03-17 13:07:19] Best translation 10 : ▁B lo o d ▁flow s ▁through ▁the ▁blood ▁ ve s s el s ▁and ▁comes ▁back ▁to ▁the ▁heart ▁of ▁the ▁blood ▁ ve s s el s . ▁The ▁small est ▁ ner ve s ▁are ▁called ▁the ▁ ner ve .
[2026-03-17 13:07:19] Best translation 20 : ▁Com m un ic ation ▁can ▁also ▁be ▁both ▁real , ▁in ▁other ▁way s , ▁teachers ▁are ▁a ▁com pe ti tor , ▁but ▁the ▁young ▁man ▁is ▁also ▁the ▁ lin k er ▁of ▁the ▁Mi c ro so ft ▁O ff ic ial ▁Ex pl or er .
[2026-03-17 13:07:19] Best translation 40 : ▁The ▁demonstration ▁began ▁at ▁11 : 00 ▁local ▁time ▁( U T C ) ▁in ▁W ol ve s ▁against ▁the ▁police ▁guard ▁g ate , ▁which ▁is ▁the ▁official ▁residence ▁of ▁the ▁prime ▁minister .
[2026-03-17 13:07:20] Best translation 80 : ▁The ▁sign ▁was ▁not ▁harm ful ▁to ▁physical ly ▁physical ly ▁damage d ; ▁the ▁co r res po nd ing ▁was ▁also ▁used ▁using ▁p h y s ic s ▁that ▁was ▁de vo ted ▁to ▁the ▁sign s ▁of ▁peace ▁and ▁heart b re ak ing ▁to ▁change ▁O O ▁to ▁read ▁as ▁small ▁letter s .
[2026-03-17 13:07:22] Best translation 160 : ▁People ▁d res s ed ▁in ▁the ▁win d ow s ▁but ▁the ▁win d ow s ▁did ▁not ▁break .
[2026-03-17 13:07:24] Best translation 320 : ▁Follow ing ▁the ▁ma g ni tu de ▁of ▁the ▁la ke , ▁the ▁shock ▁was ▁found ▁using ▁R O V .
[2026-03-17 13:07:30] Best translation 640 : ▁Japan ▁has ▁about ▁7 00 ▁is land s ▁( ho w est ▁and ▁largest ), ▁which ▁make s ▁Ya ban ▁the ▁seventh ▁largest ▁is land ▁in ▁the ▁world !
[2026-03-17 13:07:39] Best translation 1280 : ▁The ▁bus es ▁leave ▁the ▁district s ▁( f ro m ▁the ▁river ) ▁throughout ▁the ▁day , ▁although ▁most ▁of ▁them , ▁especially ▁those ▁head ing ▁to ▁the ▁ east ▁and ▁Ja kar <0xC4> <0xB1> <0xC4> <0xB1> <0xC4> <0xB1> <0xC4> <0xB1> <0xC4> <0xB1> m <0xC4> <0xB1> g <0xC4> <0xB1> g , ▁between ▁6 : 30 ▁and ▁7 0 : 30 .
[2026-03-17 13:07:51] Total translation time: 32.99587s
[2026-03-17 13:07:51] Saving model weights and runtime parameters to /workspace/OPUS-MT-train/work/ckb-en/curated-floresdev.spm4k-spm4k.transformer.model1.npz.best-bleu.npz
[2026-03-17 13:07:52] [valid] Ep. 18 : Up. 22000 : bleu : 21.2421 : new best
[2026-03-17 13:07:52] Translating validation set...
[2026-03-17 13:07:53] Best translation 0 : ▁This ▁concept ▁comes ▁from ▁ancient ▁a c qu a in t ance s ▁in ▁the ▁mo tion ▁of ▁the ▁in j e ction , ▁which ▁are ▁very ▁ su it able ▁for ▁human ▁ s m ug g ling .
[2026-03-17 13:07:53] Best translation 1 : ▁Mu m ba i ' s ▁attacks ▁came ▁on ▁November ▁2 6 , ▁ 200 8 , ▁with ▁gr en ad es ▁and ▁auto ma tic ▁we ap on s , ▁and ▁many ▁target s , ▁including ▁the ▁Che v ical ▁Cha n n el ▁of ▁Te ch n ology , ▁and ▁the ▁famous ▁Ta j ▁Mah al .
[2026-03-17 13:07:53] Best translation 2 : ▁The ▁search ▁was ▁caused ▁by ▁the ▁same ▁weather ▁that ▁led ▁to ▁the ▁break d own ▁of ▁the ▁land .
[2026-03-17 13:07:53] Best translation 3 : ▁The ▁A C M ▁was ▁also ▁found ed ▁in ▁addition ▁to ▁the ▁video ▁on ▁the ▁Internet , ▁Bi g ▁Bra z er ▁did ▁not ▁violate ▁the ▁content ▁ s ur ve ill ance ▁law ▁as ▁the ▁media ▁was ▁not ▁store d ▁on ▁Bi g ▁Bra z ar ' s ▁website .
[2026-03-17 13:07:53] Best translation 4 : ▁There ▁was ▁a ▁we ak er ▁army ▁and ▁the ▁army ▁was ▁we ak er , ▁although ▁they ▁were ▁built ▁for ▁the ▁new ▁Po pe ▁before ▁the ▁beginning ▁of ▁the ▁war .
[2026-03-17 13:07:53] Best translation 5 : ▁The ▁second ▁goal ▁of ▁the ▁night ▁was ▁the ▁goal ▁of ▁the ▁season , ▁the ▁first ▁player ▁to ▁score ▁6 0 ▁goals ▁or ▁more ▁in ▁a ▁season ▁in ▁19 9 5 – 9 6 , ▁when ▁Ya r mo mer ▁Ya ng er ▁and ▁Ma ri o ▁Li mi o ▁have ▁reached ▁this ▁stage .
[2026-03-17 13:07:53] Best translation 10 : ▁B lo o d ▁flow s ▁through ▁the ▁blood ▁ ve s s el s ▁and ▁comes ▁back ▁to ▁the ▁heart ▁of ▁the ▁blood ▁ ve s s el s . ▁The ▁small est ▁ ner ve s ▁are ▁called ▁the ▁ ner ve .
[2026-03-17 13:07:53] Best translation 20 : ▁Com m un ic ation ▁can ▁also ▁be ▁both ▁real , ▁in ▁other ▁way s , ▁teachers ▁are ▁a ▁com pe ti tor , ▁but ▁the ▁young ▁man ▁is ▁also ▁the ▁ lin k er ▁of ▁the ▁Mi c ro so ft ▁O ff ic ial ▁Ex pl or er .
[2026-03-17 13:07:53] Best translation 40 : ▁The ▁demonstration ▁began ▁at ▁11 : 00 ▁local ▁time ▁( U T C ) ▁in ▁W ol ve s ▁against ▁the ▁police ▁guard ▁g ate , ▁which ▁is ▁the ▁official ▁residence ▁of ▁the ▁prime ▁minister .
[2026-03-17 13:07:54] Best translation 80 : ▁The ▁sign ▁was ▁not ▁harm ful ▁to ▁physical ly ▁physical ly ▁damage d ; ▁the ▁co r res po nd ing ▁was ▁also ▁used ▁using ▁p h y s ic s ▁that ▁was ▁de vo ted ▁to ▁the ▁sign s ▁of ▁peace ▁and ▁heart b re ak ing ▁to ▁change ▁O O ▁to ▁read ▁as ▁small ▁letter s .
[2026-03-17 13:07:56] Best translation 160 : ▁People ▁d res s ed ▁in ▁the ▁win d ow s ▁but ▁the ▁win d ow s ▁did ▁not ▁break .
[2026-03-17 13:07:59] Best translation 320 : ▁Follow ing ▁the ▁ma g ni tu de ▁of ▁the ▁la ke , ▁the ▁shock ▁was ▁found ▁using ▁R O V .
[2026-03-17 13:08:05] Best translation 640 : ▁Japan ▁has ▁about ▁7 00 ▁is land s ▁( ho w est ▁and ▁largest ), ▁which ▁make s ▁Ya ban ▁the ▁seventh ▁largest ▁is land ▁in ▁the ▁world !
[2026-03-17 13:08:14] Best translation 1280 : ▁The ▁bus es ▁leave ▁the ▁district s ▁( f ro m ▁the ▁river ) ▁throughout ▁the ▁day , ▁although ▁most ▁of ▁them , ▁especially ▁those ▁head ing ▁to ▁the ▁ east ▁and ▁Ja kar <0xC4> <0xB1> <0xC4> <0xB1> <0xC4> <0xB1> <0xC4> <0xB1> <0xC4> <0xB1> m <0xC4> <0xB1> g <0xC4> <0xB1> g , ▁between ▁6 : 30 ▁and ▁7 0 : 30 .
[2026-03-17 13:08:26] Total translation time: 34.23354s
[2026-03-17 13:08:26] Saving model weights and runtime parameters to /workspace/OPUS-MT-train/work/ckb-en/curated-floresdev.spm4k-spm4k.transformer.model1.npz.best-chrf.npz
[2026-03-17 13:08:27] [valid] Ep. 18 : Up. 22000 : chrf : 50.0456 : new best
[2026-03-17 13:08:29] Saving model weights and runtime parameters to /workspace/OPUS-MT-train/work/ckb-en/curated-floresdev.spm4k-spm4k.transformer.model1.npz.best-perplexity.npz
[2026-03-17 13:08:30] [valid] Ep. 18 : Up. 22000 : perplexity : 9.40633 : new best
[2026-03-17 13:10:47] Seen 310,206 samples
[2026-03-17 13:10:47] Starting data epoch 19 in logical epoch 19
[2026-03-17 13:11:00] Ep. 19 : Up. 23000 : Sen. 22,882 : Cost 2.22652078 * 9,799,244 @ 9,704 after 225,608,132 : Time 229.98s : 42609.96 words/s : gNorm 0.7304 : L.r. 2.5022e-04
[2026-03-17 13:11:00] Saving model weights and runtime parameters to /workspace/OPUS-MT-train/work/ckb-en/curated-floresdev.spm4k-spm4k.transformer.model1.npz
[2026-03-17 13:11:02] Saving Adam parameters
[2026-03-17 13:11:04] [training] Saving training checkpoint to /workspace/OPUS-MT-train/work/ckb-en/curated-floresdev.spm4k-spm4k.transformer.model1.npz and /workspace/OPUS-MT-train/work/ckb-en/curated-floresdev.spm4k-spm4k.transformer.model1.npz.optimizer.npz
[2026-03-17 13:11:07] Translating validation set...
[2026-03-17 13:11:08] Best translation 0 : ▁This ▁concept ▁comes ▁from ▁old ▁a c qu a in t ance s ▁in ▁the ▁mo tion ▁of ▁the ▁in j e ction , ▁which ▁are ▁very ▁ su it able ▁for ▁human ▁ s m ug g ling .
[2026-03-17 13:11:08] Best translation 1 : ▁Mu m ba i ' s ▁attacks ▁came ▁through ▁ bo at s ▁on ▁November ▁2 6 , ▁ 200 8 , ▁with ▁gr en ad es ▁and ▁auto ma tic ▁we ap on s , ▁and ▁many ▁target s , ▁including ▁the ▁Che r no by l ▁Tra in ing ▁St ra it ▁of ▁Shi va min o ▁and ▁the ▁famous ▁Ta j ▁Mah al .
[2026-03-17 13:11:09] Best translation 2 : ▁The ▁search ▁was ▁caused ▁by ▁the ▁same ▁bad ▁weather ▁that ▁led ▁to ▁the ▁break d own ▁of ▁the ▁land .
[2026-03-17 13:11:09] Best translation 3 : ▁In ▁addition ▁to ▁the ▁video ▁on ▁the ▁Internet , ▁Bi g ▁Bra z er ▁did ▁not ▁violate ▁the ▁content ▁ s ur ve ill ance ▁law ▁as ▁the ▁media ▁was ▁not ▁store d ▁on ▁Bi g ▁Bra z ar ' s ▁website .
[2026-03-17 13:11:09] Best translation 4 : ▁There ▁was ▁a ▁we ak er ▁army ▁and ▁the ▁army ▁was ▁we ak er , ▁although ▁they ▁were ▁built ▁for ▁the ▁new ▁Po pe ▁before ▁the ▁beginning ▁of ▁the ▁war .
[2026-03-17 13:11:09] Best translation 5 : ▁The ▁second ▁goal ▁of ▁the ▁night ▁was ▁the ▁goal ▁of ▁the ▁season , ▁making ▁it ▁the ▁first ▁player ▁to ▁score ▁6 0 ▁goals ▁or ▁more ▁in ▁a ▁season ▁in ▁19 9 5 – 9 6 , ▁when ▁Ya r mo mer ▁Ya ng er ▁and ▁Ma ri o ▁Li mi o ▁have ▁reached ▁this ▁stage .
[2026-03-17 13:11:09] Best translation 10 : ▁B lo o d ▁flow s ▁through ▁the ▁blood ▁ ve s s el s ▁and ▁comes ▁back ▁to ▁the ▁heart ▁of ▁the ▁blood ▁ ve s s el s . ▁The ▁small est ▁ ner ve s ▁are ▁called ▁ ne ur on s .
[2026-03-17 13:11:09] Best translation 20 : ▁Com m un ic ation ▁can ▁also ▁be ▁both ▁real , ▁in ▁other ▁way s , ▁the ▁teacher ▁is ▁a ▁com p ul s or y ▁ style , ▁but ▁the ▁young ▁man ▁is ▁also ▁the ▁ lin k er ▁of ▁the ▁Mi c ro so ft ▁O ff ic ial ▁Ex ch an ge .
[2026-03-17 13:11:09] Best translation 40 : ▁The ▁demonstration ▁began ▁at ▁11 : 00 ▁local ▁time ▁( U T C ) ▁in ▁W ol ve s ▁against ▁the ▁police ▁guard ▁g ate , ▁which ▁is ▁the ▁official ▁residence ▁of ▁the ▁prime ▁minister .
[2026-03-17 13:11:09] Best translation 80 : ▁The ▁sign ▁was ▁not ▁harm ful ▁to ▁physical ▁physical ▁damage ; ▁the ▁inter a ction ▁was ▁also ▁reflect ed ▁using ▁p h y s ic s ▁that ▁were ▁de vo ted ▁to ▁the ▁sign s ▁of ▁peace ▁and ▁heart b re ak ing ▁to ▁change ▁O O ▁to ▁read ▁as ▁small ▁letter s .
[2026-03-17 13:11:11] Best translation 160 : ▁People ▁p ul l ed ▁seats ▁to ▁the ▁win d ow s , ▁but ▁the ▁win d ow s ▁did ▁not ▁break .
[2026-03-17 13:11:14] Best translation 320 : ▁After ▁the ▁design ▁of ▁the ▁la ke , ▁the ▁broke n ▁sea ▁was ▁found ▁using ▁R O V .
[2026-03-17 13:11:18] Best translation 640 : ▁Japan ▁has ▁about ▁7 00 ▁is land s ▁( ho w est ▁and ▁largest ), ▁which ▁make s ▁Japan ▁the ▁seventh ▁largest ▁is land ▁in ▁the ▁world !
[2026-03-17 13:11:28] Best translation 1280 : ▁The ▁bus es ▁leave ▁the ▁district s ▁( f ro m ▁the ▁river ) ▁throughout ▁the ▁day , ▁although ▁most ▁of ▁them , ▁especially ▁those ▁head ing ▁to ▁the ▁ east ▁and ▁Ja kar kar / B am ag ag on ▁between ▁6 : 30 : 30 ▁and ▁7 0 : 30 .
[2026-03-17 13:11:40] Total translation time: 32.12752s
[2026-03-17 13:11:40] Saving model weights and runtime parameters to /workspace/OPUS-MT-train/work/ckb-en/curated-floresdev.spm4k-spm4k.transformer.model1.npz.best-bleu.npz
[2026-03-17 13:11:41] [valid] Ep. 19 : Up. 23000 : bleu : 22.2447 : new best
[2026-03-17 13:11:41] Translating validation set...
[2026-03-17 13:11:41] Best translation 0 : ▁This ▁concept ▁comes ▁from ▁old ▁a c qu a in t ance s ▁in ▁the ▁mo tion ▁of ▁the ▁in j e ction , ▁which ▁are ▁very ▁ su it able ▁for ▁human ▁ s m ug g ling .
[2026-03-17 13:11:41] Best translation 1 : ▁Mu m ba i ' s ▁attacks ▁came ▁through ▁ bo at s ▁on ▁November ▁2 6 , ▁ 200 8 , ▁with ▁gr en ad es ▁and ▁auto ma tic ▁we ap on s , ▁and ▁many ▁target s , ▁including ▁the ▁Che r no by l ▁Tra in ing ▁St ra it ▁of ▁Shi va min o ▁and ▁the ▁famous ▁Ta j ▁Mah al .
[2026-03-17 13:11:42] Best translation 2 : ▁The ▁search ▁was ▁caused ▁by ▁the ▁same ▁bad ▁weather ▁that ▁led ▁to ▁the ▁break d own ▁of ▁the ▁land .
[2026-03-17 13:11:42] Best translation 3 : ▁In ▁addition ▁to ▁the ▁video ▁on ▁the ▁Internet , ▁Bi g ▁Bra z er ▁did ▁not ▁violate ▁the ▁content ▁ s ur ve ill ance ▁law ▁as ▁the ▁media ▁was ▁not ▁store d ▁on ▁Bi g ▁Bra z ar ' s ▁website .
[2026-03-17 13:11:42] Best translation 4 : ▁There ▁was ▁a ▁we ak er ▁army ▁and ▁the ▁army ▁was ▁we ak er , ▁although ▁they ▁were ▁built ▁for ▁the ▁new ▁Po pe ▁before ▁the ▁beginning ▁of ▁the ▁war .
[2026-03-17 13:11:42] Best translation 5 : ▁The ▁second ▁goal ▁of ▁the ▁night ▁was ▁the ▁goal ▁of ▁the ▁season , ▁making ▁it ▁the ▁first ▁player ▁to ▁score ▁6 0 ▁goals ▁or ▁more ▁in ▁a ▁season ▁in ▁19 9 5 – 9 6 , ▁when ▁Ya r mo mer ▁Ya ng er ▁and ▁Ma ri o ▁Li mi o ▁have ▁reached ▁this ▁stage .
[2026-03-17 13:11:42] Best translation 10 : ▁B lo o d ▁flow s ▁through ▁the ▁blood ▁ ve s s el s ▁and ▁comes ▁back ▁to ▁the ▁heart ▁of ▁the ▁blood ▁ ve s s el s . ▁The ▁small est ▁ ner ve s ▁are ▁called ▁ ne ur on s .
[2026-03-17 13:11:42] Best translation 20 : ▁Com m un ic ation ▁can ▁also ▁be ▁both ▁real , ▁in ▁other ▁way s , ▁the ▁teacher ▁is ▁a ▁com p ul s or y ▁ style , ▁but ▁the ▁young ▁man ▁is ▁also ▁the ▁ lin k er ▁of ▁the ▁Mi c ro so ft ▁O ff ic ial ▁Ex ch an ge .
[2026-03-17 13:11:42] Best translation 40 : ▁The ▁demonstration ▁began ▁at ▁11 : 00 ▁local ▁time ▁( U T C ) ▁in ▁W ol ve s ▁against ▁the ▁police ▁guard ▁g ate , ▁which ▁is ▁the ▁official ▁residence ▁of ▁the ▁prime ▁minister .
[2026-03-17 13:11:43] Best translation 80 : ▁The ▁sign ▁was ▁not ▁harm ful ▁to ▁physical ▁physical ▁damage ; ▁the ▁inter a ction ▁was ▁also ▁reflect ed ▁using ▁p h y s ic s ▁that ▁were ▁de vo ted ▁to ▁the ▁sign s ▁of ▁peace ▁and ▁heart b re ak ing ▁to ▁change ▁O O ▁to ▁read ▁as ▁small ▁letter s .
[2026-03-17 13:11:45] Best translation 160 : ▁People ▁p ul l ed ▁seats ▁to ▁the ▁win d ow s , ▁but ▁the ▁win d ow s ▁did ▁not ▁break .
[2026-03-17 13:11:47] Best translation 320 : ▁After ▁the ▁design ▁of ▁the ▁la ke , ▁the ▁broke n ▁sea ▁was ▁found ▁using ▁R O V .
[2026-03-17 13:11:52] Best translation 640 : ▁Japan ▁has ▁about ▁7 00 ▁is land s ▁( ho w est ▁and ▁largest ), ▁which ▁make s ▁Japan ▁the ▁seventh ▁largest ▁is land ▁in ▁the ▁world !
[2026-03-17 13:12:02] Best translation 1280 : ▁The ▁bus es ▁leave ▁the ▁district s ▁( f ro m ▁the ▁river ) ▁throughout ▁the ▁day , ▁although ▁most ▁of ▁them , ▁especially ▁those ▁head ing ▁to ▁the ▁ east ▁and ▁Ja kar kar / B am ag ag on ▁between ▁6 : 30 : 30 ▁and ▁7 0 : 30 .
[2026-03-17 13:12:14] Total translation time: 33.38927s
[2026-03-17 13:12:14] Saving model weights and runtime parameters to /workspace/OPUS-MT-train/work/ckb-en/curated-floresdev.spm4k-spm4k.transformer.model1.npz.best-chrf.npz
[2026-03-17 13:12:16] [valid] Ep. 19 : Up. 23000 : chrf : 51.0049 : new best
[2026-03-17 13:12:17] Saving model weights and runtime parameters to /workspace/OPUS-MT-train/work/ckb-en/curated-floresdev.spm4k-spm4k.transformer.model1.npz.best-perplexity.npz
[2026-03-17 13:12:19] [valid] Ep. 19 : Up. 23000 : perplexity : 8.90167 : new best
[2026-03-17 13:14:49] Ep. 19 : Up. 24000 : Sen. 265,182 : Cost 2.18458009 * 9,821,172 @ 9,204 after 235,429,304 : Time 228.28s : 43022.01 words/s : gNorm 0.7303 : L.r. 2.4495e-04
[2026-03-17 13:14:49] Saving model weights and runtime parameters to /workspace/OPUS-MT-train/work/ckb-en/curated-floresdev.spm4k-spm4k.transformer.model1.npz
[2026-03-17 13:14:50] Saving Adam parameters
[2026-03-17 13:14:53] [training] Saving training checkpoint to /workspace/OPUS-MT-train/work/ckb-en/curated-floresdev.spm4k-spm4k.transformer.model1.npz and /workspace/OPUS-MT-train/work/ckb-en/curated-floresdev.spm4k-spm4k.transformer.model1.npz.optimizer.npz
[2026-03-17 13:14:57] Translating validation set...
[2026-03-17 13:14:57] Best translation 0 : ▁This ▁concept ▁comes ▁from ▁old ▁a c qu a in t ance s ▁in ▁the ▁mo tion ▁of ▁the ▁in j e ction , ▁which ▁are ▁very ▁ su it able ▁for ▁human ▁ s m ug g ling .
[2026-03-17 13:14:57] Best translation 1 : ▁Mu m ba i ' s ▁attack ers ▁came ▁through ▁ bo at s ▁on ▁November ▁2 6 , ▁ 200 8 . ▁They ▁had ▁brought ▁gr en ad es ▁and ▁auto ma tic ▁weapons ▁with ▁them , ▁and ▁several ▁target s ▁included ▁the ▁Che va r mo ▁ ra il way ▁train ▁station ▁and ▁the ▁famous ▁Ta j ▁Mah al .
[2026-03-17 13:14:58] Best translation 2 : ▁The ▁search ▁was ▁caused ▁by ▁the ▁same ▁bad ▁weather ▁that ▁led ▁to ▁the ▁break d own ▁of ▁the ▁land .
[2026-03-17 13:14:58] Best translation 3 : ▁In ▁addition ▁to ▁the ▁video ▁on ▁the ▁Internet , ▁Bi g ▁Bra z er ▁did ▁not ▁violate ▁the ▁content ▁ s ur ve ill ance ▁law ▁as ▁the ▁media ▁was ▁not ▁store d ▁on ▁Bi g ▁Bra z er ' s ▁website .
[2026-03-17 13:14:58] Best translation 4 : ▁There ▁was ▁a ▁we ak er ▁army ▁and ▁the ▁army ▁was ▁we ak er , ▁although ▁they ▁were ▁built ▁for ▁the ▁new ▁Po pe ▁before ▁the ▁beginning ▁of ▁the ▁war .
[2026-03-17 13:14:58] Best translation 5 : ▁The ▁second ▁goal ▁of ▁the ▁night ▁was ▁the ▁goal ▁of ▁the ▁season , ▁became ▁the ▁first ▁player ▁to ▁score ▁ 60 ▁goals ▁or ▁more ▁in ▁a ▁season ▁in ▁19 9 5 – 9 6 , ▁with ▁Ya r mo mer ▁Ya ng er ▁Ya ng er ▁and ▁Ma ri o ▁Le mi o ▁each ▁reached ▁this ▁stage .
[2026-03-17 13:14:58] Best translation 10 : ▁B lo o d ▁flow s ▁through ▁the ▁blood ▁ ve s s el s ▁and ▁comes ▁back ▁to ▁the ▁heart ▁of ▁the ▁blood ▁ ve s s el s . ▁The ▁small est ▁ ner ve s ▁are ▁called ▁ ne ur on s .
[2026-03-17 13:14:58] Best translation 20 : ▁Com m un ic ation ▁can ▁also ▁be ▁both ▁real , ▁in ▁other ▁way s , ▁the ▁teacher ▁is ▁a ▁com p ul s or y ▁ style , ▁but ▁the ▁young ▁man ▁is ▁also ▁the ▁ lin k er ▁of ▁the ▁Mi c ro so ft ▁O ff ic ial ▁Ex ch an ge .
[2026-03-17 13:14:58] Best translation 40 : ▁The ▁demonstration ▁began ▁at ▁11 : 00 ▁local ▁time ▁( U T C <0x2B> 1 ) ▁in ▁W ol ve s ▁against ▁the ▁g ate ▁of ▁the ▁police ▁guard , ▁which ▁is ▁the ▁official ▁residence ▁of ▁the ▁prime ▁minister .
[2026-03-17 13:14:58] Best translation 80 : ▁The ▁sign ▁was ▁not ▁harm ful ▁to ▁physical ly ▁physical ly ▁damage d ; ▁the ▁inter a ction ▁was ▁con s tru c ted ▁using ▁black ▁ ra di ation ▁that ▁was ▁de vo ted ▁to ▁the ▁sign s ▁of ▁peace ▁and ▁heart b re ak ing ▁to ▁change ▁O O ▁to ▁read ▁as ▁small ▁letter s ▁of ▁ i . e .
[2026-03-17 13:15:00] Best translation 160 : ▁People ▁p ul l ed ▁their ▁chair s ▁to ▁the ▁win d ow s , ▁but ▁the ▁win d ow s ▁did ▁not ▁break .
[2026-03-17 13:15:03] Best translation 320 : ▁After ▁the ▁design ▁of ▁the ▁la ke , ▁the ▁broke n ▁sea ▁was ▁found ▁using ▁R O V .
[2026-03-17 13:15:07] Best translation 640 : ▁Japan ▁has ▁about ▁7 00 ▁is land s ▁( ho w est ▁and ▁largest ), ▁making ▁Japan ▁the ▁seventh ▁largest ▁is land ▁in ▁the ▁world !
[2026-03-17 13:15:17] Best translation 1280 : ▁The ▁bus es ▁leave ▁the ▁station s ▁in ▁the ▁district s ▁( f ro m ▁the ▁river ) ▁throughout ▁the ▁day , ▁although ▁most ▁of ▁them , ▁especially ▁those ▁moving ▁to ▁the ▁ east ▁and ▁Ja kar kar / B am ag on ▁between ▁6 : 30 ▁and ▁7 : 30 .
[2026-03-17 13:15:28] Total translation time: 31.80393s
[2026-03-17 13:15:28] Saving model weights and runtime parameters to /workspace/OPUS-MT-train/work/ckb-en/curated-floresdev.spm4k-spm4k.transformer.model1.npz.best-bleu.npz
[2026-03-17 13:15:30] [valid] Ep. 19 : Up. 24000 : bleu : 23.2453 : new best
[2026-03-17 13:15:30] Translating validation set...
[2026-03-17 13:15:30] Best translation 0 : ▁This ▁concept ▁comes ▁from ▁old ▁a c qu a in t ance s ▁in ▁the ▁mo tion ▁of ▁the ▁in j e ction , ▁which ▁are ▁very ▁ su it able ▁for ▁human ▁ s m ug g ling .
[2026-03-17 13:15:30] Best translation 1 : ▁Mu m ba i ' s ▁attack ers ▁came ▁through ▁ bo at s ▁on ▁November ▁2 6 , ▁ 200 8 . ▁They ▁had ▁brought ▁gr en ad es ▁and ▁auto ma tic ▁weapons ▁with ▁them , ▁and ▁several ▁target s ▁included ▁the ▁Che va r mo ▁ ra il way ▁train ▁station ▁and ▁the ▁famous ▁Ta j ▁Mah al .
[2026-03-17 13:15:31] Best translation 2 : ▁The ▁search ▁was ▁caused ▁by ▁the ▁same ▁bad ▁weather ▁that ▁led ▁to ▁the ▁break d own ▁of ▁the ▁land .
[2026-03-17 13:15:31] Best translation 3 : ▁In ▁addition ▁to ▁the ▁video ▁on ▁the ▁Internet , ▁Bi g ▁Bra z er ▁did ▁not ▁violate ▁the ▁content ▁ s ur ve ill ance ▁law ▁as ▁the ▁media ▁was ▁not ▁store d ▁on ▁Bi g ▁Bra z er ' s ▁website .
[2026-03-17 13:15:31] Best translation 4 : ▁There ▁was ▁a ▁we ak er ▁army ▁and ▁the ▁army ▁was ▁we ak er , ▁although ▁they ▁were ▁built ▁for ▁the ▁new ▁Po pe ▁before ▁the ▁beginning ▁of ▁the ▁war .
[2026-03-17 13:15:31] Best translation 5 : ▁The ▁second ▁goal ▁of ▁the ▁night ▁was ▁the ▁goal ▁of ▁the ▁season , ▁became ▁the ▁first ▁player ▁to ▁score ▁ 60 ▁goals ▁or ▁more ▁in ▁a ▁season ▁in ▁19 9 5 – 9 6 , ▁with ▁Ya r mo mer ▁Ya ng er ▁Ya ng er ▁and ▁Ma ri o ▁Le mi o ▁each ▁reached ▁this ▁stage .
[2026-03-17 13:15:31] Best translation 10 : ▁B lo o d ▁flow s ▁through ▁the ▁blood ▁ ve s s el s ▁and ▁comes ▁back ▁to ▁the ▁heart ▁of ▁the ▁blood ▁ ve s s el s . ▁The ▁small est ▁ ner ve s ▁are ▁called ▁ ne ur on s .
[2026-03-17 13:15:31] Best translation 20 : ▁Com m un ic ation ▁can ▁also ▁be ▁both ▁real , ▁in ▁other ▁way s , ▁the ▁teacher ▁is ▁a ▁com p ul s or y ▁ style , ▁but ▁the ▁young ▁man ▁is ▁also ▁the ▁ lin k er ▁of ▁the ▁Mi c ro so ft ▁O ff ic ial ▁Ex ch an ge .
[2026-03-17 13:15:31] Best translation 40 : ▁The ▁demonstration ▁began ▁at ▁11 : 00 ▁local ▁time ▁( U T C <0x2B> 1 ) ▁in ▁W ol ve s ▁against ▁the ▁g ate ▁of ▁the ▁police ▁guard , ▁which ▁is ▁the ▁official ▁residence ▁of ▁the ▁prime ▁minister .
[2026-03-17 13:15:31] Best translation 80 : ▁The ▁sign ▁was ▁not ▁harm ful ▁to ▁physical ly ▁physical ly ▁damage d ; ▁the ▁inter a ction ▁was ▁con s tru c ted ▁using ▁black ▁ ra di ation ▁that ▁was ▁de vo ted ▁to ▁the ▁sign s ▁of ▁peace ▁and ▁heart b re ak ing ▁to ▁change ▁O O ▁to ▁read ▁as ▁small ▁letter s ▁of ▁ i . e .
[2026-03-17 13:15:34] Best translation 160 : ▁People ▁p ul l ed ▁their ▁chair s ▁to ▁the ▁win d ow s , ▁but ▁the ▁win d ow s ▁did ▁not ▁break .
[2026-03-17 13:15:36] Best translation 320 : ▁After ▁the ▁design ▁of ▁the ▁la ke , ▁the ▁broke n ▁sea ▁was ▁found ▁using ▁R O V .
[2026-03-17 13:15:41] Best translation 640 : ▁Japan ▁has ▁about ▁7 00 ▁is land s ▁( ho w est ▁and ▁largest ), ▁making ▁Japan ▁the ▁seventh ▁largest ▁is land ▁in ▁the ▁world !
[2026-03-17 13:15:51] Best translation 1280 : ▁The ▁bus es ▁leave ▁the ▁station s ▁in ▁the ▁district s ▁( f ro m ▁the ▁river ) ▁throughout ▁the ▁day , ▁although ▁most ▁of ▁them , ▁especially ▁those ▁moving ▁to ▁the ▁ east ▁and ▁Ja kar kar / B am ag on ▁between ▁6 : 30 ▁and ▁7 : 30 .
[2026-03-17 13:16:03] Total translation time: 33.37390s
[2026-03-17 13:16:03] Saving model weights and runtime parameters to /workspace/OPUS-MT-train/work/ckb-en/curated-floresdev.spm4k-spm4k.transformer.model1.npz.best-chrf.npz
[2026-03-17 13:16:04] [valid] Ep. 19 : Up. 24000 : chrf : 51.884 : new best
[2026-03-17 13:16:06] Saving model weights and runtime parameters to /workspace/OPUS-MT-train/work/ckb-en/curated-floresdev.spm4k-spm4k.transformer.model1.npz.best-perplexity.npz
[2026-03-17 13:16:07] [valid] Ep. 19 : Up. 24000 : perplexity : 8.50994 : new best
[2026-03-17 13:16:35] Seen 310,206 samples
[2026-03-17 13:16:35] Starting data epoch 20 in logical epoch 20
[2026-03-17 13:18:37] Ep. 20 : Up. 25000 : Sen. 198,111 : Cost 2.14060807 * 9,808,579 @ 9,486 after 245,237,883 : Time 228.50s : 42926.74 words/s : gNorm 0.7318 : L.r. 2.4000e-04
[2026-03-17 13:18:37] Saving model weights and runtime parameters to /workspace/OPUS-MT-train/work/ckb-en/curated-floresdev.spm4k-spm4k.transformer.model1.npz
[2026-03-17 13:18:39] Saving Adam parameters
[2026-03-17 13:18:41] [training] Saving training checkpoint to /workspace/OPUS-MT-train/work/ckb-en/curated-floresdev.spm4k-spm4k.transformer.model1.npz and /workspace/OPUS-MT-train/work/ckb-en/curated-floresdev.spm4k-spm4k.transformer.model1.npz.optimizer.npz
[2026-03-17 13:18:44] Translating validation set...
[2026-03-17 13:18:45] Best translation 0 : ▁This ▁concept ▁comes ▁from ▁ancient ▁a c qu a in t ance ▁from ▁the ▁mo tion ▁of ▁the ▁in j e ction , ▁which ▁is ▁very ▁ su it able ▁for ▁human ▁ s m ug g ling .
[2026-03-17 13:18:45] Best translation 1 : ▁Mu m ba i ' s ▁attack ers ▁came ▁through ▁ bo at s ▁on ▁November ▁2 6 , ▁ 200 8 . ▁They ▁had ▁brought ▁gr en ad es ▁and ▁auto ma tic ▁weapons ▁and ▁target ed ▁several ▁target s , ▁including ▁the ▁Che va j ▁T er min o ▁Tra il ▁and ▁the ▁famous ▁Ta j ▁Mah al .
[2026-03-17 13:18:45] Best translation 2 : ▁The ▁search ▁was ▁caused ▁by ▁the ▁same ▁bad ▁weather ▁that ▁led ▁to ▁the ▁break d own ▁of ▁the ▁land .
[2026-03-17 13:18:45] Best translation 3 : ▁In ▁addition ▁to ▁the ▁video ▁on ▁the ▁Internet , ▁Bi g ▁Bra z er ▁did ▁not ▁violate ▁the ▁content ▁ s ur ve ill ance ▁law ▁as ▁the ▁media ▁was ▁not ▁store d ▁on ▁Bi g ▁Bra z er ' s ▁website .
[2026-03-17 13:18:45] Best translation 4 : ▁There ▁was ▁a ▁we ak er ▁army ▁and ▁the ▁army ▁was ▁we ak er , ▁although ▁they ▁were ▁built ▁for ▁the ▁new ▁Po pe ▁before ▁the ▁beginning ▁of ▁the ▁war .
[2026-03-17 13:18:45] Best translation 5 : ▁The ▁second ▁goal ▁of ▁the ▁night ▁was ▁the ▁goal ▁of ▁the ▁season , ▁became ▁the ▁first ▁player ▁to ▁score ▁ 60 ▁goals ▁or ▁more ▁in ▁a ▁season ▁in ▁19 9 5 – 9 6 , ▁with ▁Ya r mo mer ▁Ya ng er ▁and ▁Ma ri o ▁Li mi u ▁each ▁reached ▁this ▁stage .
[2026-03-17 13:18:46] Best translation 10 : ▁B lo o d ▁flow s ▁through ▁the ▁blood ▁ ve s s el s ▁and ▁comes ▁back ▁to ▁the ▁heart ▁of ▁the ▁blood ▁ ve s s el s . ▁The ▁small est ▁ ner ve s ▁are ▁called ▁ ne ur al ▁ ner ve s .
[2026-03-17 13:18:46] Best translation 20 : ▁Com m un ic ation ▁can ▁also ▁be ▁both ▁real , ▁in ▁other ▁way s , ▁teachers ▁are ▁a ▁ che ap ▁ style , ▁but ▁the ▁young ▁man ▁is ▁also ▁the ▁ lin k er ▁of ▁the ▁Mi c ro so ft ▁O ff ic ial ▁Ex ch an ge .
[2026-03-17 13:18:46] Best translation 40 : ▁The ▁demonstration ▁began ▁at ▁11 : 00 ▁local ▁time ▁( U T C <0x2B> 1 ) ▁in ▁W ol ve s ▁against ▁the ▁g ate ▁of ▁the ▁police ▁guard , ▁which ▁is ▁the ▁official ▁residence ▁of ▁the ▁prime ▁minister .
[2026-03-17 13:18:46] Best translation 80 : ▁The ▁sign ▁was ▁not ▁harm ful ▁to ▁physical ▁physical ▁damage ; ▁the ▁inter a ction ▁was ▁made ▁using ▁black ▁ tu be s ▁that ▁were ▁de c or ated ▁with ▁sign s ▁of ▁peace ▁and ▁heart b re ak ing ▁to ▁change ▁O O ▁to ▁read ▁as ▁small ▁letter s ▁of ▁e . g .
[2026-03-17 13:18:48] Best translation 160 : ▁People ▁p ul l ed ▁their ▁chair s ▁with ▁win d ow s , ▁but ▁the ▁win d ow s ▁did ▁not ▁break .
[2026-03-17 13:18:50] Best translation 320 : ▁After ▁the ▁design ▁of ▁the ▁la ke , ▁the ▁broke n ▁sea ▁was ▁found ▁using ▁R O V .
[2026-03-17 13:18:55] Best translation 640 : ▁Japan ▁has ▁about ▁7 0,000 ▁is land s ▁( ho n est y ▁and ▁largest ), ▁making ▁Japan ▁the ▁seventh ▁largest ▁is land ▁in ▁the ▁world !
[2026-03-17 13:19:04] Best translation 1280 : ▁The ▁bus es ▁leave ▁the ▁station s ▁in ▁the ▁district s ▁( f ro m ▁the ▁river ) ▁throughout ▁the ▁day , ▁although ▁most ▁of ▁them , ▁especially ▁those ▁moving ▁to ▁the ▁ east ▁and ▁Ja kar kar / B u tan ▁between ▁6 : 30 ▁and ▁7 : 30 .
[2026-03-17 13:19:16] Total translation time: 31.27685s
[2026-03-17 13:19:16] Saving model weights and runtime parameters to /workspace/OPUS-MT-train/work/ckb-en/curated-floresdev.spm4k-spm4k.transformer.model1.npz.best-bleu.npz
[2026-03-17 13:19:17] [valid] Ep. 20 : Up. 25000 : bleu : 24.0328 : new best
[2026-03-17 13:19:17] Translating validation set...
[2026-03-17 13:19:17] Best translation 0 : ▁This ▁concept ▁comes ▁from ▁ancient ▁a c qu a in t ance ▁from ▁the ▁mo tion ▁of ▁the ▁in j e ction , ▁which ▁is ▁very ▁ su it able ▁for ▁human ▁ s m ug g ling .
[2026-03-17 13:19:17] Best translation 1 : ▁Mu m ba i ' s ▁attack ers ▁came ▁through ▁ bo at s ▁on ▁November ▁2 6 , ▁ 200 8 . ▁They ▁had ▁brought ▁gr en ad es ▁and ▁auto ma tic ▁weapons ▁and ▁target ed ▁several ▁target s , ▁including ▁the ▁Che va j ▁T er min o ▁Tra il ▁and ▁the ▁famous ▁Ta j ▁Mah al .
[2026-03-17 13:19:18] Best translation 2 : ▁The ▁search ▁was ▁caused ▁by ▁the ▁same ▁bad ▁weather ▁that ▁led ▁to ▁the ▁break d own ▁of ▁the ▁land .
[2026-03-17 13:19:18] Best translation 3 : ▁In ▁addition ▁to ▁the ▁video ▁on ▁the ▁Internet , ▁Bi g ▁Bra z er ▁did ▁not ▁violate ▁the ▁content ▁ s ur ve ill ance ▁law ▁as ▁the ▁media ▁was ▁not ▁store d ▁on ▁Bi g ▁Bra z er ' s ▁website .
[2026-03-17 13:19:18] Best translation 4 : ▁There ▁was ▁a ▁we ak er ▁army ▁and ▁the ▁army ▁was ▁we ak er , ▁although ▁they ▁were ▁built ▁for ▁the ▁new ▁Po pe ▁before ▁the ▁beginning ▁of ▁the ▁war .
[2026-03-17 13:19:18] Best translation 5 : ▁The ▁second ▁goal ▁of ▁the ▁night ▁was ▁the ▁goal ▁of ▁the ▁season , ▁became ▁the ▁first ▁player ▁to ▁score ▁ 60 ▁goals ▁or ▁more ▁in ▁a ▁season ▁in ▁19 9 5 – 9 6 , ▁with ▁Ya r mo mer ▁Ya ng er ▁and ▁Ma ri o ▁Li mi u ▁each ▁reached ▁this ▁stage .
[2026-03-17 13:19:18] Best translation 10 : ▁B lo o d ▁flow s ▁through ▁the ▁blood ▁ ve s s el s ▁and ▁comes ▁back ▁to ▁the ▁heart ▁of ▁the ▁blood ▁ ve s s el s . ▁The ▁small est ▁ ner ve s ▁are ▁called ▁ ne ur al ▁ ner ve s .
[2026-03-17 13:19:18] Best translation 20 : ▁Com m un ic ation ▁can ▁also ▁be ▁both ▁real , ▁in ▁other ▁way s , ▁teachers ▁are ▁a ▁ che ap ▁ style , ▁but ▁the ▁young ▁man ▁is ▁also ▁the ▁ lin k er ▁of ▁the ▁Mi c ro so ft ▁O ff ic ial ▁Ex ch an ge .
[2026-03-17 13:19:18] Best translation 40 : ▁The ▁demonstration ▁began ▁at ▁11 : 00 ▁local ▁time ▁( U T C <0x2B> 1 ) ▁in ▁W ol ve s ▁against ▁the ▁g ate ▁of ▁the ▁police ▁guard , ▁which ▁is ▁the ▁official ▁residence ▁of ▁the ▁prime ▁minister .
[2026-03-17 13:19:19] Best translation 80 : ▁The ▁sign ▁was ▁not ▁harm ful ▁to ▁physical ▁physical ▁damage ; ▁the ▁inter a ction ▁was ▁made ▁using ▁black ▁ tu be s ▁that ▁were ▁de c or ated ▁with ▁sign s ▁of ▁peace ▁and ▁heart b re ak ing ▁to ▁change ▁O O ▁to ▁read ▁as ▁small ▁letter s ▁of ▁e . g .
[2026-03-17 13:19:21] Best translation 160 : ▁People ▁p ul l ed ▁their ▁chair s ▁with ▁win d ow s , ▁but ▁the ▁win d ow s ▁did ▁not ▁break .
[2026-03-17 13:19:23] Best translation 320 : ▁After ▁the ▁design ▁of ▁the ▁la ke , ▁the ▁broke n ▁sea ▁was ▁found ▁using ▁R O V .
[2026-03-17 13:19:28] Best translation 640 : ▁Japan ▁has ▁about ▁7 0,000 ▁is land s ▁( ho n est y ▁and ▁largest ), ▁making ▁Japan ▁the ▁seventh ▁largest ▁is land ▁in ▁the ▁world !
[2026-03-17 13:19:38] Best translation 1280 : ▁The ▁bus es ▁leave ▁the ▁station s ▁in ▁the ▁district s ▁( f ro m ▁the ▁river ) ▁throughout ▁the ▁day , ▁although ▁most ▁of ▁them , ▁especially ▁those ▁moving ▁to ▁the ▁ east ▁and ▁Ja kar kar / B u tan ▁between ▁6 : 30 ▁and ▁7 : 30 .
[2026-03-17 13:19:50] Total translation time: 32.76153s
[2026-03-17 13:19:50] Saving model weights and runtime parameters to /workspace/OPUS-MT-train/work/ckb-en/curated-floresdev.spm4k-spm4k.transformer.model1.npz.best-chrf.npz
[2026-03-17 13:19:51] [valid] Ep. 20 : Up. 25000 : chrf : 52.3774 : new best
[2026-03-17 13:19:53] Saving model weights and runtime parameters to /workspace/OPUS-MT-train/work/ckb-en/curated-floresdev.spm4k-spm4k.transformer.model1.npz.best-perplexity.npz
[2026-03-17 13:19:54] [valid] Ep. 20 : Up. 25000 : perplexity : 8.21536 : new best
[2026-03-17 13:21:03] Seen 310,206 samples
[2026-03-17 13:21:03] Starting data epoch 21 in logical epoch 21
[2026-03-17 13:22:24] Ep. 21 : Up. 26000 : Sen. 132,008 : Cost 2.10626197 * 9,808,498 @ 10,125 after 255,046,381 : Time 227.12s : 43187.28 words/s : gNorm 0.7110 : L.r. 2.3534e-04
[2026-03-17 13:22:24] Saving model weights and runtime parameters to /workspace/OPUS-MT-train/work/ckb-en/curated-floresdev.spm4k-spm4k.transformer.model1.npz
[2026-03-17 13:22:26] Saving Adam parameters
[2026-03-17 13:22:28] [training] Saving training checkpoint to /workspace/OPUS-MT-train/work/ckb-en/curated-floresdev.spm4k-spm4k.transformer.model1.npz and /workspace/OPUS-MT-train/work/ckb-en/curated-floresdev.spm4k-spm4k.transformer.model1.npz.optimizer.npz
[2026-03-17 13:22:32] Translating validation set...
[2026-03-17 13:22:32] Best translation 0 : ▁This ▁concept ▁comes ▁from ▁ancient ▁a c qu a in t ance ▁from ▁the ▁mo tion ▁of ▁the ▁in j e ction ▁mo tion , ▁which ▁are ▁very ▁ su it able ▁for ▁human ▁ s m ug g ling .
[2026-03-17 13:22:32] Best translation 1 : ▁Mu m ba i ' s ▁attack ers ▁came ▁through ▁ bo at s ▁on ▁November ▁2 6 , ▁ 200 8 . ▁They ▁had ▁brought ▁gr en ad es ▁and ▁auto ma tic ▁we ap on s ▁with ▁them ▁and ▁target ed ▁several ▁target s , ▁including ▁the ▁Che va j ▁Ta j ▁Mah al ' s ▁ ra il way ▁train ▁station ▁and ▁Ta j ▁Mah al ' s ▁famous ▁Ta j ▁Mah al .
[2026-03-17 13:22:33] Best translation 2 : ▁The ▁search ▁broke ▁out ▁due ▁to ▁the ▁same ▁bad ▁weather ▁that ▁led ▁to ▁the ▁break d own ▁of ▁the ▁land .
[2026-03-17 13:22:33] Best translation 3 : ▁In ▁addition ▁to ▁the ▁video ▁on ▁the ▁Internet , ▁Bi g ▁Bra z er ▁did ▁not ▁violate ▁the ▁content ▁ s ur ve ill ance ▁law ▁as ▁the ▁media ▁was ▁not ▁store d ▁on ▁Bi g ▁Bra z er ▁website .
[2026-03-17 13:22:33] Best translation 4 : ▁There ▁was ▁a ▁we ak er ▁army ▁and ▁the ▁army ▁was ▁we ak er , ▁although ▁they ▁were ▁built ▁for ▁the ▁new ▁Po pe ▁before ▁the ▁beginning ▁of ▁the ▁war .
[2026-03-17 13:22:33] Best translation 5 : ▁The ▁second ▁goal ▁of ▁the ▁night ▁was ▁the ▁goal ▁of ▁the ▁season , ▁be coming ▁the ▁first ▁player ▁to ▁score ▁ 60 ▁goals ▁or ▁more ▁in ▁a ▁season ▁in ▁19 9 5 - 9 6 , ▁with ▁Ya r mo ir ▁Ya ng er ▁and ▁Ma ri o ▁Li mi u ▁each ▁reached ▁this ▁stage .
[2026-03-17 13:22:33] Best translation 10 : ▁B lo o d ▁flow s ▁through ▁the ▁blood ▁ ve s s el ▁and ▁comes ▁back ▁to ▁the ▁heart ▁from ▁the ▁blood ▁ ve s s el s . ▁The ▁small est ▁ ner ve s ▁are ▁called ▁ ne ur al ▁ ner ve s .
[2026-03-17 13:22:33] Best translation 20 : ▁Com m un ic ation ▁can ▁also ▁be ▁true , ▁in ▁other ▁way s , ▁a ▁teacher ▁is ▁a ▁ lu c r ative ▁ style , ▁but ▁his ▁young ▁man ▁is ▁also ▁the ▁ lin k er ▁of ▁the ▁Mi c ro so ft ▁O ff ic ial ▁paper .
[2026-03-17 13:22:33] Best translation 40 : ▁The ▁demonstration ▁began ▁around ▁11 : 00 ▁local ▁time ▁( U T C <0x2B> 1 ) ▁in ▁W ol ve s ▁against ▁the ▁g ate ▁of ▁the ▁police ▁guard , ▁which ▁is ▁the ▁official ▁residence ▁of ▁the ▁prime ▁minister .
[2026-03-17 13:22:33] Best translation 80 : ▁The ▁sign ▁was ▁not ▁harm ful ▁to ▁physical ▁damage ; ▁The ▁co or din ating ▁was ▁made ▁using ▁black ▁ tar p ol ▁which ▁was ▁de c or ated ▁with ▁sign s ▁of ▁peace ▁and ▁heart b re ak ing ▁to ▁change ▁O ▁to ▁read ▁as ▁small ▁letter s ▁of ▁e . g .
[2026-03-17 13:22:35] Best translation 160 : ▁People ▁p ul l ed ▁their ▁chair s ▁with ▁win d ow s ▁but ▁the ▁win d ow s ▁did ▁not ▁break .
[2026-03-17 13:22:38] Best translation 320 : ▁Follow ing ▁the ▁design ▁of ▁the ▁la ke , ▁the ▁broke n ▁sea ▁was ▁found ▁using ▁R O V .
[2026-03-17 13:22:42] Best translation 640 : ▁Japan ▁has ▁about ▁7 0,000 ▁is land s ▁( ho n est y ▁and ▁largest ), ▁making ▁Japan ▁the ▁seventh ▁largest ▁is land ▁in ▁the ▁world !
[2026-03-17 13:22:52] Best translation 1280 : ▁The ▁bus es ▁leave ▁the ▁station s ▁in ▁the ▁district s ▁( f ro m ▁the ▁river ) ▁throughout ▁the ▁day , ▁although ▁most ▁of ▁them , ▁especially ▁those ▁moving ▁to ▁the ▁ east ▁and ▁Ja kar kar / B u tan ▁between ▁6 : 30 ▁and ▁7 : 30 .
[2026-03-17 13:23:03] Total translation time: 31.57683s
[2026-03-17 13:23:03] Saving model weights and runtime parameters to /workspace/OPUS-MT-train/work/ckb-en/curated-floresdev.spm4k-spm4k.transformer.model1.npz.best-bleu.npz
[2026-03-17 13:23:04] [valid] Ep. 21 : Up. 26000 : bleu : 24.7492 : new best
[2026-03-17 13:23:04] Translating validation set...
[2026-03-17 13:23:05] Best translation 0 : ▁This ▁concept ▁comes ▁from ▁ancient ▁a c qu a in t ance ▁from ▁the ▁mo tion ▁of ▁the ▁in j e ction ▁mo tion , ▁which ▁are ▁very ▁ su it able ▁for ▁human ▁ s m ug g ling .
[2026-03-17 13:23:05] Best translation 1 : ▁Mu m ba i ' s ▁attack ers ▁came ▁through ▁ bo at s ▁on ▁November ▁2 6 , ▁ 200 8 . ▁They ▁had ▁brought ▁gr en ad es ▁and ▁auto ma tic ▁we ap on s ▁with ▁them ▁and ▁target ed ▁several ▁target s , ▁including ▁the ▁Che va j ▁Ta j ▁Mah al ' s ▁ ra il way ▁train ▁station ▁and ▁Ta j ▁Mah al ' s ▁famous ▁Ta j ▁Mah al .
[2026-03-17 13:23:06] Best translation 2 : ▁The ▁search ▁broke ▁out ▁due ▁to ▁the ▁same ▁bad ▁weather ▁that ▁led ▁to ▁the ▁break d own ▁of ▁the ▁land .
[2026-03-17 13:23:06] Best translation 3 : ▁In ▁addition ▁to ▁the ▁video ▁on ▁the ▁Internet , ▁Bi g ▁Bra z er ▁did ▁not ▁violate ▁the ▁content ▁ s ur ve ill ance ▁law ▁as ▁the ▁media ▁was ▁not ▁store d ▁on ▁Bi g ▁Bra z er ▁website .
[2026-03-17 13:23:06] Best translation 4 : ▁There ▁was ▁a ▁we ak er ▁army ▁and ▁the ▁army ▁was ▁we ak er , ▁although ▁they ▁were ▁built ▁for ▁the ▁new ▁Po pe ▁before ▁the ▁beginning ▁of ▁the ▁war .
[2026-03-17 13:23:06] Best translation 5 : ▁The ▁second ▁goal ▁of ▁the ▁night ▁was ▁the ▁goal ▁of ▁the ▁season , ▁be coming ▁the ▁first ▁player ▁to ▁score ▁ 60 ▁goals ▁or ▁more ▁in ▁a ▁season ▁in ▁19 9 5 - 9 6 , ▁with ▁Ya r mo ir ▁Ya ng er ▁and ▁Ma ri o ▁Li mi u ▁each ▁reached ▁this ▁stage .
[2026-03-17 13:23:06] Best translation 10 : ▁B lo o d ▁flow s ▁through ▁the ▁blood ▁ ve s s el ▁and ▁comes ▁back ▁to ▁the ▁heart ▁from ▁the ▁blood ▁ ve s s el s . ▁The ▁small est ▁ ner ve s ▁are ▁called ▁ ne ur al ▁ ner ve s .
[2026-03-17 13:23:06] Best translation 20 : ▁Com m un ic ation ▁can ▁also ▁be ▁true , ▁in ▁other ▁way s , ▁a ▁teacher ▁is ▁a ▁ lu c r ative ▁ style , ▁but ▁his ▁young ▁man ▁is ▁also ▁the ▁ lin k er ▁of ▁the ▁Mi c ro so ft ▁O ff ic ial ▁paper .
[2026-03-17 13:23:06] Best translation 40 : ▁The ▁demonstration ▁began ▁around ▁11 : 00 ▁local ▁time ▁( U T C <0x2B> 1 ) ▁in ▁W ol ve s ▁against ▁the ▁g ate ▁of ▁the ▁police ▁guard , ▁which ▁is ▁the ▁official ▁residence ▁of ▁the ▁prime ▁minister .
[2026-03-17 13:23:06] Best translation 80 : ▁The ▁sign ▁was ▁not ▁harm ful ▁to ▁physical ▁damage ; ▁The ▁co or din ating ▁was ▁made ▁using ▁black ▁ tar p ol ▁which ▁was ▁de c or ated ▁with ▁sign s ▁of ▁peace ▁and ▁heart b re ak ing ▁to ▁change ▁O ▁to ▁read ▁as ▁small ▁letter s ▁of ▁e . g .
[2026-03-17 13:23:08] Best translation 160 : ▁People ▁p ul l ed ▁their ▁chair s ▁with ▁win d ow s ▁but ▁the ▁win d ow s ▁did ▁not ▁break .
[2026-03-17 13:23:11] Best translation 320 : ▁Follow ing ▁the ▁design ▁of ▁the ▁la ke , ▁the ▁broke n ▁sea ▁was ▁found ▁using ▁R O V .
[2026-03-17 13:23:16] Best translation 640 : ▁Japan ▁has ▁about ▁7 0,000 ▁is land s ▁( ho n est y ▁and ▁largest ), ▁making ▁Japan ▁the ▁seventh ▁largest ▁is land ▁in ▁the ▁world !
[2026-03-17 13:23:25] Best translation 1280 : ▁The ▁bus es ▁leave ▁the ▁station s ▁in ▁the ▁district s ▁( f ro m ▁the ▁river ) ▁throughout ▁the ▁day , ▁although ▁most ▁of ▁them , ▁especially ▁those ▁moving ▁to ▁the ▁ east ▁and ▁Ja kar kar / B u tan ▁between ▁6 : 30 ▁and ▁7 : 30 .
[2026-03-17 13:23:37] Total translation time: 32.46437s
[2026-03-17 13:23:37] Saving model weights and runtime parameters to /workspace/OPUS-MT-train/work/ckb-en/curated-floresdev.spm4k-spm4k.transformer.model1.npz.best-chrf.npz
[2026-03-17 13:23:38] [valid] Ep. 21 : Up. 26000 : chrf : 52.8737 : new best
[2026-03-17 13:23:40] Saving model weights and runtime parameters to /workspace/OPUS-MT-train/work/ckb-en/curated-floresdev.spm4k-spm4k.transformer.model1.npz.best-perplexity.npz
[2026-03-17 13:23:41] [valid] Ep. 21 : Up. 26000 : perplexity : 7.98113 : new best
[2026-03-17 13:25:31] Seen 310,206 samples
[2026-03-17 13:25:31] Starting data epoch 22 in logical epoch 22
[2026-03-17 13:26:11] Ep. 22 : Up. 27000 : Sen. 65,158 : Cost 2.07387590 * 9,792,653 @ 12,643 after 264,839,034 : Time 227.01s : 43138.18 words/s : gNorm 0.7152 : L.r. 2.3094e-04
[2026-03-17 13:26:11] Saving model weights and runtime parameters to /workspace/OPUS-MT-train/work/ckb-en/curated-floresdev.spm4k-spm4k.transformer.model1.npz
[2026-03-17 13:26:13] Saving Adam parameters
[2026-03-17 13:26:15] [training] Saving training checkpoint to /workspace/OPUS-MT-train/work/ckb-en/curated-floresdev.spm4k-spm4k.transformer.model1.npz and /workspace/OPUS-MT-train/work/ckb-en/curated-floresdev.spm4k-spm4k.transformer.model1.npz.optimizer.npz
[2026-03-17 13:26:18] Translating validation set...
[2026-03-17 13:26:19] Best translation 0 : ▁This ▁concept ▁comes ▁from ▁ancient ▁a c qu a in t ance ▁from ▁the ▁inside ▁mo tion , ▁which ▁are ▁very ▁ su it able ▁for ▁human ▁ s m ug g ling .
[2026-03-17 13:26:19] Best translation 1 : ▁Mu m ba i ' s ▁attack ers ▁came ▁through ▁ bo at s ▁on ▁November ▁2 6 , ▁ 200 8 . ▁They ▁had ▁brought ▁gr en ad es ▁and ▁auto ma tic ▁weapons ▁with ▁them ▁and ▁target ed ▁several ▁target s , ▁including ▁the ▁Che va j ▁Te n ni s ▁Tra in ing ▁St ation ▁and ▁Ta j ▁Mah al ' s ▁famous ▁Ta j ▁Mah al .
[2026-03-17 13:26:19] Best translation 2 : ▁The ▁search ▁broke ▁out ▁due ▁to ▁the ▁same ▁bad ▁weather ▁that ▁led ▁to ▁the ▁break d own ▁of ▁the ▁land .
[2026-03-17 13:26:19] Best translation 3 : ▁In ▁addition ▁to ▁the ▁video ▁on ▁the ▁Internet , ▁Bi g ▁Bra z er ▁did ▁not ▁violate ▁the ▁domestic ▁content ▁ s ur ve ill ance ▁law ▁as ▁the ▁media ▁was ▁not ▁store d ▁on ▁Bi g ▁Bra z er ▁website .
[2026-03-17 13:26:19] Best translation 4 : ▁There ▁was ▁a ▁we ak er ▁army ▁and ▁the ▁army ▁was ▁we ak er , ▁although ▁they ▁were ▁built ▁for ▁new ▁ ba tter ies ▁before ▁the ▁beginning ▁of ▁the ▁war .
[2026-03-17 13:26:19] Best translation 5 : ▁The ▁second ▁goal ▁of ▁his ▁night ▁was ▁the ▁goal ▁of ▁the ▁season , ▁be coming ▁the ▁first ▁player ▁to ▁score ▁ 60 ▁goals ▁or ▁more ▁in ▁a ▁season ▁in ▁19 9 5 – 9 6 , ▁each ▁of ▁which ▁Ya r mo ir ▁Ya ng er ▁and ▁Ma ri o ▁Li mi o ▁have ▁reached ▁this ▁stage .
[2026-03-17 13:26:19] Best translation 10 : ▁B lo o d ▁flow s ▁through ▁the ▁blood ▁ ve s s el ▁and ▁comes ▁back ▁to ▁the ▁heart ▁from ▁the ▁blood ▁ ve s s el s . ▁The ▁small est ▁ ner ve s ▁are ▁called ▁ ne ur al ▁mu ll el .
[2026-03-17 13:26:19] Best translation 20 : ▁Con s tru ction ▁can ▁also ▁be ▁true , ▁in ▁other ▁way s , ▁teachers ▁are ▁a ▁ lu c r ative ▁ style , ▁but ▁the ▁young ▁man ▁is ▁also ▁the ▁ lin k ▁of ▁the ▁Mi c ro so ft ▁O ff ic ial ▁paper .
[2026-03-17 13:26:19] Best translation 40 : ▁The ▁demonstration ▁began ▁around ▁11 : 00 ▁local ▁time ▁( U T C <0x2B> 1 ) ▁in ▁W ol ve s ▁against ▁the ▁g ate ▁of ▁the ▁police ▁guard , ▁which ▁is ▁the ▁official ▁residence ▁of ▁the ▁prime ▁minister .
[2026-03-17 13:26:20] Best translation 80 : ▁The ▁sign ▁was ▁not ▁harm ful ▁to ▁physical ▁damage ; ▁The ▁con fi g ur ation ▁was ▁made ▁using ▁black ▁to ol s ▁that ▁were ▁de c or ated ▁with ▁sign s ▁of ▁peace ▁and ▁heart b re ak ing ▁to ▁change ▁O ▁to ▁read ▁as ▁small ▁letter s ▁of ▁e . g .
[2026-03-17 13:26:22] Best translation 160 : ▁People ▁p ul l ed ▁their ▁chair s ▁with ▁win d ow s ▁but ▁the ▁win d ow s ▁did ▁not ▁break .
[2026-03-17 13:26:24] Best translation 320 : ▁Follow ing ▁the ▁design ▁of ▁the ▁la ke , ▁it ▁was ▁found ▁to ▁be ▁used ▁by ▁R O V .
[2026-03-17 13:26:29] Best translation 640 : ▁Japan ▁has ▁about ▁7 0,000 ▁is land s ▁( ho n est y ▁and ▁largest ), ▁making ▁Japan ▁the ▁seventh ▁largest ▁is land ▁in ▁the ▁world !
[2026-03-17 13:26:38] Best translation 1280 : ▁The ▁bus es ▁leave ▁the ▁district ▁station s ▁( f ro m ▁the ▁river ) ▁throughout ▁the ▁day , ▁although ▁most ▁of ▁them , ▁especially ▁those ▁head ing ▁to ▁the ▁ east ▁and ▁Ja kar kar / B am ut gan g ▁between ▁6 : 30 ▁and ▁7 : 30 .
[2026-03-17 13:26:49] Total translation time: 31.37311s
[2026-03-17 13:26:49] Saving model weights and runtime parameters to /workspace/OPUS-MT-train/work/ckb-en/curated-floresdev.spm4k-spm4k.transformer.model1.npz.best-bleu.npz
[2026-03-17 13:26:51] [valid] Ep. 22 : Up. 27000 : bleu : 25.168 : new best
[2026-03-17 13:26:51] Translating validation set...
[2026-03-17 13:26:51] Best translation 0 : ▁This ▁concept ▁comes ▁from ▁ancient ▁a c qu a in t ance ▁from ▁the ▁inside ▁mo tion , ▁which ▁are ▁very ▁ su it able ▁for ▁human ▁ s m ug g ling .
[2026-03-17 13:26:51] Best translation 1 : ▁Mu m ba i ' s ▁attack ers ▁came ▁through ▁ bo at s ▁on ▁November ▁2 6 , ▁ 200 8 . ▁They ▁had ▁brought ▁gr en ad es ▁and ▁auto ma tic ▁weapons ▁with ▁them ▁and ▁target ed ▁several ▁target s , ▁including ▁the ▁Che va j ▁Te n ni s ▁Tra in ing ▁St ation ▁and ▁Ta j ▁Mah al ' s ▁famous ▁Ta j ▁Mah al .
[2026-03-17 13:26:52] Best translation 2 : ▁The ▁search ▁broke ▁out ▁due ▁to ▁the ▁same ▁bad ▁weather ▁that ▁led ▁to ▁the ▁break d own ▁of ▁the ▁land .
[2026-03-17 13:26:52] Best translation 3 : ▁In ▁addition ▁to ▁the ▁video ▁on ▁the ▁Internet , ▁Bi g ▁Bra z er ▁did ▁not ▁violate ▁the ▁domestic ▁content ▁ s ur ve ill ance ▁law ▁as ▁the ▁media ▁was ▁not ▁store d ▁on ▁Bi g ▁Bra z er ▁website .
[2026-03-17 13:26:52] Best translation 4 : ▁There ▁was ▁a ▁we ak er ▁army ▁and ▁the ▁army ▁was ▁we ak er , ▁although ▁they ▁were ▁built ▁for ▁new ▁ ba tter ies ▁before ▁the ▁beginning ▁of ▁the ▁war .
[2026-03-17 13:26:52] Best translation 5 : ▁The ▁second ▁goal ▁of ▁his ▁night ▁was ▁the ▁goal ▁of ▁the ▁season , ▁be coming ▁the ▁first ▁player ▁to ▁score ▁ 60 ▁goals ▁or ▁more ▁in ▁a ▁season ▁in ▁19 9 5 – 9 6 , ▁each ▁of ▁which ▁Ya r mo ir ▁Ya ng er ▁and ▁Ma ri o ▁Li mi o ▁have ▁reached ▁this ▁stage .
[2026-03-17 13:26:52] Best translation 10 : ▁B lo o d ▁flow s ▁through ▁the ▁blood ▁ ve s s el ▁and ▁comes ▁back ▁to ▁the ▁heart ▁from ▁the ▁blood ▁ ve s s el s . ▁The ▁small est ▁ ner ve s ▁are ▁called ▁ ne ur al ▁mu ll el .
[2026-03-17 13:26:52] Best translation 20 : ▁Con s tru ction ▁can ▁also ▁be ▁true , ▁in ▁other ▁way s , ▁teachers ▁are ▁a ▁ lu c r ative ▁ style , ▁but ▁the ▁young ▁man ▁is ▁also ▁the ▁ lin k ▁of ▁the ▁Mi c ro so ft ▁O ff ic ial ▁paper .
[2026-03-17 13:26:52] Best translation 40 : ▁The ▁demonstration ▁began ▁around ▁11 : 00 ▁local ▁time ▁( U T C <0x2B> 1 ) ▁in ▁W ol ve s ▁against ▁the ▁g ate ▁of ▁the ▁police ▁guard , ▁which ▁is ▁the ▁official ▁residence ▁of ▁the ▁prime ▁minister .
[2026-03-17 13:26:52] Best translation 80 : ▁The ▁sign ▁was ▁not ▁harm ful ▁to ▁physical ▁damage ; ▁The ▁con fi g ur ation ▁was ▁made ▁using ▁black ▁to ol s ▁that ▁were ▁de c or ated ▁with ▁sign s ▁of ▁peace ▁and ▁heart b re ak ing ▁to ▁change ▁O ▁to ▁read ▁as ▁small ▁letter s ▁of ▁e . g .
[2026-03-17 13:26:54] Best translation 160 : ▁People ▁p ul l ed ▁their ▁chair s ▁with ▁win d ow s ▁but ▁the ▁win d ow s ▁did ▁not ▁break .
[2026-03-17 13:26:57] Best translation 320 : ▁Follow ing ▁the ▁design ▁of ▁the ▁la ke , ▁it ▁was ▁found ▁to ▁be ▁used ▁by ▁R O V .
[2026-03-17 13:27:02] Best translation 640 : ▁Japan ▁has ▁about ▁7 0,000 ▁is land s ▁( ho n est y ▁and ▁largest ), ▁making ▁Japan ▁the ▁seventh ▁largest ▁is land ▁in ▁the ▁world !
[2026-03-17 13:27:12] Best translation 1280 : ▁The ▁bus es ▁leave ▁the ▁district ▁station s ▁( f ro m ▁the ▁river ) ▁throughout ▁the ▁day , ▁although ▁most ▁of ▁them , ▁especially ▁those ▁head ing ▁to ▁the ▁ east ▁and ▁Ja kar kar / B am ut gan g ▁between ▁6 : 30 ▁and ▁7 : 30 .
[2026-03-17 13:27:23] Total translation time: 32.53196s
[2026-03-17 13:27:23] Saving model weights and runtime parameters to /workspace/OPUS-MT-train/work/ckb-en/curated-floresdev.spm4k-spm4k.transformer.model1.npz.best-chrf.npz
[2026-03-17 13:27:24] [valid] Ep. 22 : Up. 27000 : chrf : 53.2641 : new best
[2026-03-17 13:27:26] Saving model weights and runtime parameters to /workspace/OPUS-MT-train/work/ckb-en/curated-floresdev.spm4k-spm4k.transformer.model1.npz.best-perplexity.npz
[2026-03-17 13:27:27] [valid] Ep. 22 : Up. 27000 : perplexity : 7.7939 : new best
[2026-03-17 13:29:57] Ep. 22 : Up. 28000 : Sen. 309,227 : Cost 2.03899145 * 9,809,365 @ 9,115 after 274,648,399 : Time 225.79s : 43445.39 words/s : gNorm 0.6985 : L.r. 2.2678e-04
[2026-03-17 13:29:57] Saving model weights and runtime parameters to /workspace/OPUS-MT-train/work/ckb-en/curated-floresdev.spm4k-spm4k.transformer.model1.npz
[2026-03-17 13:29:59] Saving Adam parameters
[2026-03-17 13:30:00] [training] Saving training checkpoint to /workspace/OPUS-MT-train/work/ckb-en/curated-floresdev.spm4k-spm4k.transformer.model1.npz and /workspace/OPUS-MT-train/work/ckb-en/curated-floresdev.spm4k-spm4k.transformer.model1.npz.optimizer.npz
[2026-03-17 13:30:04] Translating validation set...
[2026-03-17 13:30:04] Best translation 0 : ▁This ▁concept ▁comes ▁from ▁ancient ▁a c qu a in t ance ▁from ▁the ▁mo s qui to es ▁in ▁the ▁in j e ction , ▁which ▁are ▁very ▁ su it able ▁for ▁human ▁ s m ug g ling .
[2026-03-17 13:30:04] Best translation 1 : ▁Mu m ba i ' s ▁attack ers ▁reached ▁their ▁ bo at ▁on ▁November ▁2 6 , ▁ 200 8 . ▁They ▁had ▁brought ▁gr en ad es ▁and ▁auto ma tic ▁weapons ▁and ▁target ed ▁several ▁target s , ▁including ▁the ▁Che va j ▁Te m pe ra tic ▁Tra il ▁station ▁and ▁Ta j ▁Mah al ' s ▁famous ▁Ta j ▁Mah al .
[2026-03-17 13:30:05] Best translation 2 : ▁The ▁search ▁was ▁disrupt ed ▁by ▁the ▁same ▁bad ▁weather ▁that ▁led ▁to ▁the ▁break d own ▁of ▁the ▁land .
[2026-03-17 13:30:05] Best translation 3 : ▁A C M A ▁was ▁also ▁found ed ▁d espite ▁the ▁video ▁on ▁the ▁Internet , ▁Bi g ▁Bra z er ▁did ▁not ▁violate ▁the ▁domestic ▁content ▁ s ur ve ill ance ▁law ▁as ▁the ▁media ▁was ▁not ▁store d ▁on ▁Bi g ▁Bra z er ▁website .
[2026-03-17 13:30:05] Best translation 4 : ▁There ▁was ▁a ▁we ak er ▁army ▁and ▁the ▁army ▁was ▁we ak er , ▁although ▁they ▁were ▁built ▁for ▁new ▁ ba tter ies ▁before ▁the ▁beginning ▁of ▁the ▁war .
[2026-03-17 13:30:05] Best translation 5 : ▁The ▁second ▁goal ▁of ▁his ▁night ▁was ▁the ▁goal ▁of ▁the ▁season , ▁be coming ▁the ▁first ▁player ▁to ▁score ▁ 60 ▁goals ▁or ▁more ▁in ▁a ▁season ▁in ▁19 9 5 – 9 6 , ▁each ▁of ▁which ▁Ya r mo ir ▁Ya ng er ▁and ▁Ma ri o ▁Li mi o ▁have ▁reached ▁this ▁stage .
[2026-03-17 13:30:05] Best translation 10 : ▁B lo o d ▁flow s ▁through ▁the ▁blood ▁ ve s s el ▁and ▁comes ▁back ▁to ▁the ▁heart ▁from ▁the ▁blood ▁ ve s s el s . ▁The ▁small est ▁ ner ve s ▁are ▁called ▁ ne ur al ▁mu ll el .
[2026-03-17 13:30:05] Best translation 20 : ▁Con s tru ction ▁can ▁also ▁be ▁true , ▁in ▁other ▁way s , ▁teachers ▁are ▁a ▁ lu c r ative ▁ style , ▁but ▁the ▁young ▁man ▁is ▁also ▁the ▁ lin k ▁of ▁the ▁Mi c ro so ft ▁O ff ic ial ▁paper .
[2026-03-17 13:30:05] Best translation 40 : ▁The ▁demonstration ▁began ▁around ▁11 : 00 ▁local ▁time ▁( U T C <0x2B> 1 ) ▁in ▁Wa it ol ▁against ▁the ▁g ate ▁of ▁the ▁police ▁guard ▁to ▁the ▁Da n ing ▁Street , ▁which ▁is ▁the ▁official ▁residence ▁of ▁the ▁prime ▁minister .
[2026-03-17 13:30:05] Best translation 80 : ▁The ▁ s y mp t om ▁was ▁not ▁harm ful ▁to ▁physical ▁damage ; ▁The ▁ s us pe n sion ▁was ▁made ▁using ▁black ▁ tar p ol ▁which ▁was ▁de c or ated ▁with ▁sign s ▁of ▁peace ▁and ▁heart ▁to ▁change ▁O ▁to ▁read ▁as ▁a ▁small ▁letter ▁of ▁e . g .
[2026-03-17 13:30:07] Best translation 160 : ▁People ▁p ul l ed ▁their ▁chair s ▁with ▁win d ow s ▁but ▁the ▁win d ow s ▁did ▁not ▁break .
[2026-03-17 13:30:10] Best translation 320 : ▁Follow ing ▁the ▁design ▁of ▁the ▁la ke , ▁it ▁was ▁found ▁to ▁be ▁used ▁by ▁R O V .
[2026-03-17 13:30:14] Best translation 640 : ▁Japan ▁has ▁about ▁7 0,000 ▁is land s ▁( ho n est y ▁and ▁largest ), ▁making ▁Japan ▁the ▁seventh ▁largest ▁is land ▁in ▁the ▁world !
[2026-03-17 13:30:24] Best translation 1280 : ▁The ▁bus es ▁leave ▁the ▁district ▁station s ▁( f ro m ▁the ▁river ) ▁throughout ▁the ▁day , ▁although ▁most ▁of ▁them , ▁especially ▁those ▁head ing ▁to ▁the ▁ east ▁and ▁Ja kar kar / B am ut gan g ▁between ▁6 : 30 ▁and ▁7 : 30 .
[2026-03-17 13:30:35] Total translation time: 31.40450s
[2026-03-17 13:30:35] Saving model weights and runtime parameters to /workspace/OPUS-MT-train/work/ckb-en/curated-floresdev.spm4k-spm4k.transformer.model1.npz.best-bleu.npz
[2026-03-17 13:30:36] [valid] Ep. 22 : Up. 28000 : bleu : 25.6821 : new best
[2026-03-17 13:30:36] Translating validation set...
[2026-03-17 13:30:37] Best translation 0 : ▁This ▁concept ▁comes ▁from ▁ancient ▁a c qu a in t ance ▁from ▁the ▁mo s qui to es ▁in ▁the ▁in j e ction , ▁which ▁are ▁very ▁ su it able ▁for ▁human ▁ s m ug g ling .
[2026-03-17 13:30:37] Best translation 1 : ▁Mu m ba i ' s ▁attack ers ▁reached ▁their ▁ bo at ▁on ▁November ▁2 6 , ▁ 200 8 . ▁They ▁had ▁brought ▁gr en ad es ▁and ▁auto ma tic ▁weapons ▁and ▁target ed ▁several ▁target s , ▁including ▁the ▁Che va j ▁Te m pe ra tic ▁Tra il ▁station ▁and ▁Ta j ▁Mah al ' s ▁famous ▁Ta j ▁Mah al .
[2026-03-17 13:30:37] Best translation 2 : ▁The ▁search ▁was ▁disrupt ed ▁by ▁the ▁same ▁bad ▁weather ▁that ▁led ▁to ▁the ▁break d own ▁of ▁the ▁land .
[2026-03-17 13:30:37] Best translation 3 : ▁A C M A ▁was ▁also ▁found ed ▁d espite ▁the ▁video ▁on ▁the ▁Internet , ▁Bi g ▁Bra z er ▁did ▁not ▁violate ▁the ▁domestic ▁content ▁ s ur ve ill ance ▁law ▁as ▁the ▁media ▁was ▁not ▁store d ▁on ▁Bi g ▁Bra z er ▁website .
[2026-03-17 13:30:37] Best translation 4 : ▁There ▁was ▁a ▁we ak er ▁army ▁and ▁the ▁army ▁was ▁we ak er , ▁although ▁they ▁were ▁built ▁for ▁new ▁ ba tter ies ▁before ▁the ▁beginning ▁of ▁the ▁war .
[2026-03-17 13:30:37] Best translation 5 : ▁The ▁second ▁goal ▁of ▁his ▁night ▁was ▁the ▁goal ▁of ▁the ▁season , ▁be coming ▁the ▁first ▁player ▁to ▁score ▁ 60 ▁goals ▁or ▁more ▁in ▁a ▁season ▁in ▁19 9 5 – 9 6 , ▁each ▁of ▁which ▁Ya r mo ir ▁Ya ng er ▁and ▁Ma ri o ▁Li mi o ▁have ▁reached ▁this ▁stage .
[2026-03-17 13:30:37] Best translation 10 : ▁B lo o d ▁flow s ▁through ▁the ▁blood ▁ ve s s el ▁and ▁comes ▁back ▁to ▁the ▁heart ▁from ▁the ▁blood ▁ ve s s el s . ▁The ▁small est ▁ ner ve s ▁are ▁called ▁ ne ur al ▁mu ll el .
[2026-03-17 13:30:37] Best translation 20 : ▁Con s tru ction ▁can ▁also ▁be ▁true , ▁in ▁other ▁way s , ▁teachers ▁are ▁a ▁ lu c r ative ▁ style , ▁but ▁the ▁young ▁man ▁is ▁also ▁the ▁ lin k ▁of ▁the ▁Mi c ro so ft ▁O ff ic ial ▁paper .
[2026-03-17 13:30:37] Best translation 40 : ▁The ▁demonstration ▁began ▁around ▁11 : 00 ▁local ▁time ▁( U T C <0x2B> 1 ) ▁in ▁Wa it ol ▁against ▁the ▁g ate ▁of ▁the ▁police ▁guard ▁to ▁the ▁Da n ing ▁Street , ▁which ▁is ▁the ▁official ▁residence ▁of ▁the ▁prime ▁minister .
[2026-03-17 13:30:38] Best translation 80 : ▁The ▁ s y mp t om ▁was ▁not ▁harm ful ▁to ▁physical ▁damage ; ▁The ▁ s us pe n sion ▁was ▁made ▁using ▁black ▁ tar p ol ▁which ▁was ▁de c or ated ▁with ▁sign s ▁of ▁peace ▁and ▁heart ▁to ▁change ▁O ▁to ▁read ▁as ▁a ▁small ▁letter ▁of ▁e . g .
[2026-03-17 13:30:40] Best translation 160 : ▁People ▁p ul l ed ▁their ▁chair s ▁with ▁win d ow s ▁but ▁the ▁win d ow s ▁did ▁not ▁break .
[2026-03-17 13:30:43] Best translation 320 : ▁Follow ing ▁the ▁design ▁of ▁the ▁la ke , ▁it ▁was ▁found ▁to ▁be ▁used ▁by ▁R O V .
[2026-03-17 13:30:47] Best translation 640 : ▁Japan ▁has ▁about ▁7 0,000 ▁is land s ▁( ho n est y ▁and ▁largest ), ▁making ▁Japan ▁the ▁seventh ▁largest ▁is land ▁in ▁the ▁world !
[2026-03-17 13:30:57] Best translation 1280 : ▁The ▁bus es ▁leave ▁the ▁district ▁station s ▁( f ro m ▁the ▁river ) ▁throughout ▁the ▁day , ▁although ▁most ▁of ▁them , ▁especially ▁those ▁head ing ▁to ▁the ▁ east ▁and ▁Ja kar kar / B am ut gan g ▁between ▁6 : 30 ▁and ▁7 : 30 .
[2026-03-17 13:31:09] Total translation time: 32.47619s
[2026-03-17 13:31:09] Saving model weights and runtime parameters to /workspace/OPUS-MT-train/work/ckb-en/curated-floresdev.spm4k-spm4k.transformer.model1.npz.best-chrf.npz
[2026-03-17 13:31:10] [valid] Ep. 22 : Up. 28000 : chrf : 53.7155 : new best
[2026-03-17 13:31:12] Saving model weights and runtime parameters to /workspace/OPUS-MT-train/work/ckb-en/curated-floresdev.spm4k-spm4k.transformer.model1.npz.best-perplexity.npz
[2026-03-17 13:31:13] [valid] Ep. 22 : Up. 28000 : perplexity : 7.65031 : new best
[2026-03-17 13:31:14] Seen 310,206 samples
[2026-03-17 13:31:14] Starting data epoch 23 in logical epoch 23
[2026-03-17 13:33:43] Ep. 23 : Up. 29000 : Sen. 243,559 : Cost 2.01608157 * 9,815,057 @ 9,539 after 284,463,456 : Time 226.01s : 43426.65 words/s : gNorm 0.6992 : L.r. 2.2283e-04
[2026-03-17 13:33:43] Saving model weights and runtime parameters to /workspace/OPUS-MT-train/work/ckb-en/curated-floresdev.spm4k-spm4k.transformer.model1.npz
[2026-03-17 13:33:45] Saving Adam parameters
[2026-03-17 13:33:47] [training] Saving training checkpoint to /workspace/OPUS-MT-train/work/ckb-en/curated-floresdev.spm4k-spm4k.transformer.model1.npz and /workspace/OPUS-MT-train/work/ckb-en/curated-floresdev.spm4k-spm4k.transformer.model1.npz.optimizer.npz
[2026-03-17 13:33:50] Translating validation set...
[2026-03-17 13:33:51] Best translation 0 : ▁This ▁concept ▁came ▁from ▁ancient ▁a c qu a in t ance ▁from ▁the ▁mo s qui to ▁mo s qui to es , ▁which ▁are ▁very ▁ su it able ▁for ▁human ▁ s we ating .
[2026-03-17 13:33:51] Best translation 1 : ▁Mu m ba i ' s ▁attack ers ▁reached ▁their ▁ bo at ▁on ▁November ▁2 6 , ▁ 200 8 . ▁They ▁had ▁brought ▁gr en ad es ▁and ▁auto ma tic ▁weapons ▁and ▁target ed ▁several ▁target s , ▁including ▁the ▁Che va j ▁Te m pe ra ture ▁Tra in ing ▁St ation ▁and ▁the ▁famous ▁Ta j ▁Mah al ▁Hotel .
[2026-03-17 13:33:51] Best translation 2 : ▁The ▁search ▁was ▁disrupt ed ▁by ▁the ▁same ▁bad ▁weather ▁that ▁led ▁to ▁the ▁break d own ▁of ▁the ▁land .
[2026-03-17 13:33:51] Best translation 3 : ▁A C M A ▁was ▁also ▁found ed ▁d espite ▁the ▁video ▁on ▁the ▁Internet , ▁Bi g ▁Bra z er ▁did ▁not ▁violate ▁the ▁domestic ▁content ▁ s ur ve ill ance ▁law ▁as ▁the ▁media ▁was ▁not ▁store d ▁on ▁Bi g ▁Bra z er ▁website .
[2026-03-17 13:33:51] Best translation 4 : ▁There ▁was ▁a ▁we ak er ▁army ▁and ▁the ▁army ▁was ▁we ak er , ▁although ▁they ▁were ▁built ▁for ▁new ▁ ba tter ies ▁before ▁the ▁beginning ▁of ▁the ▁war .
[2026-03-17 13:33:51] Best translation 5 : ▁The ▁second ▁goal ▁of ▁his ▁night ▁was ▁the ▁goal ▁of ▁the ▁season , ▁be coming ▁the ▁first ▁player ▁to ▁score ▁ 60 ▁goals ▁or ▁more ▁in ▁a ▁season ▁in ▁19 9 5 – 9 6 , ▁each ▁of ▁which ▁Ya r mo ir ▁Ya ng er ▁and ▁Ma ri o ▁Li mi u ▁have ▁reached ▁this ▁stage .
[2026-03-17 13:33:51] Best translation 10 : ▁B lo o d ▁flow s ▁through ▁the ▁blood ▁ ve s s el ▁and ▁comes ▁back ▁to ▁the ▁heart ▁from ▁the ▁blood ▁ ve s s el s . ▁The ▁small est ▁ ner ve s ▁are ▁called ▁ ne ur al ▁mu ll el .
[2026-03-17 13:33:51] Best translation 20 : ▁Con s tru ction ▁can ▁also ▁be ▁true , ▁in ▁other ▁way s , ▁teachers ▁are ▁a ▁ lu c r ative ▁ style , ▁but ▁the ▁young ▁man ▁is ▁also ▁the ▁ lin k ▁of ▁the ▁Mi c ro so ft ▁O ff ic ial ▁paper .
[2026-03-17 13:33:51] Best translation 40 : ▁The ▁demonstration ▁began ▁around ▁11 : 00 ▁local ▁time ▁( U T C <0x2B> 1 ) ▁in ▁W y ol ▁against ▁the ▁g ate ▁of ▁the ▁police ▁guard ▁to ▁the ▁Da n ing ▁Street , ▁which ▁is ▁the ▁official ▁residence ▁of ▁the ▁prime ▁minister .
[2026-03-17 13:33:52] Best translation 80 : ▁The ▁sign ▁was ▁not ▁harm ful ▁to ▁physical ▁damage ; ▁The ▁co or din ation ▁was ▁made ▁using ▁black ▁ tar p ol ▁which ▁was ▁de c or ated ▁with ▁sign s ▁of ▁peace ▁and ▁heart ▁to ▁change ▁O ▁to ▁read ▁as ▁a ▁small ▁letter ▁of ▁e . g .
[2026-03-17 13:33:54] Best translation 160 : ▁People ▁p ul l ed ▁their ▁chair s ▁with ▁win d ow s ▁but ▁the ▁win d ow s ▁did ▁not ▁break .
[2026-03-17 13:33:56] Best translation 320 : ▁Follow ing ▁the ▁ma p ▁of ▁the ▁la ke , ▁it ▁was ▁found ▁to ▁be ▁used ▁by ▁R O V .
[2026-03-17 13:34:01] Best translation 640 : ▁Japan ▁has ▁about ▁7 0,000 ▁is land s ▁( ho n est ▁and ▁largest ), ▁making ▁Japan ▁the ▁seventh ▁largest ▁is land ▁in ▁the ▁world !
[2026-03-17 13:34:11] Best translation 1280 : ▁The ▁bus es ▁leave ▁station s ▁in ▁the ▁district s ▁( f ro m ▁the ▁river ) ▁throughout ▁the ▁day , ▁although ▁most ▁of ▁them , ▁especially ▁those ▁head ▁to ▁the ▁ east ▁and ▁Ja kar / B am ut gan g ▁between ▁6 : 30 ▁and ▁7 : 30 .
[2026-03-17 13:34:22] Total translation time: 31.88191s
[2026-03-17 13:34:22] Saving model weights and runtime parameters to /workspace/OPUS-MT-train/work/ckb-en/curated-floresdev.spm4k-spm4k.transformer.model1.npz.best-bleu.npz
[2026-03-17 13:34:24] [valid] Ep. 23 : Up. 29000 : bleu : 25.983 : new best
[2026-03-17 13:34:24] Translating validation set...
[2026-03-17 13:34:24] Best translation 0 : ▁This ▁concept ▁came ▁from ▁ancient ▁a c qu a in t ance ▁from ▁the ▁mo s qui to ▁mo s qui to es , ▁which ▁are ▁very ▁ su it able ▁for ▁human ▁ s we ating .
[2026-03-17 13:34:24] Best translation 1 : ▁Mu m ba i ' s ▁attack ers ▁reached ▁their ▁ bo at ▁on ▁November ▁2 6 , ▁ 200 8 . ▁They ▁had ▁brought ▁gr en ad es ▁and ▁auto ma tic ▁weapons ▁and ▁target ed ▁several ▁target s , ▁including ▁the ▁Che va j ▁Te m pe ra ture ▁Tra in ing ▁St ation ▁and ▁the ▁famous ▁Ta j ▁Mah al ▁Hotel .
[2026-03-17 13:34:25] Best translation 2 : ▁The ▁search ▁was ▁disrupt ed ▁by ▁the ▁same ▁bad ▁weather ▁that ▁led ▁to ▁the ▁break d own ▁of ▁the ▁land .
[2026-03-17 13:34:25] Best translation 3 : ▁A C M A ▁was ▁also ▁found ed ▁d espite ▁the ▁video ▁on ▁the ▁Internet , ▁Bi g ▁Bra z er ▁did ▁not ▁violate ▁the ▁domestic ▁content ▁ s ur ve ill ance ▁law ▁as ▁the ▁media ▁was ▁not ▁store d ▁on ▁Bi g ▁Bra z er ▁website .
[2026-03-17 13:34:25] Best translation 4 : ▁There ▁was ▁a ▁we ak er ▁army ▁and ▁the ▁army ▁was ▁we ak er , ▁although ▁they ▁were ▁built ▁for ▁new ▁ ba tter ies ▁before ▁the ▁beginning ▁of ▁the ▁war .
[2026-03-17 13:34:25] Best translation 5 : ▁The ▁second ▁goal ▁of ▁his ▁night ▁was ▁the ▁goal ▁of ▁the ▁season , ▁be coming ▁the ▁first ▁player ▁to ▁score ▁ 60 ▁goals ▁or ▁more ▁in ▁a ▁season ▁in ▁19 9 5 – 9 6 , ▁each ▁of ▁which ▁Ya r mo ir ▁Ya ng er ▁and ▁Ma ri o ▁Li mi u ▁have ▁reached ▁this ▁stage .
[2026-03-17 13:34:25] Best translation 10 : ▁B lo o d ▁flow s ▁through ▁the ▁blood ▁ ve s s el ▁and ▁comes ▁back ▁to ▁the ▁heart ▁from ▁the ▁blood ▁ ve s s el s . ▁The ▁small est ▁ ner ve s ▁are ▁called ▁ ne ur al ▁mu ll el .
[2026-03-17 13:34:25] Best translation 20 : ▁Con s tru ction ▁can ▁also ▁be ▁true , ▁in ▁other ▁way s , ▁teachers ▁are ▁a ▁ lu c r ative ▁ style , ▁but ▁the ▁young ▁man ▁is ▁also ▁the ▁ lin k ▁of ▁the ▁Mi c ro so ft ▁O ff ic ial ▁paper .
[2026-03-17 13:34:25] Best translation 40 : ▁The ▁demonstration ▁began ▁around ▁11 : 00 ▁local ▁time ▁( U T C <0x2B> 1 ) ▁in ▁W y ol ▁against ▁the ▁g ate ▁of ▁the ▁police ▁guard ▁to ▁the ▁Da n ing ▁Street , ▁which ▁is ▁the ▁official ▁residence ▁of ▁the ▁prime ▁minister .
[2026-03-17 13:34:25] Best translation 80 : ▁The ▁sign ▁was ▁not ▁harm ful ▁to ▁physical ▁damage ; ▁The ▁co or din ation ▁was ▁made ▁using ▁black ▁ tar p ol ▁which ▁was ▁de c or ated ▁with ▁sign s ▁of ▁peace ▁and ▁heart ▁to ▁change ▁O ▁to ▁read ▁as ▁a ▁small ▁letter ▁of ▁e . g .
[2026-03-17 13:34:27] Best translation 160 : ▁People ▁p ul l ed ▁their ▁chair s ▁with ▁win d ow s ▁but ▁the ▁win d ow s ▁did ▁not ▁break .
[2026-03-17 13:34:30] Best translation 320 : ▁Follow ing ▁the ▁ma p ▁of ▁the ▁la ke , ▁it ▁was ▁found ▁to ▁be ▁used ▁by ▁R O V .
[2026-03-17 13:34:35] Best translation 640 : ▁Japan ▁has ▁about ▁7 0,000 ▁is land s ▁( ho n est ▁and ▁largest ), ▁making ▁Japan ▁the ▁seventh ▁largest ▁is land ▁in ▁the ▁world !
[2026-03-17 13:34:45] Best translation 1280 : ▁The ▁bus es ▁leave ▁station s ▁in ▁the ▁district s ▁( f ro m ▁the ▁river ) ▁throughout ▁the ▁day , ▁although ▁most ▁of ▁them , ▁especially ▁those ▁head ▁to ▁the ▁ east ▁and ▁Ja kar / B am ut gan g ▁between ▁6 : 30 ▁and ▁7 : 30 .
[2026-03-17 13:34:57] Total translation time: 33.60673s
[2026-03-17 13:34:57] Saving model weights and runtime parameters to /workspace/OPUS-MT-train/work/ckb-en/curated-floresdev.spm4k-spm4k.transformer.model1.npz.best-chrf.npz
[2026-03-17 13:34:58] [valid] Ep. 23 : Up. 29000 : chrf : 53.9525 : new best
[2026-03-17 13:35:00] Saving model weights and runtime parameters to /workspace/OPUS-MT-train/work/ckb-en/curated-floresdev.spm4k-spm4k.transformer.model1.npz.best-perplexity.npz
[2026-03-17 13:35:01] [valid] Ep. 23 : Up. 29000 : perplexity : 7.52627 : new best
[2026-03-17 13:35:43] Seen 310,206 samples
[2026-03-17 13:35:43] Starting data epoch 24 in logical epoch 24
[2026-03-17 13:37:32] Ep. 24 : Up. 30000 : Sen. 174,673 : Cost 1.99188840 * 9,805,516 @ 9,823 after 294,268,972 : Time 228.44s : 42924.74 words/s : gNorm 0.7145 : L.r. 2.1909e-04
[2026-03-17 13:37:32] Saving model weights and runtime parameters to /workspace/OPUS-MT-train/work/ckb-en/curated-floresdev.spm4k-spm4k.transformer.model1.npz
[2026-03-17 13:37:34] Saving Adam parameters
[2026-03-17 13:37:36] [training] Saving training checkpoint to /workspace/OPUS-MT-train/work/ckb-en/curated-floresdev.spm4k-spm4k.transformer.model1.npz and /workspace/OPUS-MT-train/work/ckb-en/curated-floresdev.spm4k-spm4k.transformer.model1.npz.optimizer.npz
[2026-03-17 13:37:39] Translating validation set...
[2026-03-17 13:37:40] Best translation 0 : ▁This ▁concept ▁comes ▁from ▁ancient ▁a c qu a in t ance ▁from ▁the ▁in ner ▁mo s qui to es , ▁where ▁mo s qui to es ▁are ▁very ▁ su it able ▁to ▁prevent ▁human s ▁from ▁ s m ug g ling .
[2026-03-17 13:37:40] Best translation 1 : ▁Mu m ba i ' s ▁attack ers ▁reached ▁their ▁ bo at ▁on ▁November ▁2 6 , ▁ 200 8 . ▁They ▁had ▁brought ▁gr en ad es ▁and ▁auto ma tic ▁weapons ▁and ▁target ed ▁several ▁target s , ▁including ▁the ▁Che va j ▁Te m pe ra ture ▁Tra in ing ▁St ation ▁and ▁the ▁famous ▁Ta j ▁Mah al ▁Hotel .
[2026-03-17 13:37:40] Best translation 2 : ▁The ▁search ▁was ▁disrupt ed ▁by ▁the ▁same ▁bad ▁weather ▁that ▁led ▁to ▁the ▁break d own ▁of ▁the ▁land .
[2026-03-17 13:37:40] Best translation 3 : ▁In ▁addition ▁to ▁the ▁video ▁on ▁the ▁Internet , ▁Bi g ▁Bra z er ▁did ▁not ▁violate ▁the ▁domestic ▁content ▁ s ur ve ill ance ▁law ▁as ▁the ▁media ▁was ▁not ▁store d ▁on ▁Bi g ▁Bra z er ▁website .
[2026-03-17 13:37:40] Best translation 4 : ▁There ▁was ▁a ▁we ak er ▁army ▁and ▁the ▁army ▁was ▁we ak er , ▁although ▁they ▁were ▁built ▁for ▁new ▁ ba tter ies ▁before ▁the ▁beginning ▁of ▁the ▁war .
[2026-03-17 13:37:40] Best translation 5 : ▁The ▁second ▁goal ▁of ▁his ▁night ▁was ▁the ▁goal ▁of ▁the ▁season , ▁be coming ▁the ▁first ▁player ▁to ▁score ▁ 60 ▁goals ▁or ▁more ▁in ▁a ▁season ▁in ▁19 9 5 - 9 6 , ▁each ▁of ▁which ▁Ya r mo ir ▁Ya ng er ▁and ▁Ma ri o ▁Li mi u ▁have ▁reached ▁this ▁stage .
[2026-03-17 13:37:40] Best translation 10 : ▁B lo o d ▁flow s ▁through ▁the ▁blood ▁ ve s s el ▁and ▁comes ▁back ▁to ▁the ▁heart ▁from ▁the ▁blood ▁ ve s s el s . ▁The ▁small est ▁ ner ve s ▁are ▁called ▁ ne ur al ▁mu ll el .
[2026-03-17 13:37:40] Best translation 20 : ▁Con s tru ction ▁can ▁also ▁be ▁true , ▁in ▁other ▁way s , ▁teachers ▁are ▁a ▁ lu c r ative ▁ style , ▁but ▁the ▁young ▁man ▁is ▁also ▁the ▁ lin k ▁of ▁the ▁Mi c ro so ft ▁O ff ic ial ▁paper .
[2026-03-17 13:37:40] Best translation 40 : ▁The ▁demonstration ▁began ▁around ▁11 : 00 ▁local ▁time ▁( U T C <0x2B> 1 ) ▁in ▁Wa it ol ▁against ▁the ▁g ate ▁of ▁the ▁police ▁guard ▁to ▁Da n ing ▁Street , ▁the ▁official ▁residence ▁of ▁the ▁prime ▁minister .
[2026-03-17 13:37:41] Best translation 80 : ▁The ▁sign ▁was ▁not ▁harm ful ▁to ▁physical ▁damage ; ▁the ▁co or din ation ▁was ▁made ▁using ▁black ▁ tar po ly p ol ▁which ▁was ▁de c or ated ▁with ▁sign s ▁of ▁peace ▁and ▁heart ▁to ▁change ▁O ▁to ▁read ▁as ▁a ▁small ▁letter ▁of ▁e .
[2026-03-17 13:37:43] Best translation 160 : ▁People ▁p ul l ed ▁seats ▁with ▁win d ow s ▁but ▁the ▁win d ow s ▁did ▁not ▁break .
[2026-03-17 13:37:45] Best translation 320 : ▁Follow ing ▁the ▁ma p ▁of ▁the ▁la ke , ▁it ▁was ▁found ▁to ▁be ▁used ▁by ▁R O V .
[2026-03-17 13:37:50] Best translation 640 : ▁Japan ▁has ▁about ▁7 0,000 ▁is land s ▁( ho n est ▁and ▁largest ), ▁making ▁Japan ▁the ▁seventh ▁largest ▁is land ▁in ▁the ▁world !
[2026-03-17 13:37:59] Best translation 1280 : ▁The ▁bus es ▁leave ▁station s ▁in ▁the ▁district s ▁( f ro m ▁the ▁river ) ▁throughout ▁the ▁day , ▁although ▁most ▁of ▁them , ▁especially ▁those ▁head ▁to ▁the ▁ east ▁and ▁Ja kar / B am ut gan g ▁between ▁6 : 30 ▁and ▁7 : 30 .
[2026-03-17 13:38:11] Total translation time: 31.54191s
[2026-03-17 13:38:11] Saving model weights and runtime parameters to /workspace/OPUS-MT-train/work/ckb-en/curated-floresdev.spm4k-spm4k.transformer.model1.npz.best-bleu.npz
[2026-03-17 13:38:12] [valid] Ep. 24 : Up. 30000 : bleu : 26.49 : new best
[2026-03-17 13:38:12] Translating validation set...
[2026-03-17 13:38:12] Best translation 0 : ▁This ▁concept ▁comes ▁from ▁ancient ▁a c qu a in t ance ▁from ▁the ▁in ner ▁mo s qui to es , ▁where ▁mo s qui to es ▁are ▁very ▁ su it able ▁to ▁prevent ▁human s ▁from ▁ s m ug g ling .
[2026-03-17 13:38:12] Best translation 1 : ▁Mu m ba i ' s ▁attack ers ▁reached ▁their ▁ bo at ▁on ▁November ▁2 6 , ▁ 200 8 . ▁They ▁had ▁brought ▁gr en ad es ▁and ▁auto ma tic ▁weapons ▁and ▁target ed ▁several ▁target s , ▁including ▁the ▁Che va j ▁Te m pe ra ture ▁Tra in ing ▁St ation ▁and ▁the ▁famous ▁Ta j ▁Mah al ▁Hotel .
[2026-03-17 13:38:13] Best translation 2 : ▁The ▁search ▁was ▁disrupt ed ▁by ▁the ▁same ▁bad ▁weather ▁that ▁led ▁to ▁the ▁break d own ▁of ▁the ▁land .
[2026-03-17 13:38:13] Best translation 3 : ▁In ▁addition ▁to ▁the ▁video ▁on ▁the ▁Internet , ▁Bi g ▁Bra z er ▁did ▁not ▁violate ▁the ▁domestic ▁content ▁ s ur ve ill ance ▁law ▁as ▁the ▁media ▁was ▁not ▁store d ▁on ▁Bi g ▁Bra z er ▁website .
[2026-03-17 13:38:13] Best translation 4 : ▁There ▁was ▁a ▁we ak er ▁army ▁and ▁the ▁army ▁was ▁we ak er , ▁although ▁they ▁were ▁built ▁for ▁new ▁ ba tter ies ▁before ▁the ▁beginning ▁of ▁the ▁war .
[2026-03-17 13:38:13] Best translation 5 : ▁The ▁second ▁goal ▁of ▁his ▁night ▁was ▁the ▁goal ▁of ▁the ▁season , ▁be coming ▁the ▁first ▁player ▁to ▁score ▁ 60 ▁goals ▁or ▁more ▁in ▁a ▁season ▁in ▁19 9 5 - 9 6 , ▁each ▁of ▁which ▁Ya r mo ir ▁Ya ng er ▁and ▁Ma ri o ▁Li mi u ▁have ▁reached ▁this ▁stage .
[2026-03-17 13:38:13] Best translation 10 : ▁B lo o d ▁flow s ▁through ▁the ▁blood ▁ ve s s el ▁and ▁comes ▁back ▁to ▁the ▁heart ▁from ▁the ▁blood ▁ ve s s el s . ▁The ▁small est ▁ ner ve s ▁are ▁called ▁ ne ur al ▁mu ll el .
[2026-03-17 13:38:13] Best translation 20 : ▁Con s tru ction ▁can ▁also ▁be ▁true , ▁in ▁other ▁way s , ▁teachers ▁are ▁a ▁ lu c r ative ▁ style , ▁but ▁the ▁young ▁man ▁is ▁also ▁the ▁ lin k ▁of ▁the ▁Mi c ro so ft ▁O ff ic ial ▁paper .
[2026-03-17 13:38:13] Best translation 40 : ▁The ▁demonstration ▁began ▁around ▁11 : 00 ▁local ▁time ▁( U T C <0x2B> 1 ) ▁in ▁Wa it ol ▁against ▁the ▁g ate ▁of ▁the ▁police ▁guard ▁to ▁Da n ing ▁Street , ▁the ▁official ▁residence ▁of ▁the ▁prime ▁minister .
[2026-03-17 13:38:13] Best translation 80 : ▁The ▁sign ▁was ▁not ▁harm ful ▁to ▁physical ▁damage ; ▁the ▁co or din ation ▁was ▁made ▁using ▁black ▁ tar po ly p ol ▁which ▁was ▁de c or ated ▁with ▁sign s ▁of ▁peace ▁and ▁heart ▁to ▁change ▁O ▁to ▁read ▁as ▁a ▁small ▁letter ▁of ▁e .
[2026-03-17 13:38:15] Best translation 160 : ▁People ▁p ul l ed ▁seats ▁with ▁win d ow s ▁but ▁the ▁win d ow s ▁did ▁not ▁break .
[2026-03-17 13:38:18] Best translation 320 : ▁Follow ing ▁the ▁ma p ▁of ▁the ▁la ke , ▁it ▁was ▁found ▁to ▁be ▁used ▁by ▁R O V .
[2026-03-17 13:38:23] Best translation 640 : ▁Japan ▁has ▁about ▁7 0,000 ▁is land s ▁( ho n est ▁and ▁largest ), ▁making ▁Japan ▁the ▁seventh ▁largest ▁is land ▁in ▁the ▁world !
[2026-03-17 13:38:33] Best translation 1280 : ▁The ▁bus es ▁leave ▁station s ▁in ▁the ▁district s ▁( f ro m ▁the ▁river ) ▁throughout ▁the ▁day , ▁although ▁most ▁of ▁them , ▁especially ▁those ▁head ▁to ▁the ▁ east ▁and ▁Ja kar / B am ut gan g ▁between ▁6 : 30 ▁and ▁7 : 30 .
[2026-03-17 13:38:45] Total translation time: 32.96706s
[2026-03-17 13:38:45] Saving model weights and runtime parameters to /workspace/OPUS-MT-train/work/ckb-en/curated-floresdev.spm4k-spm4k.transformer.model1.npz.best-chrf.npz
[2026-03-17 13:38:46] [valid] Ep. 24 : Up. 30000 : chrf : 54.2978 : new best
[2026-03-17 13:38:48] Saving model weights and runtime parameters to /workspace/OPUS-MT-train/work/ckb-en/curated-floresdev.spm4k-spm4k.transformer.model1.npz.best-perplexity.npz
[2026-03-17 13:38:49] [valid] Ep. 24 : Up. 30000 : perplexity : 7.42475 : new best
[2026-03-17 13:40:12] Seen 310,206 samples
[2026-03-17 13:40:12] Starting data epoch 25 in logical epoch 25
[2026-03-17 13:41:19] Ep. 25 : Up. 31000 : Sen. 108,708 : Cost 1.96828544 * 9,808,297 @ 8,150 after 304,077,269 : Time 227.54s : 43105.13 words/s : gNorm 0.7103 : L.r. 2.1553e-04
[2026-03-17 13:41:19] Saving model weights and runtime parameters to /workspace/OPUS-MT-train/work/ckb-en/curated-floresdev.spm4k-spm4k.transformer.model1.npz
[2026-03-17 13:41:21] Saving Adam parameters
[2026-03-17 13:41:23] [training] Saving training checkpoint to /workspace/OPUS-MT-train/work/ckb-en/curated-floresdev.spm4k-spm4k.transformer.model1.npz and /workspace/OPUS-MT-train/work/ckb-en/curated-floresdev.spm4k-spm4k.transformer.model1.npz.optimizer.npz
[2026-03-17 13:41:26] Translating validation set...
[2026-03-17 13:41:27] Best translation 0 : ▁This ▁concept ▁comes ▁from ▁ancient ▁a c qu a in t ance s ▁from ▁a d ja cent ▁mo s qui to es , ▁where ▁mo s qui to es ▁are ▁very ▁ su it able ▁to ▁prevent ▁human s ▁from ▁ s m ug g ling .
[2026-03-17 13:41:27] Best translation 1 : ▁Mu m ba i ' s ▁attack ers ▁reached ▁their ▁ bo at ▁on ▁November ▁2 6 , ▁ 200 8 . ▁They ▁had ▁brought ▁gr en ad es ▁and ▁auto ma tic ▁weapons ▁and ▁target ed ▁several ▁target s , ▁including ▁the ▁Che va j ▁Te m pe ra ture ▁Tra in ing ▁St ation ▁and ▁the ▁famous ▁Ta j ▁Mah al ▁Hotel .
[2026-03-17 13:41:27] Best translation 2 : ▁The ▁search ▁was ▁disrupt ed ▁by ▁the ▁same ▁bad ▁weather ▁that ▁led ▁to ▁the ▁break d own ▁of ▁the ▁land .
[2026-03-17 13:41:27] Best translation 3 : ▁In ▁addition ▁to ▁the ▁video ▁on ▁the ▁Internet , ▁Bi g ▁Bra z er ▁did ▁not ▁violate ▁the ▁domestic ▁content ▁ s ur ve ill ance ▁law ▁as ▁the ▁media ▁was ▁not ▁store d ▁on ▁Bi g ▁Bra z er ▁website .
[2026-03-17 13:41:27] Best translation 4 : ▁There ▁was ▁a ▁we ak er ▁army ▁and ▁the ▁army ▁was ▁we ak er , ▁although ▁they ▁were ▁built ▁for ▁new ▁ ba tter ies ▁before ▁the ▁beginning ▁of ▁the ▁war .
[2026-03-17 13:41:27] Best translation 5 : ▁The ▁second ▁goal ▁of ▁his ▁night ▁was ▁the ▁goal ▁of ▁the ▁season , ▁be coming ▁the ▁first ▁player ▁to ▁score ▁ 60 ▁goals ▁or ▁more ▁in ▁a ▁season ▁since ▁19 9 5 - 9 6 , ▁each ▁of ▁which ▁Ya r mo ir ▁Ya ng er ▁and ▁Ma ri o ▁Li mi u ▁have ▁reached ▁this ▁stage .
[2026-03-17 13:41:28] Best translation 10 : ▁The ▁blood ▁flow s ▁through ▁the ▁blood ▁ ve s s el ▁and ▁comes ▁back ▁to ▁the ▁heart ▁from ▁the ▁blood ▁ ve s s el s . ▁The ▁small est ▁ ner ve s ▁are ▁called ▁ ne ur al ▁mu ll les .
[2026-03-17 13:41:28] Best translation 20 : ▁Com m un ic ation ▁can ▁also ▁be ▁true , ▁in ▁other ▁way s , ▁teachers ▁are ▁a ▁com m un ic able ▁ style ▁but ▁also ▁the ▁young ▁man ▁connect ed ▁to ▁the ▁Mi c ro so ft ▁O ff ic ial ▁paper ▁is ▁the ▁same .
[2026-03-17 13:41:28] Best translation 40 : ▁The ▁demonstration ▁began ▁around ▁11 : 00 ▁local ▁time ▁( U T C <0x2B> 1 ) ▁in ▁Wa it ol ▁against ▁the ▁g ate ▁of ▁the ▁police ▁guard ▁to ▁Da n ing ▁Street , ▁the ▁official ▁residence ▁of ▁the ▁prime ▁minister .
[2026-03-17 13:41:28] Best translation 80 : ▁The ▁sign ▁was ▁not ▁physical ly ▁harm ful ; ▁The ▁co or din ating ▁was ▁made ▁using ▁black ▁ tar po ly p ol ▁which ▁was ▁de c or ated ▁with ▁sign s ▁of ▁peace ▁and ▁heart ▁to ▁change ▁O ▁to ▁read ▁as ▁a ▁small ▁letter ▁of ▁e .
[2026-03-17 13:41:30] Best translation 160 : ▁People ▁p ul l ed ▁seats ▁with ▁win d ow s ▁but ▁the ▁win d ow s ▁did ▁not ▁break .
[2026-03-17 13:41:33] Best translation 320 : ▁Follow ing ▁the ▁ma p ▁of ▁the ▁la ke , ▁it ▁was ▁found ▁to ▁be ▁used ▁by ▁R O V .
[2026-03-17 13:41:37] Best translation 640 : ▁Japan ▁has ▁about ▁7 0,000 ▁is land s ▁( ho n est ▁and ▁largest ), ▁making ▁Japan ▁the ▁seventh ▁largest ▁is land ▁in ▁the ▁world !
[2026-03-17 13:41:47] Best translation 1280 : ▁The ▁bus es ▁leave ▁station s ▁in ▁the ▁district s ▁( f ro m ▁the ▁river ) ▁throughout ▁the ▁day , ▁although ▁most ▁of ▁them , ▁especially ▁those ▁head ▁to ▁the ▁ east ▁and ▁Ja kar / B am ut gan g ▁between ▁6 : 30 ▁and ▁7 : 30 .
[2026-03-17 13:41:58] Total translation time: 31.43909s
[2026-03-17 13:41:58] Saving model weights and runtime parameters to /workspace/OPUS-MT-train/work/ckb-en/curated-floresdev.spm4k-spm4k.transformer.model1.npz.best-bleu.npz
[2026-03-17 13:41:59] [valid] Ep. 25 : Up. 31000 : bleu : 26.6351 : new best
[2026-03-17 13:41:59] Translating validation set...
[2026-03-17 13:42:00] Best translation 0 : ▁This ▁concept ▁comes ▁from ▁ancient ▁a c qu a in t ance s ▁from ▁a d ja cent ▁mo s qui to es , ▁where ▁mo s qui to es ▁are ▁very ▁ su it able ▁to ▁prevent ▁human s ▁from ▁ s m ug g ling .
[2026-03-17 13:42:00] Best translation 1 : ▁Mu m ba i ' s ▁attack ers ▁reached ▁their ▁ bo at ▁on ▁November ▁2 6 , ▁ 200 8 . ▁They ▁had ▁brought ▁gr en ad es ▁and ▁auto ma tic ▁weapons ▁and ▁target ed ▁several ▁target s , ▁including ▁the ▁Che va j ▁Te m pe ra ture ▁Tra in ing ▁St ation ▁and ▁the ▁famous ▁Ta j ▁Mah al ▁Hotel .
[2026-03-17 13:42:00] Best translation 2 : ▁The ▁search ▁was ▁disrupt ed ▁by ▁the ▁same ▁bad ▁weather ▁that ▁led ▁to ▁the ▁break d own ▁of ▁the ▁land .
[2026-03-17 13:42:00] Best translation 3 : ▁In ▁addition ▁to ▁the ▁video ▁on ▁the ▁Internet , ▁Bi g ▁Bra z er ▁did ▁not ▁violate ▁the ▁domestic ▁content ▁ s ur ve ill ance ▁law ▁as ▁the ▁media ▁was ▁not ▁store d ▁on ▁Bi g ▁Bra z er ▁website .
[2026-03-17 13:42:00] Best translation 4 : ▁There ▁was ▁a ▁we ak er ▁army ▁and ▁the ▁army ▁was ▁we ak er , ▁although ▁they ▁were ▁built ▁for ▁new ▁ ba tter ies ▁before ▁the ▁beginning ▁of ▁the ▁war .
[2026-03-17 13:42:00] Best translation 5 : ▁The ▁second ▁goal ▁of ▁his ▁night ▁was ▁the ▁goal ▁of ▁the ▁season , ▁be coming ▁the ▁first ▁player ▁to ▁score ▁ 60 ▁goals ▁or ▁more ▁in ▁a ▁season ▁since ▁19 9 5 - 9 6 , ▁each ▁of ▁which ▁Ya r mo ir ▁Ya ng er ▁and ▁Ma ri o ▁Li mi u ▁have ▁reached ▁this ▁stage .
[2026-03-17 13:42:00] Best translation 10 : ▁The ▁blood ▁flow s ▁through ▁the ▁blood ▁ ve s s el ▁and ▁comes ▁back ▁to ▁the ▁heart ▁from ▁the ▁blood ▁ ve s s el s . ▁The ▁small est ▁ ner ve s ▁are ▁called ▁ ne ur al ▁mu ll les .
[2026-03-17 13:42:00] Best translation 20 : ▁Com m un ic ation ▁can ▁also ▁be ▁true , ▁in ▁other ▁way s , ▁teachers ▁are ▁a ▁com m un ic able ▁ style ▁but ▁also ▁the ▁young ▁man ▁connect ed ▁to ▁the ▁Mi c ro so ft ▁O ff ic ial ▁paper ▁is ▁the ▁same .
[2026-03-17 13:42:00] Best translation 40 : ▁The ▁demonstration ▁began ▁around ▁11 : 00 ▁local ▁time ▁( U T C <0x2B> 1 ) ▁in ▁Wa it ol ▁against ▁the ▁g ate ▁of ▁the ▁police ▁guard ▁to ▁Da n ing ▁Street , ▁the ▁official ▁residence ▁of ▁the ▁prime ▁minister .
[2026-03-17 13:42:01] Best translation 80 : ▁The ▁sign ▁was ▁not ▁physical ly ▁harm ful ; ▁The ▁co or din ating ▁was ▁made ▁using ▁black ▁ tar po ly p ol ▁which ▁was ▁de c or ated ▁with ▁sign s ▁of ▁peace ▁and ▁heart ▁to ▁change ▁O ▁to ▁read ▁as ▁a ▁small ▁letter ▁of ▁e .
[2026-03-17 13:42:03] Best translation 160 : ▁People ▁p ul l ed ▁seats ▁with ▁win d ow s ▁but ▁the ▁win d ow s ▁did ▁not ▁break .
[2026-03-17 13:42:05] Best translation 320 : ▁Follow ing ▁the ▁ma p ▁of ▁the ▁la ke , ▁it ▁was ▁found ▁to ▁be ▁used ▁by ▁R O V .
[2026-03-17 13:42:10] Best translation 640 : ▁Japan ▁has ▁about ▁7 0,000 ▁is land s ▁( ho n est ▁and ▁largest ), ▁making ▁Japan ▁the ▁seventh ▁largest ▁is land ▁in ▁the ▁world !
[2026-03-17 13:42:20] Best translation 1280 : ▁The ▁bus es ▁leave ▁station s ▁in ▁the ▁district s ▁( f ro m ▁the ▁river ) ▁throughout ▁the ▁day , ▁although ▁most ▁of ▁them , ▁especially ▁those ▁head ▁to ▁the ▁ east ▁and ▁Ja kar / B am ut gan g ▁between ▁6 : 30 ▁and ▁7 : 30 .
[2026-03-17 13:42:32] Total translation time: 32.96485s
[2026-03-17 13:42:32] Saving model weights and runtime parameters to /workspace/OPUS-MT-train/work/ckb-en/curated-floresdev.spm4k-spm4k.transformer.model1.npz.best-chrf.npz
[2026-03-17 13:42:33] [valid] Ep. 25 : Up. 31000 : chrf : 54.4215 : new best
[2026-03-17 13:42:35] Saving model weights and runtime parameters to /workspace/OPUS-MT-train/work/ckb-en/curated-floresdev.spm4k-spm4k.transformer.model1.npz.best-perplexity.npz
[2026-03-17 13:42:36] [valid] Ep. 25 : Up. 31000 : perplexity : 7.346 : new best
[2026-03-17 13:44:40] Seen 310,206 samples
[2026-03-17 13:44:40] Starting data epoch 26 in logical epoch 26
[2026-03-17 13:45:07] Ep. 26 : Up. 32000 : Sen. 42,202 : Cost 1.94711423 * 9,806,826 @ 10,846 after 313,884,095 : Time 227.32s : 43140.49 words/s : gNorm 0.7000 : L.r. 2.1213e-04
[2026-03-17 13:45:07] Saving model weights and runtime parameters to /workspace/OPUS-MT-train/work/ckb-en/curated-floresdev.spm4k-spm4k.transformer.model1.npz
[2026-03-17 13:45:08] Saving Adam parameters
[2026-03-17 13:45:10] [training] Saving training checkpoint to /workspace/OPUS-MT-train/work/ckb-en/curated-floresdev.spm4k-spm4k.transformer.model1.npz and /workspace/OPUS-MT-train/work/ckb-en/curated-floresdev.spm4k-spm4k.transformer.model1.npz.optimizer.npz
[2026-03-17 13:45:14] Translating validation set...
[2026-03-17 13:45:14] Best translation 0 : ▁This ▁concept ▁comes ▁from ▁ancient ▁a c qu a in t ance s ▁from ▁a d ja cent ▁mo s qui to es , ▁where ▁mo s qui to es ▁are ▁very ▁ su it able ▁for ▁ s we ating ▁people .
[2026-03-17 13:45:14] Best translation 1 : ▁Mu m ba i ' s ▁attack ers ▁arrived ▁in ▁the ▁ bo at ▁on ▁November ▁2 6 , ▁ 200 8 , ▁with ▁gr en ad es ▁and ▁auto ma tic ▁weapons , ▁target ing ▁several ▁target s , ▁including ▁the ▁Che va na i ▁Tra in ing ▁Ra il way ▁St ation ▁and ▁the ▁famous ▁Ta j ▁Mah al ▁Hotel .
[2026-03-17 13:45:15] Best translation 2 : ▁The ▁search ▁was ▁disrupt ed ▁by ▁the ▁same ▁bad ▁weather ▁that ▁led ▁to ▁the ▁break d own ▁of ▁the ▁land .
[2026-03-17 13:45:15] Best translation 3 : ▁A C M A ▁was ▁also ▁install ed ▁in ▁addition ▁to ▁the ▁video ▁on ▁the ▁Internet , ▁Bi g ▁Bra z er ▁did ▁not ▁violate ▁the ▁on line ▁content ▁ s ur ve ill ance ▁law ▁as ▁the ▁media ▁was ▁not ▁store d ▁on ▁Bi g ▁Bra z er ▁website .
[2026-03-17 13:45:15] Best translation 4 : ▁There ▁was ▁a ▁we ak er ▁army ▁and ▁the ▁army ▁was ▁we ak er , ▁although ▁they ▁were ▁built ▁for ▁new ▁ ship s ▁before ▁the ▁beginning ▁of ▁the ▁war .
[2026-03-17 13:45:15] Best translation 5 : ▁The ▁second ▁goal ▁of ▁his ▁night ▁was ▁the ▁sixth ▁goal ▁of ▁the ▁season , ▁be coming ▁the ▁first ▁player ▁to ▁score ▁ 60 ▁goals ▁or ▁more ▁in ▁a ▁season ▁since ▁19 9 5 - 9 6 , ▁each ▁of ▁which ▁Ya r mo ir ▁Ya ng er ▁and ▁Ma ri o ▁Li mi u ▁have ▁reached ▁this ▁stage .
[2026-03-17 13:45:15] Best translation 10 : ▁B lo o d ▁flow s ▁through ▁the ▁blood ▁ ve s s el ▁and ▁comes ▁back ▁to ▁the ▁heart ▁from ▁the ▁blood ▁ ve s s el s . ▁The ▁small est ▁ ner ve s ▁are ▁called ▁ ne ur al ▁mu ll am s .
[2026-03-17 13:45:15] Best translation 20 : ▁Com m un ic ation ▁can ▁also ▁be ▁true , ▁in ▁other ▁way s , ▁teachers ▁are ▁a ▁com m un ic able ▁ style ▁but ▁also ▁the ▁young ▁man ▁connect ed ▁to ▁the ▁Mi c ro so ft ▁O ff ic ial ▁paper ▁is ▁the ▁same .
[2026-03-17 13:45:15] Best translation 40 : ▁The ▁demonstration ▁began ▁around ▁11 : 00 ▁local ▁time ▁( U T C <0x2B> 1 ) ▁in ▁W y at ol ▁against ▁the ▁g ate ▁of ▁the ▁police ▁guard ▁to ▁Da n ing ▁Street , ▁the ▁official ▁residence ▁of ▁the ▁prime ▁minister .
[2026-03-17 13:45:15] Best translation 80 : ▁The ▁sign ▁was ▁not ▁physical ly ▁harm ful ; ▁The ▁rest ri ction ▁was ▁made ▁using ▁black ▁ tar po ly p ol s ▁that ▁were ▁de c or ated ▁with ▁sign s ▁of ▁peace ▁and ▁heart ▁to ▁change ▁O ▁to ▁read ▁as ▁a ▁small ▁letter ▁of ▁e .
[2026-03-17 13:45:17] Best translation 160 : ▁People ▁p ul l ed ▁seats ▁with ▁win d ow s ▁but ▁the ▁win d ow s ▁did ▁not ▁break .
[2026-03-17 13:45:20] Best translation 320 : ▁Follow ing ▁the ▁ma p ▁of ▁the ▁la ke , ▁it ▁was ▁found ▁to ▁be ▁used ▁by ▁R O V .
[2026-03-17 13:45:24] Best translation 640 : ▁Japan ▁has ▁about ▁7 0,000 ▁is land s ▁( ho n est ▁and ▁largest ), ▁making ▁Japan ▁the ▁seventh ▁largest ▁is land ▁in ▁the ▁world !
[2026-03-17 13:45:34] Best translation 1280 : ▁The ▁bus es ▁leave ▁the ▁district ▁station s ▁( f ro m ▁the ▁river ) ▁throughout ▁the ▁day , ▁although ▁most ▁of ▁them , ▁especially ▁those ▁head ▁to ▁the ▁ east ▁and ▁Ja kar / B am tan g ▁between ▁6 : 30 ▁and ▁7 : 30 .
[2026-03-17 13:45:45] Total translation time: 31.65572s
[2026-03-17 13:45:45] Saving model weights and runtime parameters to /workspace/OPUS-MT-train/work/ckb-en/curated-floresdev.spm4k-spm4k.transformer.model1.npz.best-bleu.npz
[2026-03-17 13:45:47] [valid] Ep. 26 : Up. 32000 : bleu : 27.0143 : new best
[2026-03-17 13:45:47] Translating validation set...
[2026-03-17 13:45:47] Best translation 0 : ▁This ▁concept ▁comes ▁from ▁ancient ▁a c qu a in t ance s ▁from ▁a d ja cent ▁mo s qui to es , ▁where ▁mo s qui to es ▁are ▁very ▁ su it able ▁for ▁ s we ating ▁people .
[2026-03-17 13:45:47] Best translation 1 : ▁Mu m ba i ' s ▁attack ers ▁arrived ▁in ▁the ▁ bo at ▁on ▁November ▁2 6 , ▁ 200 8 , ▁with ▁gr en ad es ▁and ▁auto ma tic ▁weapons , ▁target ing ▁several ▁target s , ▁including ▁the ▁Che va na i ▁Tra in ing ▁Ra il way ▁St ation ▁and ▁the ▁famous ▁Ta j ▁Mah al ▁Hotel .
[2026-03-17 13:45:48] Best translation 2 : ▁The ▁search ▁was ▁disrupt ed ▁by ▁the ▁same ▁bad ▁weather ▁that ▁led ▁to ▁the ▁break d own ▁of ▁the ▁land .
[2026-03-17 13:45:48] Best translation 3 : ▁A C M A ▁was ▁also ▁install ed ▁in ▁addition ▁to ▁the ▁video ▁on ▁the ▁Internet , ▁Bi g ▁Bra z er ▁did ▁not ▁violate ▁the ▁on line ▁content ▁ s ur ve ill ance ▁law ▁as ▁the ▁media ▁was ▁not ▁store d ▁on ▁Bi g ▁Bra z er ▁website .
[2026-03-17 13:45:48] Best translation 4 : ▁There ▁was ▁a ▁we ak er ▁army ▁and ▁the ▁army ▁was ▁we ak er , ▁although ▁they ▁were ▁built ▁for ▁new ▁ ship s ▁before ▁the ▁beginning ▁of ▁the ▁war .
[2026-03-17 13:45:48] Best translation 5 : ▁The ▁second ▁goal ▁of ▁his ▁night ▁was ▁the ▁sixth ▁goal ▁of ▁the ▁season , ▁be coming ▁the ▁first ▁player ▁to ▁score ▁ 60 ▁goals ▁or ▁more ▁in ▁a ▁season ▁since ▁19 9 5 - 9 6 , ▁each ▁of ▁which ▁Ya r mo ir ▁Ya ng er ▁and ▁Ma ri o ▁Li mi u ▁have ▁reached ▁this ▁stage .
[2026-03-17 13:45:48] Best translation 10 : ▁B lo o d ▁flow s ▁through ▁the ▁blood ▁ ve s s el ▁and ▁comes ▁back ▁to ▁the ▁heart ▁from ▁the ▁blood ▁ ve s s el s . ▁The ▁small est ▁ ner ve s ▁are ▁called ▁ ne ur al ▁mu ll am s .
[2026-03-17 13:45:48] Best translation 20 : ▁Com m un ic ation ▁can ▁also ▁be ▁true , ▁in ▁other ▁way s , ▁teachers ▁are ▁a ▁com m un ic able ▁ style ▁but ▁also ▁the ▁young ▁man ▁connect ed ▁to ▁the ▁Mi c ro so ft ▁O ff ic ial ▁paper ▁is ▁the ▁same .
[2026-03-17 13:45:48] Best translation 40 : ▁The ▁demonstration ▁began ▁around ▁11 : 00 ▁local ▁time ▁( U T C <0x2B> 1 ) ▁in ▁W y at ol ▁against ▁the ▁g ate ▁of ▁the ▁police ▁guard ▁to ▁Da n ing ▁Street , ▁the ▁official ▁residence ▁of ▁the ▁prime ▁minister .
[2026-03-17 13:45:48] Best translation 80 : ▁The ▁sign ▁was ▁not ▁physical ly ▁harm ful ; ▁The ▁rest ri ction ▁was ▁made ▁using ▁black ▁ tar po ly p ol s ▁that ▁were ▁de c or ated ▁with ▁sign s ▁of ▁peace ▁and ▁heart ▁to ▁change ▁O ▁to ▁read ▁as ▁a ▁small ▁letter ▁of ▁e .
[2026-03-17 13:45:50] Best translation 160 : ▁People ▁p ul l ed ▁seats ▁with ▁win d ow s ▁but ▁the ▁win d ow s ▁did ▁not ▁break .
[2026-03-17 13:45:53] Best translation 320 : ▁Follow ing ▁the ▁ma p ▁of ▁the ▁la ke , ▁it ▁was ▁found ▁to ▁be ▁used ▁by ▁R O V .
[2026-03-17 13:45:58] Best translation 640 : ▁Japan ▁has ▁about ▁7 0,000 ▁is land s ▁( ho n est ▁and ▁largest ), ▁making ▁Japan ▁the ▁seventh ▁largest ▁is land ▁in ▁the ▁world !
[2026-03-17 13:46:08] Best translation 1280 : ▁The ▁bus es ▁leave ▁the ▁district ▁station s ▁( f ro m ▁the ▁river ) ▁throughout ▁the ▁day , ▁although ▁most ▁of ▁them , ▁especially ▁those ▁head ▁to ▁the ▁ east ▁and ▁Ja kar / B am tan g ▁between ▁6 : 30 ▁and ▁7 : 30 .
[2026-03-17 13:46:20] Total translation time: 33.01960s
[2026-03-17 13:46:20] Saving model weights and runtime parameters to /workspace/OPUS-MT-train/work/ckb-en/curated-floresdev.spm4k-spm4k.transformer.model1.npz.best-chrf.npz
[2026-03-17 13:46:21] [valid] Ep. 26 : Up. 32000 : chrf : 54.6702 : new best
[2026-03-17 13:46:23] Saving model weights and runtime parameters to /workspace/OPUS-MT-train/work/ckb-en/curated-floresdev.spm4k-spm4k.transformer.model1.npz.best-perplexity.npz
[2026-03-17 13:46:24] [valid] Ep. 26 : Up. 32000 : perplexity : 7.27998 : new best
[2026-03-17 13:48:54] Ep. 26 : Up. 33000 : Sen. 288,180 : Cost 1.92394090 * 9,825,305 @ 11,060 after 323,709,400 : Time 227.09s : 43266.50 words/s : gNorm 0.6951 : L.r. 2.0889e-04
[2026-03-17 13:48:54] Saving model weights and runtime parameters to /workspace/OPUS-MT-train/work/ckb-en/curated-floresdev.spm4k-spm4k.transformer.model1.npz
[2026-03-17 13:48:55] Saving Adam parameters
[2026-03-17 13:48:57] [training] Saving training checkpoint to /workspace/OPUS-MT-train/work/ckb-en/curated-floresdev.spm4k-spm4k.transformer.model1.npz and /workspace/OPUS-MT-train/work/ckb-en/curated-floresdev.spm4k-spm4k.transformer.model1.npz.optimizer.npz
[2026-03-17 13:49:01] Translating validation set...
[2026-03-17 13:49:01] Best translation 0 : ▁This ▁concept ▁comes ▁from ▁ancient ▁a c qu a in t ance s ▁from ▁an ▁old ▁ fa mi li ar ▁mo s qui to , ▁which ▁are ▁very ▁ su it able ▁mo s qui to es ▁to ▁prevent ▁human s ▁from ▁ s wa ll ow ing .
[2026-03-17 13:49:01] Best translation 1 : ▁Mu m ba i ' s ▁attack ers ▁arrived ▁in ▁the ▁ bo at ▁on ▁November ▁2 6 , ▁ 200 8 , ▁with ▁gr en ad es ▁and ▁auto ma tic ▁weapons , ▁target ing ▁several ▁target s ▁including ▁the ▁Che va na t ▁Tra il ▁Tra in ing ▁St ation ▁and ▁the ▁famous ▁Ta j ▁Mah al ▁Hotel .
[2026-03-17 13:49:02] Best translation 2 : ▁The ▁search ▁was ▁disrupt ed ▁by ▁the ▁same ▁bad ▁weather ▁that ▁led ▁to ▁the ▁break d own ▁of ▁the ▁land .
[2026-03-17 13:49:02] Best translation 3 : ▁The ▁AC M A ▁was ▁also ▁install ed ▁in ▁addition ▁to ▁the ▁video ▁on ▁the ▁Internet , ▁and ▁Bi g ▁Bra z er ▁did ▁not ▁violate ▁the ▁on line ▁content ▁ s ur ve ill ance ▁law ▁as ▁the ▁media ▁was ▁not ▁store d ▁on ▁Bi g ▁Bra z er ▁website .
[2026-03-17 13:49:02] Best translation 4 : ▁There ▁was ▁a ▁we ak er ▁army ▁and ▁the ▁army ▁was ▁we ak er , ▁although ▁they ▁were ▁built ▁for ▁new ▁ ship s ▁before ▁the ▁beginning ▁of ▁the ▁war .
[2026-03-17 13:49:02] Best translation 5 : ▁The ▁second ▁goal ▁of ▁his ▁night ▁was ▁the ▁sixth ▁goal ▁of ▁the ▁season , ▁be coming ▁the ▁first ▁player ▁to ▁score ▁ 60 ▁goals ▁or ▁more ▁in ▁a ▁season ▁since ▁19 9 5 - 9 6 , ▁each ▁of ▁which ▁Ya r mo ir ▁Ya ng er ▁and ▁Ma ri o ▁Li mi o ▁have ▁reached ▁this ▁stage .
[2026-03-17 13:49:02] Best translation 10 : ▁B lo o d ▁flow s ▁through ▁the ▁blood ▁ ve s s el ▁and ▁comes ▁back ▁to ▁the ▁heart ▁from ▁the ▁blood ▁ ve s s el s . ▁The ▁small est ▁ ner ve s ▁are ▁called ▁ ne ur al ▁mu ll am s .
[2026-03-17 13:49:02] Best translation 20 : ▁Com m un ic ation ▁can ▁also ▁be ▁true , ▁in ▁other ▁way s , ▁teachers ▁are ▁a ▁com m un ic able ▁ style ▁but ▁also ▁the ▁young ▁man ▁connect ed ▁to ▁the ▁Mi c ro so ft ▁O ff ic ial ▁paper ▁is ▁the ▁same .
[2026-03-17 13:49:02] Best translation 40 : ▁The ▁demonstration ▁began ▁around ▁11 : 00 ▁local ▁time ▁( U T C <0x2B> 1 ) ▁in ▁W y at ol ▁against ▁the ▁g ate ▁of ▁the ▁police ▁guard ▁to ▁Da n ing ▁Street , ▁the ▁official ▁residence ▁of ▁the ▁prime ▁minister .
[2026-03-17 13:49:03] Best translation 80 : ▁The ▁sign ▁was ▁not ▁physical ly ▁harm ful ; ▁The ▁rest ri ction ▁was ▁made ▁using ▁black ▁ tar po ly p ol s ▁that ▁were ▁de c or ated ▁with ▁sign s ▁of ▁peace ▁and ▁heart ▁to ▁change ▁O ▁to ▁read ▁as ▁a ▁small ▁letter ▁e .
[2026-03-17 13:49:05] Best translation 160 : ▁People ▁p ul l ed ▁seats ▁with ▁win d ow s ▁but ▁the ▁win d ow s ▁did ▁not ▁break .
[2026-03-17 13:49:07] Best translation 320 : ▁Follow ing ▁the ▁ma p ▁of ▁the ▁broke n ▁sea , ▁it ▁was ▁discovered ▁using ▁R O V .
[2026-03-17 13:49:12] Best translation 640 : ▁Japan ▁has ▁about ▁7 0,000 ▁is land s ▁( ho n est ▁and ▁largest ), ▁making ▁Japan ▁the ▁seventh ▁largest ▁is land ▁in ▁the ▁world !
[2026-03-17 13:49:21] Best translation 1280 : ▁The ▁bus es ▁leave ▁station s ▁in ▁the ▁district s ▁( f ro m ▁the ▁river ) ▁throughout ▁the ▁day , ▁although ▁most ▁of ▁them , ▁especially ▁those ▁head ▁to ▁the ▁ east ▁and ▁Ja kar / B am tan g ▁between ▁6 : 30 ▁and ▁7 : 30 .
[2026-03-17 13:49:33] Total translation time: 31.61814s
[2026-03-17 13:49:33] Saving model weights and runtime parameters to /workspace/OPUS-MT-train/work/ckb-en/curated-floresdev.spm4k-spm4k.transformer.model1.npz.best-bleu.npz
[2026-03-17 13:49:34] [valid] Ep. 26 : Up. 33000 : bleu : 27.3094 : new best
[2026-03-17 13:49:34] Translating validation set...
[2026-03-17 13:49:34] Best translation 0 : ▁This ▁concept ▁comes ▁from ▁ancient ▁a c qu a in t ance s ▁from ▁an ▁old ▁ fa mi li ar ▁mo s qui to , ▁which ▁are ▁very ▁ su it able ▁mo s qui to es ▁to ▁prevent ▁human s ▁from ▁ s wa ll ow ing .
[2026-03-17 13:49:34] Best translation 1 : ▁Mu m ba i ' s ▁attack ers ▁arrived ▁in ▁the ▁ bo at ▁on ▁November ▁2 6 , ▁ 200 8 , ▁with ▁gr en ad es ▁and ▁auto ma tic ▁weapons , ▁target ing ▁several ▁target s ▁including ▁the ▁Che va na t ▁Tra il ▁Tra in ing ▁St ation ▁and ▁the ▁famous ▁Ta j ▁Mah al ▁Hotel .
[2026-03-17 13:49:35] Best translation 2 : ▁The ▁search ▁was ▁disrupt ed ▁by ▁the ▁same ▁bad ▁weather ▁that ▁led ▁to ▁the ▁break d own ▁of ▁the ▁land .
[2026-03-17 13:49:35] Best translation 3 : ▁The ▁AC M A ▁was ▁also ▁install ed ▁in ▁addition ▁to ▁the ▁video ▁on ▁the ▁Internet , ▁and ▁Bi g ▁Bra z er ▁did ▁not ▁violate ▁the ▁on line ▁content ▁ s ur ve ill ance ▁law ▁as ▁the ▁media ▁was ▁not ▁store d ▁on ▁Bi g ▁Bra z er ▁website .
[2026-03-17 13:49:35] Best translation 4 : ▁There ▁was ▁a ▁we ak er ▁army ▁and ▁the ▁army ▁was ▁we ak er , ▁although ▁they ▁were ▁built ▁for ▁new ▁ ship s ▁before ▁the ▁beginning ▁of ▁the ▁war .
[2026-03-17 13:49:35] Best translation 5 : ▁The ▁second ▁goal ▁of ▁his ▁night ▁was ▁the ▁sixth ▁goal ▁of ▁the ▁season , ▁be coming ▁the ▁first ▁player ▁to ▁score ▁ 60 ▁goals ▁or ▁more ▁in ▁a ▁season ▁since ▁19 9 5 - 9 6 , ▁each ▁of ▁which ▁Ya r mo ir ▁Ya ng er ▁and ▁Ma ri o ▁Li mi o ▁have ▁reached ▁this ▁stage .
[2026-03-17 13:49:35] Best translation 10 : ▁B lo o d ▁flow s ▁through ▁the ▁blood ▁ ve s s el ▁and ▁comes ▁back ▁to ▁the ▁heart ▁from ▁the ▁blood ▁ ve s s el s . ▁The ▁small est ▁ ner ve s ▁are ▁called ▁ ne ur al ▁mu ll am s .
[2026-03-17 13:49:35] Best translation 20 : ▁Com m un ic ation ▁can ▁also ▁be ▁true , ▁in ▁other ▁way s , ▁teachers ▁are ▁a ▁com m un ic able ▁ style ▁but ▁also ▁the ▁young ▁man ▁connect ed ▁to ▁the ▁Mi c ro so ft ▁O ff ic ial ▁paper ▁is ▁the ▁same .
[2026-03-17 13:49:35] Best translation 40 : ▁The ▁demonstration ▁began ▁around ▁11 : 00 ▁local ▁time ▁( U T C <0x2B> 1 ) ▁in ▁W y at ol ▁against ▁the ▁g ate ▁of ▁the ▁police ▁guard ▁to ▁Da n ing ▁Street , ▁the ▁official ▁residence ▁of ▁the ▁prime ▁minister .
[2026-03-17 13:49:36] Best translation 80 : ▁The ▁sign ▁was ▁not ▁physical ly ▁harm ful ; ▁The ▁rest ri ction ▁was ▁made ▁using ▁black ▁ tar po ly p ol s ▁that ▁were ▁de c or ated ▁with ▁sign s ▁of ▁peace ▁and ▁heart ▁to ▁change ▁O ▁to ▁read ▁as ▁a ▁small ▁letter ▁e .
[2026-03-17 13:49:38] Best translation 160 : ▁People ▁p ul l ed ▁seats ▁with ▁win d ow s ▁but ▁the ▁win d ow s ▁did ▁not ▁break .
[2026-03-17 13:49:40] Best translation 320 : ▁Follow ing ▁the ▁ma p ▁of ▁the ▁broke n ▁sea , ▁it ▁was ▁discovered ▁using ▁R O V .
[2026-03-17 13:49:45] Best translation 640 : ▁Japan ▁has ▁about ▁7 0,000 ▁is land s ▁( ho n est ▁and ▁largest ), ▁making ▁Japan ▁the ▁seventh ▁largest ▁is land ▁in ▁the ▁world !
[2026-03-17 13:49:55] Best translation 1280 : ▁The ▁bus es ▁leave ▁station s ▁in ▁the ▁district s ▁( f ro m ▁the ▁river ) ▁throughout ▁the ▁day , ▁although ▁most ▁of ▁them , ▁especially ▁those ▁head ▁to ▁the ▁ east ▁and ▁Ja kar / B am tan g ▁between ▁6 : 30 ▁and ▁7 : 30 .
[2026-03-17 13:50:07] Total translation time: 32.92446s
[2026-03-17 13:50:07] Saving model weights and runtime parameters to /workspace/OPUS-MT-train/work/ckb-en/curated-floresdev.spm4k-spm4k.transformer.model1.npz.best-chrf.npz
[2026-03-17 13:50:08] [valid] Ep. 26 : Up. 33000 : chrf : 54.8096 : new best
[2026-03-17 13:50:10] Saving model weights and runtime parameters to /workspace/OPUS-MT-train/work/ckb-en/curated-floresdev.spm4k-spm4k.transformer.model1.npz.best-perplexity.npz
[2026-03-17 13:50:11] [valid] Ep. 26 : Up. 33000 : perplexity : 7.22343 : new best
[2026-03-17 13:50:26] Seen 310,206 samples
[2026-03-17 13:50:26] Starting data epoch 27 in logical epoch 27
[2026-03-17 13:52:41] Ep. 27 : Up. 34000 : Sen. 220,003 : Cost 1.90956104 * 9,804,177 @ 11,934 after 333,513,577 : Time 227.61s : 43073.67 words/s : gNorm 0.6609 : L.r. 2.0580e-04
[2026-03-17 13:52:41] Saving model weights and runtime parameters to /workspace/OPUS-MT-train/work/ckb-en/curated-floresdev.spm4k-spm4k.transformer.model1.npz
[2026-03-17 13:52:43] Saving Adam parameters
[2026-03-17 13:52:45] [training] Saving training checkpoint to /workspace/OPUS-MT-train/work/ckb-en/curated-floresdev.spm4k-spm4k.transformer.model1.npz and /workspace/OPUS-MT-train/work/ckb-en/curated-floresdev.spm4k-spm4k.transformer.model1.npz.optimizer.npz
[2026-03-17 13:52:49] Translating validation set...
[2026-03-17 13:52:49] Best translation 0 : ▁This ▁concept ▁comes ▁from ▁ancient ▁a c qu a in t ance ▁from ▁an ▁old ▁ fa mi li ar ▁mo s qui to , ▁which ▁are ▁very ▁ su it able ▁mo s qui to es ▁to ▁prevent ▁human s ▁from ▁ s wa ll ow ing .
[2026-03-17 13:52:49] Best translation 1 : ▁Mu m ba i ' s ▁attack ers ▁arrived ▁in ▁the ▁ bo at ▁on ▁November ▁2 6 , ▁ 200 8 , ▁with ▁gr en ad es ▁and ▁auto ma tic ▁weapons , ▁target ing ▁several ▁target s , ▁including ▁the ▁Che va na i ▁Tra in ing ▁Tra in ing ▁St ation ▁and ▁the ▁famous ▁Ta j ▁Mah al ▁Hotel .
[2026-03-17 13:52:50] Best translation 2 : ▁The ▁search ▁was ▁disrupt ed ▁by ▁the ▁same ▁bad ▁weather ▁that ▁led ▁to ▁the ▁break d own ▁of ▁the ▁land .
[2026-03-17 13:52:50] Best translation 3 : ▁The ▁AC M A ▁was ▁also ▁install ed ▁in ▁addition ▁to ▁the ▁video ▁on ▁the ▁Internet , ▁and ▁Bi g ▁Bra z er ▁did ▁not ▁violate ▁the ▁on line ▁content ▁ s ur ve ill ance ▁law ▁as ▁the ▁media ▁was ▁not ▁store d ▁on ▁Bi g ▁Bra z er ▁website .
[2026-03-17 13:52:50] Best translation 4 : ▁There ▁was ▁a ▁we ak er ▁army ▁and ▁the ▁army ▁was ▁we ak er , ▁although ▁they ▁were ▁built ▁for ▁new ▁ ship s ▁before ▁the ▁beginning ▁of ▁the ▁war .
[2026-03-17 13:52:50] Best translation 5 : ▁The ▁second ▁goal ▁of ▁his ▁night ▁was ▁the ▁sixth ▁goal ▁of ▁the ▁season , ▁be coming ▁the ▁first ▁player ▁to ▁score ▁ 60 ▁goals ▁or ▁more ▁in ▁a ▁season ▁since ▁19 9 5 - 9 6 , ▁each ▁reached ▁this ▁stage .
[2026-03-17 13:52:50] Best translation 10 : ▁B lo o d ▁flow s ▁through ▁the ▁blood ▁ ve s s el ▁and ▁comes ▁back ▁to ▁the ▁heart ▁from ▁the ▁blood ▁ ve s s el s . ▁The ▁small est ▁ ner ve s ▁are ▁called ▁ ne ur al ▁mu ll am s .
[2026-03-17 13:52:50] Best translation 20 : ▁Com m un ic ation ▁can ▁also ▁be ▁true , ▁in ▁other ▁way s , ▁teachers ▁are ▁a ▁com m un ic able ▁ style ▁but ▁also ▁the ▁young ▁man ▁connect ed ▁to ▁the ▁Mi c ro so ft ▁O ff ic ial ▁paper ▁is ▁the ▁same .
[2026-03-17 13:52:50] Best translation 40 : ▁The ▁demonstration ▁began ▁around ▁11 : 00 ▁local ▁time ▁( U T C <0x2B> 1 ) ▁in ▁Wa it ol ▁against ▁the ▁g ate ▁of ▁the ▁police ▁guard ▁to ▁Da n ing ▁Street , ▁the ▁official ▁residence ▁of ▁the ▁prime ▁minister .
[2026-03-17 13:52:50] Best translation 80 : ▁The ▁sign ▁was ▁not ▁physical ly ▁harm ful ; ▁The ▁co or din ation ▁was ▁made ▁using ▁black ▁ tar po ly p ol ▁which ▁was ▁de c or ated ▁with ▁sign s ▁of ▁peace ▁and ▁heart ▁to ▁change ▁O ▁to ▁read ▁as ▁a ▁small ▁letter ▁e .
[2026-03-17 13:52:52] Best translation 160 : ▁People ▁p ul l ed ▁their ▁chair s ▁to ▁win d ow s ▁but ▁the ▁win d ow s ▁did ▁not ▁break .
[2026-03-17 13:52:55] Best translation 320 : ▁Follow ing ▁the ▁ma p ▁of ▁the ▁broke n ▁sea , ▁it ▁was ▁discovered ▁using ▁R O V .
[2026-03-17 13:52:59] Best translation 640 : ▁Japan ▁has ▁about ▁7 0,000 ▁is land s ▁( ho n est y ▁and ▁big ger ), ▁making ▁Japan ▁the ▁seventh ▁largest ▁is land ▁in ▁the ▁world !
[2026-03-17 13:53:09] Best translation 1280 : ▁The ▁bus es ▁leave ▁the ▁district s ▁( f ro m ▁the ▁river ) ▁throughout ▁the ▁day , ▁although ▁most ▁of ▁them , ▁especially ▁those ▁head ▁to ▁the ▁ east ▁and ▁Ja kar / B am tan g ▁between ▁6 : 30 ▁and ▁7 : 30 .
[2026-03-17 13:53:20] Total translation time: 31.91712s
[2026-03-17 13:53:20] Saving model weights and runtime parameters to /workspace/OPUS-MT-train/work/ckb-en/curated-floresdev.spm4k-spm4k.transformer.model1.npz.best-bleu.npz
[2026-03-17 13:53:22] [valid] Ep. 27 : Up. 34000 : bleu : 27.6714 : new best
[2026-03-17 13:53:22] Translating validation set...
[2026-03-17 13:53:22] Best translation 0 : ▁This ▁concept ▁comes ▁from ▁ancient ▁a c qu a in t ance ▁from ▁an ▁old ▁ fa mi li ar ▁mo s qui to , ▁which ▁are ▁very ▁ su it able ▁mo s qui to es ▁to ▁prevent ▁human s ▁from ▁ s wa ll ow ing .
[2026-03-17 13:53:22] Best translation 1 : ▁Mu m ba i ' s ▁attack ers ▁arrived ▁in ▁the ▁ bo at ▁on ▁November ▁2 6 , ▁ 200 8 , ▁with ▁gr en ad es ▁and ▁auto ma tic ▁weapons , ▁target ing ▁several ▁target s , ▁including ▁the ▁Che va na i ▁Tra in ing ▁Tra in ing ▁St ation ▁and ▁the ▁famous ▁Ta j ▁Mah al ▁Hotel .
[2026-03-17 13:53:23] Best translation 2 : ▁The ▁search ▁was ▁disrupt ed ▁by ▁the ▁same ▁bad ▁weather ▁that ▁led ▁to ▁the ▁break d own ▁of ▁the ▁land .
[2026-03-17 13:53:23] Best translation 3 : ▁The ▁AC M A ▁was ▁also ▁install ed ▁in ▁addition ▁to ▁the ▁video ▁on ▁the ▁Internet , ▁and ▁Bi g ▁Bra z er ▁did ▁not ▁violate ▁the ▁on line ▁content ▁ s ur ve ill ance ▁law ▁as ▁the ▁media ▁was ▁not ▁store d ▁on ▁Bi g ▁Bra z er ▁website .
[2026-03-17 13:53:23] Best translation 4 : ▁There ▁was ▁a ▁we ak er ▁army ▁and ▁the ▁army ▁was ▁we ak er , ▁although ▁they ▁were ▁built ▁for ▁new ▁ ship s ▁before ▁the ▁beginning ▁of ▁the ▁war .
[2026-03-17 13:53:23] Best translation 5 : ▁The ▁second ▁goal ▁of ▁his ▁night ▁was ▁the ▁sixth ▁goal ▁of ▁the ▁season , ▁be coming ▁the ▁first ▁player ▁to ▁score ▁ 60 ▁goals ▁or ▁more ▁in ▁a ▁season ▁since ▁19 9 5 - 9 6 , ▁each ▁reached ▁this ▁stage .
[2026-03-17 13:53:23] Best translation 10 : ▁B lo o d ▁flow s ▁through ▁the ▁blood ▁ ve s s el ▁and ▁comes ▁back ▁to ▁the ▁heart ▁from ▁the ▁blood ▁ ve s s el s . ▁The ▁small est ▁ ner ve s ▁are ▁called ▁ ne ur al ▁mu ll am s .
[2026-03-17 13:53:23] Best translation 20 : ▁Com m un ic ation ▁can ▁also ▁be ▁true , ▁in ▁other ▁way s , ▁teachers ▁are ▁a ▁com m un ic able ▁ style ▁but ▁also ▁the ▁young ▁man ▁connect ed ▁to ▁the ▁Mi c ro so ft ▁O ff ic ial ▁paper ▁is ▁the ▁same .
[2026-03-17 13:53:23] Best translation 40 : ▁The ▁demonstration ▁began ▁around ▁11 : 00 ▁local ▁time ▁( U T C <0x2B> 1 ) ▁in ▁Wa it ol ▁against ▁the ▁g ate ▁of ▁the ▁police ▁guard ▁to ▁Da n ing ▁Street , ▁the ▁official ▁residence ▁of ▁the ▁prime ▁minister .
[2026-03-17 13:53:23] Best translation 80 : ▁The ▁sign ▁was ▁not ▁physical ly ▁harm ful ; ▁The ▁co or din ation ▁was ▁made ▁using ▁black ▁ tar po ly p ol ▁which ▁was ▁de c or ated ▁with ▁sign s ▁of ▁peace ▁and ▁heart ▁to ▁change ▁O ▁to ▁read ▁as ▁a ▁small ▁letter ▁e .
[2026-03-17 13:53:25] Best translation 160 : ▁People ▁p ul l ed ▁their ▁chair s ▁to ▁win d ow s ▁but ▁the ▁win d ow s ▁did ▁not ▁break .
[2026-03-17 13:53:28] Best translation 320 : ▁Follow ing ▁the ▁ma p ▁of ▁the ▁broke n ▁sea , ▁it ▁was ▁discovered ▁using ▁R O V .
[2026-03-17 13:53:33] Best translation 640 : ▁Japan ▁has ▁about ▁7 0,000 ▁is land s ▁( ho n est y ▁and ▁big ger ), ▁making ▁Japan ▁the ▁seventh ▁largest ▁is land ▁in ▁the ▁world !
[2026-03-17 13:53:43] Best translation 1280 : ▁The ▁bus es ▁leave ▁the ▁district s ▁( f ro m ▁the ▁river ) ▁throughout ▁the ▁day , ▁although ▁most ▁of ▁them , ▁especially ▁those ▁head ▁to ▁the ▁ east ▁and ▁Ja kar / B am tan g ▁between ▁6 : 30 ▁and ▁7 : 30 .
[2026-03-17 13:53:55] Total translation time: 33.19603s
[2026-03-17 13:53:55] Saving model weights and runtime parameters to /workspace/OPUS-MT-train/work/ckb-en/curated-floresdev.spm4k-spm4k.transformer.model1.npz.best-chrf.npz
[2026-03-17 13:53:56] [valid] Ep. 27 : Up. 34000 : chrf : 55.1471 : new best
[2026-03-17 13:53:58] Saving model weights and runtime parameters to /workspace/OPUS-MT-train/work/ckb-en/curated-floresdev.spm4k-spm4k.transformer.model1.npz.best-perplexity.npz
[2026-03-17 13:53:59] [valid] Ep. 27 : Up. 34000 : perplexity : 7.1799 : new best
[2026-03-17 13:54:55] Seen 310,206 samples
[2026-03-17 13:54:55] Starting data epoch 28 in logical epoch 28
[2026-03-17 13:56:30] Ep. 28 : Up. 35000 : Sen. 152,889 : Cost 1.89273322 * 9,821,693 @ 8,553 after 343,335,270 : Time 228.32s : 43016.70 words/s : gNorm 0.6724 : L.r. 2.0284e-04
[2026-03-17 13:56:30] Saving model weights and runtime parameters to /workspace/OPUS-MT-train/work/ckb-en/curated-floresdev.spm4k-spm4k.transformer.model1.npz
[2026-03-17 13:56:31] Saving Adam parameters
[2026-03-17 13:56:33] [training] Saving training checkpoint to /workspace/OPUS-MT-train/work/ckb-en/curated-floresdev.spm4k-spm4k.transformer.model1.npz and /workspace/OPUS-MT-train/work/ckb-en/curated-floresdev.spm4k-spm4k.transformer.model1.npz.optimizer.npz
[2026-03-17 13:56:37] Translating validation set...
[2026-03-17 13:56:37] Best translation 0 : ▁This ▁concept ▁comes ▁from ▁ancient ▁a c qu a in t ance ▁from ▁an ▁old ▁ fa mi li ar ▁mo s qui to , ▁where ▁mo s qui to es ▁are ▁very ▁ su it able ▁for ▁ s we ating ▁people .
[2026-03-17 13:56:37] Best translation 1 : ▁Mu m ba i ' s ▁attack ers ▁arrived ▁in ▁the ▁ bo at ▁on ▁November ▁2 6 , ▁ 200 8 , ▁with ▁gr en ad es ▁and ▁auto ma tic ▁weapons , ▁target ing ▁several ▁target s , ▁including ▁the ▁Che va na i ▁Tra in ing ▁Tra in ing ▁St ation ▁and ▁the ▁famous ▁Ta j ▁Mah al ▁Hotel .
[2026-03-17 13:56:38] Best translation 2 : ▁The ▁search ▁was ▁disrupt ed ▁by ▁the ▁same ▁bad ▁weather ▁that ▁led ▁to ▁the ▁break d own ▁of ▁the ▁land .
[2026-03-17 13:56:38] Best translation 3 : ▁The ▁AC M A ▁was ▁also ▁install ed ▁in ▁addition ▁to ▁the ▁video ▁on ▁the ▁Internet , ▁and ▁Bi g ▁Bra z er ▁did ▁not ▁violate ▁the ▁on line ▁content ▁ s ur ve ill ance ▁law ▁as ▁the ▁media ▁was ▁not ▁store d ▁on ▁Bi g ▁Bra z er ▁website .
[2026-03-17 13:56:38] Best translation 4 : ▁There ▁was ▁a ▁we ak er ▁army ▁and ▁the ▁army ▁was ▁we ak er , ▁although ▁they ▁were ▁built ▁for ▁new ▁ ship s ▁before ▁the ▁beginning ▁of ▁the ▁war .
[2026-03-17 13:56:38] Best translation 5 : ▁The ▁second ▁goal ▁of ▁his ▁night ▁was ▁the ▁sixth ▁goal ▁of ▁the ▁season , ▁be coming ▁the ▁first ▁player ▁to ▁score ▁ 60 ▁goals ▁or ▁more ▁in ▁a ▁season ▁since ▁19 9 5 - 9 6 , ▁each ▁reached ▁this ▁stage .
[2026-03-17 13:56:38] Best translation 10 : ▁B lo o d ▁flow s ▁through ▁the ▁blood ▁ ve s s el ▁and ▁comes ▁back ▁to ▁the ▁heart ▁from ▁the ▁blood ▁ ve s s el s . ▁The ▁small est ▁ ner ve s ▁are ▁called ▁ ne ur al ▁mu ll am s .
[2026-03-17 13:56:38] Best translation 20 : ▁Com m un ic ation ▁can ▁also ▁be ▁true , ▁in ▁other ▁way s , ▁teachers ▁are ▁a ▁com m un ic able ▁ style ▁but ▁also ▁the ▁young ▁man ▁connect ed ▁to ▁the ▁Mi c ro so ft ▁O ff ic ial ▁paper ▁is ▁the ▁same .
[2026-03-17 13:56:38] Best translation 40 : ▁The ▁demonstration ▁began ▁around ▁11 : 00 ▁local ▁time ▁( U T C <0x2B> 1 ) ▁in ▁Wa it ol ▁against ▁the ▁g ate ▁of ▁the ▁police ▁guard ▁to ▁Da n ing ▁Street , ▁the ▁official ▁residence ▁of ▁the ▁prime ▁minister .
[2026-03-17 13:56:38] Best translation 80 : ▁The ▁sign ▁was ▁not ▁physical ly ▁harm ful ; ▁The ▁co or din ation ▁was ▁made ▁using ▁black ▁ tar po ly p ol ▁which ▁was ▁de c or ated ▁with ▁sign s ▁of ▁peace ▁and ▁heart ▁to ▁change ▁O ▁to ▁read ▁as ▁the ▁small ▁letter ▁e .
[2026-03-17 13:56:40] Best translation 160 : ▁People ▁p ul l ed ▁their ▁chair s ▁to ▁win d ow s ▁but ▁the ▁win d ow s ▁did ▁not ▁break .
[2026-03-17 13:56:43] Best translation 320 : ▁Follow ing ▁the ▁ma p ▁of ▁the ▁broke n ▁sea , ▁it ▁was ▁discovered ▁using ▁R O V .
[2026-03-17 13:56:47] Best translation 640 : ▁Japan ▁has ▁about ▁7 0,000 ▁is land s ▁( ho n est y ▁and ▁big ger ), ▁making ▁Japan ▁the ▁seventh ▁largest ▁is land ▁in ▁the ▁world !
[2026-03-17 13:56:57] Best translation 1280 : ▁The ▁bus es ▁leave ▁station s ▁in ▁the ▁district s ▁( f ro m ▁the ▁river ) ▁throughout ▁the ▁day , ▁although ▁most ▁of ▁them , ▁especially ▁those ▁head ▁to ▁the ▁ east ▁and ▁Ja kar / B am tan g ▁between ▁6 : 30 ▁and ▁7 : 30 .
[2026-03-17 13:57:08] Total translation time: 31.36470s
[2026-03-17 13:57:08] Saving model weights and runtime parameters to /workspace/OPUS-MT-train/work/ckb-en/curated-floresdev.spm4k-spm4k.transformer.model1.npz.best-bleu.npz
[2026-03-17 13:57:09] [valid] Ep. 28 : Up. 35000 : bleu : 27.8467 : new best
[2026-03-17 13:57:09] Translating validation set...
[2026-03-17 13:57:10] Best translation 0 : ▁This ▁concept ▁comes ▁from ▁ancient ▁a c qu a in t ance ▁from ▁an ▁old ▁ fa mi li ar ▁mo s qui to , ▁where ▁mo s qui to es ▁are ▁very ▁ su it able ▁for ▁ s we ating ▁people .
[2026-03-17 13:57:10] Best translation 1 : ▁Mu m ba i ' s ▁attack ers ▁arrived ▁in ▁the ▁ bo at ▁on ▁November ▁2 6 , ▁ 200 8 , ▁with ▁gr en ad es ▁and ▁auto ma tic ▁weapons , ▁target ing ▁several ▁target s , ▁including ▁the ▁Che va na i ▁Tra in ing ▁Tra in ing ▁St ation ▁and ▁the ▁famous ▁Ta j ▁Mah al ▁Hotel .
[2026-03-17 13:57:10] Best translation 2 : ▁The ▁search ▁was ▁disrupt ed ▁by ▁the ▁same ▁bad ▁weather ▁that ▁led ▁to ▁the ▁break d own ▁of ▁the ▁land .
[2026-03-17 13:57:10] Best translation 3 : ▁The ▁AC M A ▁was ▁also ▁install ed ▁in ▁addition ▁to ▁the ▁video ▁on ▁the ▁Internet , ▁and ▁Bi g ▁Bra z er ▁did ▁not ▁violate ▁the ▁on line ▁content ▁ s ur ve ill ance ▁law ▁as ▁the ▁media ▁was ▁not ▁store d ▁on ▁Bi g ▁Bra z er ▁website .
[2026-03-17 13:57:10] Best translation 4 : ▁There ▁was ▁a ▁we ak er ▁army ▁and ▁the ▁army ▁was ▁we ak er , ▁although ▁they ▁were ▁built ▁for ▁new ▁ ship s ▁before ▁the ▁beginning ▁of ▁the ▁war .
[2026-03-17 13:57:10] Best translation 5 : ▁The ▁second ▁goal ▁of ▁his ▁night ▁was ▁the ▁sixth ▁goal ▁of ▁the ▁season , ▁be coming ▁the ▁first ▁player ▁to ▁score ▁ 60 ▁goals ▁or ▁more ▁in ▁a ▁season ▁since ▁19 9 5 - 9 6 , ▁each ▁reached ▁this ▁stage .
[2026-03-17 13:57:11] Best translation 10 : ▁B lo o d ▁flow s ▁through ▁the ▁blood ▁ ve s s el ▁and ▁comes ▁back ▁to ▁the ▁heart ▁from ▁the ▁blood ▁ ve s s el s . ▁The ▁small est ▁ ner ve s ▁are ▁called ▁ ne ur al ▁mu ll am s .
[2026-03-17 13:57:11] Best translation 20 : ▁Com m un ic ation ▁can ▁also ▁be ▁true , ▁in ▁other ▁way s , ▁teachers ▁are ▁a ▁com m un ic able ▁ style ▁but ▁also ▁the ▁young ▁man ▁connect ed ▁to ▁the ▁Mi c ro so ft ▁O ff ic ial ▁paper ▁is ▁the ▁same .
[2026-03-17 13:57:11] Best translation 40 : ▁The ▁demonstration ▁began ▁around ▁11 : 00 ▁local ▁time ▁( U T C <0x2B> 1 ) ▁in ▁Wa it ol ▁against ▁the ▁g ate ▁of ▁the ▁police ▁guard ▁to ▁Da n ing ▁Street , ▁the ▁official ▁residence ▁of ▁the ▁prime ▁minister .
[2026-03-17 13:57:11] Best translation 80 : ▁The ▁sign ▁was ▁not ▁physical ly ▁harm ful ; ▁The ▁co or din ation ▁was ▁made ▁using ▁black ▁ tar po ly p ol ▁which ▁was ▁de c or ated ▁with ▁sign s ▁of ▁peace ▁and ▁heart ▁to ▁change ▁O ▁to ▁read ▁as ▁the ▁small ▁letter ▁e .
[2026-03-17 13:57:13] Best translation 160 : ▁People ▁p ul l ed ▁their ▁chair s ▁to ▁win d ow s ▁but ▁the ▁win d ow s ▁did ▁not ▁break .
[2026-03-17 13:57:16] Best translation 320 : ▁Follow ing ▁the ▁ma p ▁of ▁the ▁broke n ▁sea , ▁it ▁was ▁discovered ▁using ▁R O V .
[2026-03-17 13:57:21] Best translation 640 : ▁Japan ▁has ▁about ▁7 0,000 ▁is land s ▁( ho n est y ▁and ▁big ger ), ▁making ▁Japan ▁the ▁seventh ▁largest ▁is land ▁in ▁the ▁world !
[2026-03-17 13:57:30] Best translation 1280 : ▁The ▁bus es ▁leave ▁station s ▁in ▁the ▁district s ▁( f ro m ▁the ▁river ) ▁throughout ▁the ▁day , ▁although ▁most ▁of ▁them , ▁especially ▁those ▁head ▁to ▁the ▁ east ▁and ▁Ja kar / B am tan g ▁between ▁6 : 30 ▁and ▁7 : 30 .
[2026-03-17 13:57:42] Total translation time: 32.82513s
[2026-03-17 13:57:42] Saving model weights and runtime parameters to /workspace/OPUS-MT-train/work/ckb-en/curated-floresdev.spm4k-spm4k.transformer.model1.npz.best-chrf.npz
[2026-03-17 13:57:43] [valid] Ep. 28 : Up. 35000 : chrf : 55.2431 : new best
[2026-03-17 13:57:45] Saving model weights and runtime parameters to /workspace/OPUS-MT-train/work/ckb-en/curated-floresdev.spm4k-spm4k.transformer.model1.npz.best-perplexity.npz
[2026-03-17 13:57:46] [valid] Ep. 28 : Up. 35000 : perplexity : 7.14962 : new best
[2026-03-17 13:59:22] Seen 310,206 samples
[2026-03-17 13:59:22] Starting data epoch 29 in logical epoch 29
[2026-03-17 14:00:16] Ep. 29 : Up. 36000 : Sen. 87,605 : Cost 1.87623966 * 9,800,864 @ 10,109 after 353,136,134 : Time 226.71s : 43230.29 words/s : gNorm 0.6558 : L.r. 2.0000e-04
[2026-03-17 14:00:16] Saving model weights and runtime parameters to /workspace/OPUS-MT-train/work/ckb-en/curated-floresdev.spm4k-spm4k.transformer.model1.npz
[2026-03-17 14:00:18] Saving Adam parameters
[2026-03-17 14:00:20] [training] Saving training checkpoint to /workspace/OPUS-MT-train/work/ckb-en/curated-floresdev.spm4k-spm4k.transformer.model1.npz and /workspace/OPUS-MT-train/work/ckb-en/curated-floresdev.spm4k-spm4k.transformer.model1.npz.optimizer.npz
[2026-03-17 14:00:24] Translating validation set...
[2026-03-17 14:00:24] Best translation 0 : ▁This ▁concept ▁comes ▁from ▁ancient ▁a c qu a in t ance s ▁from ▁a b s or b ing ▁mo s qui to es , ▁where ▁mo s qui to es ▁are ▁very ▁ su it able ▁for ▁ s we ating ▁people .
[2026-03-17 14:00:24] Best translation 1 : ▁Mu m ba i ' s ▁attack ers ▁arrived ▁in ▁the ▁ bo at ▁on ▁November ▁2 6 , ▁ 200 8 , ▁with ▁gr en ad es ▁and ▁auto ma tic ▁weapons , ▁target ing ▁several ▁target s ▁including ▁the ▁Che va na i ▁Tra in ing ▁Tra in ing ▁St ation ▁and ▁the ▁famous ▁Ta j ▁Mah al ▁Hotel .
[2026-03-17 14:00:25] Best translation 2 : ▁The ▁search ▁was ▁disrupt ed ▁by ▁the ▁same ▁bad ▁weather ▁that ▁led ▁to ▁the ▁break d own ▁of ▁the ▁land .
[2026-03-17 14:00:25] Best translation 3 : ▁The ▁AC M A ▁was ▁also ▁install ed ▁in ▁addition ▁to ▁the ▁video ▁on ▁the ▁Internet , ▁and ▁Bi g ▁Bra z er ▁did ▁not ▁violate ▁the ▁on line ▁content ▁ s ur ve ill ance ▁law ▁as ▁the ▁media ▁was ▁not ▁store d ▁on ▁Bi g ▁Bra z er ' s ▁website .
[2026-03-17 14:00:25] Best translation 4 : ▁There ▁was ▁a ▁we ak er ▁army ▁and ▁the ▁army ▁was ▁we ak er , ▁although ▁they ▁were ▁built ▁for ▁new ▁ ship s ▁before ▁the ▁beginning ▁of ▁the ▁war .
[2026-03-17 14:00:25] Best translation 5 : ▁The ▁second ▁goal ▁of ▁his ▁night ▁was ▁the ▁sixth ▁goal ▁of ▁the ▁season , ▁be coming ▁the ▁first ▁player ▁to ▁score ▁ 60 ▁goals ▁or ▁more ▁in ▁a ▁season ▁since ▁19 9 5 - 9 6 , ▁each ▁reached ▁this ▁stage .
[2026-03-17 14:00:25] Best translation 10 : ▁B lo o d ▁flow s ▁through ▁the ▁blood ▁ ve s s el ▁and ▁comes ▁back ▁to ▁the ▁heart ▁from ▁the ▁blood ▁ ve s s el s . ▁The ▁small est ▁ ner ve s ▁are ▁called ▁ ne ur al ▁mu ll am s .
[2026-03-17 14:00:25] Best translation 20 : ▁Com m un ic ation ▁can ▁also ▁be ▁true , ▁in ▁other ▁way s , ▁teachers ▁are ▁a ▁com m un ic able ▁ style ▁but ▁also ▁the ▁young ▁man ▁connect ed ▁to ▁the ▁Mi c ro so ft ▁O ff ic ial ▁paper ▁is ▁the ▁same .
[2026-03-17 14:00:25] Best translation 40 : ▁The ▁demonstration ▁began ▁around ▁11 : 00 ▁local ▁time ▁( U T C <0x2B> 1 ) ▁in ▁Wa it ol ▁against ▁the ▁g ate ▁of ▁the ▁police ▁guard ▁to ▁Da n ing ▁Street , ▁the ▁official ▁residence ▁of ▁the ▁prime ▁minister .
[2026-03-17 14:00:25] Best translation 80 : ▁The ▁sign ▁was ▁not ▁physical ly ▁harm ful ; ▁The ▁co or din ation ▁was ▁made ▁using ▁black ▁ tar po ly p ol ▁which ▁was ▁de c or ated ▁with ▁sign s ▁of ▁peace ▁and ▁heart ▁to ▁change ▁O ▁to ▁read ▁as ▁the ▁small ▁letter ▁e .
[2026-03-17 14:00:27] Best translation 160 : ▁People ▁d rew ▁seats ▁with ▁win d ow s ▁but ▁the ▁win d ow s ▁did ▁not ▁break .
[2026-03-17 14:00:30] Best translation 320 : ▁Follow ing ▁the ▁ma p ▁of ▁the ▁broke n ▁sea , ▁it ▁was ▁discovered ▁using ▁R O V .
[2026-03-17 14:00:34] Best translation 640 : ▁Japan ▁has ▁about ▁7 , 000 ▁is land s ▁( H on ush ▁and ▁the ▁largest , ▁making ▁Japan ▁the ▁seventh ▁largest ▁is land ▁in ▁the ▁world !
[2026-03-17 14:00:44] Best translation 1280 : ▁The ▁bus es ▁leave ▁station s ▁in ▁the ▁district s ▁( f ro m ▁the ▁river ) ▁throughout ▁the ▁day , ▁although ▁most ▁of ▁them , ▁especially ▁those ▁head ▁to ▁the ▁ east ▁and ▁Ja kar / B am tan g ▁between ▁6 : 30 ▁and ▁7 : 30 .
[2026-03-17 14:00:55] Total translation time: 31.58455s
[2026-03-17 14:00:55] Saving model weights and runtime parameters to /workspace/OPUS-MT-train/work/ckb-en/curated-floresdev.spm4k-spm4k.transformer.model1.npz.best-bleu.npz
[2026-03-17 14:00:57] [valid] Ep. 29 : Up. 36000 : bleu : 28.089 : new best
[2026-03-17 14:00:57] Translating validation set...
[2026-03-17 14:00:57] Best translation 0 : ▁This ▁concept ▁comes ▁from ▁ancient ▁a c qu a in t ance s ▁from ▁a b s or b ing ▁mo s qui to es , ▁where ▁mo s qui to es ▁are ▁very ▁ su it able ▁for ▁ s we ating ▁people .
[2026-03-17 14:00:57] Best translation 1 : ▁Mu m ba i ' s ▁attack ers ▁arrived ▁in ▁the ▁ bo at ▁on ▁November ▁2 6 , ▁ 200 8 , ▁with ▁gr en ad es ▁and ▁auto ma tic ▁weapons , ▁target ing ▁several ▁target s ▁including ▁the ▁Che va na i ▁Tra in ing ▁Tra in ing ▁St ation ▁and ▁the ▁famous ▁Ta j ▁Mah al ▁Hotel .
[2026-03-17 14:00:58] Best translation 2 : ▁The ▁search ▁was ▁disrupt ed ▁by ▁the ▁same ▁bad ▁weather ▁that ▁led ▁to ▁the ▁break d own ▁of ▁the ▁land .
[2026-03-17 14:00:58] Best translation 3 : ▁The ▁AC M A ▁was ▁also ▁install ed ▁in ▁addition ▁to ▁the ▁video ▁on ▁the ▁Internet , ▁and ▁Bi g ▁Bra z er ▁did ▁not ▁violate ▁the ▁on line ▁content ▁ s ur ve ill ance ▁law ▁as ▁the ▁media ▁was ▁not ▁store d ▁on ▁Bi g ▁Bra z er ' s ▁website .
[2026-03-17 14:00:58] Best translation 4 : ▁There ▁was ▁a ▁we ak er ▁army ▁and ▁the ▁army ▁was ▁we ak er , ▁although ▁they ▁were ▁built ▁for ▁new ▁ ship s ▁before ▁the ▁beginning ▁of ▁the ▁war .
[2026-03-17 14:00:58] Best translation 5 : ▁The ▁second ▁goal ▁of ▁his ▁night ▁was ▁the ▁sixth ▁goal ▁of ▁the ▁season , ▁be coming ▁the ▁first ▁player ▁to ▁score ▁ 60 ▁goals ▁or ▁more ▁in ▁a ▁season ▁since ▁19 9 5 - 9 6 , ▁each ▁reached ▁this ▁stage .
[2026-03-17 14:00:58] Best translation 10 : ▁B lo o d ▁flow s ▁through ▁the ▁blood ▁ ve s s el ▁and ▁comes ▁back ▁to ▁the ▁heart ▁from ▁the ▁blood ▁ ve s s el s . ▁The ▁small est ▁ ner ve s ▁are ▁called ▁ ne ur al ▁mu ll am s .
[2026-03-17 14:00:58] Best translation 20 : ▁Com m un ic ation ▁can ▁also ▁be ▁true , ▁in ▁other ▁way s , ▁teachers ▁are ▁a ▁com m un ic able ▁ style ▁but ▁also ▁the ▁young ▁man ▁connect ed ▁to ▁the ▁Mi c ro so ft ▁O ff ic ial ▁paper ▁is ▁the ▁same .
[2026-03-17 14:00:58] Best translation 40 : ▁The ▁demonstration ▁began ▁around ▁11 : 00 ▁local ▁time ▁( U T C <0x2B> 1 ) ▁in ▁Wa it ol ▁against ▁the ▁g ate ▁of ▁the ▁police ▁guard ▁to ▁Da n ing ▁Street , ▁the ▁official ▁residence ▁of ▁the ▁prime ▁minister .
[2026-03-17 14:00:58] Best translation 80 : ▁The ▁sign ▁was ▁not ▁physical ly ▁harm ful ; ▁The ▁co or din ation ▁was ▁made ▁using ▁black ▁ tar po ly p ol ▁which ▁was ▁de c or ated ▁with ▁sign s ▁of ▁peace ▁and ▁heart ▁to ▁change ▁O ▁to ▁read ▁as ▁the ▁small ▁letter ▁e .
[2026-03-17 14:01:00] Best translation 160 : ▁People ▁d rew ▁seats ▁with ▁win d ow s ▁but ▁the ▁win d ow s ▁did ▁not ▁break .
[2026-03-17 14:01:03] Best translation 320 : ▁Follow ing ▁the ▁ma p ▁of ▁the ▁broke n ▁sea , ▁it ▁was ▁discovered ▁using ▁R O V .
[2026-03-17 14:01:08] Best translation 640 : ▁Japan ▁has ▁about ▁7 , 000 ▁is land s ▁( H on ush ▁and ▁the ▁largest , ▁making ▁Japan ▁the ▁seventh ▁largest ▁is land ▁in ▁the ▁world !
[2026-03-17 14:01:18] Best translation 1280 : ▁The ▁bus es ▁leave ▁station s ▁in ▁the ▁district s ▁( f ro m ▁the ▁river ) ▁throughout ▁the ▁day , ▁although ▁most ▁of ▁them , ▁especially ▁those ▁head ▁to ▁the ▁ east ▁and ▁Ja kar / B am tan g ▁between ▁6 : 30 ▁and ▁7 : 30 .
[2026-03-17 14:01:29] Total translation time: 32.92416s
[2026-03-17 14:01:29] Saving model weights and runtime parameters to /workspace/OPUS-MT-train/work/ckb-en/curated-floresdev.spm4k-spm4k.transformer.model1.npz.best-chrf.npz
[2026-03-17 14:01:31] [valid] Ep. 29 : Up. 36000 : chrf : 55.4319 : new best
[2026-03-17 14:01:33] Saving model weights and runtime parameters to /workspace/OPUS-MT-train/work/ckb-en/curated-floresdev.spm4k-spm4k.transformer.model1.npz.best-perplexity.npz
[2026-03-17 14:01:34] [valid] Ep. 29 : Up. 36000 : perplexity : 7.12352 : new best
[2026-03-17 14:03:51] Seen 310,206 samples
[2026-03-17 14:03:51] Starting data epoch 30 in logical epoch 30
[2026-03-17 14:04:04] Ep. 30 : Up. 37000 : Sen. 21,042 : Cost 1.86153281 * 9,781,263 @ 10,614 after 362,917,397 : Time 227.74s : 42948.61 words/s : gNorm 0.6823 : L.r. 1.9728e-04
[2026-03-17 14:04:04] Saving model weights and runtime parameters to /workspace/OPUS-MT-train/work/ckb-en/curated-floresdev.spm4k-spm4k.transformer.model1.npz
[2026-03-17 14:04:06] Saving Adam parameters
[2026-03-17 14:04:08] [training] Saving training checkpoint to /workspace/OPUS-MT-train/work/ckb-en/curated-floresdev.spm4k-spm4k.transformer.model1.npz and /workspace/OPUS-MT-train/work/ckb-en/curated-floresdev.spm4k-spm4k.transformer.model1.npz.optimizer.npz
[2026-03-17 14:04:11] Translating validation set...
[2026-03-17 14:04:12] Best translation 0 : ▁This ▁concept ▁comes ▁from ▁ancient ▁a c qu a in t ance s ▁from ▁a b s or b ing ▁mo s qui to es , ▁where ▁mo s qui to es ▁are ▁very ▁ su it able ▁to ▁prevent ▁human s ▁from ▁mi gra ting .
[2026-03-17 14:04:12] Best translation 1 : ▁Mu m ba i ' s ▁attack ers ▁arrived ▁in ▁the ▁ bo at ▁on ▁November ▁2 6 , ▁ 200 8 , ▁with ▁gr en ad es ▁and ▁auto ma tic ▁weapons , ▁target ing ▁several ▁target s , ▁including ▁the ▁Che va na i ▁Tra in ing ▁Tra in ing ▁St ation ▁and ▁the ▁famous ▁Ta j ▁Mah al ▁Hotel .
[2026-03-17 14:04:12] Best translation 2 : ▁The ▁search ▁was ▁disrupt ed ▁by ▁the ▁same ▁bad ▁weather ▁that ▁led ▁to ▁the ▁break d own ▁of ▁the ▁land .
[2026-03-17 14:04:12] Best translation 3 : ▁The ▁AC M A ▁was ▁also ▁install ed ▁in ▁addition ▁to ▁the ▁video ▁on ▁the ▁Internet , ▁and ▁Bi g ▁Bra z er ▁did ▁not ▁violate ▁the ▁on line ▁content ▁ s ur ve ill ance ▁law ▁as ▁the ▁media ▁was ▁not ▁store d ▁on ▁Bi g ▁Bra z er ' s ▁website .
[2026-03-17 14:04:12] Best translation 4 : ▁There ▁was ▁a ▁we ak er ▁army ▁and ▁the ▁army ▁was ▁we ak er , ▁although ▁they ▁were ▁built ▁for ▁new ▁ ship s ▁before ▁the ▁beginning ▁of ▁the ▁war .
[2026-03-17 14:04:12] Best translation 5 : ▁The ▁second ▁goal ▁of ▁his ▁night ▁was ▁the ▁sixth ▁goal ▁of ▁the ▁season , ▁be coming ▁the ▁first ▁player ▁to ▁score ▁ 60 ▁goals ▁or ▁more ▁in ▁a ▁season ▁since ▁19 9 5 - 9 6 , ▁each ▁reached ▁this ▁stage .
[2026-03-17 14:04:12] Best translation 10 : ▁B lo o d ▁flow s ▁through ▁the ▁blood ▁ ve s s el ▁and ▁comes ▁back ▁to ▁the ▁heart ▁from ▁the ▁blood ▁ ve s s el s . ▁The ▁small est ▁ ner ve s ▁are ▁called ▁ ne ur al ▁mu ll am s .
[2026-03-17 14:04:12] Best translation 20 : ▁Com m un ic ation ▁can ▁also ▁be ▁true , ▁in ▁other ▁way s , ▁teachers ▁are ▁a ▁com m un ic able ▁ style ▁but ▁also ▁the ▁young er ▁man ▁connect ed ▁to ▁the ▁Mi c ro so ft ▁O ff ic ial ▁paper ▁is ▁the ▁same .
[2026-03-17 14:04:12] Best translation 40 : ▁The ▁demonstration ▁began ▁around ▁11 : 00 ▁local ▁time ▁( U T C <0x2B> 1 ) ▁in ▁Wa it ol ▁against ▁the ▁g ate ▁of ▁the ▁police ▁guard ▁to ▁Da n ing ▁Street , ▁the ▁official ▁residence ▁of ▁the ▁prime ▁minister .
[2026-03-17 14:04:13] Best translation 80 : ▁The ▁sign ▁was ▁not ▁physical ly ▁harm ful ; ▁The ▁co or din ation ▁was ▁made ▁using ▁a ▁black ▁ tar po ly p ol ▁which ▁was ▁de c or ated ▁with ▁sign s ▁of ▁peace ▁and ▁heart ▁to ▁change ▁O ▁to ▁read ▁as ▁a ▁small ▁letter ▁of ▁e .
[2026-03-17 14:04:15] Best translation 160 : ▁People ▁d rew ▁seats ▁with ▁win d ow s ▁but ▁the ▁win d ow s ▁did ▁not ▁break .
[2026-03-17 14:04:17] Best translation 320 : ▁Follow ing ▁the ▁ma pp ing ▁of ▁the ▁broke n ▁sea , ▁it ▁was ▁found ▁using ▁R O V .
[2026-03-17 14:04:22] Best translation 640 : ▁Japan ▁has ▁about ▁7 , 000 ▁is land s ▁( H on ush ▁and ▁the ▁largest , ▁making ▁Japan ▁the ▁seventh ▁largest ▁is land ▁in ▁the ▁world !
[2026-03-17 14:04:31] Best translation 1280 : ▁The ▁bus es ▁leave ▁station s ▁in ▁the ▁district s ▁( f ro m ▁the ▁river ) ▁throughout ▁the ▁day , ▁although ▁most ▁of ▁them , ▁especially ▁those ▁head ▁to ▁the ▁ east ▁and ▁Ja kar / B am tan g ▁between ▁6 : 30 ▁and ▁7 : 30 .
[2026-03-17 14:04:43] Total translation time: 31.42681s
[2026-03-17 14:04:43] Saving model weights and runtime parameters to /workspace/OPUS-MT-train/work/ckb-en/curated-floresdev.spm4k-spm4k.transformer.model1.npz.best-bleu.npz
[2026-03-17 14:04:44] [valid] Ep. 30 : Up. 37000 : bleu : 28.4052 : new best
[2026-03-17 14:04:44] Translating validation set...
[2026-03-17 14:04:44] Best translation 0 : ▁This ▁concept ▁comes ▁from ▁ancient ▁a c qu a in t ance s ▁from ▁a b s or b ing ▁mo s qui to es , ▁where ▁mo s qui to es ▁are ▁very ▁ su it able ▁to ▁prevent ▁human s ▁from ▁mi gra ting .
[2026-03-17 14:04:44] Best translation 1 : ▁Mu m ba i ' s ▁attack ers ▁arrived ▁in ▁the ▁ bo at ▁on ▁November ▁2 6 , ▁ 200 8 , ▁with ▁gr en ad es ▁and ▁auto ma tic ▁weapons , ▁target ing ▁several ▁target s , ▁including ▁the ▁Che va na i ▁Tra in ing ▁Tra in ing ▁St ation ▁and ▁the ▁famous ▁Ta j ▁Mah al ▁Hotel .
[2026-03-17 14:04:45] Best translation 2 : ▁The ▁search ▁was ▁disrupt ed ▁by ▁the ▁same ▁bad ▁weather ▁that ▁led ▁to ▁the ▁break d own ▁of ▁the ▁land .
[2026-03-17 14:04:45] Best translation 3 : ▁The ▁AC M A ▁was ▁also ▁install ed ▁in ▁addition ▁to ▁the ▁video ▁on ▁the ▁Internet , ▁and ▁Bi g ▁Bra z er ▁did ▁not ▁violate ▁the ▁on line ▁content ▁ s ur ve ill ance ▁law ▁as ▁the ▁media ▁was ▁not ▁store d ▁on ▁Bi g ▁Bra z er ' s ▁website .
[2026-03-17 14:04:45] Best translation 4 : ▁There ▁was ▁a ▁we ak er ▁army ▁and ▁the ▁army ▁was ▁we ak er , ▁although ▁they ▁were ▁built ▁for ▁new ▁ ship s ▁before ▁the ▁beginning ▁of ▁the ▁war .
[2026-03-17 14:04:45] Best translation 5 : ▁The ▁second ▁goal ▁of ▁his ▁night ▁was ▁the ▁sixth ▁goal ▁of ▁the ▁season , ▁be coming ▁the ▁first ▁player ▁to ▁score ▁ 60 ▁goals ▁or ▁more ▁in ▁a ▁season ▁since ▁19 9 5 - 9 6 , ▁each ▁reached ▁this ▁stage .
[2026-03-17 14:04:45] Best translation 10 : ▁B lo o d ▁flow s ▁through ▁the ▁blood ▁ ve s s el ▁and ▁comes ▁back ▁to ▁the ▁heart ▁from ▁the ▁blood ▁ ve s s el s . ▁The ▁small est ▁ ner ve s ▁are ▁called ▁ ne ur al ▁mu ll am s .
[2026-03-17 14:04:45] Best translation 20 : ▁Com m un ic ation ▁can ▁also ▁be ▁true , ▁in ▁other ▁way s , ▁teachers ▁are ▁a ▁com m un ic able ▁ style ▁but ▁also ▁the ▁young er ▁man ▁connect ed ▁to ▁the ▁Mi c ro so ft ▁O ff ic ial ▁paper ▁is ▁the ▁same .
[2026-03-17 14:04:45] Best translation 40 : ▁The ▁demonstration ▁began ▁around ▁11 : 00 ▁local ▁time ▁( U T C <0x2B> 1 ) ▁in ▁Wa it ol ▁against ▁the ▁g ate ▁of ▁the ▁police ▁guard ▁to ▁Da n ing ▁Street , ▁the ▁official ▁residence ▁of ▁the ▁prime ▁minister .
[2026-03-17 14:04:46] Best translation 80 : ▁The ▁sign ▁was ▁not ▁physical ly ▁harm ful ; ▁The ▁co or din ation ▁was ▁made ▁using ▁a ▁black ▁ tar po ly p ol ▁which ▁was ▁de c or ated ▁with ▁sign s ▁of ▁peace ▁and ▁heart ▁to ▁change ▁O ▁to ▁read ▁as ▁a ▁small ▁letter ▁of ▁e .
[2026-03-17 14:04:48] Best translation 160 : ▁People ▁d rew ▁seats ▁with ▁win d ow s ▁but ▁the ▁win d ow s ▁did ▁not ▁break .
[2026-03-17 14:04:50] Best translation 320 : ▁Follow ing ▁the ▁ma pp ing ▁of ▁the ▁broke n ▁sea , ▁it ▁was ▁found ▁using ▁R O V .
[2026-03-17 14:04:55] Best translation 640 : ▁Japan ▁has ▁about ▁7 , 000 ▁is land s ▁( H on ush ▁and ▁the ▁largest , ▁making ▁Japan ▁the ▁seventh ▁largest ▁is land ▁in ▁the ▁world !
[2026-03-17 14:05:05] Best translation 1280 : ▁The ▁bus es ▁leave ▁station s ▁in ▁the ▁district s ▁( f ro m ▁the ▁river ) ▁throughout ▁the ▁day , ▁although ▁most ▁of ▁them , ▁especially ▁those ▁head ▁to ▁the ▁ east ▁and ▁Ja kar / B am tan g ▁between ▁6 : 30 ▁and ▁7 : 30 .
[2026-03-17 14:05:17] Total translation time: 32.80561s
[2026-03-17 14:05:17] Saving model weights and runtime parameters to /workspace/OPUS-MT-train/work/ckb-en/curated-floresdev.spm4k-spm4k.transformer.model1.npz.best-chrf.npz
[2026-03-17 14:05:18] [valid] Ep. 30 : Up. 37000 : chrf : 55.6393 : new best
[2026-03-17 14:05:20] Saving model weights and runtime parameters to /workspace/OPUS-MT-train/work/ckb-en/curated-floresdev.spm4k-spm4k.transformer.model1.npz.best-perplexity.npz
[2026-03-17 14:05:21] [valid] Ep. 30 : Up. 37000 : perplexity : 7.10268 : new best
[2026-03-17 14:07:51] Ep. 30 : Up. 38000 : Sen. 264,875 : Cost 1.84598923 * 9,830,130 @ 12,000 after 372,747,527 : Time 226.71s : 43360.66 words/s : gNorm 0.6668 : L.r. 1.9467e-04
[2026-03-17 14:07:51] Saving model weights and runtime parameters to /workspace/OPUS-MT-train/work/ckb-en/curated-floresdev.spm4k-spm4k.transformer.model1.npz
[2026-03-17 14:07:52] Saving Adam parameters
[2026-03-17 14:07:55] [training] Saving training checkpoint to /workspace/OPUS-MT-train/work/ckb-en/curated-floresdev.spm4k-spm4k.transformer.model1.npz and /workspace/OPUS-MT-train/work/ckb-en/curated-floresdev.spm4k-spm4k.transformer.model1.npz.optimizer.npz
[2026-03-17 14:07:58] Translating validation set...
[2026-03-17 14:07:59] Best translation 0 : ▁This ▁concept ▁comes ▁from ▁ancient ▁a c qu a in t ance s ▁from ▁a ri d ▁mo s qui to es , ▁where ▁mo s qui to es ▁are ▁very ▁con ven i ent ▁to ▁prevent ▁human s ▁from ▁ tra pp ing .
[2026-03-17 14:07:59] Best translation 1 : ▁Mu m ba i ' s ▁attack ers ▁reached ▁the ▁ bo at ▁on ▁November ▁2 6 , ▁ 200 8 , ▁with ▁gr en ad es ▁and ▁auto ma tic ▁weapons , ▁target ing ▁several ▁target s ▁including ▁the ▁Che va na i ▁Tra in ing ▁St ation ▁and ▁the ▁famous ▁Ta j ▁Mah al ▁Hotel .
[2026-03-17 14:07:59] Best translation 2 : ▁The ▁search ▁was ▁disrupt ed ▁by ▁the ▁same ▁bad ▁weather ▁that ▁led ▁to ▁the ▁break d own ▁of ▁the ▁land .
[2026-03-17 14:07:59] Best translation 3 : ▁In ▁addition ▁to ▁the ▁video ▁was ▁released ▁on ▁the ▁Internet , ▁Bi g ▁Bra z er ▁did ▁not ▁violate ▁the ▁on line ▁content ▁ s ur ve ill ance ▁law ▁as ▁the ▁media ▁was ▁not ▁store d ▁on ▁Bi g ▁Bra z er ' s ▁website .
[2026-03-17 14:07:59] Best translation 4 : ▁There ▁was ▁a ▁we ak er ▁army ▁and ▁the ▁army ▁was ▁we ak er , ▁although ▁they ▁were ▁built ▁for ▁new ▁ ship s ▁before ▁the ▁beginning ▁of ▁the ▁war .
[2026-03-17 14:07:59] Best translation 5 : ▁The ▁second ▁goal ▁of ▁his ▁night ▁was ▁the ▁sixth ▁goal ▁of ▁the ▁season , ▁be coming ▁the ▁first ▁player ▁to ▁score ▁ 60 ▁goals ▁or ▁more ▁in ▁a ▁season ▁since ▁19 9 5 - 9 6 , ▁each ▁reached ▁this ▁stage .
[2026-03-17 14:07:59] Best translation 10 : ▁B lo o d ▁flow s ▁through ▁the ▁blood ▁ ve s s el ▁and ▁comes ▁back ▁to ▁the ▁heart ▁from ▁the ▁blood ▁ ve s s el s . ▁The ▁small est ▁ ner ve s ▁are ▁called ▁ ne ur al ▁mu ll am s .
[2026-03-17 14:07:59] Best translation 20 : ▁Com m un ic ation ▁can ▁also ▁be ▁true , ▁in ▁other ▁way s , ▁teachers ▁are ▁a ▁com m un ic able ▁ style ▁but ▁also ▁the ▁young er ▁man ▁connect ed ▁to ▁the ▁Mi c ro so ft ▁O ff ic ial ▁paper ▁is ▁the ▁same .
[2026-03-17 14:07:59] Best translation 40 : ▁The ▁demonstration ▁began ▁around ▁11 : 00 ▁local ▁time ▁( U T C <0x2B> 1 ) ▁in ▁Wa it ol ▁against ▁the ▁g ate ▁of ▁the ▁police ▁guard ▁to ▁D own ing ▁Street , ▁the ▁official ▁residence ▁of ▁the ▁prime ▁minister .
[2026-03-17 14:08:00] Best translation 80 : ▁The ▁sign ▁was ▁not ▁physical ly ▁harm ful ; ▁The ▁co or din ation ▁was ▁made ▁using ▁a ▁black ▁ tar po ly p ol ▁which ▁was ▁de c or ated ▁with ▁sign s ▁of ▁peace ▁and ▁heart ▁to ▁change ▁O ▁to ▁read ▁as ▁a ▁small ▁letter ▁of ▁e .
[2026-03-17 14:08:02] Best translation 160 : ▁People ▁d ra gg ed ▁seats ▁to ▁win d ow s ▁but ▁the ▁win d ow s ▁did ▁not ▁break .
[2026-03-17 14:08:04] Best translation 320 : ▁Follow ing ▁the ▁ma pp ing ▁of ▁the ▁broke n ▁sea , ▁it ▁was ▁found ▁using ▁R O V .
[2026-03-17 14:08:09] Best translation 640 : ▁Japan ▁has ▁about ▁7 , 000 ▁is land s ▁( H on ush ▁and ▁the ▁largest , ▁making ▁Japan ▁the ▁seventh ▁largest ▁is land ▁in ▁the ▁world !
[2026-03-17 14:08:19] Best translation 1280 : ▁The ▁bus es ▁leave ▁the ▁district s ▁( f ro m ▁the ▁river ) ▁throughout ▁the ▁day , ▁although ▁most ▁of ▁them , ▁especially ▁those ▁head ing ▁to ▁the ▁ east ▁and ▁Ja kar / B am tan g ▁between ▁6 : 30 ▁and ▁7 : 30 .
[2026-03-17 14:08:30] Total translation time: 31.64239s
[2026-03-17 14:08:30] Saving model weights and runtime parameters to /workspace/OPUS-MT-train/work/ckb-en/curated-floresdev.spm4k-spm4k.transformer.model1.npz.best-bleu.npz
[2026-03-17 14:08:31] [valid] Ep. 30 : Up. 38000 : bleu : 28.5988 : new best
[2026-03-17 14:08:31] Translating validation set...
[2026-03-17 14:08:32] Best translation 0 : ▁This ▁concept ▁comes ▁from ▁ancient ▁a c qu a in t ance s ▁from ▁a ri d ▁mo s qui to es , ▁where ▁mo s qui to es ▁are ▁very ▁con ven i ent ▁to ▁prevent ▁human s ▁from ▁ tra pp ing .
[2026-03-17 14:08:32] Best translation 1 : ▁Mu m ba i ' s ▁attack ers ▁reached ▁the ▁ bo at ▁on ▁November ▁2 6 , ▁ 200 8 , ▁with ▁gr en ad es ▁and ▁auto ma tic ▁weapons , ▁target ing ▁several ▁target s ▁including ▁the ▁Che va na i ▁Tra in ing ▁St ation ▁and ▁the ▁famous ▁Ta j ▁Mah al ▁Hotel .
[2026-03-17 14:08:32] Best translation 2 : ▁The ▁search ▁was ▁disrupt ed ▁by ▁the ▁same ▁bad ▁weather ▁that ▁led ▁to ▁the ▁break d own ▁of ▁the ▁land .
[2026-03-17 14:08:32] Best translation 3 : ▁In ▁addition ▁to ▁the ▁video ▁was ▁released ▁on ▁the ▁Internet , ▁Bi g ▁Bra z er ▁did ▁not ▁violate ▁the ▁on line ▁content ▁ s ur ve ill ance ▁law ▁as ▁the ▁media ▁was ▁not ▁store d ▁on ▁Bi g ▁Bra z er ' s ▁website .
[2026-03-17 14:08:32] Best translation 4 : ▁There ▁was ▁a ▁we ak er ▁army ▁and ▁the ▁army ▁was ▁we ak er , ▁although ▁they ▁were ▁built ▁for ▁new ▁ ship s ▁before ▁the ▁beginning ▁of ▁the ▁war .
[2026-03-17 14:08:32] Best translation 5 : ▁The ▁second ▁goal ▁of ▁his ▁night ▁was ▁the ▁sixth ▁goal ▁of ▁the ▁season , ▁be coming ▁the ▁first ▁player ▁to ▁score ▁ 60 ▁goals ▁or ▁more ▁in ▁a ▁season ▁since ▁19 9 5 - 9 6 , ▁each ▁reached ▁this ▁stage .
[2026-03-17 14:08:32] Best translation 10 : ▁B lo o d ▁flow s ▁through ▁the ▁blood ▁ ve s s el ▁and ▁comes ▁back ▁to ▁the ▁heart ▁from ▁the ▁blood ▁ ve s s el s . ▁The ▁small est ▁ ner ve s ▁are ▁called ▁ ne ur al ▁mu ll am s .
[2026-03-17 14:08:32] Best translation 20 : ▁Com m un ic ation ▁can ▁also ▁be ▁true , ▁in ▁other ▁way s , ▁teachers ▁are ▁a ▁com m un ic able ▁ style ▁but ▁also ▁the ▁young er ▁man ▁connect ed ▁to ▁the ▁Mi c ro so ft ▁O ff ic ial ▁paper ▁is ▁the ▁same .
[2026-03-17 14:08:32] Best translation 40 : ▁The ▁demonstration ▁began ▁around ▁11 : 00 ▁local ▁time ▁( U T C <0x2B> 1 ) ▁in ▁Wa it ol ▁against ▁the ▁g ate ▁of ▁the ▁police ▁guard ▁to ▁D own ing ▁Street , ▁the ▁official ▁residence ▁of ▁the ▁prime ▁minister .
[2026-03-17 14:08:33] Best translation 80 : ▁The ▁sign ▁was ▁not ▁physical ly ▁harm ful ; ▁The ▁co or din ation ▁was ▁made ▁using ▁a ▁black ▁ tar po ly p ol ▁which ▁was ▁de c or ated ▁with ▁sign s ▁of ▁peace ▁and ▁heart ▁to ▁change ▁O ▁to ▁read ▁as ▁a ▁small ▁letter ▁of ▁e .
[2026-03-17 14:08:35] Best translation 160 : ▁People ▁d ra gg ed ▁seats ▁to ▁win d ow s ▁but ▁the ▁win d ow s ▁did ▁not ▁break .
[2026-03-17 14:08:38] Best translation 320 : ▁Follow ing ▁the ▁ma pp ing ▁of ▁the ▁broke n ▁sea , ▁it ▁was ▁found ▁using ▁R O V .
[2026-03-17 14:08:42] Best translation 640 : ▁Japan ▁has ▁about ▁7 , 000 ▁is land s ▁( H on ush ▁and ▁the ▁largest , ▁making ▁Japan ▁the ▁seventh ▁largest ▁is land ▁in ▁the ▁world !
[2026-03-17 14:08:52] Best translation 1280 : ▁The ▁bus es ▁leave ▁the ▁district s ▁( f ro m ▁the ▁river ) ▁throughout ▁the ▁day , ▁although ▁most ▁of ▁them , ▁especially ▁those ▁head ing ▁to ▁the ▁ east ▁and ▁Ja kar / B am tan g ▁between ▁6 : 30 ▁and ▁7 : 30 .
[2026-03-17 14:09:04] Total translation time: 33.00798s
[2026-03-17 14:09:04] Saving model weights and runtime parameters to /workspace/OPUS-MT-train/work/ckb-en/curated-floresdev.spm4k-spm4k.transformer.model1.npz.best-chrf.npz
[2026-03-17 14:09:05] [valid] Ep. 30 : Up. 38000 : chrf : 55.7216 : new best
[2026-03-17 14:09:07] Saving model weights and runtime parameters to /workspace/OPUS-MT-train/work/ckb-en/curated-floresdev.spm4k-spm4k.transformer.model1.npz.best-perplexity.npz
[2026-03-17 14:09:08] [valid] Ep. 30 : Up. 38000 : perplexity : 7.0867 : new best
[2026-03-17 14:09:37] Seen 310,206 samples
[2026-03-17 14:09:37] Starting data epoch 31 in logical epoch 31
[2026-03-17 14:11:39] Ep. 31 : Up. 39000 : Sen. 198,100 : Cost 1.83392704 * 9,811,242 @ 11,270 after 382,558,769 : Time 228.57s : 42924.89 words/s : gNorm 0.6715 : L.r. 1.9215e-04
[2026-03-17 14:11:39] Saving model weights and runtime parameters to /workspace/OPUS-MT-train/work/ckb-en/curated-floresdev.spm4k-spm4k.transformer.model1.npz
[2026-03-17 14:11:41] Saving Adam parameters
[2026-03-17 14:11:43] [training] Saving training checkpoint to /workspace/OPUS-MT-train/work/ckb-en/curated-floresdev.spm4k-spm4k.transformer.model1.npz and /workspace/OPUS-MT-train/work/ckb-en/curated-floresdev.spm4k-spm4k.transformer.model1.npz.optimizer.npz
[2026-03-17 14:11:46] Translating validation set...
[2026-03-17 14:11:47] Best translation 0 : ▁This ▁concept ▁comes ▁from ▁ancient ▁a c qu a in t ance s ▁from ▁a ri d ▁mo s qui to es , ▁where ▁mo s qui to es ▁are ▁very ▁con ven i ent ▁to ▁prevent ▁human s ▁from ▁ tra pp ing .
[2026-03-17 14:11:47] Best translation 1 : ▁Mu m ba i ' s ▁attack ers ▁reached ▁the ▁ bo at ▁on ▁November ▁2 6 , ▁ 200 8 , ▁with ▁gr en ad es ▁and ▁auto ma tic ▁weapons , ▁target ing ▁several ▁target s ▁including ▁the ▁Che va na i ▁Tra in ing ▁St ation ▁and ▁the ▁famous ▁Ta j ▁Mah al ▁Hotel .
[2026-03-17 14:11:47] Best translation 2 : ▁The ▁search ▁was ▁disrupt ed ▁by ▁the ▁same ▁bad ▁weather ▁that ▁led ▁to ▁the ▁break d own ▁of ▁the ▁land .
[2026-03-17 14:11:47] Best translation 3 : ▁In ▁addition ▁to ▁the ▁video ▁was ▁released ▁on ▁the ▁Internet , ▁Bi g ▁Bra z er ▁did ▁not ▁violate ▁the ▁on line ▁content ▁ s ur ve ill ance ▁law ▁as ▁the ▁media ▁was ▁not ▁store d ▁on ▁Bi g ▁Bra z er ' s ▁website .
[2026-03-17 14:11:47] Best translation 4 : ▁There ▁was ▁a ▁we ak er ▁army ▁and ▁the ▁army ▁was ▁we ak er , ▁although ▁they ▁were ▁built ▁for ▁new ▁ ship s ▁before ▁the ▁beginning ▁of ▁the ▁war .
[2026-03-17 14:11:47] Best translation 5 : ▁The ▁second ▁goal ▁of ▁his ▁night ▁was ▁the ▁sixth ▁goal ▁of ▁the ▁season , ▁be coming ▁the ▁first ▁player ▁to ▁score ▁ 60 ▁goals ▁or ▁more ▁in ▁a ▁season ▁since ▁19 9 5 - 9 6 , ▁each ▁reached ▁this ▁stage .
[2026-03-17 14:11:47] Best translation 10 : ▁B lo o d ▁flow s ▁through ▁the ▁blood ▁ ve s s el ▁and ▁comes ▁back ▁to ▁the ▁heart ▁from ▁the ▁blood ▁ ve s s el s . ▁The ▁small est ▁ ner ve s ▁are ▁called ▁ ne ur al ▁mu ll am s .
[2026-03-17 14:11:47] Best translation 20 : ▁Com m un ic ation ▁can ▁also ▁be ▁true , ▁in ▁other ▁word s , ▁a ▁teacher ▁is ▁a ▁kind ▁of ▁contract or ▁but ▁his ▁young ▁man ▁is ▁also ▁the ▁ lin k ▁between ▁the ▁Mi c ro so ft ▁O ff ic ial ▁paper .
[2026-03-17 14:11:47] Best translation 40 : ▁The ▁demonstration ▁began ▁around ▁11 : 00 ▁local ▁time ▁( U T C <0x2B> 1 ) ▁in ▁Wa it ol ▁against ▁the ▁g ate ▁of ▁the ▁police ▁guard ▁to ▁D own ing ▁Street , ▁the ▁official ▁residence ▁of ▁the ▁prime ▁minister .
[2026-03-17 14:11:48] Best translation 80 : ▁The ▁sign ▁was ▁not ▁physical ly ▁harm ful ; ▁The ▁co or din ation ▁was ▁made ▁using ▁black ▁ tar po ol s ▁that ▁were ▁de c or ated ▁with ▁sign s ▁of ▁peace ▁and ▁heart ▁to ▁change ▁O ▁to ▁read ▁as ▁the ▁small ▁letter ▁e .
[2026-03-17 14:11:50] Best translation 160 : ▁People ▁d ra gg ed ▁seats ▁to ▁win d ow s ▁but ▁the ▁win d ow s ▁did ▁not ▁break .
[2026-03-17 14:11:52] Best translation 320 : ▁Follow ing ▁the ▁ma pp ing ▁of ▁the ▁broke n ▁sea , ▁it ▁was ▁discovered ▁using ▁R O V .
[2026-03-17 14:11:57] Best translation 640 : ▁Japan ▁has ▁about ▁7 , 000 ▁is land s ▁( H on ush ▁and ▁the ▁largest , ▁making ▁Japan ▁the ▁seventh ▁largest ▁is land ▁in ▁the ▁world !
[2026-03-17 14:12:06] Best translation 1280 : ▁The ▁bus es ▁leave ▁the ▁district ▁station s ▁( f ro m ▁the ▁river ) ▁throughout ▁the ▁day , ▁although ▁most ▁of ▁them , ▁especially ▁those ▁head ▁to ▁the ▁ east ▁and ▁Ja kar / B am tan g ▁between ▁6 : 30 ▁and ▁7 : 30 .
[2026-03-17 14:12:17] Total translation time: 31.34445s
[2026-03-17 14:12:17] Saving model weights and runtime parameters to /workspace/OPUS-MT-train/work/ckb-en/curated-floresdev.spm4k-spm4k.transformer.model1.npz.best-bleu.npz
[2026-03-17 14:12:18] [valid] Ep. 31 : Up. 39000 : bleu : 28.705 : new best
[2026-03-17 14:12:18] Translating validation set...
[2026-03-17 14:12:19] Best translation 0 : ▁This ▁concept ▁comes ▁from ▁ancient ▁a c qu a in t ance s ▁from ▁a ri d ▁mo s qui to es , ▁where ▁mo s qui to es ▁are ▁very ▁con ven i ent ▁to ▁prevent ▁human s ▁from ▁ tra pp ing .
[2026-03-17 14:12:19] Best translation 1 : ▁Mu m ba i ' s ▁attack ers ▁reached ▁the ▁ bo at ▁on ▁November ▁2 6 , ▁ 200 8 , ▁with ▁gr en ad es ▁and ▁auto ma tic ▁weapons , ▁target ing ▁several ▁target s ▁including ▁the ▁Che va na i ▁Tra in ing ▁St ation ▁and ▁the ▁famous ▁Ta j ▁Mah al ▁Hotel .
[2026-03-17 14:12:20] Best translation 2 : ▁The ▁search ▁was ▁disrupt ed ▁by ▁the ▁same ▁bad ▁weather ▁that ▁led ▁to ▁the ▁break d own ▁of ▁the ▁land .
[2026-03-17 14:12:20] Best translation 3 : ▁In ▁addition ▁to ▁the ▁video ▁was ▁released ▁on ▁the ▁Internet , ▁Bi g ▁Bra z er ▁did ▁not ▁violate ▁the ▁on line ▁content ▁ s ur ve ill ance ▁law ▁as ▁the ▁media ▁was ▁not ▁store d ▁on ▁Bi g ▁Bra z er ' s ▁website .
[2026-03-17 14:12:20] Best translation 4 : ▁There ▁was ▁a ▁we ak er ▁army ▁and ▁the ▁army ▁was ▁we ak er , ▁although ▁they ▁were ▁built ▁for ▁new ▁ ship s ▁before ▁the ▁beginning ▁of ▁the ▁war .
[2026-03-17 14:12:20] Best translation 5 : ▁The ▁second ▁goal ▁of ▁his ▁night ▁was ▁the ▁sixth ▁goal ▁of ▁the ▁season , ▁be coming ▁the ▁first ▁player ▁to ▁score ▁ 60 ▁goals ▁or ▁more ▁in ▁a ▁season ▁since ▁19 9 5 - 9 6 , ▁each ▁reached ▁this ▁stage .
[2026-03-17 14:12:20] Best translation 10 : ▁B lo o d ▁flow s ▁through ▁the ▁blood ▁ ve s s el ▁and ▁comes ▁back ▁to ▁the ▁heart ▁from ▁the ▁blood ▁ ve s s el s . ▁The ▁small est ▁ ner ve s ▁are ▁called ▁ ne ur al ▁mu ll am s .
[2026-03-17 14:12:20] Best translation 20 : ▁Com m un ic ation ▁can ▁also ▁be ▁true , ▁in ▁other ▁word s , ▁a ▁teacher ▁is ▁a ▁kind ▁of ▁contract or ▁but ▁his ▁young ▁man ▁is ▁also ▁the ▁ lin k ▁between ▁the ▁Mi c ro so ft ▁O ff ic ial ▁paper .
[2026-03-17 14:12:20] Best translation 40 : ▁The ▁demonstration ▁began ▁around ▁11 : 00 ▁local ▁time ▁( U T C <0x2B> 1 ) ▁in ▁Wa it ol ▁against ▁the ▁g ate ▁of ▁the ▁police ▁guard ▁to ▁D own ing ▁Street , ▁the ▁official ▁residence ▁of ▁the ▁prime ▁minister .
[2026-03-17 14:12:20] Best translation 80 : ▁The ▁sign ▁was ▁not ▁physical ly ▁harm ful ; ▁The ▁co or din ation ▁was ▁made ▁using ▁black ▁ tar po ol s ▁that ▁were ▁de c or ated ▁with ▁sign s ▁of ▁peace ▁and ▁heart ▁to ▁change ▁O ▁to ▁read ▁as ▁the ▁small ▁letter ▁e .
[2026-03-17 14:12:22] Best translation 160 : ▁People ▁d ra gg ed ▁seats ▁to ▁win d ow s ▁but ▁the ▁win d ow s ▁did ▁not ▁break .
[2026-03-17 14:12:25] Best translation 320 : ▁Follow ing ▁the ▁ma pp ing ▁of ▁the ▁broke n ▁sea , ▁it ▁was ▁discovered ▁using ▁R O V .
[2026-03-17 14:12:30] Best translation 640 : ▁Japan ▁has ▁about ▁7 , 000 ▁is land s ▁( H on ush ▁and ▁the ▁largest , ▁making ▁Japan ▁the ▁seventh ▁largest ▁is land ▁in ▁the ▁world !
[2026-03-17 14:12:39] Best translation 1280 : ▁The ▁bus es ▁leave ▁the ▁district ▁station s ▁( f ro m ▁the ▁river ) ▁throughout ▁the ▁day , ▁although ▁most ▁of ▁them , ▁especially ▁those ▁head ▁to ▁the ▁ east ▁and ▁Ja kar / B am tan g ▁between ▁6 : 30 ▁and ▁7 : 30 .
[2026-03-17 14:12:51] Total translation time: 32.85339s
[2026-03-17 14:12:51] Saving model weights and runtime parameters to /workspace/OPUS-MT-train/work/ckb-en/curated-floresdev.spm4k-spm4k.transformer.model1.npz.best-chrf.npz
[2026-03-17 14:12:52] [valid] Ep. 31 : Up. 39000 : chrf : 55.7836 : new best
[2026-03-17 14:12:54] Saving model weights and runtime parameters to /workspace/OPUS-MT-train/work/ckb-en/curated-floresdev.spm4k-spm4k.transformer.model1.npz.best-perplexity.npz
[2026-03-17 14:12:55] [valid] Ep. 31 : Up. 39000 : perplexity : 7.07655 : new best
[2026-03-17 14:14:06] Seen 310,206 samples
[2026-03-17 14:14:06] Starting data epoch 32 in logical epoch 32
[2026-03-17 14:15:27] Ep. 32 : Up. 40000 : Sen. 131,071 : Cost 1.82213163 * 9,807,993 @ 11,943 after 392,366,762 : Time 228.14s : 42991.76 words/s : gNorm 0.6529 : L.r. 1.8974e-04
[2026-03-17 14:15:27] Saving model weights and runtime parameters to /workspace/OPUS-MT-train/work/ckb-en/curated-floresdev.spm4k-spm4k.transformer.model1.npz
[2026-03-17 14:15:29] Saving Adam parameters
[2026-03-17 14:15:31] [training] Saving training checkpoint to /workspace/OPUS-MT-train/work/ckb-en/curated-floresdev.spm4k-spm4k.transformer.model1.npz and /workspace/OPUS-MT-train/work/ckb-en/curated-floresdev.spm4k-spm4k.transformer.model1.npz.optimizer.npz
[2026-03-17 14:15:34] Translating validation set...
[2026-03-17 14:15:35] Best translation 0 : ▁This ▁concept ▁comes ▁from ▁ancient ▁a c qu a in t ance s ▁from ▁a ri d ▁mo s qui to es , ▁where ▁mo s qui to es ▁are ▁very ▁con ven i ent ▁to ▁prevent ▁human s ▁from ▁a b s or b ing .
[2026-03-17 14:15:35] Best translation 1 : ▁Mu m ba i ' s ▁attack ers ▁reached ▁the ▁ bo at ▁on ▁November ▁2 6 , ▁ 200 8 , ▁with ▁gr en ad es ▁and ▁auto ma tic ▁weapons , ▁target ing ▁several ▁target s ▁including ▁the ▁Che va na i ▁Tra in ing ▁St ation ▁and ▁the ▁famous ▁Ta j ▁Mah al ▁Hotel .
[2026-03-17 14:15:35] Best translation 2 : ▁The ▁search ▁was ▁disrupt ed ▁by ▁the ▁same ▁bad ▁weather ▁that ▁led ▁to ▁the ▁break d own ▁of ▁the ▁land .
[2026-03-17 14:15:35] Best translation 3 : ▁The ▁AC M A ▁was ▁also ▁install ed ▁in ▁addition ▁to ▁the ▁video ▁on ▁the ▁Internet , ▁and ▁Bi g ▁Bra z er ▁did ▁not ▁violate ▁the ▁on line ▁content ▁ s ur ve ill ance ▁law ▁as ▁the ▁media ▁was ▁not ▁store d ▁on ▁Bi g ▁Bra z er ' s ▁website .
[2026-03-17 14:15:35] Best translation 4 : ▁There ▁was ▁a ▁we ak er ▁army ▁and ▁the ▁army ▁was ▁we ak er , ▁although ▁they ▁were ▁built ▁for ▁new ▁ ship s ▁before ▁the ▁beginning ▁of ▁the ▁war .
[2026-03-17 14:15:35] Best translation 5 : ▁The ▁second ▁goal ▁of ▁his ▁night ▁was ▁the ▁sixth ▁goal ▁of ▁the ▁season , ▁be coming ▁the ▁first ▁player ▁to ▁score ▁ 60 ▁goals ▁or ▁more ▁in ▁a ▁season ▁since ▁19 9 5 - 9 6 , ▁each ▁reached ▁this ▁stage .
[2026-03-17 14:15:36] Best translation 10 : ▁B lo o d ▁flow s ▁through ▁the ▁blood ▁ ve s s el ▁and ▁comes ▁back ▁to ▁the ▁heart ▁from ▁the ▁blood ▁ ve s s el s . ▁The ▁small est ▁ ner ve s ▁are ▁called ▁ ne ur al ▁mu ll am s .
[2026-03-17 14:15:36] Best translation 20 : ▁Com m un ic ation ▁can ▁also ▁be ▁true , ▁in ▁other ▁word s , ▁a ▁teacher ▁is ▁a ▁kind ▁of ▁contract or ▁but ▁the ▁young er ▁man ▁in ▁connect ion ▁with ▁the ▁Mi c ro so ft ▁O ff ic ial ▁paper ▁is ▁the ▁same .
[2026-03-17 14:15:36] Best translation 40 : ▁The ▁demonstration ▁began ▁around ▁11 : 00 ▁local ▁time ▁( U T C <0x2B> 1 ) ▁in ▁Wa it ol ▁against ▁the ▁g ate ▁of ▁the ▁police ▁guard ▁to ▁D own ing ▁Street , ▁the ▁official ▁residence ▁of ▁the ▁prime ▁minister .
[2026-03-17 14:15:36] Best translation 80 : ▁The ▁sign ▁was ▁not ▁physical ly ▁harm ful ; ▁The ▁co or din ation ▁was ▁made ▁using ▁a ▁black ▁ tar po ly p ol ▁which ▁was ▁de c or ated ▁with ▁sign s ▁of ▁peace ▁and ▁heart ▁to ▁change ▁O ▁to ▁read ▁as ▁a ▁small ▁letter ▁of ▁e .
[2026-03-17 14:15:38] Best translation 160 : ▁People ▁d ra gg ed ▁chair s ▁to ▁win d ow s ▁but ▁the ▁win d ow s ▁did ▁not ▁break .
[2026-03-17 14:15:41] Best translation 320 : ▁After ▁ma pp ing ▁the ▁ s lo pe s ▁of ▁the ▁broke n ▁sea , ▁it ▁was ▁discovered ▁using ▁R O V .
[2026-03-17 14:15:45] Best translation 640 : ▁Japan ▁has ▁about ▁7 , 000 ▁is land s ▁( H on ush ▁and ▁the ▁largest , ▁making ▁Japan ▁the ▁seventh ▁largest ▁is land ▁in ▁the ▁world !
[2026-03-17 14:15:55] Best translation 1280 : ▁The ▁bus es ▁leave ▁the ▁district ▁station s ▁( f ro m ▁the ▁river ) ▁throughout ▁the ▁day , ▁although ▁most ▁of ▁them , ▁especially ▁those ▁head ing ▁to ▁the ▁ east ▁and ▁Ja kar / B am tan g ▁between ▁6 : 30 ▁and ▁7 : 30 ▁pm .
[2026-03-17 14:16:06] Total translation time: 31.82409s
[2026-03-17 14:16:06] Saving model weights and runtime parameters to /workspace/OPUS-MT-train/work/ckb-en/curated-floresdev.spm4k-spm4k.transformer.model1.npz.best-bleu.npz
[2026-03-17 14:16:07] [valid] Ep. 32 : Up. 40000 : bleu : 29.0242 : new best
[2026-03-17 14:16:07] Translating validation set...
[2026-03-17 14:16:08] Best translation 0 : ▁This ▁concept ▁comes ▁from ▁ancient ▁a c qu a in t ance s ▁from ▁a ri d ▁mo s qui to es , ▁where ▁mo s qui to es ▁are ▁very ▁con ven i ent ▁to ▁prevent ▁human s ▁from ▁a b s or b ing .
[2026-03-17 14:16:08] Best translation 1 : ▁Mu m ba i ' s ▁attack ers ▁reached ▁the ▁ bo at ▁on ▁November ▁2 6 , ▁ 200 8 , ▁with ▁gr en ad es ▁and ▁auto ma tic ▁weapons , ▁target ing ▁several ▁target s ▁including ▁the ▁Che va na i ▁Tra in ing ▁St ation ▁and ▁the ▁famous ▁Ta j ▁Mah al ▁Hotel .
[2026-03-17 14:16:08] Best translation 2 : ▁The ▁search ▁was ▁disrupt ed ▁by ▁the ▁same ▁bad ▁weather ▁that ▁led ▁to ▁the ▁break d own ▁of ▁the ▁land .
[2026-03-17 14:16:08] Best translation 3 : ▁The ▁AC M A ▁was ▁also ▁install ed ▁in ▁addition ▁to ▁the ▁video ▁on ▁the ▁Internet , ▁and ▁Bi g ▁Bra z er ▁did ▁not ▁violate ▁the ▁on line ▁content ▁ s ur ve ill ance ▁law ▁as ▁the ▁media ▁was ▁not ▁store d ▁on ▁Bi g ▁Bra z er ' s ▁website .
[2026-03-17 14:16:08] Best translation 4 : ▁There ▁was ▁a ▁we ak er ▁army ▁and ▁the ▁army ▁was ▁we ak er , ▁although ▁they ▁were ▁built ▁for ▁new ▁ ship s ▁before ▁the ▁beginning ▁of ▁the ▁war .
[2026-03-17 14:16:08] Best translation 5 : ▁The ▁second ▁goal ▁of ▁his ▁night ▁was ▁the ▁sixth ▁goal ▁of ▁the ▁season , ▁be coming ▁the ▁first ▁player ▁to ▁score ▁ 60 ▁goals ▁or ▁more ▁in ▁a ▁season ▁since ▁19 9 5 - 9 6 , ▁each ▁reached ▁this ▁stage .
[2026-03-17 14:16:09] Best translation 10 : ▁B lo o d ▁flow s ▁through ▁the ▁blood ▁ ve s s el ▁and ▁comes ▁back ▁to ▁the ▁heart ▁from ▁the ▁blood ▁ ve s s el s . ▁The ▁small est ▁ ner ve s ▁are ▁called ▁ ne ur al ▁mu ll am s .
[2026-03-17 14:16:09] Best translation 20 : ▁Com m un ic ation ▁can ▁also ▁be ▁true , ▁in ▁other ▁word s , ▁a ▁teacher ▁is ▁a ▁kind ▁of ▁contract or ▁but ▁the ▁young er ▁man ▁in ▁connect ion ▁with ▁the ▁Mi c ro so ft ▁O ff ic ial ▁paper ▁is ▁the ▁same .
[2026-03-17 14:16:09] Best translation 40 : ▁The ▁demonstration ▁began ▁around ▁11 : 00 ▁local ▁time ▁( U T C <0x2B> 1 ) ▁in ▁Wa it ol ▁against ▁the ▁g ate ▁of ▁the ▁police ▁guard ▁to ▁D own ing ▁Street , ▁the ▁official ▁residence ▁of ▁the ▁prime ▁minister .
[2026-03-17 14:16:09] Best translation 80 : ▁The ▁sign ▁was ▁not ▁physical ly ▁harm ful ; ▁The ▁co or din ation ▁was ▁made ▁using ▁a ▁black ▁ tar po ly p ol ▁which ▁was ▁de c or ated ▁with ▁sign s ▁of ▁peace ▁and ▁heart ▁to ▁change ▁O ▁to ▁read ▁as ▁a ▁small ▁letter ▁of ▁e .
[2026-03-17 14:16:11] Best translation 160 : ▁People ▁d ra gg ed ▁chair s ▁to ▁win d ow s ▁but ▁the ▁win d ow s ▁did ▁not ▁break .
[2026-03-17 14:16:14] Best translation 320 : ▁After ▁ma pp ing ▁the ▁ s lo pe s ▁of ▁the ▁broke n ▁sea , ▁it ▁was ▁discovered ▁using ▁R O V .
[2026-03-17 14:16:19] Best translation 640 : ▁Japan ▁has ▁about ▁7 , 000 ▁is land s ▁( H on ush ▁and ▁the ▁largest , ▁making ▁Japan ▁the ▁seventh ▁largest ▁is land ▁in ▁the ▁world !
[2026-03-17 14:16:29] Best translation 1280 : ▁The ▁bus es ▁leave ▁the ▁district ▁station s ▁( f ro m ▁the ▁river ) ▁throughout ▁the ▁day , ▁although ▁most ▁of ▁them , ▁especially ▁those ▁head ing ▁to ▁the ▁ east ▁and ▁Ja kar / B am tan g ▁between ▁6 : 30 ▁and ▁7 : 30 ▁pm .
[2026-03-17 14:16:40] Total translation time: 33.16924s
[2026-03-17 14:16:40] Saving model weights and runtime parameters to /workspace/OPUS-MT-train/work/ckb-en/curated-floresdev.spm4k-spm4k.transformer.model1.npz.best-chrf.npz
[2026-03-17 14:16:42] [valid] Ep. 32 : Up. 40000 : chrf : 56.0245 : new best
[2026-03-17 14:16:43] Saving model weights and runtime parameters to /workspace/OPUS-MT-train/work/ckb-en/curated-floresdev.spm4k-spm4k.transformer.model1.npz.best-perplexity.npz
[2026-03-17 14:16:45] [valid] Ep. 32 : Up. 40000 : perplexity : 7.07012 : new best
[2026-03-17 14:18:35] Seen 310,206 samples
[2026-03-17 14:18:35] Starting data epoch 33 in logical epoch 33
[2026-03-17 14:19:16] Ep. 33 : Up. 41000 : Sen. 64,217 : Cost 1.80966580 * 9,793,035 @ 9,903 after 402,159,797 : Time 228.27s : 42900.88 words/s : gNorm 0.6658 : L.r. 1.8741e-04
[2026-03-17 14:19:16] Saving model weights and runtime parameters to /workspace/OPUS-MT-train/work/ckb-en/curated-floresdev.spm4k-spm4k.transformer.model1.npz
[2026-03-17 14:19:17] Saving Adam parameters
[2026-03-17 14:19:19] [training] Saving training checkpoint to /workspace/OPUS-MT-train/work/ckb-en/curated-floresdev.spm4k-spm4k.transformer.model1.npz and /workspace/OPUS-MT-train/work/ckb-en/curated-floresdev.spm4k-spm4k.transformer.model1.npz.optimizer.npz
[2026-03-17 14:19:23] Translating validation set...
[2026-03-17 14:19:23] Best translation 0 : ▁This ▁concept ▁comes ▁from ▁the ▁old ▁ fa mi li ar ity ▁of ▁the ▁in s er t ▁mo s qui to , ▁where ▁the ▁mo s qui to es ▁are ▁very ▁ su it able ▁for ▁human ▁ gra s s ing .
[2026-03-17 14:19:23] Best translation 1 : ▁Mu m ba i ' s ▁attack ers ▁reached ▁the ▁ bo at ▁on ▁November ▁2 6 , ▁ 200 8 , ▁with ▁gr en ad es ▁and ▁auto ma tic ▁weapons , ▁target ing ▁several ▁target s ▁including ▁the ▁Che va na i ▁Tra in ing ▁St ation ▁and ▁the ▁famous ▁Ta j ▁Mah al ▁Hotel .
[2026-03-17 14:19:24] Best translation 2 : ▁The ▁search ▁was ▁disrupt ed ▁by ▁the ▁same ▁bad ▁weather ▁that ▁led ▁to ▁the ▁break d own ▁of ▁the ▁land .
[2026-03-17 14:19:24] Best translation 3 : ▁The ▁AC M A ▁was ▁also ▁install ed ▁in ▁addition ▁to ▁the ▁video ▁on ▁the ▁Internet , ▁and ▁Bi g ▁Bra z er ▁did ▁not ▁violate ▁the ▁on line ▁content ▁ s ur ve ill ance ▁law ▁as ▁the ▁media ▁was ▁not ▁store d ▁on ▁Bi g ▁Bra z er ' s ▁website .
[2026-03-17 14:19:24] Best translation 4 : ▁There ▁was ▁a ▁we ak er ▁army ▁and ▁the ▁water ▁army ▁was ▁we ak er , ▁although ▁they ▁were ▁built ▁for ▁new ▁ ship s ▁before ▁the ▁beginning ▁of ▁the ▁war .
[2026-03-17 14:19:24] Best translation 5 : ▁The ▁second ▁goal ▁of ▁his ▁night ▁was ▁the ▁sixth ▁goal ▁of ▁the ▁season , ▁be coming ▁the ▁first ▁player ▁to ▁score ▁ 60 ▁goals ▁or ▁more ▁in ▁a ▁season ▁since ▁19 9 5 - 9 6 , ▁each ▁of ▁which ▁Ya r mo ir ▁Ya ng er ▁and ▁Ma ri o ▁Li mi u ▁have ▁reached ▁this ▁stage .
[2026-03-17 14:19:24] Best translation 10 : ▁B lo o d ▁flow s ▁through ▁the ▁blood ▁ ve s s el ▁and ▁comes ▁back ▁to ▁the ▁heart ▁from ▁the ▁blood ▁ ve s s el s . ▁The ▁small est ▁ ner ve s ▁are ▁called ▁ ne ur al ▁mu ll am s .
[2026-03-17 14:19:24] Best translation 20 : ▁Com m un ic ation ▁can ▁also ▁be ▁true , ▁in ▁other ▁word s , ▁a ▁teacher ▁is ▁a ▁kind ▁of ▁contract or , ▁but ▁the ▁young er ▁man ▁in ▁connect ion ▁with ▁the ▁Mi c ro so ft ▁O ff ic ial ▁paper ▁is ▁the ▁same .
[2026-03-17 14:19:24] Best translation 40 : ▁The ▁demonstration ▁began ▁around ▁11 : 00 ▁local ▁time ▁( U T C <0x2B> 1 ) ▁in ▁Wa it ol ▁against ▁the ▁g ate ▁of ▁the ▁police ▁guard ▁to ▁D own ing ▁Street , ▁the ▁official ▁residence ▁of ▁the ▁prime ▁minister .
[2026-03-17 14:19:24] Best translation 80 : ▁The ▁sign ▁was ▁not ▁physical ly ▁harm ful ; ▁The ▁co or din ation ▁was ▁made ▁using ▁a ▁black ▁ tar po ly p ol ▁which ▁was ▁de c or ated ▁with ▁sign s ▁of ▁peace ▁and ▁heart ▁to ▁change ▁O ▁to ▁read ▁as ▁a ▁small ▁letter ▁of ▁e .
[2026-03-17 14:19:26] Best translation 160 : ▁People ▁d rew ▁seats ▁with ▁win d ow s ▁but ▁the ▁win d ow s ▁did ▁not ▁break .
[2026-03-17 14:19:29] Best translation 320 : ▁Follow ing ▁the ▁ma p ▁of ▁the ▁broke n ▁sea , ▁it ▁was ▁discovered ▁using ▁R O V .
[2026-03-17 14:19:33] Best translation 640 : ▁Japan ▁has ▁about ▁7 , 000 ▁is land s ▁( H on ush ▁and ▁the ▁largest , ▁making ▁Japan ▁the ▁seventh ▁largest ▁is land ▁in ▁the ▁world !
[2026-03-17 14:19:43] Best translation 1280 : ▁The ▁bus es ▁leave ▁the ▁district ▁station s ▁( f ro m ▁the ▁river ) ▁throughout ▁the ▁day , ▁although ▁most ▁of ▁them , ▁especially ▁those ▁head ing ▁to ▁the ▁ east ▁and ▁Ja kar / B am tan g ▁between ▁6 : 30 ▁and ▁7 : 30 ▁pm .
[2026-03-17 14:19:54] Total translation time: 31.66385s
[2026-03-17 14:19:54] [valid] Ep. 33 : Up. 41000 : bleu : 28.971 : stalled 1 times (last best: 29.0242)
[2026-03-17 14:19:54] Translating validation set...
[2026-03-17 14:19:55] Best translation 0 : ▁This ▁concept ▁comes ▁from ▁the ▁old ▁ fa mi li ar ity ▁of ▁the ▁in s er t ▁mo s qui to , ▁where ▁the ▁mo s qui to es ▁are ▁very ▁ su it able ▁for ▁human ▁ gra s s ing .
[2026-03-17 14:19:55] Best translation 1 : ▁Mu m ba i ' s ▁attack ers ▁reached ▁the ▁ bo at ▁on ▁November ▁2 6 , ▁ 200 8 , ▁with ▁gr en ad es ▁and ▁auto ma tic ▁weapons , ▁target ing ▁several ▁target s ▁including ▁the ▁Che va na i ▁Tra in ing ▁St ation ▁and ▁the ▁famous ▁Ta j ▁Mah al ▁Hotel .
[2026-03-17 14:19:55] Best translation 2 : ▁The ▁search ▁was ▁disrupt ed ▁by ▁the ▁same ▁bad ▁weather ▁that ▁led ▁to ▁the ▁break d own ▁of ▁the ▁land .
[2026-03-17 14:19:55] Best translation 3 : ▁The ▁AC M A ▁was ▁also ▁install ed ▁in ▁addition ▁to ▁the ▁video ▁on ▁the ▁Internet , ▁and ▁Bi g ▁Bra z er ▁did ▁not ▁violate ▁the ▁on line ▁content ▁ s ur ve ill ance ▁law ▁as ▁the ▁media ▁was ▁not ▁store d ▁on ▁Bi g ▁Bra z er ' s ▁website .
[2026-03-17 14:19:55] Best translation 4 : ▁There ▁was ▁a ▁we ak er ▁army ▁and ▁the ▁water ▁army ▁was ▁we ak er , ▁although ▁they ▁were ▁built ▁for ▁new ▁ ship s ▁before ▁the ▁beginning ▁of ▁the ▁war .
[2026-03-17 14:19:55] Best translation 5 : ▁The ▁second ▁goal ▁of ▁his ▁night ▁was ▁the ▁sixth ▁goal ▁of ▁the ▁season , ▁be coming ▁the ▁first ▁player ▁to ▁score ▁ 60 ▁goals ▁or ▁more ▁in ▁a ▁season ▁since ▁19 9 5 - 9 6 , ▁each ▁of ▁which ▁Ya r mo ir ▁Ya ng er ▁and ▁Ma ri o ▁Li mi u ▁have ▁reached ▁this ▁stage .
[2026-03-17 14:19:56] Best translation 10 : ▁B lo o d ▁flow s ▁through ▁the ▁blood ▁ ve s s el ▁and ▁comes ▁back ▁to ▁the ▁heart ▁from ▁the ▁blood ▁ ve s s el s . ▁The ▁small est ▁ ner ve s ▁are ▁called ▁ ne ur al ▁mu ll am s .
[2026-03-17 14:19:56] Best translation 20 : ▁Com m un ic ation ▁can ▁also ▁be ▁true , ▁in ▁other ▁word s , ▁a ▁teacher ▁is ▁a ▁kind ▁of ▁contract or , ▁but ▁the ▁young er ▁man ▁in ▁connect ion ▁with ▁the ▁Mi c ro so ft ▁O ff ic ial ▁paper ▁is ▁the ▁same .
[2026-03-17 14:19:56] Best translation 40 : ▁The ▁demonstration ▁began ▁around ▁11 : 00 ▁local ▁time ▁( U T C <0x2B> 1 ) ▁in ▁Wa it ol ▁against ▁the ▁g ate ▁of ▁the ▁police ▁guard ▁to ▁D own ing ▁Street , ▁the ▁official ▁residence ▁of ▁the ▁prime ▁minister .
[2026-03-17 14:19:56] Best translation 80 : ▁The ▁sign ▁was ▁not ▁physical ly ▁harm ful ; ▁The ▁co or din ation ▁was ▁made ▁using ▁a ▁black ▁ tar po ly p ol ▁which ▁was ▁de c or ated ▁with ▁sign s ▁of ▁peace ▁and ▁heart ▁to ▁change ▁O ▁to ▁read ▁as ▁a ▁small ▁letter ▁of ▁e .
[2026-03-17 14:19:58] Best translation 160 : ▁People ▁d rew ▁seats ▁with ▁win d ow s ▁but ▁the ▁win d ow s ▁did ▁not ▁break .
[2026-03-17 14:20:01] Best translation 320 : ▁Follow ing ▁the ▁ma p ▁of ▁the ▁broke n ▁sea , ▁it ▁was ▁discovered ▁using ▁R O V .
[2026-03-17 14:20:05] Best translation 640 : ▁Japan ▁has ▁about ▁7 , 000 ▁is land s ▁( H on ush ▁and ▁the ▁largest , ▁making ▁Japan ▁the ▁seventh ▁largest ▁is land ▁in ▁the ▁world !
[2026-03-17 14:20:15] Best translation 1280 : ▁The ▁bus es ▁leave ▁the ▁district ▁station s ▁( f ro m ▁the ▁river ) ▁throughout ▁the ▁day , ▁although ▁most ▁of ▁them , ▁especially ▁those ▁head ing ▁to ▁the ▁ east ▁and ▁Ja kar / B am tan g ▁between ▁6 : 30 ▁and ▁7 : 30 ▁pm .
[2026-03-17 14:20:27] Total translation time: 32.98950s
[2026-03-17 14:20:27] [valid] Ep. 33 : Up. 41000 : chrf : 55.9228 : stalled 1 times (last best: 56.0245)
[2026-03-17 14:20:29] [valid] Ep. 33 : Up. 41000 : perplexity : 7.07016 : stalled 1 times (last best: 7.07012)
[2026-03-17 14:23:00] Ep. 33 : Up. 42000 : Sen. 307,788 : Cost 1.79676914 * 9,802,793 @ 9,305 after 411,962,590 : Time 223.84s : 43793.75 words/s : gNorm 0.6841 : L.r. 1.8516e-04
[2026-03-17 14:23:00] Saving model weights and runtime parameters to /workspace/OPUS-MT-train/work/ckb-en/curated-floresdev.spm4k-spm4k.transformer.model1.npz
[2026-03-17 14:23:01] Saving Adam parameters
[2026-03-17 14:23:03] [training] Saving training checkpoint to /workspace/OPUS-MT-train/work/ckb-en/curated-floresdev.spm4k-spm4k.transformer.model1.npz and /workspace/OPUS-MT-train/work/ckb-en/curated-floresdev.spm4k-spm4k.transformer.model1.npz.optimizer.npz
[2026-03-17 14:23:07] Translating validation set...
[2026-03-17 14:23:07] Best translation 0 : ▁This ▁concept ▁comes ▁from ▁the ▁old ▁ fa mi li ar ity ▁of ▁the ▁in s er t ▁mo s qui to , ▁where ▁the ▁mo s qui to es ▁are ▁very ▁con ven i ent ▁to ▁stop ▁human s .
[2026-03-17 14:23:07] Best translation 1 : ▁Mu m ba i ' s ▁attack ers ▁reached ▁the ▁ bo at ▁on ▁November ▁2 6 , ▁ 200 8 , ▁with ▁gr en ad es ▁and ▁auto ma tic ▁weapons , ▁target ing ▁several ▁target s , ▁including ▁the ▁Che va ro le t ▁Tra in ing ▁St ation ▁and ▁the ▁famous ▁Ta j ▁Mah al ▁Hotel .
[2026-03-17 14:23:08] Best translation 2 : ▁The ▁search ▁was ▁disrupt ed ▁by ▁the ▁same ▁bad ▁weather ▁that ▁led ▁to ▁the ▁break d own ▁of ▁the ▁land .
[2026-03-17 14:23:08] Best translation 3 : ▁The ▁AC M A ▁was ▁also ▁install ed ▁in ▁addition ▁to ▁the ▁video ▁on ▁the ▁Internet , ▁and ▁Bi g ▁Bra z er ▁did ▁not ▁violate ▁the ▁on line ▁content ▁ s ur ve ill ance ▁law ▁as ▁the ▁media ▁was ▁not ▁store d ▁on ▁Bi g ▁Bra z er ' s ▁website .
[2026-03-17 14:23:08] Best translation 4 : ▁There ▁was ▁a ▁we ak er ▁army ▁and ▁the ▁water ▁army ▁was ▁we ak er , ▁although ▁they ▁were ▁built ▁for ▁new ▁ ship s ▁before ▁the ▁war ▁began .
[2026-03-17 14:23:08] Best translation 5 : ▁The ▁second ▁goal ▁of ▁his ▁night ▁was ▁the ▁ 60 th ▁goal ▁of ▁the ▁season , ▁be coming ▁the ▁first ▁player ▁to ▁score ▁ 60 ▁goals ▁or ▁more ▁in ▁a ▁season ▁since ▁19 9 5 - 9 6 , ▁each ▁of ▁which ▁Ya r mo ir ▁Ya ng er ▁and ▁Ma ri o ▁Li mi u ▁have ▁reached ▁this ▁stage .
[2026-03-17 14:23:08] Best translation 10 : ▁B lo o d ▁flow s ▁through ▁the ▁blood ▁ ve s s el ▁and ▁comes ▁back ▁to ▁the ▁heart ▁from ▁the ▁blood ▁ ve s s el s . ▁The ▁small est ▁ ner ve s ▁are ▁called ▁ ne ur al ▁mu ll am s .
[2026-03-17 14:23:08] Best translation 20 : ▁Com m un ic ation ▁can ▁also ▁be ▁true , ▁in ▁other ▁word s , ▁a ▁teacher ▁is ▁a ▁kind ▁of ▁contract or , ▁but ▁the ▁young er ▁man ▁in ▁connect ion ▁with ▁the ▁Mi c ro so ft ▁O ff ic ial ▁paper ▁is ▁the ▁same .
[2026-03-17 14:23:08] Best translation 40 : ▁The ▁demonstration ▁began ▁around ▁11 : 00 ▁local ▁time ▁( U T C <0x2B> 1 ) ▁in ▁W hi t ol ▁ op po s ite ▁the ▁g ate ▁of ▁the ▁police ▁guard ▁to ▁D own ing ▁Street , ▁the ▁official ▁residence ▁of ▁the ▁prime ▁minister .
[2026-03-17 14:23:09] Best translation 80 : ▁The ▁sign ▁was ▁not ▁physical ly ▁harm ful ; ▁The ▁co or din ation ▁was ▁made ▁using ▁black ▁ tar po ol s ▁that ▁were ▁de c or ated ▁with ▁sign s ▁of ▁peace ▁and ▁heart ▁to ▁con ver t ▁O ▁to ▁" to " ▁as ▁small ▁letter s ▁of ▁e " .
[2026-03-17 14:23:11] Best translation 160 : ▁People ▁d rew ▁seats ▁with ▁win d ow s ▁but ▁the ▁win d ow s ▁did ▁not ▁break .
[2026-03-17 14:23:13] Best translation 320 : ▁Follow ing ▁the ▁ma p ▁of ▁the ▁broke n ▁sea , ▁it ▁was ▁discovered ▁using ▁R O V .
[2026-03-17 14:23:18] Best translation 640 : ▁Japan ▁has ▁about ▁7 , 000 ▁is land s ▁( H on ush ▁and ▁the ▁largest , ▁making ▁Japan ▁the ▁seventh ▁largest ▁is land ▁in ▁the ▁world !
[2026-03-17 14:23:27] Best translation 1280 : ▁The ▁bus es ▁leave ▁the ▁district ▁station s ▁( f ro m ▁the ▁river ) ▁throughout ▁the ▁day , ▁although ▁most ▁of ▁them , ▁especially ▁those ▁head ▁to ▁the ▁ east ▁and ▁Ja kar / M um tan g ▁between ▁6 : 30 ▁and ▁7 : 30 .
[2026-03-17 14:23:39] Total translation time: 31.67612s
[2026-03-17 14:23:39] [valid] Ep. 33 : Up. 42000 : bleu : 29.007 : stalled 2 times (last best: 29.0242)
[2026-03-17 14:23:39] Translating validation set...
[2026-03-17 14:23:39] Best translation 0 : ▁This ▁concept ▁comes ▁from ▁the ▁old ▁ fa mi li ar ity ▁of ▁the ▁in s er t ▁mo s qui to , ▁where ▁the ▁mo s qui to es ▁are ▁very ▁con ven i ent ▁to ▁stop ▁human s .
[2026-03-17 14:23:39] Best translation 1 : ▁Mu m ba i ' s ▁attack ers ▁reached ▁the ▁ bo at ▁on ▁November ▁2 6 , ▁ 200 8 , ▁with ▁gr en ad es ▁and ▁auto ma tic ▁weapons , ▁target ing ▁several ▁target s , ▁including ▁the ▁Che va ro le t ▁Tra in ing ▁St ation ▁and ▁the ▁famous ▁Ta j ▁Mah al ▁Hotel .
[2026-03-17 14:23:40] Best translation 2 : ▁The ▁search ▁was ▁disrupt ed ▁by ▁the ▁same ▁bad ▁weather ▁that ▁led ▁to ▁the ▁break d own ▁of ▁the ▁land .
[2026-03-17 14:23:40] Best translation 3 : ▁The ▁AC M A ▁was ▁also ▁install ed ▁in ▁addition ▁to ▁the ▁video ▁on ▁the ▁Internet , ▁and ▁Bi g ▁Bra z er ▁did ▁not ▁violate ▁the ▁on line ▁content ▁ s ur ve ill ance ▁law ▁as ▁the ▁media ▁was ▁not ▁store d ▁on ▁Bi g ▁Bra z er ' s ▁website .
[2026-03-17 14:23:40] Best translation 4 : ▁There ▁was ▁a ▁we ak er ▁army ▁and ▁the ▁water ▁army ▁was ▁we ak er , ▁although ▁they ▁were ▁built ▁for ▁new ▁ ship s ▁before ▁the ▁war ▁began .
[2026-03-17 14:23:40] Best translation 5 : ▁The ▁second ▁goal ▁of ▁his ▁night ▁was ▁the ▁ 60 th ▁goal ▁of ▁the ▁season , ▁be coming ▁the ▁first ▁player ▁to ▁score ▁ 60 ▁goals ▁or ▁more ▁in ▁a ▁season ▁since ▁19 9 5 - 9 6 , ▁each ▁of ▁which ▁Ya r mo ir ▁Ya ng er ▁and ▁Ma ri o ▁Li mi u ▁have ▁reached ▁this ▁stage .
[2026-03-17 14:23:40] Best translation 10 : ▁B lo o d ▁flow s ▁through ▁the ▁blood ▁ ve s s el ▁and ▁comes ▁back ▁to ▁the ▁heart ▁from ▁the ▁blood ▁ ve s s el s . ▁The ▁small est ▁ ner ve s ▁are ▁called ▁ ne ur al ▁mu ll am s .
[2026-03-17 14:23:40] Best translation 20 : ▁Com m un ic ation ▁can ▁also ▁be ▁true , ▁in ▁other ▁word s , ▁a ▁teacher ▁is ▁a ▁kind ▁of ▁contract or , ▁but ▁the ▁young er ▁man ▁in ▁connect ion ▁with ▁the ▁Mi c ro so ft ▁O ff ic ial ▁paper ▁is ▁the ▁same .
[2026-03-17 14:23:40] Best translation 40 : ▁The ▁demonstration ▁began ▁around ▁11 : 00 ▁local ▁time ▁( U T C <0x2B> 1 ) ▁in ▁W hi t ol ▁ op po s ite ▁the ▁g ate ▁of ▁the ▁police ▁guard ▁to ▁D own ing ▁Street , ▁the ▁official ▁residence ▁of ▁the ▁prime ▁minister .
[2026-03-17 14:23:40] Best translation 80 : ▁The ▁sign ▁was ▁not ▁physical ly ▁harm ful ; ▁The ▁co or din ation ▁was ▁made ▁using ▁black ▁ tar po ol s ▁that ▁were ▁de c or ated ▁with ▁sign s ▁of ▁peace ▁and ▁heart ▁to ▁con ver t ▁O ▁to ▁" to " ▁as ▁small ▁letter s ▁of ▁e " .
[2026-03-17 14:23:42] Best translation 160 : ▁People ▁d rew ▁seats ▁with ▁win d ow s ▁but ▁the ▁win d ow s ▁did ▁not ▁break .
[2026-03-17 14:23:45] Best translation 320 : ▁Follow ing ▁the ▁ma p ▁of ▁the ▁broke n ▁sea , ▁it ▁was ▁discovered ▁using ▁R O V .
[2026-03-17 14:23:50] Best translation 640 : ▁Japan ▁has ▁about ▁7 , 000 ▁is land s ▁( H on ush ▁and ▁the ▁largest , ▁making ▁Japan ▁the ▁seventh ▁largest ▁is land ▁in ▁the ▁world !
[2026-03-17 14:23:59] Best translation 1280 : ▁The ▁bus es ▁leave ▁the ▁district ▁station s ▁( f ro m ▁the ▁river ) ▁throughout ▁the ▁day , ▁although ▁most ▁of ▁them , ▁especially ▁those ▁head ▁to ▁the ▁ east ▁and ▁Ja kar / M um tan g ▁between ▁6 : 30 ▁and ▁7 : 30 .
[2026-03-17 14:24:11] Total translation time: 32.51417s
[2026-03-17 14:24:11] [valid] Ep. 33 : Up. 42000 : chrf : 56.0017 : stalled 2 times (last best: 56.0245)
[2026-03-17 14:24:13] Saving model weights and runtime parameters to /workspace/OPUS-MT-train/work/ckb-en/curated-floresdev.spm4k-spm4k.transformer.model1.npz.best-perplexity.npz
[2026-03-17 14:24:14] [valid] Ep. 33 : Up. 42000 : perplexity : 7.06886 : new best
[2026-03-17 14:24:16] Seen 310,206 samples
[2026-03-17 14:24:16] Starting data epoch 34 in logical epoch 34
[2026-03-17 14:26:45] Ep. 34 : Up. 43000 : Sen. 241,776 : Cost 1.78490865 * 9,824,422 @ 9,716 after 421,787,012 : Time 225.33s : 43600.80 words/s : gNorm 0.6573 : L.r. 1.8300e-04
[2026-03-17 14:26:45] Saving model weights and runtime parameters to /workspace/OPUS-MT-train/work/ckb-en/curated-floresdev.spm4k-spm4k.transformer.model1.npz
[2026-03-17 14:26:47] Saving Adam parameters
[2026-03-17 14:26:49] [training] Saving training checkpoint to /workspace/OPUS-MT-train/work/ckb-en/curated-floresdev.spm4k-spm4k.transformer.model1.npz and /workspace/OPUS-MT-train/work/ckb-en/curated-floresdev.spm4k-spm4k.transformer.model1.npz.optimizer.npz
[2026-03-17 14:26:52] Translating validation set...
[2026-03-17 14:26:52] Best translation 0 : ▁This ▁concept ▁comes ▁from ▁the ▁old ▁ fa mi li ar ity ▁of ▁the ▁in s er t ▁mo s qui to , ▁where ▁mo s qui to es ▁are ▁very ▁ su it able ▁for ▁human ▁ gra s s ing .
[2026-03-17 14:26:52] Best translation 1 : ▁Mu m ba i ' s ▁attack ers ▁reached ▁the ▁ bo at ▁on ▁November ▁2 6 , ▁ 200 8 , ▁with ▁gr en ad es ▁and ▁auto ma tic ▁weapons , ▁target ing ▁several ▁target s , ▁including ▁the ▁Che va ro le t ▁Tra in ing ▁St ation ▁and ▁the ▁famous ▁Ta j ▁Mah al ▁Hotel .
[2026-03-17 14:26:53] Best translation 2 : ▁The ▁search ▁was ▁disrupt ed ▁by ▁the ▁same ▁bad ▁weather ▁that ▁led ▁to ▁the ▁break d own ▁of ▁the ▁land .
[2026-03-17 14:26:53] Best translation 3 : ▁The ▁AC M A ▁was ▁also ▁install ed ▁in ▁addition ▁to ▁the ▁video ▁on ▁the ▁Internet , ▁and ▁Bi g ▁Bra z er ▁did ▁not ▁violate ▁the ▁on line ▁content ▁ s ur ve ill ance ▁law ▁as ▁the ▁media ▁was ▁not ▁store d ▁on ▁Bi g ▁Bra z er ' s ▁website .
[2026-03-17 14:26:53] Best translation 4 : ▁There ▁was ▁a ▁we ak er ▁army ▁and ▁the ▁water ▁army ▁was ▁we ak er , ▁although ▁they ▁were ▁built ▁for ▁new ▁ ship s ▁before ▁the ▁war ▁began .
[2026-03-17 14:26:53] Best translation 5 : ▁The ▁second ▁goal ▁of ▁his ▁night ▁was ▁the ▁ 60 th ▁goal ▁of ▁the ▁season , ▁be coming ▁the ▁first ▁player ▁to ▁score ▁ 60 ▁goals ▁or ▁more ▁in ▁a ▁season ▁since ▁19 9 5 - 9 6 , ▁each ▁of ▁which ▁Ya r mo ir ▁Ya ng er ▁and ▁Ma ri o ▁Li mi u ▁have ▁reached ▁this ▁stage .
[2026-03-17 14:26:53] Best translation 10 : ▁B lo o d ▁flow s ▁through ▁the ▁blood ▁ ve s s el ▁and ▁comes ▁back ▁to ▁the ▁heart ▁from ▁the ▁blood ▁ ve s s el s . ▁The ▁small est ▁ ner ve s ▁are ▁called ▁ ne ur al ▁mu ll am s .
[2026-03-17 14:26:53] Best translation 20 : ▁Con s tru ction ▁can ▁also ▁be ▁true , ▁in ▁other ▁word s , ▁teacher ▁is ▁a ▁kind ▁of ▁contract or ▁but ▁his ▁young ▁man ▁is ▁also ▁the ▁same ▁as ▁the ▁Mi c ro so ft ▁paper ▁connect or .
[2026-03-17 14:26:53] Best translation 40 : ▁The ▁demonstration ▁began ▁around ▁11 : 00 ▁local ▁time ▁( U T C <0x2B> 1 ) ▁in ▁W y at ol ▁against ▁the ▁g ate ▁of ▁the ▁police ▁guard ▁to ▁D own ing ▁Street , ▁the ▁official ▁residence ▁of ▁the ▁prime ▁minister .
[2026-03-17 14:26:54] Best translation 80 : ▁The ▁sign ▁was ▁not ▁physical ly ▁harm ful ; ▁The ▁co or din ation ▁was ▁made ▁using ▁black ▁ tar po ol s ▁that ▁were ▁de c or ated ▁with ▁sign s ▁of ▁peace ▁and ▁heart ▁to ▁con ver t ▁O ▁to ▁" to " ▁as ▁small ▁letter s ▁of ▁e " .
[2026-03-17 14:26:56] Best translation 160 : ▁People ▁d rew ▁seats ▁with ▁win d ow s ▁but ▁the ▁win d ow s ▁did ▁not ▁break .
[2026-03-17 14:26:58] Best translation 320 : ▁After ▁ma pp ing ▁the ▁b ot t om ▁of ▁the ▁broke n ▁sea , ▁it ▁was ▁discovered ▁using ▁R O V .
[2026-03-17 14:27:03] Best translation 640 : ▁Japan ▁has ▁about ▁7 , 000 ▁is land s ▁( H on ush ▁and ▁the ▁largest , ▁making ▁Japan ▁the ▁seventh ▁largest ▁is land ▁in ▁the ▁world !
[2026-03-17 14:27:12] Best translation 1280 : ▁The ▁bus es ▁leave ▁the ▁district ▁station s ▁( f ro m ▁the ▁river ) ▁throughout ▁the ▁day , ▁although ▁most ▁of ▁them , ▁especially ▁those ▁head ▁to ▁the ▁ east ▁and ▁Ja kar / M um tan g ▁between ▁6 : 30 ▁and ▁7 : 30 .
[2026-03-17 14:27:23] Total translation time: 31.41455s
[2026-03-17 14:27:23] Saving model weights and runtime parameters to /workspace/OPUS-MT-train/work/ckb-en/curated-floresdev.spm4k-spm4k.transformer.model1.npz.best-bleu.npz
[2026-03-17 14:27:24] [valid] Ep. 34 : Up. 43000 : bleu : 29.1643 : new best
[2026-03-17 14:27:24] Translating validation set...
[2026-03-17 14:27:25] Best translation 0 : ▁This ▁concept ▁comes ▁from ▁the ▁old ▁ fa mi li ar ity ▁of ▁the ▁in s er t ▁mo s qui to , ▁where ▁mo s qui to es ▁are ▁very ▁ su it able ▁for ▁human ▁ gra s s ing .
[2026-03-17 14:27:25] Best translation 1 : ▁Mu m ba i ' s ▁attack ers ▁reached ▁the ▁ bo at ▁on ▁November ▁2 6 , ▁ 200 8 , ▁with ▁gr en ad es ▁and ▁auto ma tic ▁weapons , ▁target ing ▁several ▁target s , ▁including ▁the ▁Che va ro le t ▁Tra in ing ▁St ation ▁and ▁the ▁famous ▁Ta j ▁Mah al ▁Hotel .
[2026-03-17 14:27:25] Best translation 2 : ▁The ▁search ▁was ▁disrupt ed ▁by ▁the ▁same ▁bad ▁weather ▁that ▁led ▁to ▁the ▁break d own ▁of ▁the ▁land .
[2026-03-17 14:27:25] Best translation 3 : ▁The ▁AC M A ▁was ▁also ▁install ed ▁in ▁addition ▁to ▁the ▁video ▁on ▁the ▁Internet , ▁and ▁Bi g ▁Bra z er ▁did ▁not ▁violate ▁the ▁on line ▁content ▁ s ur ve ill ance ▁law ▁as ▁the ▁media ▁was ▁not ▁store d ▁on ▁Bi g ▁Bra z er ' s ▁website .
[2026-03-17 14:27:25] Best translation 4 : ▁There ▁was ▁a ▁we ak er ▁army ▁and ▁the ▁water ▁army ▁was ▁we ak er , ▁although ▁they ▁were ▁built ▁for ▁new ▁ ship s ▁before ▁the ▁war ▁began .
[2026-03-17 14:27:25] Best translation 5 : ▁The ▁second ▁goal ▁of ▁his ▁night ▁was ▁the ▁ 60 th ▁goal ▁of ▁the ▁season , ▁be coming ▁the ▁first ▁player ▁to ▁score ▁ 60 ▁goals ▁or ▁more ▁in ▁a ▁season ▁since ▁19 9 5 - 9 6 , ▁each ▁of ▁which ▁Ya r mo ir ▁Ya ng er ▁and ▁Ma ri o ▁Li mi u ▁have ▁reached ▁this ▁stage .
[2026-03-17 14:27:26] Best translation 10 : ▁B lo o d ▁flow s ▁through ▁the ▁blood ▁ ve s s el ▁and ▁comes ▁back ▁to ▁the ▁heart ▁from ▁the ▁blood ▁ ve s s el s . ▁The ▁small est ▁ ner ve s ▁are ▁called ▁ ne ur al ▁mu ll am s .
[2026-03-17 14:27:26] Best translation 20 : ▁Con s tru ction ▁can ▁also ▁be ▁true , ▁in ▁other ▁word s , ▁teacher ▁is ▁a ▁kind ▁of ▁contract or ▁but ▁his ▁young ▁man ▁is ▁also ▁the ▁same ▁as ▁the ▁Mi c ro so ft ▁paper ▁connect or .
[2026-03-17 14:27:26] Best translation 40 : ▁The ▁demonstration ▁began ▁around ▁11 : 00 ▁local ▁time ▁( U T C <0x2B> 1 ) ▁in ▁W y at ol ▁against ▁the ▁g ate ▁of ▁the ▁police ▁guard ▁to ▁D own ing ▁Street , ▁the ▁official ▁residence ▁of ▁the ▁prime ▁minister .
[2026-03-17 14:27:26] Best translation 80 : ▁The ▁sign ▁was ▁not ▁physical ly ▁harm ful ; ▁The ▁co or din ation ▁was ▁made ▁using ▁black ▁ tar po ol s ▁that ▁were ▁de c or ated ▁with ▁sign s ▁of ▁peace ▁and ▁heart ▁to ▁con ver t ▁O ▁to ▁" to " ▁as ▁small ▁letter s ▁of ▁e " .
[2026-03-17 14:27:28] Best translation 160 : ▁People ▁d rew ▁seats ▁with ▁win d ow s ▁but ▁the ▁win d ow s ▁did ▁not ▁break .
[2026-03-17 14:27:31] Best translation 320 : ▁After ▁ma pp ing ▁the ▁b ot t om ▁of ▁the ▁broke n ▁sea , ▁it ▁was ▁discovered ▁using ▁R O V .
[2026-03-17 14:27:36] Best translation 640 : ▁Japan ▁has ▁about ▁7 , 000 ▁is land s ▁( H on ush ▁and ▁the ▁largest , ▁making ▁Japan ▁the ▁seventh ▁largest ▁is land ▁in ▁the ▁world !
[2026-03-17 14:27:45] Best translation 1280 : ▁The ▁bus es ▁leave ▁the ▁district ▁station s ▁( f ro m ▁the ▁river ) ▁throughout ▁the ▁day , ▁although ▁most ▁of ▁them , ▁especially ▁those ▁head ▁to ▁the ▁ east ▁and ▁Ja kar / M um tan g ▁between ▁6 : 30 ▁and ▁7 : 30 .
[2026-03-17 14:27:57] Total translation time: 32.76621s
[2026-03-17 14:27:57] Saving model weights and runtime parameters to /workspace/OPUS-MT-train/work/ckb-en/curated-floresdev.spm4k-spm4k.transformer.model1.npz.best-chrf.npz
[2026-03-17 14:27:58] [valid] Ep. 34 : Up. 43000 : chrf : 56.1102 : new best
[2026-03-17 14:28:00] Saving model weights and runtime parameters to /workspace/OPUS-MT-train/work/ckb-en/curated-floresdev.spm4k-spm4k.transformer.model1.npz.best-perplexity.npz
[2026-03-17 14:28:02] [valid] Ep. 34 : Up. 43000 : perplexity : 7.06809 : new best
[2026-03-17 14:28:44] Seen 310,206 samples
[2026-03-17 14:28:44] Starting data epoch 35 in logical epoch 35
[2026-03-17 14:30:32] Ep. 35 : Up. 44000 : Sen. 174,669 : Cost 1.77818406 * 9,817,753 @ 9,941 after 431,604,765 : Time 227.47s : 43160.33 words/s : gNorm 0.6648 : L.r. 1.8091e-04
[2026-03-17 14:30:32] Saving model weights and runtime parameters to /workspace/OPUS-MT-train/work/ckb-en/curated-floresdev.spm4k-spm4k.transformer.model1.npz
[2026-03-17 14:30:34] Saving Adam parameters
[2026-03-17 14:30:36] [training] Saving training checkpoint to /workspace/OPUS-MT-train/work/ckb-en/curated-floresdev.spm4k-spm4k.transformer.model1.npz and /workspace/OPUS-MT-train/work/ckb-en/curated-floresdev.spm4k-spm4k.transformer.model1.npz.optimizer.npz
[2026-03-17 14:30:39] Translating validation set...
[2026-03-17 14:30:40] Best translation 0 : ▁This ▁concept ▁comes ▁from ▁the ▁old ▁ fa mi li ar ity ▁of ▁the ▁in s er t ▁mo s qui to , ▁where ▁the ▁mo s qui to es ▁are ▁very ▁con ven i ent ▁to ▁prevent ▁human s ▁from ▁stop p ing .
[2026-03-17 14:30:40] Best translation 1 : ▁Mu m ba i ' s ▁attack ers ▁reached ▁the ▁ bo at ▁on ▁November ▁2 6 , ▁ 200 8 , ▁with ▁gr en ad es ▁and ▁auto ma tic ▁weapons , ▁target ing ▁several ▁target s , ▁including ▁the ▁Che va ro le t ▁Tra in ing ▁St ation ▁and ▁the ▁famous ▁Ta j ▁Mah al ▁Hotel .
[2026-03-17 14:30:40] Best translation 2 : ▁The ▁search ▁was ▁disrupt ed ▁by ▁the ▁same ▁bad ▁weather ▁that ▁led ▁to ▁the ▁break d own ▁of ▁the ▁land .
[2026-03-17 14:30:40] Best translation 3 : ▁The ▁AC M A ▁was ▁also ▁install ed ▁in ▁addition ▁to ▁the ▁video ▁on ▁the ▁Internet , ▁and ▁Bi g ▁Bra z er ▁did ▁not ▁violate ▁the ▁on line ▁content ▁ s ur ve ill ance ▁law ▁as ▁the ▁media ▁was ▁not ▁store d ▁on ▁Bi g ▁Bra z er ' s ▁website .
[2026-03-17 14:30:40] Best translation 4 : ▁There ▁was ▁a ▁we ak er ▁army ▁and ▁the ▁water ▁army ▁was ▁we ak er , ▁although ▁they ▁were ▁built ▁for ▁new ▁ ship s ▁before ▁the ▁war ▁began .
[2026-03-17 14:30:40] Best translation 5 : ▁The ▁second ▁goal ▁of ▁his ▁night ▁was ▁the ▁ 60 th ▁goal ▁of ▁the ▁season , ▁be coming ▁the ▁first ▁player ▁to ▁score ▁ 60 ▁goals ▁or ▁more ▁in ▁a ▁season ▁since ▁19 9 5 - 9 6 , ▁each ▁of ▁which ▁Ya r mo ir ▁Ya ng er ▁and ▁Ma ri o ▁Li mi u ▁have ▁reached ▁this ▁stage .
[2026-03-17 14:30:40] Best translation 10 : ▁B lo o d ▁flow s ▁through ▁the ▁blood ▁ ve s s el ▁and ▁comes ▁back ▁to ▁the ▁heart ▁from ▁the ▁blood ▁ ve s s el s . ▁The ▁small est ▁ ner ve s ▁are ▁called ▁ ne ur al ▁mu ll as .
[2026-03-17 14:30:40] Best translation 20 : ▁Con s tru ction ▁can ▁also ▁be ▁true , ▁in ▁other ▁word s , ▁teacher ▁is ▁a ▁kind ▁of ▁contract or , ▁but ▁his ▁young ▁man ▁is ▁also ▁the ▁same ▁as ▁the ▁Mi c ro so ft ▁paper ▁connect or .
[2026-03-17 14:30:40] Best translation 40 : ▁The ▁demonstration ▁began ▁around ▁11 : 00 ▁local ▁time ▁( U T C <0x2B> 1 ) ▁in ▁W y at ol ▁against ▁the ▁g ate ▁of ▁the ▁police ▁guard ▁to ▁D own ing ▁Street , ▁the ▁official ▁residence ▁of ▁the ▁prime ▁minister .
[2026-03-17 14:30:41] Best translation 80 : ▁The ▁sign ▁was ▁not ▁physical ly ▁harm ful ; ▁The ▁co or din ation ▁was ▁made ▁using ▁black ▁ tar po ol s ▁that ▁were ▁de c or ated ▁with ▁sign s ▁of ▁peace ▁and ▁heart ▁to ▁con ver t ▁O ▁to ▁" to " ▁as ▁small ▁letter s ▁of ▁e " .
[2026-03-17 14:30:43] Best translation 160 : ▁People ▁d rew ▁seats ▁with ▁win d ow s ▁but ▁the ▁win d ow s ▁did ▁not ▁break .
[2026-03-17 14:30:45] Best translation 320 : ▁After ▁ma pp ing ▁the ▁b ot t om ▁of ▁the ▁broke n ▁sea , ▁it ▁was ▁discovered ▁using ▁R O V .
[2026-03-17 14:30:50] Best translation 640 : ▁Japan ▁has ▁about ▁7 , 000 ▁is land s ▁( H on ush ▁and ▁the ▁largest , ▁making ▁Japan ▁the ▁seventh ▁largest ▁is land ▁in ▁the ▁world !
[2026-03-17 14:30:59] Best translation 1280 : ▁The ▁bus es ▁leave ▁the ▁district ▁station s ▁( f ro m ▁the ▁river ) ▁throughout ▁the ▁day , ▁although ▁most ▁of ▁them , ▁especially ▁those ▁head ▁to ▁the ▁ east ▁and ▁Ja kar / m tan g ▁between ▁6 : 30 ▁and ▁7 : 30 .
[2026-03-17 14:31:11] Total translation time: 31.45362s
[2026-03-17 14:31:11] [valid] Ep. 35 : Up. 44000 : bleu : 29.1556 : stalled 1 times (last best: 29.1643)
[2026-03-17 14:31:11] Translating validation set...
[2026-03-17 14:31:11] Best translation 0 : ▁This ▁concept ▁comes ▁from ▁the ▁old ▁ fa mi li ar ity ▁of ▁the ▁in s er t ▁mo s qui to , ▁where ▁the ▁mo s qui to es ▁are ▁very ▁con ven i ent ▁to ▁prevent ▁human s ▁from ▁stop p ing .
[2026-03-17 14:31:11] Best translation 1 : ▁Mu m ba i ' s ▁attack ers ▁reached ▁the ▁ bo at ▁on ▁November ▁2 6 , ▁ 200 8 , ▁with ▁gr en ad es ▁and ▁auto ma tic ▁weapons , ▁target ing ▁several ▁target s , ▁including ▁the ▁Che va ro le t ▁Tra in ing ▁St ation ▁and ▁the ▁famous ▁Ta j ▁Mah al ▁Hotel .
[2026-03-17 14:31:12] Best translation 2 : ▁The ▁search ▁was ▁disrupt ed ▁by ▁the ▁same ▁bad ▁weather ▁that ▁led ▁to ▁the ▁break d own ▁of ▁the ▁land .
[2026-03-17 14:31:12] Best translation 3 : ▁The ▁AC M A ▁was ▁also ▁install ed ▁in ▁addition ▁to ▁the ▁video ▁on ▁the ▁Internet , ▁and ▁Bi g ▁Bra z er ▁did ▁not ▁violate ▁the ▁on line ▁content ▁ s ur ve ill ance ▁law ▁as ▁the ▁media ▁was ▁not ▁store d ▁on ▁Bi g ▁Bra z er ' s ▁website .
[2026-03-17 14:31:12] Best translation 4 : ▁There ▁was ▁a ▁we ak er ▁army ▁and ▁the ▁water ▁army ▁was ▁we ak er , ▁although ▁they ▁were ▁built ▁for ▁new ▁ ship s ▁before ▁the ▁war ▁began .
[2026-03-17 14:31:12] Best translation 5 : ▁The ▁second ▁goal ▁of ▁his ▁night ▁was ▁the ▁ 60 th ▁goal ▁of ▁the ▁season , ▁be coming ▁the ▁first ▁player ▁to ▁score ▁ 60 ▁goals ▁or ▁more ▁in ▁a ▁season ▁since ▁19 9 5 - 9 6 , ▁each ▁of ▁which ▁Ya r mo ir ▁Ya ng er ▁and ▁Ma ri o ▁Li mi u ▁have ▁reached ▁this ▁stage .
[2026-03-17 14:31:12] Best translation 10 : ▁B lo o d ▁flow s ▁through ▁the ▁blood ▁ ve s s el ▁and ▁comes ▁back ▁to ▁the ▁heart ▁from ▁the ▁blood ▁ ve s s el s . ▁The ▁small est ▁ ner ve s ▁are ▁called ▁ ne ur al ▁mu ll as .
[2026-03-17 14:31:12] Best translation 20 : ▁Con s tru ction ▁can ▁also ▁be ▁true , ▁in ▁other ▁word s , ▁teacher ▁is ▁a ▁kind ▁of ▁contract or , ▁but ▁his ▁young ▁man ▁is ▁also ▁the ▁same ▁as ▁the ▁Mi c ro so ft ▁paper ▁connect or .
[2026-03-17 14:31:12] Best translation 40 : ▁The ▁demonstration ▁began ▁around ▁11 : 00 ▁local ▁time ▁( U T C <0x2B> 1 ) ▁in ▁W y at ol ▁against ▁the ▁g ate ▁of ▁the ▁police ▁guard ▁to ▁D own ing ▁Street , ▁the ▁official ▁residence ▁of ▁the ▁prime ▁minister .
[2026-03-17 14:31:12] Best translation 80 : ▁The ▁sign ▁was ▁not ▁physical ly ▁harm ful ; ▁The ▁co or din ation ▁was ▁made ▁using ▁black ▁ tar po ol s ▁that ▁were ▁de c or ated ▁with ▁sign s ▁of ▁peace ▁and ▁heart ▁to ▁con ver t ▁O ▁to ▁" to " ▁as ▁small ▁letter s ▁of ▁e " .
[2026-03-17 14:31:14] Best translation 160 : ▁People ▁d rew ▁seats ▁with ▁win d ow s ▁but ▁the ▁win d ow s ▁did ▁not ▁break .
[2026-03-17 14:31:17] Best translation 320 : ▁After ▁ma pp ing ▁the ▁b ot t om ▁of ▁the ▁broke n ▁sea , ▁it ▁was ▁discovered ▁using ▁R O V .
[2026-03-17 14:31:22] Best translation 640 : ▁Japan ▁has ▁about ▁7 , 000 ▁is land s ▁( H on ush ▁and ▁the ▁largest , ▁making ▁Japan ▁the ▁seventh ▁largest ▁is land ▁in ▁the ▁world !
[2026-03-17 14:31:31] Best translation 1280 : ▁The ▁bus es ▁leave ▁the ▁district ▁station s ▁( f ro m ▁the ▁river ) ▁throughout ▁the ▁day , ▁although ▁most ▁of ▁them , ▁especially ▁those ▁head ▁to ▁the ▁ east ▁and ▁Ja kar / m tan g ▁between ▁6 : 30 ▁and ▁7 : 30 .
[2026-03-17 14:31:43] Total translation time: 32.76539s
[2026-03-17 14:31:43] [valid] Ep. 35 : Up. 44000 : chrf : 56.0613 : stalled 1 times (last best: 56.1102)
[2026-03-17 14:31:45] [valid] Ep. 35 : Up. 44000 : perplexity : 7.07779 : stalled 1 times (last best: 7.06809)
[2026-03-17 14:33:08] Seen 310,206 samples
[2026-03-17 14:33:08] Starting data epoch 36 in logical epoch 36
[2026-03-17 14:34:16] Ep. 36 : Up. 45000 : Sen. 109,486 : Cost 1.76628089 * 9,812,375 @ 12,008 after 441,417,140 : Time 223.46s : 43910.83 words/s : gNorm 0.6695 : L.r. 1.7889e-04
[2026-03-17 14:34:16] Saving model weights and runtime parameters to /workspace/OPUS-MT-train/work/ckb-en/curated-floresdev.spm4k-spm4k.transformer.model1.npz
[2026-03-17 14:34:17] Saving Adam parameters
[2026-03-17 14:34:19] [training] Saving training checkpoint to /workspace/OPUS-MT-train/work/ckb-en/curated-floresdev.spm4k-spm4k.transformer.model1.npz and /workspace/OPUS-MT-train/work/ckb-en/curated-floresdev.spm4k-spm4k.transformer.model1.npz.optimizer.npz
[2026-03-17 14:34:23] Translating validation set...
[2026-03-17 14:34:24] Best translation 0 : ▁This ▁concept ▁comes ▁from ▁the ▁old ▁ fa mi li ar ity ▁of ▁the ▁in s er t ▁mo s qui to , ▁where ▁the ▁mo s qui to es ▁are ▁very ▁ su it able ▁for ▁the ▁prevent ion ▁of ▁human s .
[2026-03-17 14:34:24] Best translation 1 : ▁Mu m ba i ' s ▁attack ers ▁reached ▁ bo at s ▁on ▁November ▁2 6 , ▁ 200 8 , ▁carrying ▁gr en ad es ▁and ▁auto ma tic ▁weapons , ▁target ing ▁several ▁target s , ▁including ▁the ▁Che va lu e ▁Tra p ut ▁Tra in ing ▁St ation ▁and ▁the ▁famous ▁Ta j ▁Mah al ▁Hotel .
[2026-03-17 14:34:24] Best translation 2 : ▁The ▁search ▁was ▁disrupt ed ▁by ▁the ▁same ▁bad ▁weather ▁that ▁led ▁to ▁the ▁break d own ▁of ▁the ▁land .
[2026-03-17 14:34:24] Best translation 3 : ▁The ▁AC M A ▁was ▁also ▁install ed ▁in ▁addition ▁to ▁the ▁video ▁on ▁the ▁Internet , ▁and ▁Bi g ▁Bra z er ▁did ▁not ▁violate ▁the ▁on line ▁content ▁ s ur ve ill ance ▁law ▁as ▁the ▁media ▁was ▁not ▁store d ▁on ▁Bi g ▁Bra z er ' s ▁website .
[2026-03-17 14:34:24] Best translation 4 : ▁There ▁was ▁a ▁we ak er ▁army ▁and ▁the ▁water ▁army ▁was ▁we ak er , ▁although ▁they ▁were ▁built ▁for ▁new ▁ ship s ▁before ▁the ▁war ▁began .
[2026-03-17 14:34:24] Best translation 5 : ▁The ▁second ▁goal ▁of ▁his ▁night ▁was ▁the ▁ 60 th ▁goal ▁of ▁the ▁season , ▁be coming ▁the ▁first ▁player ▁to ▁score ▁ 60 ▁goals ▁or ▁more ▁in ▁a ▁season ▁since ▁19 9 5 - 9 6 , ▁each ▁of ▁which ▁Ya r mo ir ▁Ya ng er ▁and ▁Ma ri o ▁Li mi u ▁have ▁reached ▁this ▁stage .
[2026-03-17 14:34:24] Best translation 10 : ▁B lo o d ▁flow s ▁through ▁the ▁blood ▁ ve s s el ▁and ▁comes ▁back ▁to ▁the ▁heart ▁from ▁the ▁blood ▁ ve s s el s . ▁The ▁small est ▁ ner ve s ▁are ▁called ▁ ne ur ot ran s mi tter s .
[2026-03-17 14:34:24] Best translation 20 : ▁Com m un ic ation ▁can ▁also ▁be ▁true , ▁in ▁other ▁word s , ▁a ▁teacher ▁is ▁a ▁kind ▁of ▁contract or , ▁but ▁the ▁young ▁man ▁in ▁connect ion ▁with ▁the ▁Mi c ro so ft ▁O ff ic ial ▁paper ▁is ▁the ▁same .
[2026-03-17 14:34:24] Best translation 40 : ▁The ▁demonstration ▁began ▁around ▁11 : 00 ▁local ▁time ▁( U T C <0x2B> 1 ) ▁in ▁Wa it ol ▁ op po s ite ▁the ▁g ate ▁of ▁the ▁police ▁guard ▁to ▁Don ing ▁Street , ▁the ▁official ▁residence ▁of ▁the ▁prime ▁minister .
[2026-03-17 14:34:25] Best translation 80 : ▁The ▁sign ▁was ▁not ▁physical ly ▁harm ful ; ▁The ▁co or din ation ▁was ▁made ▁using ▁black ▁ tar po ol s ▁that ▁were ▁de c or ated ▁with ▁sign s ▁of ▁peace ▁and ▁heart ▁to ▁con ver t ▁O ▁to ▁" to " ▁as ▁small ▁letter s ▁of ▁e " .
[2026-03-17 14:34:27] Best translation 160 : ▁People ▁d rew ▁seats ▁with ▁win d ow s ▁but ▁the ▁win d ow s ▁did ▁not ▁break .
[2026-03-17 14:34:29] Best translation 320 : ▁After ▁ma pp ing ▁the ▁b ot t om ▁of ▁the ▁broke n ▁sea , ▁it ▁was ▁discovered ▁using ▁R O V .
[2026-03-17 14:34:34] Best translation 640 : ▁Japan ▁has ▁about ▁7 , 000 ▁is land s ▁( H on ush ▁and ▁the ▁largest , ▁making ▁Japan ▁the ▁seventh ▁largest ▁is land ▁in ▁the ▁world !
[2026-03-17 14:34:43] Best translation 1280 : ▁The ▁bus es ▁leave ▁the ▁district ▁station s ▁( f ro m ▁the ▁river ) ▁throughout ▁the ▁day , ▁although ▁most ▁of ▁them , ▁especially ▁those ▁head ▁to ▁the ▁ east ▁and ▁Ja kar / m tan g ▁between ▁6 : 30 ▁and ▁7 : 30 .
[2026-03-17 14:34:54] Total translation time: 31.41756s
[2026-03-17 14:34:54] Saving model weights and runtime parameters to /workspace/OPUS-MT-train/work/ckb-en/curated-floresdev.spm4k-spm4k.transformer.model1.npz.best-bleu.npz
[2026-03-17 14:34:56] [valid] Ep. 36 : Up. 45000 : bleu : 29.2989 : new best
[2026-03-17 14:34:56] Translating validation set...
[2026-03-17 14:34:56] Best translation 0 : ▁This ▁concept ▁comes ▁from ▁the ▁old ▁ fa mi li ar ity ▁of ▁the ▁in s er t ▁mo s qui to , ▁where ▁the ▁mo s qui to es ▁are ▁very ▁ su it able ▁for ▁the ▁prevent ion ▁of ▁human s .
[2026-03-17 14:34:56] Best translation 1 : ▁Mu m ba i ' s ▁attack ers ▁reached ▁ bo at s ▁on ▁November ▁2 6 , ▁ 200 8 , ▁carrying ▁gr en ad es ▁and ▁auto ma tic ▁weapons , ▁target ing ▁several ▁target s , ▁including ▁the ▁Che va lu e ▁Tra p ut ▁Tra in ing ▁St ation ▁and ▁the ▁famous ▁Ta j ▁Mah al ▁Hotel .
[2026-03-17 14:34:57] Best translation 2 : ▁The ▁search ▁was ▁disrupt ed ▁by ▁the ▁same ▁bad ▁weather ▁that ▁led ▁to ▁the ▁break d own ▁of ▁the ▁land .
[2026-03-17 14:34:57] Best translation 3 : ▁The ▁AC M A ▁was ▁also ▁install ed ▁in ▁addition ▁to ▁the ▁video ▁on ▁the ▁Internet , ▁and ▁Bi g ▁Bra z er ▁did ▁not ▁violate ▁the ▁on line ▁content ▁ s ur ve ill ance ▁law ▁as ▁the ▁media ▁was ▁not ▁store d ▁on ▁Bi g ▁Bra z er ' s ▁website .
[2026-03-17 14:34:57] Best translation 4 : ▁There ▁was ▁a ▁we ak er ▁army ▁and ▁the ▁water ▁army ▁was ▁we ak er , ▁although ▁they ▁were ▁built ▁for ▁new ▁ ship s ▁before ▁the ▁war ▁began .
[2026-03-17 14:34:57] Best translation 5 : ▁The ▁second ▁goal ▁of ▁his ▁night ▁was ▁the ▁ 60 th ▁goal ▁of ▁the ▁season , ▁be coming ▁the ▁first ▁player ▁to ▁score ▁ 60 ▁goals ▁or ▁more ▁in ▁a ▁season ▁since ▁19 9 5 - 9 6 , ▁each ▁of ▁which ▁Ya r mo ir ▁Ya ng er ▁and ▁Ma ri o ▁Li mi u ▁have ▁reached ▁this ▁stage .
[2026-03-17 14:34:57] Best translation 10 : ▁B lo o d ▁flow s ▁through ▁the ▁blood ▁ ve s s el ▁and ▁comes ▁back ▁to ▁the ▁heart ▁from ▁the ▁blood ▁ ve s s el s . ▁The ▁small est ▁ ner ve s ▁are ▁called ▁ ne ur ot ran s mi tter s .
[2026-03-17 14:34:57] Best translation 20 : ▁Com m un ic ation ▁can ▁also ▁be ▁true , ▁in ▁other ▁word s , ▁a ▁teacher ▁is ▁a ▁kind ▁of ▁contract or , ▁but ▁the ▁young ▁man ▁in ▁connect ion ▁with ▁the ▁Mi c ro so ft ▁O ff ic ial ▁paper ▁is ▁the ▁same .
[2026-03-17 14:34:57] Best translation 40 : ▁The ▁demonstration ▁began ▁around ▁11 : 00 ▁local ▁time ▁( U T C <0x2B> 1 ) ▁in ▁Wa it ol ▁ op po s ite ▁the ▁g ate ▁of ▁the ▁police ▁guard ▁to ▁Don ing ▁Street , ▁the ▁official ▁residence ▁of ▁the ▁prime ▁minister .
[2026-03-17 14:34:57] Best translation 80 : ▁The ▁sign ▁was ▁not ▁physical ly ▁harm ful ; ▁The ▁co or din ation ▁was ▁made ▁using ▁black ▁ tar po ol s ▁that ▁were ▁de c or ated ▁with ▁sign s ▁of ▁peace ▁and ▁heart ▁to ▁con ver t ▁O ▁to ▁" to " ▁as ▁small ▁letter s ▁of ▁e " .
[2026-03-17 14:34:59] Best translation 160 : ▁People ▁d rew ▁seats ▁with ▁win d ow s ▁but ▁the ▁win d ow s ▁did ▁not ▁break .
[2026-03-17 14:35:02] Best translation 320 : ▁After ▁ma pp ing ▁the ▁b ot t om ▁of ▁the ▁broke n ▁sea , ▁it ▁was ▁discovered ▁using ▁R O V .
[2026-03-17 14:35:07] Best translation 640 : ▁Japan ▁has ▁about ▁7 , 000 ▁is land s ▁( H on ush ▁and ▁the ▁largest , ▁making ▁Japan ▁the ▁seventh ▁largest ▁is land ▁in ▁the ▁world !
[2026-03-17 14:35:16] Best translation 1280 : ▁The ▁bus es ▁leave ▁the ▁district ▁station s ▁( f ro m ▁the ▁river ) ▁throughout ▁the ▁day , ▁although ▁most ▁of ▁them , ▁especially ▁those ▁head ▁to ▁the ▁ east ▁and ▁Ja kar / m tan g ▁between ▁6 : 30 ▁and ▁7 : 30 .
[2026-03-17 14:35:28] Total translation time: 32.91688s
[2026-03-17 14:35:28] Saving model weights and runtime parameters to /workspace/OPUS-MT-train/work/ckb-en/curated-floresdev.spm4k-spm4k.transformer.model1.npz.best-chrf.npz
[2026-03-17 14:35:30] [valid] Ep. 36 : Up. 45000 : chrf : 56.1933 : new best
[2026-03-17 14:35:31] [valid] Ep. 36 : Up. 45000 : perplexity : 7.08979 : stalled 2 times (last best: 7.06809)
[2026-03-17 14:37:35] Seen 310,206 samples
[2026-03-17 14:37:35] Starting data epoch 37 in logical epoch 37
[2026-03-17 14:38:02] Ep. 37 : Up. 46000 : Sen. 43,331 : Cost 1.75884449 * 9,780,794 @ 7,572 after 451,197,934 : Time 225.90s : 43296.44 words/s : gNorm 0.6811 : L.r. 1.7693e-04
[2026-03-17 14:38:02] Saving model weights and runtime parameters to /workspace/OPUS-MT-train/work/ckb-en/curated-floresdev.spm4k-spm4k.transformer.model1.npz
[2026-03-17 14:38:03] Saving Adam parameters
[2026-03-17 14:38:05] [training] Saving training checkpoint to /workspace/OPUS-MT-train/work/ckb-en/curated-floresdev.spm4k-spm4k.transformer.model1.npz and /workspace/OPUS-MT-train/work/ckb-en/curated-floresdev.spm4k-spm4k.transformer.model1.npz.optimizer.npz
[2026-03-17 14:38:09] Translating validation set...
[2026-03-17 14:38:09] Best translation 0 : ▁This ▁concept ▁comes ▁from ▁the ▁old ▁ fa mi li ar ity ▁of ▁the ▁in s er t ▁mo s qui to , ▁where ▁the ▁mo s qui to es ▁are ▁very ▁ su it able ▁for ▁the ▁prevent ion ▁of ▁human s .
[2026-03-17 14:38:09] Best translation 1 : ▁Mu m ba i ▁attack ers ▁arrived ▁by ▁ bo at s ▁on ▁November ▁2 6 , ▁ 200 8 , ▁carrying ▁gr en ad es ▁and ▁auto ma tic ▁weapons , ▁target ing ▁several ▁target s , ▁including ▁the ▁Che va lu e ▁Tra p ut ▁Tra in ing ▁St ation ▁and ▁the ▁famous ▁Ta j ▁Mah al ▁Hotel .
[2026-03-17 14:38:10] Best translation 2 : ▁The ▁search ▁was ▁disrupt ed ▁by ▁the ▁same ▁bad ▁weather ▁that ▁led ▁to ▁the ▁break d own ▁of ▁the ▁land .
[2026-03-17 14:38:10] Best translation 3 : ▁The ▁AC M A ▁was ▁also ▁install ed ▁in ▁addition ▁to ▁the ▁video ▁on line , ▁and ▁Bi g ▁Bra z er ▁did ▁not ▁violate ▁the ▁on line ▁content ▁ s ur ve ill ance ▁law ▁as ▁the ▁media ▁was ▁not ▁store d ▁on ▁Bi g ▁Bra z er ' s ▁website .
[2026-03-17 14:38:10] Best translation 4 : ▁There ▁was ▁a ▁we ak er ▁army ▁and ▁the ▁water ▁army ▁was ▁we ak er , ▁although ▁they ▁were ▁built ▁for ▁new ▁ ship s ▁before ▁the ▁beginning ▁of ▁the ▁war .
[2026-03-17 14:38:10] Best translation 5 : ▁The ▁second ▁goal ▁of ▁his ▁night ▁was ▁the ▁ 60 th ▁goal ▁of ▁the ▁season , ▁be coming ▁the ▁first ▁player ▁to ▁score ▁ 60 ▁goals ▁or ▁more ▁in ▁a ▁season ▁since ▁19 9 5 - 9 6 , ▁each ▁of ▁which ▁Ya r mo ir ▁Ya ng er ▁and ▁Ma ri o ▁Li mi u ▁have ▁reached ▁this ▁stage .
[2026-03-17 14:38:10] Best translation 10 : ▁B lo o d ▁flow s ▁through ▁the ▁blood ▁ ve s s el ▁and ▁comes ▁back ▁to ▁the ▁heart ▁from ▁the ▁blood ▁ ve s s el s . ▁The ▁small est ▁ ner ve s ▁are ▁called ▁ ne ur al ▁mu ll as .
[2026-03-17 14:38:10] Best translation 20 : ▁Con s tru ction ▁can ▁also ▁be ▁true , ▁in ▁other ▁word s , ▁the ▁teacher ▁is ▁a ▁kind ▁of ▁contract or ▁but ▁his ▁young ▁man ▁is ▁also ▁the ▁same ▁as ▁the ▁subject ▁of ▁the ▁Mi c ro so ft ▁O ff ic ial ▁paper .
[2026-03-17 14:38:10] Best translation 40 : ▁The ▁demonstration ▁began ▁around ▁11 : 00 ▁local ▁time ▁( U T C <0x2B> 1 ) ▁in ▁White ▁House ▁in ▁front ▁of ▁the ▁g ate ▁of ▁the ▁police ▁guard ▁to ▁D own ing ▁Street , ▁the ▁official ▁residence ▁of ▁the ▁prime ▁minister .
[2026-03-17 14:38:10] Best translation 80 : ▁The ▁sign ▁was ▁not ▁physical ly ▁harm ful ; ▁The ▁co or din ation ▁was ▁made ▁using ▁black ▁ tar po ol s ▁that ▁were ▁de c or ated ▁with ▁sign s ▁of ▁peace ▁and ▁heart ▁to ▁con ver t ▁O ▁to ▁" to " ▁as ▁small ▁letter s ▁of ▁e " .
[2026-03-17 14:38:12] Best translation 160 : ▁People ▁d rew ▁seats ▁with ▁win d ow s ▁but ▁the ▁win d ow s ▁did ▁not ▁break .
[2026-03-17 14:38:15] Best translation 320 : ▁Follow ing ▁the ▁ma p ▁of ▁the ▁collapse d ▁sea , ▁it ▁was ▁discovered ▁using ▁R O V .
[2026-03-17 14:38:19] Best translation 640 : ▁Japan ▁has ▁about ▁7 , 000 ▁is land s ▁( H un sh ▁and ▁the ▁largest , ▁making ▁Japan ▁the ▁seventh ▁largest ▁is land ▁in ▁the ▁world !
[2026-03-17 14:38:29] Best translation 1280 : ▁The ▁bus es ▁leave ▁the ▁district ▁station s ▁( f ro m ▁the ▁river ) ▁throughout ▁the ▁day , ▁although ▁most ▁of ▁them , ▁especially ▁those ▁travel ▁ east ▁and ▁Ja kar / B um tan g ▁between ▁6 : 30 ▁and ▁7 : 30 .
[2026-03-17 14:38:40] Total translation time: 31.45612s
[2026-03-17 14:38:40] Saving model weights and runtime parameters to /workspace/OPUS-MT-train/work/ckb-en/curated-floresdev.spm4k-spm4k.transformer.model1.npz.best-bleu.npz
[2026-03-17 14:38:41] [valid] Ep. 37 : Up. 46000 : bleu : 29.3967 : new best
[2026-03-17 14:38:41] Translating validation set...
[2026-03-17 14:38:42] Best translation 0 : ▁This ▁concept ▁comes ▁from ▁the ▁old ▁ fa mi li ar ity ▁of ▁the ▁in s er t ▁mo s qui to , ▁where ▁the ▁mo s qui to es ▁are ▁very ▁ su it able ▁for ▁the ▁prevent ion ▁of ▁human s .
[2026-03-17 14:38:42] Best translation 1 : ▁Mu m ba i ▁attack ers ▁arrived ▁by ▁ bo at s ▁on ▁November ▁2 6 , ▁ 200 8 , ▁carrying ▁gr en ad es ▁and ▁auto ma tic ▁weapons , ▁target ing ▁several ▁target s , ▁including ▁the ▁Che va lu e ▁Tra p ut ▁Tra in ing ▁St ation ▁and ▁the ▁famous ▁Ta j ▁Mah al ▁Hotel .
[2026-03-17 14:38:42] Best translation 2 : ▁The ▁search ▁was ▁disrupt ed ▁by ▁the ▁same ▁bad ▁weather ▁that ▁led ▁to ▁the ▁break d own ▁of ▁the ▁land .
[2026-03-17 14:38:42] Best translation 3 : ▁The ▁AC M A ▁was ▁also ▁install ed ▁in ▁addition ▁to ▁the ▁video ▁on line , ▁and ▁Bi g ▁Bra z er ▁did ▁not ▁violate ▁the ▁on line ▁content ▁ s ur ve ill ance ▁law ▁as ▁the ▁media ▁was ▁not ▁store d ▁on ▁Bi g ▁Bra z er ' s ▁website .
[2026-03-17 14:38:42] Best translation 4 : ▁There ▁was ▁a ▁we ak er ▁army ▁and ▁the ▁water ▁army ▁was ▁we ak er , ▁although ▁they ▁were ▁built ▁for ▁new ▁ ship s ▁before ▁the ▁beginning ▁of ▁the ▁war .
[2026-03-17 14:38:42] Best translation 5 : ▁The ▁second ▁goal ▁of ▁his ▁night ▁was ▁the ▁ 60 th ▁goal ▁of ▁the ▁season , ▁be coming ▁the ▁first ▁player ▁to ▁score ▁ 60 ▁goals ▁or ▁more ▁in ▁a ▁season ▁since ▁19 9 5 - 9 6 , ▁each ▁of ▁which ▁Ya r mo ir ▁Ya ng er ▁and ▁Ma ri o ▁Li mi u ▁have ▁reached ▁this ▁stage .
[2026-03-17 14:38:42] Best translation 10 : ▁B lo o d ▁flow s ▁through ▁the ▁blood ▁ ve s s el ▁and ▁comes ▁back ▁to ▁the ▁heart ▁from ▁the ▁blood ▁ ve s s el s . ▁The ▁small est ▁ ner ve s ▁are ▁called ▁ ne ur al ▁mu ll as .
[2026-03-17 14:38:42] Best translation 20 : ▁Con s tru ction ▁can ▁also ▁be ▁true , ▁in ▁other ▁word s , ▁the ▁teacher ▁is ▁a ▁kind ▁of ▁contract or ▁but ▁his ▁young ▁man ▁is ▁also ▁the ▁same ▁as ▁the ▁subject ▁of ▁the ▁Mi c ro so ft ▁O ff ic ial ▁paper .
[2026-03-17 14:38:42] Best translation 40 : ▁The ▁demonstration ▁began ▁around ▁11 : 00 ▁local ▁time ▁( U T C <0x2B> 1 ) ▁in ▁White ▁House ▁in ▁front ▁of ▁the ▁g ate ▁of ▁the ▁police ▁guard ▁to ▁D own ing ▁Street , ▁the ▁official ▁residence ▁of ▁the ▁prime ▁minister .
[2026-03-17 14:38:43] Best translation 80 : ▁The ▁sign ▁was ▁not ▁physical ly ▁harm ful ; ▁The ▁co or din ation ▁was ▁made ▁using ▁black ▁ tar po ol s ▁that ▁were ▁de c or ated ▁with ▁sign s ▁of ▁peace ▁and ▁heart ▁to ▁con ver t ▁O ▁to ▁" to " ▁as ▁small ▁letter s ▁of ▁e " .
[2026-03-17 14:38:45] Best translation 160 : ▁People ▁d rew ▁seats ▁with ▁win d ow s ▁but ▁the ▁win d ow s ▁did ▁not ▁break .
[2026-03-17 14:38:47] Best translation 320 : ▁Follow ing ▁the ▁ma p ▁of ▁the ▁collapse d ▁sea , ▁it ▁was ▁discovered ▁using ▁R O V .
[2026-03-17 14:38:52] Best translation 640 : ▁Japan ▁has ▁about ▁7 , 000 ▁is land s ▁( H un sh ▁and ▁the ▁largest , ▁making ▁Japan ▁the ▁seventh ▁largest ▁is land ▁in ▁the ▁world !
[2026-03-17 14:39:02] Best translation 1280 : ▁The ▁bus es ▁leave ▁the ▁district ▁station s ▁( f ro m ▁the ▁river ) ▁throughout ▁the ▁day , ▁although ▁most ▁of ▁them , ▁especially ▁those ▁travel ▁ east ▁and ▁Ja kar / B um tan g ▁between ▁6 : 30 ▁and ▁7 : 30 .
[2026-03-17 14:39:14] Total translation time: 32.91853s
[2026-03-17 14:39:14] Saving model weights and runtime parameters to /workspace/OPUS-MT-train/work/ckb-en/curated-floresdev.spm4k-spm4k.transformer.model1.npz.best-chrf.npz
[2026-03-17 14:39:15] [valid] Ep. 37 : Up. 46000 : chrf : 56.2559 : new best
[2026-03-17 14:39:17] [valid] Ep. 37 : Up. 46000 : perplexity : 7.10239 : stalled 3 times (last best: 7.06809)
[2026-03-17 14:41:47] Ep. 37 : Up. 47000 : Sen. 285,129 : Cost 1.74535072 * 9,837,836 @ 12,218 after 461,035,770 : Time 225.56s : 43615.96 words/s : gNorm 0.6927 : L.r. 1.7504e-04
[2026-03-17 14:41:47] Saving model weights and runtime parameters to /workspace/OPUS-MT-train/work/ckb-en/curated-floresdev.spm4k-spm4k.transformer.model1.npz
[2026-03-17 14:41:49] Saving Adam parameters
[2026-03-17 14:41:51] [training] Saving training checkpoint to /workspace/OPUS-MT-train/work/ckb-en/curated-floresdev.spm4k-spm4k.transformer.model1.npz and /workspace/OPUS-MT-train/work/ckb-en/curated-floresdev.spm4k-spm4k.transformer.model1.npz.optimizer.npz
[2026-03-17 14:41:54] Translating validation set...
[2026-03-17 14:41:55] Best translation 0 : ▁This ▁concept ▁comes ▁from ▁an ▁ancient ▁a c qu a in t ance ▁from ▁an ▁in s er t ▁mo s qui to , ▁where ▁mo s qui to es ▁are ▁very ▁ su it able ▁for ▁a b s or b ing ▁human s .
[2026-03-17 14:41:55] Best translation 1 : ▁Mu m ba i ' s ▁attack ers ▁arrived ▁by ▁ bo at s ▁on ▁November ▁2 6 , ▁ 200 8 , ▁carrying ▁gr en ad es ▁and ▁auto ma tic ▁weapons , ▁target ing ▁several ▁target s , ▁including ▁the ▁Shi va lu ▁ ra il way ▁station ▁and ▁the ▁famous ▁Ta j ▁Mah al ▁hotel .
[2026-03-17 14:41:55] Best translation 2 : ▁The ▁search ▁was ▁disrupt ed ▁by ▁the ▁same ▁bad ▁weather ▁that ▁led ▁to ▁the ▁break d own ▁of ▁the ▁land .
[2026-03-17 14:41:55] Best translation 3 : ▁The ▁AC M A ▁was ▁also ▁install ed ▁in ▁addition ▁to ▁the ▁video ▁on line , ▁and ▁Bi g ▁Bra z er ▁did ▁not ▁violate ▁the ▁on line ▁content ▁ s ur ve ill ance ▁law ▁as ▁the ▁media ▁was ▁not ▁store d ▁on ▁Bi g ▁Bra z er ' s ▁website .
[2026-03-17 14:41:55] Best translation 4 : ▁There ▁was ▁a ▁we ak er ▁army ▁and ▁the ▁water ▁army ▁was ▁we ak er , ▁although ▁they ▁were ▁built ▁for ▁new ▁ ship s ▁before ▁the ▁beginning ▁of ▁the ▁war .
[2026-03-17 14:41:55] Best translation 5 : ▁The ▁second ▁goal ▁of ▁his ▁night ▁was ▁the ▁ 60 th ▁goal ▁of ▁the ▁season , ▁be coming ▁the ▁first ▁player ▁to ▁score ▁ 60 ▁goals ▁or ▁more ▁in ▁a ▁season ▁since ▁19 9 5 - 9 6 , ▁each ▁of ▁which ▁Ya r mo ir ▁Ya ng er ▁and ▁Ma ri o ▁Li mi u ▁have ▁reached ▁this ▁stage .
[2026-03-17 14:41:55] Best translation 10 : ▁B lo o d ▁flow s ▁through ▁the ▁blood ▁ ve s s el ▁and ▁comes ▁back ▁to ▁the ▁heart ▁from ▁the ▁blood ▁ ve s s el s . ▁The ▁small est ▁ ner ve s ▁are ▁called ▁ ne ur ot ran s mi tter s .
[2026-03-17 14:41:55] Best translation 20 : ▁Con s tru ction ▁can ▁also ▁be ▁true , ▁in ▁other ▁word s , ▁the ▁teacher ▁is ▁a ▁kind ▁of ▁contract or ▁but ▁his ▁young ▁man ▁is ▁also ▁the ▁same ▁as ▁the ▁subject ▁of ▁the ▁Mi c ro so ft ▁O ff ic ial ▁paper .
[2026-03-17 14:41:55] Best translation 40 : ▁The ▁demonstration ▁began ▁around ▁11 : 00 ▁local ▁time ▁( U T C <0x2B> 1 ) ▁in ▁White ▁House ▁in ▁front ▁of ▁the ▁g ate ▁of ▁the ▁police ▁guard ▁to ▁Don ing ▁Street , ▁the ▁official ▁residence ▁of ▁the ▁prime ▁minister .
[2026-03-17 14:41:56] Best translation 80 : ▁The ▁sign ▁was ▁not ▁physical ly ▁harm ful ; ▁The ▁co or din ation ▁was ▁made ▁using ▁black ▁ tar po ol s ▁that ▁were ▁de c or ated ▁with ▁sign s ▁of ▁peace ▁and ▁heart ▁to ▁con ver t ▁O ▁to ▁" to " ▁as ▁small ▁letter s ▁of ▁e " .
[2026-03-17 14:41:58] Best translation 160 : ▁People ▁d rew ▁seats ▁with ▁win d ow s ▁but ▁the ▁win d ow s ▁did ▁not ▁break .
[2026-03-17 14:42:00] Best translation 320 : ▁Follow ing ▁the ▁ma p ▁of ▁the ▁broke n ▁sea , ▁it ▁was ▁discovered ▁using ▁R O V .
[2026-03-17 14:42:05] Best translation 640 : ▁Japan ▁has ▁about ▁7 , 000 ▁is land s ▁( H un sh ▁and ▁the ▁largest , ▁making ▁Japan ▁the ▁seventh ▁largest ▁is land ▁in ▁the ▁world !
[2026-03-17 14:42:14] Best translation 1280 : ▁The ▁bus es ▁leave ▁the ▁district ▁station s ▁( f ro m ▁the ▁river ) ▁throughout ▁the ▁day , ▁although ▁most ▁of ▁them , ▁especially ▁those ▁travel ▁ east ▁and ▁Ja kar / B um tan g ▁between ▁6 : 30 ▁and ▁7 : 30 .
[2026-03-17 14:42:26] Total translation time: 31.67360s
[2026-03-17 14:42:26] Saving model weights and runtime parameters to /workspace/OPUS-MT-train/work/ckb-en/curated-floresdev.spm4k-spm4k.transformer.model1.npz.best-bleu.npz
[2026-03-17 14:42:27] [valid] Ep. 37 : Up. 47000 : bleu : 29.4626 : new best
[2026-03-17 14:42:27] Translating validation set...
[2026-03-17 14:42:27] Best translation 0 : ▁This ▁concept ▁comes ▁from ▁an ▁ancient ▁a c qu a in t ance ▁from ▁an ▁in s er t ▁mo s qui to , ▁where ▁mo s qui to es ▁are ▁very ▁ su it able ▁for ▁a b s or b ing ▁human s .
[2026-03-17 14:42:27] Best translation 1 : ▁Mu m ba i ' s ▁attack ers ▁arrived ▁by ▁ bo at s ▁on ▁November ▁2 6 , ▁ 200 8 , ▁carrying ▁gr en ad es ▁and ▁auto ma tic ▁weapons , ▁target ing ▁several ▁target s , ▁including ▁the ▁Shi va lu ▁ ra il way ▁station ▁and ▁the ▁famous ▁Ta j ▁Mah al ▁hotel .
[2026-03-17 14:42:28] Best translation 2 : ▁The ▁search ▁was ▁disrupt ed ▁by ▁the ▁same ▁bad ▁weather ▁that ▁led ▁to ▁the ▁break d own ▁of ▁the ▁land .
[2026-03-17 14:42:28] Best translation 3 : ▁The ▁AC M A ▁was ▁also ▁install ed ▁in ▁addition ▁to ▁the ▁video ▁on line , ▁and ▁Bi g ▁Bra z er ▁did ▁not ▁violate ▁the ▁on line ▁content ▁ s ur ve ill ance ▁law ▁as ▁the ▁media ▁was ▁not ▁store d ▁on ▁Bi g ▁Bra z er ' s ▁website .
[2026-03-17 14:42:28] Best translation 4 : ▁There ▁was ▁a ▁we ak er ▁army ▁and ▁the ▁water ▁army ▁was ▁we ak er , ▁although ▁they ▁were ▁built ▁for ▁new ▁ ship s ▁before ▁the ▁beginning ▁of ▁the ▁war .
[2026-03-17 14:42:28] Best translation 5 : ▁The ▁second ▁goal ▁of ▁his ▁night ▁was ▁the ▁ 60 th ▁goal ▁of ▁the ▁season , ▁be coming ▁the ▁first ▁player ▁to ▁score ▁ 60 ▁goals ▁or ▁more ▁in ▁a ▁season ▁since ▁19 9 5 - 9 6 , ▁each ▁of ▁which ▁Ya r mo ir ▁Ya ng er ▁and ▁Ma ri o ▁Li mi u ▁have ▁reached ▁this ▁stage .
[2026-03-17 14:42:28] Best translation 10 : ▁B lo o d ▁flow s ▁through ▁the ▁blood ▁ ve s s el ▁and ▁comes ▁back ▁to ▁the ▁heart ▁from ▁the ▁blood ▁ ve s s el s . ▁The ▁small est ▁ ner ve s ▁are ▁called ▁ ne ur ot ran s mi tter s .
[2026-03-17 14:42:28] Best translation 20 : ▁Con s tru ction ▁can ▁also ▁be ▁true , ▁in ▁other ▁word s , ▁the ▁teacher ▁is ▁a ▁kind ▁of ▁contract or ▁but ▁his ▁young ▁man ▁is ▁also ▁the ▁same ▁as ▁the ▁subject ▁of ▁the ▁Mi c ro so ft ▁O ff ic ial ▁paper .
[2026-03-17 14:42:28] Best translation 40 : ▁The ▁demonstration ▁began ▁around ▁11 : 00 ▁local ▁time ▁( U T C <0x2B> 1 ) ▁in ▁White ▁House ▁in ▁front ▁of ▁the ▁g ate ▁of ▁the ▁police ▁guard ▁to ▁Don ing ▁Street , ▁the ▁official ▁residence ▁of ▁the ▁prime ▁minister .
[2026-03-17 14:42:29] Best translation 80 : ▁The ▁sign ▁was ▁not ▁physical ly ▁harm ful ; ▁The ▁co or din ation ▁was ▁made ▁using ▁black ▁ tar po ol s ▁that ▁were ▁de c or ated ▁with ▁sign s ▁of ▁peace ▁and ▁heart ▁to ▁con ver t ▁O ▁to ▁" to " ▁as ▁small ▁letter s ▁of ▁e " .
[2026-03-17 14:42:31] Best translation 160 : ▁People ▁d rew ▁seats ▁with ▁win d ow s ▁but ▁the ▁win d ow s ▁did ▁not ▁break .
[2026-03-17 14:42:33] Best translation 320 : ▁Follow ing ▁the ▁ma p ▁of ▁the ▁broke n ▁sea , ▁it ▁was ▁discovered ▁using ▁R O V .
[2026-03-17 14:42:38] Best translation 640 : ▁Japan ▁has ▁about ▁7 , 000 ▁is land s ▁( H un sh ▁and ▁the ▁largest , ▁making ▁Japan ▁the ▁seventh ▁largest ▁is land ▁in ▁the ▁world !
[2026-03-17 14:42:48] Best translation 1280 : ▁The ▁bus es ▁leave ▁the ▁district ▁station s ▁( f ro m ▁the ▁river ) ▁throughout ▁the ▁day , ▁although ▁most ▁of ▁them , ▁especially ▁those ▁travel ▁ east ▁and ▁Ja kar / B um tan g ▁between ▁6 : 30 ▁and ▁7 : 30 .
[2026-03-17 14:43:00] Total translation time: 33.24287s
[2026-03-17 14:43:00] [valid] Ep. 37 : Up. 47000 : chrf : 56.2496 : stalled 1 times (last best: 56.2559)
[2026-03-17 14:43:02] [valid] Ep. 37 : Up. 47000 : perplexity : 7.11707 : stalled 4 times (last best: 7.06809)
[2026-03-17 14:43:17] Seen 310,206 samples
[2026-03-17 14:43:17] Starting data epoch 38 in logical epoch 38
[2026-03-17 14:45:33] Ep. 38 : Up. 48000 : Sen. 218,152 : Cost 1.74313283 * 9,794,868 @ 9,470 after 470,830,638 : Time 225.27s : 43480.26 words/s : gNorm 0.6794 : L.r. 1.7321e-04
[2026-03-17 14:45:33] Saving model weights and runtime parameters to /workspace/OPUS-MT-train/work/ckb-en/curated-floresdev.spm4k-spm4k.transformer.model1.npz
[2026-03-17 14:45:34] Saving Adam parameters
[2026-03-17 14:45:36] [training] Saving training checkpoint to /workspace/OPUS-MT-train/work/ckb-en/curated-floresdev.spm4k-spm4k.transformer.model1.npz and /workspace/OPUS-MT-train/work/ckb-en/curated-floresdev.spm4k-spm4k.transformer.model1.npz.optimizer.npz
[2026-03-17 14:45:40] Translating validation set...
[2026-03-17 14:45:40] Best translation 0 : ▁This ▁concept ▁comes ▁from ▁an ▁ancient ▁a c qu a in t ance ▁from ▁a ▁local ▁mo s qui to , ▁where ▁mo s qui to es ▁are ▁very ▁con ven i ent ▁to ▁prevent ▁human s ▁from ▁stop p ing .
[2026-03-17 14:45:40] Best translation 1 : ▁Mu m ba i ' s ▁attack ers ▁arrived ▁by ▁ bo at s ▁on ▁November ▁2 6 , ▁ 200 8 , ▁carrying ▁gr en ad es ▁and ▁auto ma tic ▁weapons , ▁target ing ▁several ▁target s , ▁including ▁the ▁Shi va lu ▁ ra il way ▁station ▁and ▁the ▁famous ▁Ta j ▁Mah al ▁hotel .
[2026-03-17 14:45:41] Best translation 2 : ▁The ▁search ▁was ▁disrupt ed ▁by ▁the ▁same ▁bad ▁weather ▁that ▁led ▁to ▁the ▁break d own ▁of ▁the ▁land .
[2026-03-17 14:45:41] Best translation 3 : ▁The ▁AC M A ▁was ▁also ▁install ed ▁in ▁addition ▁to ▁the ▁video ▁on line , ▁and ▁Bi g ▁Bra z er ▁did ▁not ▁violate ▁the ▁on line ▁content ▁ s ur ve ill ance ▁law ▁as ▁the ▁media ▁was ▁not ▁store d ▁on ▁Bi g ▁Bra z er ' s ▁website .
[2026-03-17 14:45:41] Best translation 4 : ▁There ▁was ▁a ▁we ak er ▁army ▁and ▁the ▁water ▁army ▁was ▁we ak er , ▁although ▁they ▁were ▁built ▁for ▁new ▁ ship s ▁before ▁the ▁beginning ▁of ▁the ▁war .
[2026-03-17 14:45:41] Best translation 5 : ▁The ▁second ▁goal ▁of ▁his ▁night ▁was ▁the ▁ 60 th ▁goal ▁of ▁the ▁season , ▁be coming ▁the ▁first ▁player ▁to ▁score ▁ 60 ▁goals ▁or ▁more ▁in ▁a ▁season ▁since ▁19 9 5 - 9 6 , ▁each ▁of ▁which ▁Ya r mo ir ▁Ya ng er ▁and ▁Ma ri o ▁Li mi u ▁have ▁reached ▁this ▁stage .
[2026-03-17 14:45:41] Best translation 10 : ▁B lo o d ▁flow s ▁through ▁the ▁blood ▁ ve s s el ▁and ▁comes ▁back ▁to ▁the ▁heart ▁from ▁the ▁blood ▁ ve s s el s . ▁The ▁small est ▁ ner ve s ▁are ▁called ▁ ne ur al ▁mu ll as .
[2026-03-17 14:45:41] Best translation 20 : ▁Con s tru ction ▁can ▁also ▁be ▁true , ▁in ▁other ▁word s , ▁the ▁teacher ▁is ▁a ▁kind ▁of ▁contract or ▁but ▁his ▁young ▁man ▁is ▁also ▁the ▁same ▁as ▁the ▁subject ▁of ▁the ▁Mi c ro so ft ▁O ff ic ial ▁paper .
[2026-03-17 14:45:41] Best translation 40 : ▁The ▁demonstration ▁began ▁around ▁11 : 00 ▁local ▁time ▁( U T C <0x2B> 1 ) ▁in ▁W y at ol ▁ op po s ite ▁the ▁g ate ▁of ▁the ▁police ▁guard ▁to ▁Don ing ▁Street , ▁the ▁official ▁residence ▁of ▁the ▁prime ▁minister .
[2026-03-17 14:45:41] Best translation 80 : ▁The ▁ s y mp t om ▁was ▁not ▁physical ly ▁harm ful ; ▁The ▁mo d ification ▁was ▁made ▁using ▁black ▁ tar po ol s ▁that ▁were ▁de c or ated ▁with ▁sign s ▁of ▁peace ▁and ▁heart ▁to ▁con ver t ▁O ▁to ▁" to " ▁as ▁small ▁letter s ▁of ▁e . g .
[2026-03-17 14:45:43] Best translation 160 : ▁People ▁d rew ▁seats ▁with ▁win d ow s ▁but ▁the ▁win d ow s ▁did ▁not ▁break .
[2026-03-17 14:45:46] Best translation 320 : ▁Follow ing ▁the ▁ma p ▁of ▁the ▁broke n ▁sea , ▁it ▁was ▁discovered ▁using ▁R O V .
[2026-03-17 14:45:51] Best translation 640 : ▁Japan ▁has ▁about ▁7 , 000 ▁is land s ▁( H un sh ▁and ▁the ▁largest , ▁making ▁Japan ▁the ▁seventh ▁largest ▁is land ▁in ▁the ▁world !
[2026-03-17 14:46:00] Best translation 1280 : ▁The ▁bus es ▁leave ▁the ▁district ▁station s ▁( le ft ▁over ▁the ▁river ) ▁throughout ▁the ▁day , ▁although ▁most ▁of ▁them , ▁especially ▁those ▁travel ▁ east ▁and ▁Ja kar / B um tan g ▁between ▁6 : 30 ▁and ▁7 : 30 .
[2026-03-17 14:46:12] Total translation time: 31.92162s
[2026-03-17 14:46:12] Saving model weights and runtime parameters to /workspace/OPUS-MT-train/work/ckb-en/curated-floresdev.spm4k-spm4k.transformer.model1.npz.best-bleu.npz
[2026-03-17 14:46:13] [valid] Ep. 38 : Up. 48000 : bleu : 29.4732 : new best
[2026-03-17 14:46:13] Translating validation set...
[2026-03-17 14:46:13] Best translation 0 : ▁This ▁concept ▁comes ▁from ▁an ▁ancient ▁a c qu a in t ance ▁from ▁a ▁local ▁mo s qui to , ▁where ▁mo s qui to es ▁are ▁very ▁con ven i ent ▁to ▁prevent ▁human s ▁from ▁stop p ing .
[2026-03-17 14:46:13] Best translation 1 : ▁Mu m ba i ' s ▁attack ers ▁arrived ▁by ▁ bo at s ▁on ▁November ▁2 6 , ▁ 200 8 , ▁carrying ▁gr en ad es ▁and ▁auto ma tic ▁weapons , ▁target ing ▁several ▁target s , ▁including ▁the ▁Shi va lu ▁ ra il way ▁station ▁and ▁the ▁famous ▁Ta j ▁Mah al ▁hotel .
[2026-03-17 14:46:14] Best translation 2 : ▁The ▁search ▁was ▁disrupt ed ▁by ▁the ▁same ▁bad ▁weather ▁that ▁led ▁to ▁the ▁break d own ▁of ▁the ▁land .
[2026-03-17 14:46:14] Best translation 3 : ▁The ▁AC M A ▁was ▁also ▁install ed ▁in ▁addition ▁to ▁the ▁video ▁on line , ▁and ▁Bi g ▁Bra z er ▁did ▁not ▁violate ▁the ▁on line ▁content ▁ s ur ve ill ance ▁law ▁as ▁the ▁media ▁was ▁not ▁store d ▁on ▁Bi g ▁Bra z er ' s ▁website .
[2026-03-17 14:46:14] Best translation 4 : ▁There ▁was ▁a ▁we ak er ▁army ▁and ▁the ▁water ▁army ▁was ▁we ak er , ▁although ▁they ▁were ▁built ▁for ▁new ▁ ship s ▁before ▁the ▁beginning ▁of ▁the ▁war .
[2026-03-17 14:46:14] Best translation 5 : ▁The ▁second ▁goal ▁of ▁his ▁night ▁was ▁the ▁ 60 th ▁goal ▁of ▁the ▁season , ▁be coming ▁the ▁first ▁player ▁to ▁score ▁ 60 ▁goals ▁or ▁more ▁in ▁a ▁season ▁since ▁19 9 5 - 9 6 , ▁each ▁of ▁which ▁Ya r mo ir ▁Ya ng er ▁and ▁Ma ri o ▁Li mi u ▁have ▁reached ▁this ▁stage .
[2026-03-17 14:46:14] Best translation 10 : ▁B lo o d ▁flow s ▁through ▁the ▁blood ▁ ve s s el ▁and ▁comes ▁back ▁to ▁the ▁heart ▁from ▁the ▁blood ▁ ve s s el s . ▁The ▁small est ▁ ner ve s ▁are ▁called ▁ ne ur al ▁mu ll as .
[2026-03-17 14:46:14] Best translation 20 : ▁Con s tru ction ▁can ▁also ▁be ▁true , ▁in ▁other ▁word s , ▁the ▁teacher ▁is ▁a ▁kind ▁of ▁contract or ▁but ▁his ▁young ▁man ▁is ▁also ▁the ▁same ▁as ▁the ▁subject ▁of ▁the ▁Mi c ro so ft ▁O ff ic ial ▁paper .
[2026-03-17 14:46:14] Best translation 40 : ▁The ▁demonstration ▁began ▁around ▁11 : 00 ▁local ▁time ▁( U T C <0x2B> 1 ) ▁in ▁W y at ol ▁ op po s ite ▁the ▁g ate ▁of ▁the ▁police ▁guard ▁to ▁Don ing ▁Street , ▁the ▁official ▁residence ▁of ▁the ▁prime ▁minister .
[2026-03-17 14:46:15] Best translation 80 : ▁The ▁ s y mp t om ▁was ▁not ▁physical ly ▁harm ful ; ▁The ▁mo d ification ▁was ▁made ▁using ▁black ▁ tar po ol s ▁that ▁were ▁de c or ated ▁with ▁sign s ▁of ▁peace ▁and ▁heart ▁to ▁con ver t ▁O ▁to ▁" to " ▁as ▁small ▁letter s ▁of ▁e . g .
[2026-03-17 14:46:17] Best translation 160 : ▁People ▁d rew ▁seats ▁with ▁win d ow s ▁but ▁the ▁win d ow s ▁did ▁not ▁break .
[2026-03-17 14:46:19] Best translation 320 : ▁Follow ing ▁the ▁ma p ▁of ▁the ▁broke n ▁sea , ▁it ▁was ▁discovered ▁using ▁R O V .
[2026-03-17 14:46:24] Best translation 640 : ▁Japan ▁has ▁about ▁7 , 000 ▁is land s ▁( H un sh ▁and ▁the ▁largest , ▁making ▁Japan ▁the ▁seventh ▁largest ▁is land ▁in ▁the ▁world !
[2026-03-17 14:46:34] Best translation 1280 : ▁The ▁bus es ▁leave ▁the ▁district ▁station s ▁( le ft ▁over ▁the ▁river ) ▁throughout ▁the ▁day , ▁although ▁most ▁of ▁them , ▁especially ▁those ▁travel ▁ east ▁and ▁Ja kar / B um tan g ▁between ▁6 : 30 ▁and ▁7 : 30 .
[2026-03-17 14:46:46] Total translation time: 33.48871s
[2026-03-17 14:46:46] Saving model weights and runtime parameters to /workspace/OPUS-MT-train/work/ckb-en/curated-floresdev.spm4k-spm4k.transformer.model1.npz.best-chrf.npz
[2026-03-17 14:46:47] [valid] Ep. 38 : Up. 48000 : chrf : 56.2923 : new best
[2026-03-17 14:46:49] [valid] Ep. 38 : Up. 48000 : perplexity : 7.13245 : stalled 5 times (last best: 7.06809)
[2026-03-17 14:47:45] Seen 310,206 samples
[2026-03-17 14:47:45] Starting data epoch 39 in logical epoch 39
[2026-03-17 14:49:20] Ep. 39 : Up. 49000 : Sen. 154,608 : Cost 1.72841096 * 9,826,052 @ 11,731 after 480,656,690 : Time 227.13s : 43262.15 words/s : gNorm 0.6467 : L.r. 1.7143e-04
[2026-03-17 14:49:20] Saving model weights and runtime parameters to /workspace/OPUS-MT-train/work/ckb-en/curated-floresdev.spm4k-spm4k.transformer.model1.npz
[2026-03-17 14:49:21] Saving Adam parameters
[2026-03-17 14:49:23] [training] Saving training checkpoint to /workspace/OPUS-MT-train/work/ckb-en/curated-floresdev.spm4k-spm4k.transformer.model1.npz and /workspace/OPUS-MT-train/work/ckb-en/curated-floresdev.spm4k-spm4k.transformer.model1.npz.optimizer.npz
[2026-03-17 14:49:27] Translating validation set...
[2026-03-17 14:49:27] Best translation 0 : ▁This ▁concept ▁comes ▁from ▁the ▁old ▁ fa mi li ar ity ▁of ▁the ▁in s er t ▁mo s qui to , ▁where ▁the ▁mo s qui to es ▁are ▁very ▁con ven i ent ▁to ▁prevent ▁human s ▁from ▁being ▁attacked .
[2026-03-17 14:49:27] Best translation 1 : ▁Mu m ba i ' s ▁attack ers ▁arrived ▁by ▁ bo at s ▁on ▁November ▁2 6 , ▁ 200 8 , ▁carrying ▁gr en ad es ▁and ▁auto ma tic ▁weapons , ▁target ing ▁several ▁target s , ▁including ▁the ▁Shi va lu ▁ ra il way ▁station ▁and ▁the ▁famous ▁Ta j ▁Mah al ▁hotel .
[2026-03-17 14:49:28] Best translation 2 : ▁The ▁search ▁was ▁disrupt ed ▁by ▁the ▁same ▁bad ▁weather ▁that ▁led ▁to ▁the ▁break d own ▁of ▁the ▁land .
[2026-03-17 14:49:28] Best translation 3 : ▁The ▁AC M A ▁was ▁also ▁found ed ▁in ▁addition ▁to ▁the ▁video ▁on line , ▁and ▁Bi g ▁Bra z er ▁did ▁not ▁violate ▁the ▁on line ▁content ▁ s ur ve ill ance ▁law ▁as ▁the ▁media ▁was ▁not ▁store d ▁on ▁Bi g ▁Bra z er ' s ▁website .
[2026-03-17 14:49:28] Best translation 4 : ▁There ▁was ▁a ▁we ak er ▁army ▁and ▁the ▁water ▁army ▁was ▁we ak er , ▁although ▁they ▁were ▁built ▁for ▁new ▁ ship s ▁before ▁the ▁beginning ▁of ▁the ▁war .
[2026-03-17 14:49:28] Best translation 5 : ▁The ▁second ▁goal ▁of ▁his ▁night ▁was ▁the ▁ 60 th ▁goal ▁of ▁the ▁season , ▁be coming ▁the ▁first ▁player ▁to ▁score ▁ 60 ▁goals ▁or ▁more ▁in ▁a ▁season ▁since ▁19 9 5 - 9 6 , ▁each ▁of ▁which ▁Ya r mo ir ▁Ya ng er ▁and ▁Ma ri o ▁Li mi u ▁have ▁reached ▁this ▁stage .
[2026-03-17 14:49:28] Best translation 10 : ▁B lo o d ▁flow s ▁through ▁the ▁blood ▁ ve s s el ▁and ▁comes ▁back ▁to ▁the ▁heart ▁from ▁the ▁blood ▁ ve s s el . ▁The ▁small est ▁ ner ve s ▁are ▁called ▁ ne ur on al ▁mu ll s .
[2026-03-17 14:49:28] Best translation 20 : ▁Con s tru ction ▁can ▁also ▁be ▁true . ▁In ▁other ▁word s , ▁the ▁teacher ▁is ▁a ▁kind ▁of ▁contract or ▁but ▁his ▁young ▁man ▁is ▁also ▁the ▁same ▁as ▁the ▁subject ▁of ▁the ▁Mi c ro so ft ▁O ff ic ial ▁paper .
[2026-03-17 14:49:28] Best translation 40 : ▁The ▁demonstration ▁began ▁around ▁11 : 00 ▁local ▁time ▁( U T C <0x2B> 1 ) ▁in ▁Wa it ol ▁ op po s ite ▁the ▁g ate way ▁to ▁the ▁D own ing ▁Street , ▁the ▁official ▁residence ▁of ▁the ▁prime ▁minister .
[2026-03-17 14:49:29] Best translation 80 : ▁The ▁ s y mp t om ▁was ▁not ▁physical ly ▁harm ful ; ▁The ▁mo d ification ▁was ▁made ▁using ▁black ▁ tar po ol s ▁that ▁were ▁de c or ated ▁with ▁sign s ▁of ▁peace ▁and ▁heart ▁to ▁con ver t ▁O ▁to ▁" to " ▁as ▁small ▁letter s ▁of ▁e . g .
[2026-03-17 14:49:31] Best translation 160 : ▁People ▁d rew ▁seats ▁with ▁win d ow s ▁but ▁the ▁win d ow s ▁did ▁not ▁break .
[2026-03-17 14:49:33] Best translation 320 : ▁After ▁ma pp ing ▁the ▁b ot t om ▁of ▁the ▁sea , ▁it ▁was ▁discovered ▁using ▁R O V .
[2026-03-17 14:49:38] Best translation 640 : ▁Japan ▁has ▁about ▁7 , 000 ▁is land s ▁( H un sh ▁and ▁the ▁largest , ▁making ▁Japan ▁the ▁seventh ▁largest ▁is land ▁in ▁the ▁world !
[2026-03-17 14:49:47] Best translation 1280 : ▁The ▁bus es ▁leave ▁the ▁district s ▁( le ft ▁over ▁the ▁river ) ▁throughout ▁the ▁day , ▁although ▁most ▁of ▁them , ▁especially ▁those ▁head ▁to ▁the ▁ east ▁and ▁Ja kar / B um tan g ▁between ▁6 : 30 ▁and ▁7 : 30 .
[2026-03-17 14:49:59] Total translation time: 31.99296s
[2026-03-17 14:49:59] [valid] Ep. 39 : Up. 49000 : bleu : 29.4499 : stalled 1 times (last best: 29.4732)
[2026-03-17 14:49:59] Translating validation set...
[2026-03-17 14:49:59] Best translation 0 : ▁This ▁concept ▁comes ▁from ▁the ▁old ▁ fa mi li ar ity ▁of ▁the ▁in s er t ▁mo s qui to , ▁where ▁the ▁mo s qui to es ▁are ▁very ▁con ven i ent ▁to ▁prevent ▁human s ▁from ▁being ▁attacked .
[2026-03-17 14:49:59] Best translation 1 : ▁Mu m ba i ' s ▁attack ers ▁arrived ▁by ▁ bo at s ▁on ▁November ▁2 6 , ▁ 200 8 , ▁carrying ▁gr en ad es ▁and ▁auto ma tic ▁weapons , ▁target ing ▁several ▁target s , ▁including ▁the ▁Shi va lu ▁ ra il way ▁station ▁and ▁the ▁famous ▁Ta j ▁Mah al ▁hotel .
[2026-03-17 14:50:00] Best translation 2 : ▁The ▁search ▁was ▁disrupt ed ▁by ▁the ▁same ▁bad ▁weather ▁that ▁led ▁to ▁the ▁break d own ▁of ▁the ▁land .
[2026-03-17 14:50:00] Best translation 3 : ▁The ▁AC M A ▁was ▁also ▁found ed ▁in ▁addition ▁to ▁the ▁video ▁on line , ▁and ▁Bi g ▁Bra z er ▁did ▁not ▁violate ▁the ▁on line ▁content ▁ s ur ve ill ance ▁law ▁as ▁the ▁media ▁was ▁not ▁store d ▁on ▁Bi g ▁Bra z er ' s ▁website .
[2026-03-17 14:50:00] Best translation 4 : ▁There ▁was ▁a ▁we ak er ▁army ▁and ▁the ▁water ▁army ▁was ▁we ak er , ▁although ▁they ▁were ▁built ▁for ▁new ▁ ship s ▁before ▁the ▁beginning ▁of ▁the ▁war .
[2026-03-17 14:50:00] Best translation 5 : ▁The ▁second ▁goal ▁of ▁his ▁night ▁was ▁the ▁ 60 th ▁goal ▁of ▁the ▁season , ▁be coming ▁the ▁first ▁player ▁to ▁score ▁ 60 ▁goals ▁or ▁more ▁in ▁a ▁season ▁since ▁19 9 5 - 9 6 , ▁each ▁of ▁which ▁Ya r mo ir ▁Ya ng er ▁and ▁Ma ri o ▁Li mi u ▁have ▁reached ▁this ▁stage .
[2026-03-17 14:50:00] Best translation 10 : ▁B lo o d ▁flow s ▁through ▁the ▁blood ▁ ve s s el ▁and ▁comes ▁back ▁to ▁the ▁heart ▁from ▁the ▁blood ▁ ve s s el . ▁The ▁small est ▁ ner ve s ▁are ▁called ▁ ne ur on al ▁mu ll s .
[2026-03-17 14:50:00] Best translation 20 : ▁Con s tru ction ▁can ▁also ▁be ▁true . ▁In ▁other ▁word s , ▁the ▁teacher ▁is ▁a ▁kind ▁of ▁contract or ▁but ▁his ▁young ▁man ▁is ▁also ▁the ▁same ▁as ▁the ▁subject ▁of ▁the ▁Mi c ro so ft ▁O ff ic ial ▁paper .
[2026-03-17 14:50:00] Best translation 40 : ▁The ▁demonstration ▁began ▁around ▁11 : 00 ▁local ▁time ▁( U T C <0x2B> 1 ) ▁in ▁Wa it ol ▁ op po s ite ▁the ▁g ate way ▁to ▁the ▁D own ing ▁Street , ▁the ▁official ▁residence ▁of ▁the ▁prime ▁minister .
[2026-03-17 14:50:01] Best translation 80 : ▁The ▁ s y mp t om ▁was ▁not ▁physical ly ▁harm ful ; ▁The ▁mo d ification ▁was ▁made ▁using ▁black ▁ tar po ol s ▁that ▁were ▁de c or ated ▁with ▁sign s ▁of ▁peace ▁and ▁heart ▁to ▁con ver t ▁O ▁to ▁" to " ▁as ▁small ▁letter s ▁of ▁e . g .
[2026-03-17 14:50:03] Best translation 160 : ▁People ▁d rew ▁seats ▁with ▁win d ow s ▁but ▁the ▁win d ow s ▁did ▁not ▁break .
[2026-03-17 14:50:05] Best translation 320 : ▁After ▁ma pp ing ▁the ▁b ot t om ▁of ▁the ▁sea , ▁it ▁was ▁discovered ▁using ▁R O V .
[2026-03-17 14:50:10] Best translation 640 : ▁Japan ▁has ▁about ▁7 , 000 ▁is land s ▁( H un sh ▁and ▁the ▁largest , ▁making ▁Japan ▁the ▁seventh ▁largest ▁is land ▁in ▁the ▁world !
[2026-03-17 14:50:20] Best translation 1280 : ▁The ▁bus es ▁leave ▁the ▁district s ▁( le ft ▁over ▁the ▁river ) ▁throughout ▁the ▁day , ▁although ▁most ▁of ▁them , ▁especially ▁those ▁head ▁to ▁the ▁ east ▁and ▁Ja kar / B um tan g ▁between ▁6 : 30 ▁and ▁7 : 30 .
[2026-03-17 14:50:32] Total translation time: 32.99804s
[2026-03-17 14:50:32] [valid] Ep. 39 : Up. 49000 : chrf : 56.2621 : stalled 1 times (last best: 56.2923)
[2026-03-17 14:50:34] [valid] Ep. 39 : Up. 49000 : perplexity : 7.14947 : stalled 6 times (last best: 7.06809)
[2026-03-17 14:52:10] Seen 310,206 samples
[2026-03-17 14:52:10] Starting data epoch 40 in logical epoch 40
[2026-03-17 14:53:04] Ep. 40 : Up. 50000 : Sen. 86,668 : Cost 1.72430158 * 9,775,855 @ 9,260 after 490,432,545 : Time 224.13s : 43617.16 words/s : gNorm 0.6644 : L.r. 1.6971e-04
[2026-03-17 14:53:04] Saving model weights and runtime parameters to /workspace/OPUS-MT-train/work/ckb-en/curated-floresdev.spm4k-spm4k.transformer.model1.npz
[2026-03-17 14:53:05] Saving Adam parameters
[2026-03-17 14:53:07] [training] Saving training checkpoint to /workspace/OPUS-MT-train/work/ckb-en/curated-floresdev.spm4k-spm4k.transformer.model1.npz and /workspace/OPUS-MT-train/work/ckb-en/curated-floresdev.spm4k-spm4k.transformer.model1.npz.optimizer.npz
[2026-03-17 14:53:11] Translating validation set...
[2026-03-17 14:53:11] Best translation 0 : ▁This ▁concept ▁comes ▁from ▁an ▁ancient ▁a c qu a in t ance ▁from ▁an ▁in s er t ▁mo s qui to , ▁where ▁mo s qui to es ▁are ▁very ▁con ven i ent ▁to ▁prevent ▁human s ▁from ▁ tra ck ing .
[2026-03-17 14:53:11] Best translation 1 : ▁Mu m ba i ' s ▁attack ers ▁arrived ▁in ▁the ▁ bo at ▁on ▁November ▁2 6 , ▁ 200 8 , ▁with ▁gr en ad es ▁and ▁auto ma tic ▁weapons , ▁target ing ▁several ▁target s , ▁including ▁the ▁Shi va lu ▁ ra il way ▁station ▁and ▁the ▁famous ▁Ta j ▁Mah al ▁hotel .
[2026-03-17 14:53:12] Best translation 2 : ▁The ▁search ▁was ▁disrupt ed ▁by ▁the ▁same ▁bad ▁weather ▁that ▁led ▁to ▁the ▁break d own ▁of ▁the ▁land .
[2026-03-17 14:53:12] Best translation 3 : ▁The ▁AC M A ▁was ▁also ▁found ed ▁in ▁addition ▁to ▁the ▁video ▁on line , ▁and ▁Bi g ▁Bra z er ▁did ▁not ▁violate ▁the ▁on line ▁content ▁ s ur ve ill ance ▁law ▁as ▁the ▁media ▁was ▁not ▁store d ▁on ▁Bi g ▁Bra z er ' s ▁website .
[2026-03-17 14:53:12] Best translation 4 : ▁There ▁was ▁a ▁we ak er ▁army ▁and ▁the ▁water ▁army ▁was ▁we ak er , ▁although ▁they ▁were ▁built ▁for ▁new ▁ ship s ▁before ▁the ▁beginning ▁of ▁the ▁war .
[2026-03-17 14:53:12] Best translation 5 : ▁The ▁second ▁goal ▁of ▁his ▁night ▁was ▁the ▁ 60 th ▁goal ▁of ▁the ▁season , ▁be coming ▁the ▁first ▁player ▁to ▁score ▁ 60 ▁goals ▁or ▁more ▁in ▁a ▁season ▁since ▁19 9 5 - 9 6 , ▁each ▁of ▁which ▁Ya r mo ir ▁Ya ng er ▁and ▁Ma ri o ▁Li mi u ▁have ▁reached ▁this ▁stage .
[2026-03-17 14:53:12] Best translation 10 : ▁B lo o d ▁in ▁the ▁heart ▁go es ▁through ▁the ▁blood ▁ ve s s el ▁and ▁comes ▁back ▁to ▁the ▁heart ▁from ▁the ▁blood ▁ ve s s el s . ▁The ▁small est ▁ ner ve s ▁are ▁called ▁ ner ve s .
[2026-03-17 14:53:12] Best translation 20 : ▁Con s tru ction ▁can ▁also ▁be ▁true , ▁in ▁other ▁word s , ▁teachers ▁are ▁a ▁com ple x ▁ style ▁but ▁also ▁the ▁young ▁man ▁in ▁connect ion ▁with ▁the ▁Mi c ro so ft ▁O ff ic ial ▁paper ▁is ▁the ▁same .
[2026-03-17 14:53:12] Best translation 40 : ▁The ▁demonstration ▁began ▁around ▁11 : 00 ▁local ▁time ▁( U T C <0x2B> 1 ) ▁in ▁Wa it ol ▁ op po s ite ▁the ▁g ate way ▁to ▁the ▁D own ing ▁Street , ▁the ▁official ▁residence ▁of ▁the ▁prime ▁minister .
[2026-03-17 14:53:13] Best translation 80 : ▁The ▁ s y mp t om ▁was ▁not ▁physical ly ▁harm ful ; ▁The ▁mo d ification ▁was ▁made ▁using ▁black ▁ tar po ol s ▁de c or ated ▁with ▁sign s ▁of ▁peace ▁and ▁heart ▁to ▁con ver t ▁O ▁to ▁" to " ▁as ▁small ▁letter s ▁of ▁e " .
[2026-03-17 14:53:15] Best translation 160 : ▁People ▁d rew ▁seats ▁with ▁win d ow s ▁but ▁the ▁win d ow s ▁did ▁not ▁break .
[2026-03-17 14:53:17] Best translation 320 : ▁After ▁ma pp ing ▁the ▁b ot t om ▁of ▁the ▁broke n ▁sea , ▁it ▁was ▁discovered ▁using ▁R O V .
[2026-03-17 14:53:22] Best translation 640 : ▁Japan ▁has ▁about ▁7 , 000 ▁is land s ▁( H un sh ▁and ▁the ▁largest , ▁making ▁Japan ▁the ▁seventh ▁largest ▁is land ▁in ▁the ▁world !
[2026-03-17 14:53:31] Best translation 1280 : ▁The ▁bus es ▁leave ▁the ▁district s ▁( le ft ▁over ▁the ▁river ) ▁throughout ▁the ▁day , ▁although ▁most ▁of ▁them , ▁especially ▁those ▁head ▁to ▁the ▁ east ▁and ▁Ja kar / B um tan g ▁between ▁6 : 30 ▁and ▁7 : 30 .
[2026-03-17 14:53:43] Total translation time: 31.69712s
[2026-03-17 14:53:43] Saving model weights and runtime parameters to /workspace/OPUS-MT-train/work/ckb-en/curated-floresdev.spm4k-spm4k.transformer.model1.npz.best-bleu.npz
[2026-03-17 14:53:44] [valid] Ep. 40 : Up. 50000 : bleu : 29.5443 : new best
[2026-03-17 14:53:44] Translating validation set...
[2026-03-17 14:53:44] Best translation 0 : ▁This ▁concept ▁comes ▁from ▁an ▁ancient ▁a c qu a in t ance ▁from ▁an ▁in s er t ▁mo s qui to , ▁where ▁mo s qui to es ▁are ▁very ▁con ven i ent ▁to ▁prevent ▁human s ▁from ▁ tra ck ing .
[2026-03-17 14:53:44] Best translation 1 : ▁Mu m ba i ' s ▁attack ers ▁arrived ▁in ▁the ▁ bo at ▁on ▁November ▁2 6 , ▁ 200 8 , ▁with ▁gr en ad es ▁and ▁auto ma tic ▁weapons , ▁target ing ▁several ▁target s , ▁including ▁the ▁Shi va lu ▁ ra il way ▁station ▁and ▁the ▁famous ▁Ta j ▁Mah al ▁hotel .
[2026-03-17 14:53:45] Best translation 2 : ▁The ▁search ▁was ▁disrupt ed ▁by ▁the ▁same ▁bad ▁weather ▁that ▁led ▁to ▁the ▁break d own ▁of ▁the ▁land .
[2026-03-17 14:53:45] Best translation 3 : ▁The ▁AC M A ▁was ▁also ▁found ed ▁in ▁addition ▁to ▁the ▁video ▁on line , ▁and ▁Bi g ▁Bra z er ▁did ▁not ▁violate ▁the ▁on line ▁content ▁ s ur ve ill ance ▁law ▁as ▁the ▁media ▁was ▁not ▁store d ▁on ▁Bi g ▁Bra z er ' s ▁website .
[2026-03-17 14:53:45] Best translation 4 : ▁There ▁was ▁a ▁we ak er ▁army ▁and ▁the ▁water ▁army ▁was ▁we ak er , ▁although ▁they ▁were ▁built ▁for ▁new ▁ ship s ▁before ▁the ▁beginning ▁of ▁the ▁war .
[2026-03-17 14:53:45] Best translation 5 : ▁The ▁second ▁goal ▁of ▁his ▁night ▁was ▁the ▁ 60 th ▁goal ▁of ▁the ▁season , ▁be coming ▁the ▁first ▁player ▁to ▁score ▁ 60 ▁goals ▁or ▁more ▁in ▁a ▁season ▁since ▁19 9 5 - 9 6 , ▁each ▁of ▁which ▁Ya r mo ir ▁Ya ng er ▁and ▁Ma ri o ▁Li mi u ▁have ▁reached ▁this ▁stage .
[2026-03-17 14:53:45] Best translation 10 : ▁B lo o d ▁in ▁the ▁heart ▁go es ▁through ▁the ▁blood ▁ ve s s el ▁and ▁comes ▁back ▁to ▁the ▁heart ▁from ▁the ▁blood ▁ ve s s el s . ▁The ▁small est ▁ ner ve s ▁are ▁called ▁ ner ve s .
[2026-03-17 14:53:45] Best translation 20 : ▁Con s tru ction ▁can ▁also ▁be ▁true , ▁in ▁other ▁word s , ▁teachers ▁are ▁a ▁com ple x ▁ style ▁but ▁also ▁the ▁young ▁man ▁in ▁connect ion ▁with ▁the ▁Mi c ro so ft ▁O ff ic ial ▁paper ▁is ▁the ▁same .
[2026-03-17 14:53:45] Best translation 40 : ▁The ▁demonstration ▁began ▁around ▁11 : 00 ▁local ▁time ▁( U T C <0x2B> 1 ) ▁in ▁Wa it ol ▁ op po s ite ▁the ▁g ate way ▁to ▁the ▁D own ing ▁Street , ▁the ▁official ▁residence ▁of ▁the ▁prime ▁minister .
[2026-03-17 14:53:45] Best translation 80 : ▁The ▁ s y mp t om ▁was ▁not ▁physical ly ▁harm ful ; ▁The ▁mo d ification ▁was ▁made ▁using ▁black ▁ tar po ol s ▁de c or ated ▁with ▁sign s ▁of ▁peace ▁and ▁heart ▁to ▁con ver t ▁O ▁to ▁" to " ▁as ▁small ▁letter s ▁of ▁e " .
[2026-03-17 14:53:48] Best translation 160 : ▁People ▁d rew ▁seats ▁with ▁win d ow s ▁but ▁the ▁win d ow s ▁did ▁not ▁break .
[2026-03-17 14:53:50] Best translation 320 : ▁After ▁ma pp ing ▁the ▁b ot t om ▁of ▁the ▁broke n ▁sea , ▁it ▁was ▁discovered ▁using ▁R O V .
[2026-03-17 14:53:55] Best translation 640 : ▁Japan ▁has ▁about ▁7 , 000 ▁is land s ▁( H un sh ▁and ▁the ▁largest , ▁making ▁Japan ▁the ▁seventh ▁largest ▁is land ▁in ▁the ▁world !
[2026-03-17 14:54:05] Best translation 1280 : ▁The ▁bus es ▁leave ▁the ▁district s ▁( le ft ▁over ▁the ▁river ) ▁throughout ▁the ▁day , ▁although ▁most ▁of ▁them , ▁especially ▁those ▁head ▁to ▁the ▁ east ▁and ▁Ja kar / B um tan g ▁between ▁6 : 30 ▁and ▁7 : 30 .
[2026-03-17 14:54:16] Total translation time: 32.73577s
[2026-03-17 14:54:16] Saving model weights and runtime parameters to /workspace/OPUS-MT-train/work/ckb-en/curated-floresdev.spm4k-spm4k.transformer.model1.npz.best-chrf.npz
[2026-03-17 14:54:17] [valid] Ep. 40 : Up. 50000 : chrf : 56.3338 : new best
[2026-03-17 14:54:19] [valid] Ep. 40 : Up. 50000 : perplexity : 7.17176 : stalled 7 times (last best: 7.06809)
[2026-03-17 14:56:37] Seen 310,206 samples
[2026-03-17 14:56:37] Starting data epoch 41 in logical epoch 41
[2026-03-17 14:56:49] Ep. 41 : Up. 51000 : Sen. 21,730 : Cost 1.71462095 * 9,815,667 @ 9,673 after 500,248,212 : Time 225.68s : 43494.10 words/s : gNorm 0.6701 : L.r. 1.6803e-04
[2026-03-17 14:56:49] Saving model weights and runtime parameters to /workspace/OPUS-MT-train/work/ckb-en/curated-floresdev.spm4k-spm4k.transformer.model1.npz
[2026-03-17 14:56:51] Saving Adam parameters
[2026-03-17 14:56:53] [training] Saving training checkpoint to /workspace/OPUS-MT-train/work/ckb-en/curated-floresdev.spm4k-spm4k.transformer.model1.npz and /workspace/OPUS-MT-train/work/ckb-en/curated-floresdev.spm4k-spm4k.transformer.model1.npz.optimizer.npz
[2026-03-17 14:56:56] Translating validation set...
[2026-03-17 14:56:57] Best translation 0 : ▁This ▁concept ▁comes ▁from ▁an ▁ancient ▁a c qu a in t ance ▁from ▁an ▁in s er t ▁mo s qui to , ▁where ▁mo s qui to es ▁are ▁very ▁ su it able ▁for ▁the ▁prevent ion ▁of ▁human s .
[2026-03-17 14:56:57] Best translation 1 : ▁The ▁Mu m ba i ▁attack ers ▁arrived ▁in ▁the ▁ bo at ▁on ▁November ▁2 6 , ▁ 200 8 , ▁with ▁gr en ad es ▁and ▁auto ma tic ▁weapons , ▁target ing ▁several ▁target s , ▁including ▁the ▁Che va ro le t ▁Tra in ing ▁St ation ▁and ▁the ▁famous ▁Ta j ▁Mah al ▁Hotel .
[2026-03-17 14:56:57] Best translation 2 : ▁The ▁search ▁was ▁disrupt ed ▁by ▁the ▁same ▁bad ▁weather ▁that ▁led ▁to ▁the ▁break d own ▁of ▁the ▁land .
[2026-03-17 14:56:57] Best translation 3 : ▁The ▁AC M A ▁was ▁also ▁found ed ▁in ▁addition ▁to ▁the ▁video ▁on line , ▁and ▁Bi g ▁Bra z er ▁did ▁not ▁violate ▁the ▁on line ▁content ▁ s ur ve ill ance ▁law ▁as ▁the ▁media ▁was ▁not ▁store d ▁on ▁Bi g ▁Bra z er ' s ▁website .
[2026-03-17 14:56:57] Best translation 4 : ▁There ▁was ▁a ▁we ak er ▁army ▁and ▁the ▁water ▁army ▁was ▁we ak er , ▁although ▁they ▁were ▁built ▁for ▁new ▁ ship s ▁before ▁the ▁beginning ▁of ▁the ▁war .
[2026-03-17 14:56:57] Best translation 5 : ▁The ▁second ▁goal ▁of ▁his ▁night ▁was ▁the ▁ 60 th ▁goal ▁of ▁the ▁season , ▁be coming ▁the ▁first ▁player ▁to ▁score ▁ 60 ▁goals ▁or ▁more ▁in ▁a ▁season ▁since ▁19 9 5 - 9 6 , ▁each ▁of ▁which ▁Ya r mo ir ▁Ya ng er ▁and ▁Ma ri o ▁Li mi u ▁have ▁reached ▁this ▁stage .
[2026-03-17 14:56:58] Best translation 10 : ▁B lo o d ▁in ▁the ▁heart ▁go es ▁through ▁the ▁blood ▁ ve s s el ▁and ▁comes ▁back ▁to ▁the ▁heart ▁from ▁the ▁blood ▁ ve s s el s . ▁The ▁small est ▁ ner ve s ▁are ▁called ▁ ner ve s .
[2026-03-17 14:56:58] Best translation 20 : ▁Con s tru ction ▁can ▁also ▁be ▁true , ▁in ▁other ▁word s , ▁teachers ▁are ▁a ▁com ple x ▁ style ▁but ▁also ▁the ▁young ▁man ▁in ▁connect ion ▁with ▁the ▁Mi c ro so ft ▁ op po s ite ▁the ▁Mi c ro so ft ▁ op po s ite ▁is ▁the ▁same .
[2026-03-17 14:56:58] Best translation 40 : ▁The ▁demonstration ▁began ▁around ▁11 : 00 ▁local ▁time ▁( U T C <0x2B> 1 ) ▁in ▁Wa it ol ▁ op po s ite ▁the ▁g ate way ▁to ▁the ▁D own ing ▁Street , ▁the ▁official ▁residence ▁of ▁the ▁prime ▁minister .
[2026-03-17 14:56:58] Best translation 80 : ▁The ▁sign ▁was ▁not ▁physical ly ▁harm ful ; ▁The ▁mo d ification ▁was ▁made ▁using ▁black ▁ tar po ol s ▁that ▁were ▁de c or ated ▁with ▁sign s ▁of ▁peace ▁and ▁heart ▁to ▁con ver t ▁O ▁to ▁" to " ▁as ▁small ▁letter s ▁of ▁e .
[2026-03-17 14:57:00] Best translation 160 : ▁People ▁d rew ▁seats ▁with ▁win d ow s ▁but ▁the ▁win d ow s ▁did ▁not ▁break .
[2026-03-17 14:57:03] Best translation 320 : ▁Follow ing ▁the ▁ma pp ing ▁of ▁the ▁b ot t om ▁of ▁the ▁broke n ▁sea , ▁it ▁was ▁found ▁using ▁R O V .
[2026-03-17 14:57:08] Best translation 640 : ▁Japan ▁has ▁about ▁7 , 000 ▁is land s ▁( H un sh ▁and ▁the ▁largest , ▁making ▁Japan ▁the ▁seventh ▁largest ▁is land ▁in ▁the ▁world !
[2026-03-17 14:57:17] Best translation 1280 : ▁The ▁bus es ▁leave ▁the ▁district s ▁( le ft ▁over ▁the ▁river ) ▁throughout ▁the ▁day , ▁although ▁most ▁of ▁them , ▁especially ▁those ▁head ▁to ▁the ▁ east ▁and ▁Ja kar / B um tan g ▁between ▁6 : 30 ▁and ▁7 : 30 .
[2026-03-17 14:57:28] Total translation time: 32.06836s
[2026-03-17 14:57:28] Saving model weights and runtime parameters to /workspace/OPUS-MT-train/work/ckb-en/curated-floresdev.spm4k-spm4k.transformer.model1.npz.best-bleu.npz
[2026-03-17 14:57:30] [valid] Ep. 41 : Up. 51000 : bleu : 29.6429 : new best
[2026-03-17 14:57:30] Translating validation set...
[2026-03-17 14:57:30] Best translation 0 : ▁This ▁concept ▁comes ▁from ▁an ▁ancient ▁a c qu a in t ance ▁from ▁an ▁in s er t ▁mo s qui to , ▁where ▁mo s qui to es ▁are ▁very ▁ su it able ▁for ▁the ▁prevent ion ▁of ▁human s .
[2026-03-17 14:57:30] Best translation 1 : ▁The ▁Mu m ba i ▁attack ers ▁arrived ▁in ▁the ▁ bo at ▁on ▁November ▁2 6 , ▁ 200 8 , ▁with ▁gr en ad es ▁and ▁auto ma tic ▁weapons , ▁target ing ▁several ▁target s , ▁including ▁the ▁Che va ro le t ▁Tra in ing ▁St ation ▁and ▁the ▁famous ▁Ta j ▁Mah al ▁Hotel .
[2026-03-17 14:57:31] Best translation 2 : ▁The ▁search ▁was ▁disrupt ed ▁by ▁the ▁same ▁bad ▁weather ▁that ▁led ▁to ▁the ▁break d own ▁of ▁the ▁land .
[2026-03-17 14:57:31] Best translation 3 : ▁The ▁AC M A ▁was ▁also ▁found ed ▁in ▁addition ▁to ▁the ▁video ▁on line , ▁and ▁Bi g ▁Bra z er ▁did ▁not ▁violate ▁the ▁on line ▁content ▁ s ur ve ill ance ▁law ▁as ▁the ▁media ▁was ▁not ▁store d ▁on ▁Bi g ▁Bra z er ' s ▁website .
[2026-03-17 14:57:31] Best translation 4 : ▁There ▁was ▁a ▁we ak er ▁army ▁and ▁the ▁water ▁army ▁was ▁we ak er , ▁although ▁they ▁were ▁built ▁for ▁new ▁ ship s ▁before ▁the ▁beginning ▁of ▁the ▁war .
[2026-03-17 14:57:31] Best translation 5 : ▁The ▁second ▁goal ▁of ▁his ▁night ▁was ▁the ▁ 60 th ▁goal ▁of ▁the ▁season , ▁be coming ▁the ▁first ▁player ▁to ▁score ▁ 60 ▁goals ▁or ▁more ▁in ▁a ▁season ▁since ▁19 9 5 - 9 6 , ▁each ▁of ▁which ▁Ya r mo ir ▁Ya ng er ▁and ▁Ma ri o ▁Li mi u ▁have ▁reached ▁this ▁stage .
[2026-03-17 14:57:31] Best translation 10 : ▁B lo o d ▁in ▁the ▁heart ▁go es ▁through ▁the ▁blood ▁ ve s s el ▁and ▁comes ▁back ▁to ▁the ▁heart ▁from ▁the ▁blood ▁ ve s s el s . ▁The ▁small est ▁ ner ve s ▁are ▁called ▁ ner ve s .
[2026-03-17 14:57:31] Best translation 20 : ▁Con s tru ction ▁can ▁also ▁be ▁true , ▁in ▁other ▁word s , ▁teachers ▁are ▁a ▁com ple x ▁ style ▁but ▁also ▁the ▁young ▁man ▁in ▁connect ion ▁with ▁the ▁Mi c ro so ft ▁ op po s ite ▁the ▁Mi c ro so ft ▁ op po s ite ▁is ▁the ▁same .
[2026-03-17 14:57:31] Best translation 40 : ▁The ▁demonstration ▁began ▁around ▁11 : 00 ▁local ▁time ▁( U T C <0x2B> 1 ) ▁in ▁Wa it ol ▁ op po s ite ▁the ▁g ate way ▁to ▁the ▁D own ing ▁Street , ▁the ▁official ▁residence ▁of ▁the ▁prime ▁minister .
[2026-03-17 14:57:31] Best translation 80 : ▁The ▁sign ▁was ▁not ▁physical ly ▁harm ful ; ▁The ▁mo d ification ▁was ▁made ▁using ▁black ▁ tar po ol s ▁that ▁were ▁de c or ated ▁with ▁sign s ▁of ▁peace ▁and ▁heart ▁to ▁con ver t ▁O ▁to ▁" to " ▁as ▁small ▁letter s ▁of ▁e .
[2026-03-17 14:57:33] Best translation 160 : ▁People ▁d rew ▁seats ▁with ▁win d ow s ▁but ▁the ▁win d ow s ▁did ▁not ▁break .
[2026-03-17 14:57:36] Best translation 320 : ▁Follow ing ▁the ▁ma pp ing ▁of ▁the ▁b ot t om ▁of ▁the ▁broke n ▁sea , ▁it ▁was ▁found ▁using ▁R O V .
[2026-03-17 14:57:41] Best translation 640 : ▁Japan ▁has ▁about ▁7 , 000 ▁is land s ▁( H un sh ▁and ▁the ▁largest , ▁making ▁Japan ▁the ▁seventh ▁largest ▁is land ▁in ▁the ▁world !
[2026-03-17 14:57:50] Best translation 1280 : ▁The ▁bus es ▁leave ▁the ▁district s ▁( le ft ▁over ▁the ▁river ) ▁throughout ▁the ▁day , ▁although ▁most ▁of ▁them , ▁especially ▁those ▁head ▁to ▁the ▁ east ▁and ▁Ja kar / B um tan g ▁between ▁6 : 30 ▁and ▁7 : 30 .
[2026-03-17 14:58:03] Total translation time: 32.92631s
[2026-03-17 14:58:03] Saving model weights and runtime parameters to /workspace/OPUS-MT-train/work/ckb-en/curated-floresdev.spm4k-spm4k.transformer.model1.npz.best-chrf.npz
[2026-03-17 14:58:04] [valid] Ep. 41 : Up. 51000 : chrf : 56.3643 : new best
[2026-03-17 14:58:06] [valid] Ep. 41 : Up. 51000 : perplexity : 7.19702 : stalled 8 times (last best: 7.06809)
[2026-03-17 15:00:36] Ep. 41 : Up. 52000 : Sen. 264,102 : Cost 1.70764410 * 9,827,065 @ 11,637 after 510,075,277 : Time 226.53s : 43381.69 words/s : gNorm 0.6782 : L.r. 1.6641e-04
[2026-03-17 15:00:36] Saving model weights and runtime parameters to /workspace/OPUS-MT-train/work/ckb-en/curated-floresdev.spm4k-spm4k.transformer.model1.npz
[2026-03-17 15:00:38] Saving Adam parameters
[2026-03-17 15:00:40] [training] Saving training checkpoint to /workspace/OPUS-MT-train/work/ckb-en/curated-floresdev.spm4k-spm4k.transformer.model1.npz and /workspace/OPUS-MT-train/work/ckb-en/curated-floresdev.spm4k-spm4k.transformer.model1.npz.optimizer.npz
[2026-03-17 15:00:43] Translating validation set...
[2026-03-17 15:00:44] Best translation 0 : ▁This ▁concept ▁comes ▁from ▁an ▁ancient ▁a c qu a in t ance ▁from ▁an ▁in s er t ▁mo s qui to , ▁where ▁mo s qui to es ▁are ▁very ▁con ven i ent ▁to ▁prevent ▁human s ▁from ▁stop p ing .
[2026-03-17 15:00:44] Best translation 1 : ▁The ▁Mu m ba i ▁attack ers ▁reached ▁ bo at s ▁on ▁November ▁2 6 , ▁ 200 8 , ▁carrying ▁gr en ad es ▁and ▁auto ma tic ▁weapons , ▁target ing ▁several ▁target s , ▁including ▁the ▁Che va ro le n ▁Tra in ing ▁St ation ▁and ▁the ▁famous ▁Ta j ▁Mah al ▁Hotel .
[2026-03-17 15:00:44] Best translation 2 : ▁The ▁search ▁was ▁disrupt ed ▁by ▁the ▁same ▁bad ▁weather ▁that ▁led ▁to ▁the ▁break d own ▁of ▁the ▁land .
[2026-03-17 15:00:44] Best translation 3 : ▁The ▁AC M A ▁was ▁also ▁found ed ▁in ▁addition ▁to ▁the ▁video ▁on line , ▁and ▁Bi g ▁Bra z er ▁did ▁not ▁violate ▁the ▁on line ▁content ▁ s ur ve ill ance ▁law ▁as ▁the ▁media ▁was ▁not ▁store d ▁on ▁Bi g ▁Bra z er ' s ▁website .
[2026-03-17 15:00:44] Best translation 4 : ▁There ▁was ▁a ▁we ak er ▁army ▁and ▁the ▁water ▁army ▁was ▁we ak er , ▁although ▁they ▁were ▁built ▁for ▁new ▁ ship s ▁before ▁the ▁beginning ▁of ▁the ▁war .
[2026-03-17 15:00:44] Best translation 5 : ▁The ▁second ▁goal ▁of ▁his ▁night ▁was ▁the ▁ 60 th ▁goal ▁of ▁the ▁season , ▁be coming ▁the ▁first ▁player ▁to ▁score ▁ 60 ▁goals ▁or ▁more ▁in ▁a ▁season ▁since ▁19 9 5 - 9 6 , ▁each ▁of ▁which ▁Ya r mo ir ▁Ya ng er ▁and ▁Ma ri o ▁Li mi u ▁have ▁reached ▁this ▁stage .
[2026-03-17 15:00:44] Best translation 10 : ▁B lo o d ▁flow s ▁through ▁the ▁blood ▁ ve s s el ▁and ▁comes ▁back ▁to ▁the ▁heart ▁from ▁the ▁blood ▁ ve s s el . ▁The ▁small est ▁ ner ve s ▁are ▁called ▁ ner ve s .
[2026-03-17 15:00:44] Best translation 20 : ▁Con s tru ction ▁can ▁also ▁be ▁true , ▁in ▁other ▁word s , ▁teachers ▁are ▁a ▁com ple x ▁ style ▁but ▁also ▁the ▁young ▁man ▁in ▁connect ion ▁with ▁the ▁Mi c ro so ft ▁office ▁is ▁the ▁same .
[2026-03-17 15:00:44] Best translation 40 : ▁The ▁demonstration ▁began ▁around ▁11 : 00 ▁local ▁time ▁( U T C <0x2B> 1 ) ▁in ▁W y o ol ▁ op po s ite ▁the ▁g ate way ▁to ▁the ▁D own ing ▁Street , ▁the ▁official ▁residence ▁of ▁the ▁prime ▁minister .
[2026-03-17 15:00:45] Best translation 80 : ▁The ▁sign ▁was ▁not ▁physical ly ▁harm ful ; ▁The ▁mo d ification ▁was ▁made ▁using ▁black ▁ tar po ol s ▁de c or ated ▁with ▁sign s ▁of ▁peace ▁and ▁heart ▁to ▁con ver t ▁O ▁to ▁" to " ▁as ▁small ▁letter s ▁of ▁e .
[2026-03-17 15:00:47] Best translation 160 : ▁People ▁d rew ▁seats ▁with ▁win d ow s ▁but ▁the ▁win d ow s ▁did ▁not ▁break .
[2026-03-17 15:00:49] Best translation 320 : ▁Follow ing ▁the ▁ma pp ing ▁of ▁the ▁b ot t om ▁of ▁the ▁broke n ▁sea , ▁it ▁was ▁found ▁using ▁R O V .
[2026-03-17 15:00:54] Best translation 640 : ▁Japan ▁has ▁about ▁7 , 000 ▁is land s ▁( H un sh ▁and ▁the ▁largest , ▁making ▁Japan ▁the ▁seventh ▁largest ▁is land ▁in ▁the ▁world !
[2026-03-17 15:01:03] Best translation 1280 : ▁The ▁bus es ▁leave ▁the ▁district s ▁( le ft ▁over ▁the ▁river ) ▁throughout ▁the ▁day , ▁although ▁most ▁of ▁them , ▁especially ▁those ▁head ▁to ▁the ▁ east ▁and ▁Ja kar / B um tan g ▁between ▁6 : 30 ▁pm ▁and ▁7 : 30 ▁pm .
[2026-03-17 15:01:15] Total translation time: 31.72204s
[2026-03-17 15:01:15] Saving model weights and runtime parameters to /workspace/OPUS-MT-train/work/ckb-en/curated-floresdev.spm4k-spm4k.transformer.model1.npz.best-bleu.npz
[2026-03-17 15:01:16] [valid] Ep. 41 : Up. 52000 : bleu : 29.6904 : new best
[2026-03-17 15:01:16] Translating validation set...
[2026-03-17 15:01:17] Best translation 0 : ▁This ▁concept ▁comes ▁from ▁an ▁ancient ▁a c qu a in t ance ▁from ▁an ▁in s er t ▁mo s qui to , ▁where ▁mo s qui to es ▁are ▁very ▁con ven i ent ▁to ▁prevent ▁human s ▁from ▁stop p ing .
[2026-03-17 15:01:17] Best translation 1 : ▁The ▁Mu m ba i ▁attack ers ▁reached ▁ bo at s ▁on ▁November ▁2 6 , ▁ 200 8 , ▁carrying ▁gr en ad es ▁and ▁auto ma tic ▁weapons , ▁target ing ▁several ▁target s , ▁including ▁the ▁Che va ro le n ▁Tra in ing ▁St ation ▁and ▁the ▁famous ▁Ta j ▁Mah al ▁Hotel .
[2026-03-17 15:01:17] Best translation 2 : ▁The ▁search ▁was ▁disrupt ed ▁by ▁the ▁same ▁bad ▁weather ▁that ▁led ▁to ▁the ▁break d own ▁of ▁the ▁land .
[2026-03-17 15:01:17] Best translation 3 : ▁The ▁AC M A ▁was ▁also ▁found ed ▁in ▁addition ▁to ▁the ▁video ▁on line , ▁and ▁Bi g ▁Bra z er ▁did ▁not ▁violate ▁the ▁on line ▁content ▁ s ur ve ill ance ▁law ▁as ▁the ▁media ▁was ▁not ▁store d ▁on ▁Bi g ▁Bra z er ' s ▁website .
[2026-03-17 15:01:17] Best translation 4 : ▁There ▁was ▁a ▁we ak er ▁army ▁and ▁the ▁water ▁army ▁was ▁we ak er , ▁although ▁they ▁were ▁built ▁for ▁new ▁ ship s ▁before ▁the ▁beginning ▁of ▁the ▁war .
[2026-03-17 15:01:17] Best translation 5 : ▁The ▁second ▁goal ▁of ▁his ▁night ▁was ▁the ▁ 60 th ▁goal ▁of ▁the ▁season , ▁be coming ▁the ▁first ▁player ▁to ▁score ▁ 60 ▁goals ▁or ▁more ▁in ▁a ▁season ▁since ▁19 9 5 - 9 6 , ▁each ▁of ▁which ▁Ya r mo ir ▁Ya ng er ▁and ▁Ma ri o ▁Li mi u ▁have ▁reached ▁this ▁stage .
[2026-03-17 15:01:17] Best translation 10 : ▁B lo o d ▁flow s ▁through ▁the ▁blood ▁ ve s s el ▁and ▁comes ▁back ▁to ▁the ▁heart ▁from ▁the ▁blood ▁ ve s s el . ▁The ▁small est ▁ ner ve s ▁are ▁called ▁ ner ve s .
[2026-03-17 15:01:17] Best translation 20 : ▁Con s tru ction ▁can ▁also ▁be ▁true , ▁in ▁other ▁word s , ▁teachers ▁are ▁a ▁com ple x ▁ style ▁but ▁also ▁the ▁young ▁man ▁in ▁connect ion ▁with ▁the ▁Mi c ro so ft ▁office ▁is ▁the ▁same .
[2026-03-17 15:01:17] Best translation 40 : ▁The ▁demonstration ▁began ▁around ▁11 : 00 ▁local ▁time ▁( U T C <0x2B> 1 ) ▁in ▁W y o ol ▁ op po s ite ▁the ▁g ate way ▁to ▁the ▁D own ing ▁Street , ▁the ▁official ▁residence ▁of ▁the ▁prime ▁minister .
[2026-03-17 15:01:18] Best translation 80 : ▁The ▁sign ▁was ▁not ▁physical ly ▁harm ful ; ▁The ▁mo d ification ▁was ▁made ▁using ▁black ▁ tar po ol s ▁de c or ated ▁with ▁sign s ▁of ▁peace ▁and ▁heart ▁to ▁con ver t ▁O ▁to ▁" to " ▁as ▁small ▁letter s ▁of ▁e .
[2026-03-17 15:01:20] Best translation 160 : ▁People ▁d rew ▁seats ▁with ▁win d ow s ▁but ▁the ▁win d ow s ▁did ▁not ▁break .
[2026-03-17 15:01:23] Best translation 320 : ▁Follow ing ▁the ▁ma pp ing ▁of ▁the ▁b ot t om ▁of ▁the ▁broke n ▁sea , ▁it ▁was ▁found ▁using ▁R O V .
[2026-03-17 15:01:27] Best translation 640 : ▁Japan ▁has ▁about ▁7 , 000 ▁is land s ▁( H un sh ▁and ▁the ▁largest , ▁making ▁Japan ▁the ▁seventh ▁largest ▁is land ▁in ▁the ▁world !
[2026-03-17 15:01:37] Best translation 1280 : ▁The ▁bus es ▁leave ▁the ▁district s ▁( le ft ▁over ▁the ▁river ) ▁throughout ▁the ▁day , ▁although ▁most ▁of ▁them , ▁especially ▁those ▁head ▁to ▁the ▁ east ▁and ▁Ja kar / B um tan g ▁between ▁6 : 30 ▁pm ▁and ▁7 : 30 ▁pm .
[2026-03-17 15:01:49] Total translation time: 32.99861s
[2026-03-17 15:01:49] Saving model weights and runtime parameters to /workspace/OPUS-MT-train/work/ckb-en/curated-floresdev.spm4k-spm4k.transformer.model1.npz.best-chrf.npz
[2026-03-17 15:01:50] [valid] Ep. 41 : Up. 52000 : chrf : 56.4288 : new best
[2026-03-17 15:01:52] [valid] Ep. 41 : Up. 52000 : perplexity : 7.22388 : stalled 9 times (last best: 7.06809)
[2026-03-17 15:02:21] Seen 310,206 samples
[2026-03-17 15:02:21] Starting data epoch 42 in logical epoch 42
[2026-03-17 15:04:22] Ep. 42 : Up. 53000 : Sen. 196,690 : Cost 1.70207441 * 9,802,526 @ 8,863 after 519,877,803 : Time 226.26s : 43323.66 words/s : gNorm 0.6816 : L.r. 1.6483e-04
[2026-03-17 15:04:22] Saving model weights and runtime parameters to /workspace/OPUS-MT-train/work/ckb-en/curated-floresdev.spm4k-spm4k.transformer.model1.npz
[2026-03-17 15:04:24] Saving Adam parameters
[2026-03-17 15:04:26] [training] Saving training checkpoint to /workspace/OPUS-MT-train/work/ckb-en/curated-floresdev.spm4k-spm4k.transformer.model1.npz and /workspace/OPUS-MT-train/work/ckb-en/curated-floresdev.spm4k-spm4k.transformer.model1.npz.optimizer.npz
[2026-03-17 15:04:30] Translating validation set...
[2026-03-17 15:04:30] Best translation 0 : ▁This ▁concept ▁comes ▁from ▁ancient ▁a c qu a in t ance ▁from ▁an ▁in st ability ▁mo s qui to , ▁where ▁mo s qui to es ▁are ▁very ▁con ven i ent ▁to ▁prevent ▁human s ▁from ▁stop p ing .
[2026-03-17 15:04:30] Best translation 1 : ▁The ▁Mu m ba i ▁attack ers ▁arrived ▁by ▁ bo at s ▁on ▁November ▁2 6 , ▁ 200 8 , ▁carrying ▁gr en ad es ▁and ▁auto ma tic ▁weapons , ▁target ing ▁several ▁target s , ▁including ▁the ▁Che va ro le n ▁Tra in ing ▁St ation ▁and ▁the ▁famous ▁Ta j ▁Mah al ▁Hotel .
[2026-03-17 15:04:31] Best translation 2 : ▁The ▁search ▁was ▁disrupt ed ▁by ▁the ▁same ▁bad ▁weather ▁that ▁led ▁to ▁the ▁break d own ▁of ▁the ▁land .
[2026-03-17 15:04:31] Best translation 3 : ▁The ▁AC M A ▁was ▁also ▁found ed ▁in ▁addition ▁to ▁the ▁video ▁on line , ▁and ▁Bi g ▁Bra z er ▁did ▁not ▁violate ▁the ▁on line ▁content ▁ s ur ve ill ance ▁law ▁as ▁the ▁media ▁was ▁not ▁store d ▁on ▁Bi g ▁Bra z er ' s ▁website .
[2026-03-17 15:04:31] Best translation 4 : ▁There ▁was ▁a ▁we ak er ▁army ▁and ▁the ▁water ▁army ▁was ▁we ak er , ▁although ▁they ▁were ▁built ▁for ▁new ▁ ship s ▁before ▁the ▁beginning ▁of ▁the ▁war .
[2026-03-17 15:04:31] Best translation 5 : ▁His ▁second ▁goal ▁of ▁the ▁night ▁was ▁the ▁ 60 th ▁goal ▁of ▁the ▁season , ▁be coming ▁the ▁first ▁player ▁to ▁score ▁ 60 ▁goals ▁or ▁more ▁in ▁a ▁season ▁since ▁19 9 5 - 9 6 , ▁each ▁of ▁which ▁Ya r mo ir ▁Ya ng er ▁and ▁Ma ri o ▁Li mi u ▁have ▁reached ▁this ▁stage .
[2026-03-17 15:04:31] Best translation 10 : ▁B lo o d ▁in ▁the ▁heart ▁go es ▁through ▁the ▁blood ▁ ve s s el ▁and ▁comes ▁back ▁to ▁the ▁heart ▁from ▁the ▁blood ▁ ve s s el s . ▁The ▁small est ▁ ner ve s ▁are ▁called ▁ ner ve s .
[2026-03-17 15:04:31] Best translation 20 : ▁Con s tru ction ▁can ▁both ▁be ▁real , ▁in ▁other ▁word s , ▁teachers ▁are ▁a ▁com ple x ▁ style ▁but ▁their ▁young ▁man ▁is ▁also ▁the ▁ lin k age ▁of ▁the ▁Mi c ro so ft ▁O ff ic ial ▁paper .
[2026-03-17 15:04:31] Best translation 40 : ▁The ▁demonstration ▁began ▁around ▁11 : 00 ▁local ▁time ▁( U T C <0x2B> 1 ) ▁in ▁W y o ol ▁ op po s ite ▁the ▁g ate way ▁to ▁the ▁D own ing ▁Street , ▁the ▁official ▁residence ▁of ▁the ▁prime ▁minister .
[2026-03-17 15:04:31] Best translation 80 : ▁The ▁sign ▁was ▁not ▁physical ly ▁harm ful ; ▁The ▁mo d ification ▁was ▁made ▁using ▁black ▁ tar po ol s ▁de c or ated ▁with ▁sign s ▁of ▁peace ▁and ▁heart ▁to ▁con ver t ▁O ▁to ▁" to " ▁as ▁small ▁letter s ▁of ▁e .
[2026-03-17 15:04:33] Best translation 160 : ▁People ▁d rew ▁seats ▁with ▁win d ow s ▁but ▁the ▁win d ow s ▁did ▁not ▁break .
[2026-03-17 15:04:36] Best translation 320 : ▁After ▁ma pp ing ▁the ▁b ot t om ▁of ▁the ▁broke n ▁sea , ▁it ▁was ▁discovered ▁using ▁R O V .
[2026-03-17 15:04:40] Best translation 640 : ▁Japan ▁has ▁about ▁7 , 000 ▁is land s ▁( H un sh ▁and ▁the ▁largest , ▁making ▁Japan ▁the ▁seventh ▁largest ▁is land ▁in ▁the ▁world !
[2026-03-17 15:04:50] Best translation 1280 : ▁The ▁bus es ▁leave ▁the ▁district s ▁( le ft ▁over ▁the ▁river ) ▁throughout ▁the ▁day , ▁although ▁most ▁of ▁them , ▁especially ▁those ▁head ▁to ▁the ▁ east ▁and ▁Ja kar / B um tan g ▁between ▁6 : 30 ▁pm ▁and ▁7 : 30 ▁pm .
[2026-03-17 15:05:01] Total translation time: 31.53557s
[2026-03-17 15:05:01] Saving model weights and runtime parameters to /workspace/OPUS-MT-train/work/ckb-en/curated-floresdev.spm4k-spm4k.transformer.model1.npz.best-bleu.npz
[2026-03-17 15:05:02] [valid] Ep. 42 : Up. 53000 : bleu : 29.6971 : new best
[2026-03-17 15:05:02] Translating validation set...
[2026-03-17 15:05:03] Best translation 0 : ▁This ▁concept ▁comes ▁from ▁ancient ▁a c qu a in t ance ▁from ▁an ▁in st ability ▁mo s qui to , ▁where ▁mo s qui to es ▁are ▁very ▁con ven i ent ▁to ▁prevent ▁human s ▁from ▁stop p ing .
[2026-03-17 15:05:03] Best translation 1 : ▁The ▁Mu m ba i ▁attack ers ▁arrived ▁by ▁ bo at s ▁on ▁November ▁2 6 , ▁ 200 8 , ▁carrying ▁gr en ad es ▁and ▁auto ma tic ▁weapons , ▁target ing ▁several ▁target s , ▁including ▁the ▁Che va ro le n ▁Tra in ing ▁St ation ▁and ▁the ▁famous ▁Ta j ▁Mah al ▁Hotel .
[2026-03-17 15:05:03] Best translation 2 : ▁The ▁search ▁was ▁disrupt ed ▁by ▁the ▁same ▁bad ▁weather ▁that ▁led ▁to ▁the ▁break d own ▁of ▁the ▁land .
[2026-03-17 15:05:03] Best translation 3 : ▁The ▁AC M A ▁was ▁also ▁found ed ▁in ▁addition ▁to ▁the ▁video ▁on line , ▁and ▁Bi g ▁Bra z er ▁did ▁not ▁violate ▁the ▁on line ▁content ▁ s ur ve ill ance ▁law ▁as ▁the ▁media ▁was ▁not ▁store d ▁on ▁Bi g ▁Bra z er ' s ▁website .
[2026-03-17 15:05:03] Best translation 4 : ▁There ▁was ▁a ▁we ak er ▁army ▁and ▁the ▁water ▁army ▁was ▁we ak er , ▁although ▁they ▁were ▁built ▁for ▁new ▁ ship s ▁before ▁the ▁beginning ▁of ▁the ▁war .
[2026-03-17 15:05:03] Best translation 5 : ▁His ▁second ▁goal ▁of ▁the ▁night ▁was ▁the ▁ 60 th ▁goal ▁of ▁the ▁season , ▁be coming ▁the ▁first ▁player ▁to ▁score ▁ 60 ▁goals ▁or ▁more ▁in ▁a ▁season ▁since ▁19 9 5 - 9 6 , ▁each ▁of ▁which ▁Ya r mo ir ▁Ya ng er ▁and ▁Ma ri o ▁Li mi u ▁have ▁reached ▁this ▁stage .
[2026-03-17 15:05:04] Best translation 10 : ▁B lo o d ▁in ▁the ▁heart ▁go es ▁through ▁the ▁blood ▁ ve s s el ▁and ▁comes ▁back ▁to ▁the ▁heart ▁from ▁the ▁blood ▁ ve s s el s . ▁The ▁small est ▁ ner ve s ▁are ▁called ▁ ner ve s .
[2026-03-17 15:05:04] Best translation 20 : ▁Con s tru ction ▁can ▁both ▁be ▁real , ▁in ▁other ▁word s , ▁teachers ▁are ▁a ▁com ple x ▁ style ▁but ▁their ▁young ▁man ▁is ▁also ▁the ▁ lin k age ▁of ▁the ▁Mi c ro so ft ▁O ff ic ial ▁paper .
[2026-03-17 15:05:04] Best translation 40 : ▁The ▁demonstration ▁began ▁around ▁11 : 00 ▁local ▁time ▁( U T C <0x2B> 1 ) ▁in ▁W y o ol ▁ op po s ite ▁the ▁g ate way ▁to ▁the ▁D own ing ▁Street , ▁the ▁official ▁residence ▁of ▁the ▁prime ▁minister .
[2026-03-17 15:05:04] Best translation 80 : ▁The ▁sign ▁was ▁not ▁physical ly ▁harm ful ; ▁The ▁mo d ification ▁was ▁made ▁using ▁black ▁ tar po ol s ▁de c or ated ▁with ▁sign s ▁of ▁peace ▁and ▁heart ▁to ▁con ver t ▁O ▁to ▁" to " ▁as ▁small ▁letter s ▁of ▁e .
[2026-03-17 15:05:06] Best translation 160 : ▁People ▁d rew ▁seats ▁with ▁win d ow s ▁but ▁the ▁win d ow s ▁did ▁not ▁break .
[2026-03-17 15:05:09] Best translation 320 : ▁After ▁ma pp ing ▁the ▁b ot t om ▁of ▁the ▁broke n ▁sea , ▁it ▁was ▁discovered ▁using ▁R O V .
[2026-03-17 15:05:14] Best translation 640 : ▁Japan ▁has ▁about ▁7 , 000 ▁is land s ▁( H un sh ▁and ▁the ▁largest , ▁making ▁Japan ▁the ▁seventh ▁largest ▁is land ▁in ▁the ▁world !
[2026-03-17 15:05:23] Best translation 1280 : ▁The ▁bus es ▁leave ▁the ▁district s ▁( le ft ▁over ▁the ▁river ) ▁throughout ▁the ▁day , ▁although ▁most ▁of ▁them , ▁especially ▁those ▁head ▁to ▁the ▁ east ▁and ▁Ja kar / B um tan g ▁between ▁6 : 30 ▁pm ▁and ▁7 : 30 ▁pm .
[2026-03-17 15:05:35] Total translation time: 32.96074s
[2026-03-17 15:05:35] Saving model weights and runtime parameters to /workspace/OPUS-MT-train/work/ckb-en/curated-floresdev.spm4k-spm4k.transformer.model1.npz.best-chrf.npz
[2026-03-17 15:05:36] [valid] Ep. 42 : Up. 53000 : chrf : 56.429 : new best
[2026-03-17 15:05:38] [valid] Ep. 42 : Up. 53000 : perplexity : 7.24795 : stalled 10 times (last best: 7.06809)
[2026-03-17 15:06:48] Seen 310,206 samples
[2026-03-17 15:06:48] Starting data epoch 43 in logical epoch 43
[2026-03-17 15:08:09] Ep. 43 : Up. 54000 : Sen. 130,708 : Cost 1.69458985 * 9,811,700 @ 10,500 after 529,689,503 : Time 226.52s : 43314.15 words/s : gNorm 0.6575 : L.r. 1.6330e-04
[2026-03-17 15:08:09] Saving model weights and runtime parameters to /workspace/OPUS-MT-train/work/ckb-en/curated-floresdev.spm4k-spm4k.transformer.model1.npz
[2026-03-17 15:08:10] Saving Adam parameters
[2026-03-17 15:08:12] [training] Saving training checkpoint to /workspace/OPUS-MT-train/work/ckb-en/curated-floresdev.spm4k-spm4k.transformer.model1.npz and /workspace/OPUS-MT-train/work/ckb-en/curated-floresdev.spm4k-spm4k.transformer.model1.npz.optimizer.npz
[2026-03-17 15:08:16] Translating validation set...
[2026-03-17 15:08:16] Best translation 0 : ▁This ▁concept ▁comes ▁from ▁ancient ▁a c qu a in t ance ▁from ▁an ▁in st ability ▁mo s qui to , ▁where ▁mo s qui to es ▁are ▁very ▁con ven i ent ▁to ▁prevent ▁human s ▁from ▁stop p ing .
[2026-03-17 15:08:16] Best translation 1 : ▁The ▁Mu m ba i ▁attack ers ▁arrived ▁by ▁ bo at s ▁on ▁November ▁2 6 , ▁ 200 8 , ▁carrying ▁gr en ad es ▁and ▁auto ma tic ▁weapons , ▁target ing ▁several ▁target s , ▁including ▁the ▁Che va ro le n ▁Tra in ing ▁St ation ▁and ▁the ▁famous ▁Ta j ▁Mah al ▁Hotel .
[2026-03-17 15:08:17] Best translation 2 : ▁The ▁search ▁was ▁disrupt ed ▁by ▁the ▁same ▁bad ▁weather ▁that ▁led ▁to ▁the ▁break d own ▁of ▁the ▁land .
[2026-03-17 15:08:17] Best translation 3 : ▁The ▁AC M A ▁was ▁also ▁found ed ▁in ▁addition ▁to ▁the ▁video ▁on line , ▁and ▁Bi g ▁Bra z er ▁did ▁not ▁violate ▁the ▁on line ▁ s ur ve ill ance ▁law ▁as ▁the ▁media ▁was ▁not ▁store d ▁on ▁Bi g ▁Bra z er ' s ▁website .
[2026-03-17 15:08:17] Best translation 4 : ▁There ▁was ▁a ▁we ak er ▁army ▁and ▁the ▁water ▁army ▁was ▁we ak er , ▁although ▁they ▁were ▁built ▁for ▁new ▁ ship s ▁before ▁the ▁beginning ▁of ▁the ▁war .
[2026-03-17 15:08:17] Best translation 5 : ▁His ▁second ▁goal ▁of ▁the ▁night ▁was ▁the ▁ 60 th ▁goal ▁of ▁the ▁season , ▁be coming ▁the ▁first ▁player ▁to ▁score ▁ 60 ▁goals ▁or ▁more ▁in ▁a ▁season ▁since ▁19 9 5 - 9 6 , ▁each ▁of ▁which ▁Ya r mo ir ▁Ya ng er ▁and ▁Ma ri o ▁Li mi u ▁have ▁reached ▁this ▁stage .
[2026-03-17 15:08:17] Best translation 10 : ▁B lo o d ▁flow s ▁through ▁the ▁blood ▁ ve s s el ▁and ▁comes ▁back ▁to ▁the ▁heart ▁from ▁the ▁blood ▁ ve s s el s . ▁The ▁small est ▁ ner ve s ▁are ▁called ▁ ner ve s .
[2026-03-17 15:08:17] Best translation 20 : ▁Con s tru ction ▁can ▁both ▁be ▁real , ▁in ▁other ▁word s , ▁teachers ▁are ▁a ▁com ple x ▁ style ▁but ▁also ▁the ▁young ▁man ▁in ▁connect ion ▁with ▁the ▁Mi c ro so ft ▁office ▁is ▁the ▁same .
[2026-03-17 15:08:17] Best translation 40 : ▁The ▁demonstration ▁began ▁around ▁11 : 00 ▁local ▁time ▁( U T C <0x2B> 1 ) ▁in ▁W y o ol ▁ op po s ite ▁the ▁g ate way ▁to ▁the ▁D own ing ▁Street , ▁the ▁official ▁residence ▁of ▁the ▁prime ▁minister .
[2026-03-17 15:08:17] Best translation 80 : ▁The ▁sign ▁was ▁not ▁physical ly ▁harm ful ; ▁The ▁mo d ification ▁was ▁made ▁using ▁black ▁ tar po ol s ▁de c or ated ▁with ▁sign s ▁of ▁peace ▁and ▁heart ▁to ▁con ver t ▁O ▁to ▁" to " ▁as ▁small ▁letter s ▁of ▁e .
[2026-03-17 15:08:19] Best translation 160 : ▁People ▁d rew ▁seats ▁with ▁win d ow s ▁but ▁the ▁win d ow s ▁did ▁not ▁break .
[2026-03-17 15:08:22] Best translation 320 : ▁After ▁ma pp ing ▁the ▁b ot t om ▁of ▁the ▁broke n ▁sea , ▁it ▁was ▁discovered ▁using ▁R O V .
[2026-03-17 15:08:26] Best translation 640 : ▁Japan ▁has ▁about ▁7 , 000 ▁is land s ▁( H un sh ▁and ▁the ▁largest , ▁making ▁Japan ▁the ▁seventh ▁largest ▁is land ▁in ▁the ▁world !
[2026-03-17 15:08:36] Best translation 1280 : ▁The ▁bus es ▁leave ▁the ▁district s ▁( le ft ▁over ▁the ▁river ) ▁throughout ▁the ▁day , ▁although ▁most ▁of ▁them , ▁especially ▁those ▁head ▁to ▁the ▁ east ▁and ▁Ja kar / B um tan g ▁between ▁6 : 30 ▁pm ▁and ▁7 : 30 ▁pm .
[2026-03-17 15:08:47] Total translation time: 31.62797s
[2026-03-17 15:08:47] Saving model weights and runtime parameters to /workspace/OPUS-MT-train/work/ckb-en/curated-floresdev.spm4k-spm4k.transformer.model1.npz.best-bleu.npz
[2026-03-17 15:08:48] [valid] Ep. 43 : Up. 54000 : bleu : 29.7302 : new best
[2026-03-17 15:08:48] Translating validation set...
[2026-03-17 15:08:49] Best translation 0 : ▁This ▁concept ▁comes ▁from ▁ancient ▁a c qu a in t ance ▁from ▁an ▁in st ability ▁mo s qui to , ▁where ▁mo s qui to es ▁are ▁very ▁con ven i ent ▁to ▁prevent ▁human s ▁from ▁stop p ing .
[2026-03-17 15:08:49] Best translation 1 : ▁The ▁Mu m ba i ▁attack ers ▁arrived ▁by ▁ bo at s ▁on ▁November ▁2 6 , ▁ 200 8 , ▁carrying ▁gr en ad es ▁and ▁auto ma tic ▁weapons , ▁target ing ▁several ▁target s , ▁including ▁the ▁Che va ro le n ▁Tra in ing ▁St ation ▁and ▁the ▁famous ▁Ta j ▁Mah al ▁Hotel .
[2026-03-17 15:08:49] Best translation 2 : ▁The ▁search ▁was ▁disrupt ed ▁by ▁the ▁same ▁bad ▁weather ▁that ▁led ▁to ▁the ▁break d own ▁of ▁the ▁land .
[2026-03-17 15:08:49] Best translation 3 : ▁The ▁AC M A ▁was ▁also ▁found ed ▁in ▁addition ▁to ▁the ▁video ▁on line , ▁and ▁Bi g ▁Bra z er ▁did ▁not ▁violate ▁the ▁on line ▁ s ur ve ill ance ▁law ▁as ▁the ▁media ▁was ▁not ▁store d ▁on ▁Bi g ▁Bra z er ' s ▁website .
[2026-03-17 15:08:49] Best translation 4 : ▁There ▁was ▁a ▁we ak er ▁army ▁and ▁the ▁water ▁army ▁was ▁we ak er , ▁although ▁they ▁were ▁built ▁for ▁new ▁ ship s ▁before ▁the ▁beginning ▁of ▁the ▁war .
[2026-03-17 15:08:49] Best translation 5 : ▁His ▁second ▁goal ▁of ▁the ▁night ▁was ▁the ▁ 60 th ▁goal ▁of ▁the ▁season , ▁be coming ▁the ▁first ▁player ▁to ▁score ▁ 60 ▁goals ▁or ▁more ▁in ▁a ▁season ▁since ▁19 9 5 - 9 6 , ▁each ▁of ▁which ▁Ya r mo ir ▁Ya ng er ▁and ▁Ma ri o ▁Li mi u ▁have ▁reached ▁this ▁stage .
[2026-03-17 15:08:49] Best translation 10 : ▁B lo o d ▁flow s ▁through ▁the ▁blood ▁ ve s s el ▁and ▁comes ▁back ▁to ▁the ▁heart ▁from ▁the ▁blood ▁ ve s s el s . ▁The ▁small est ▁ ner ve s ▁are ▁called ▁ ner ve s .
[2026-03-17 15:08:49] Best translation 20 : ▁Con s tru ction ▁can ▁both ▁be ▁real , ▁in ▁other ▁word s , ▁teachers ▁are ▁a ▁com ple x ▁ style ▁but ▁also ▁the ▁young ▁man ▁in ▁connect ion ▁with ▁the ▁Mi c ro so ft ▁office ▁is ▁the ▁same .
[2026-03-17 15:08:49] Best translation 40 : ▁The ▁demonstration ▁began ▁around ▁11 : 00 ▁local ▁time ▁( U T C <0x2B> 1 ) ▁in ▁W y o ol ▁ op po s ite ▁the ▁g ate way ▁to ▁the ▁D own ing ▁Street , ▁the ▁official ▁residence ▁of ▁the ▁prime ▁minister .
[2026-03-17 15:08:50] Best translation 80 : ▁The ▁sign ▁was ▁not ▁physical ly ▁harm ful ; ▁The ▁mo d ification ▁was ▁made ▁using ▁black ▁ tar po ol s ▁de c or ated ▁with ▁sign s ▁of ▁peace ▁and ▁heart ▁to ▁con ver t ▁O ▁to ▁" to " ▁as ▁small ▁letter s ▁of ▁e .
[2026-03-17 15:08:52] Best translation 160 : ▁People ▁d rew ▁seats ▁with ▁win d ow s ▁but ▁the ▁win d ow s ▁did ▁not ▁break .
[2026-03-17 15:08:55] Best translation 320 : ▁After ▁ma pp ing ▁the ▁b ot t om ▁of ▁the ▁broke n ▁sea , ▁it ▁was ▁discovered ▁using ▁R O V .
[2026-03-17 15:08:59] Best translation 640 : ▁Japan ▁has ▁about ▁7 , 000 ▁is land s ▁( H un sh ▁and ▁the ▁largest , ▁making ▁Japan ▁the ▁seventh ▁largest ▁is land ▁in ▁the ▁world !
[2026-03-17 15:09:09] Best translation 1280 : ▁The ▁bus es ▁leave ▁the ▁district s ▁( le ft ▁over ▁the ▁river ) ▁throughout ▁the ▁day , ▁although ▁most ▁of ▁them , ▁especially ▁those ▁head ▁to ▁the ▁ east ▁and ▁Ja kar / B um tan g ▁between ▁6 : 30 ▁pm ▁and ▁7 : 30 ▁pm .
[2026-03-17 15:09:21] Total translation time: 32.94404s
[2026-03-17 15:09:21] Saving model weights and runtime parameters to /workspace/OPUS-MT-train/work/ckb-en/curated-floresdev.spm4k-spm4k.transformer.model1.npz.best-chrf.npz
[2026-03-17 15:09:22] [valid] Ep. 43 : Up. 54000 : chrf : 56.4952 : new best
[2026-03-17 15:09:24] [valid] Ep. 43 : Up. 54000 : perplexity : 7.27358 : stalled 11 times (last best: 7.06809)
[2026-03-17 15:11:15] Seen 310,206 samples
[2026-03-17 15:11:15] Starting data epoch 44 in logical epoch 44
[2026-03-17 15:11:54] Ep. 44 : Up. 55000 : Sen. 63,643 : Cost 1.68753707 * 9,789,737 @ 9,376 after 539,479,240 : Time 225.57s : 43400.63 words/s : gNorm 0.6562 : L.r. 1.6181e-04
[2026-03-17 15:11:54] Saving model weights and runtime parameters to /workspace/OPUS-MT-train/work/ckb-en/curated-floresdev.spm4k-spm4k.transformer.model1.npz
[2026-03-17 15:11:56] Saving Adam parameters
[2026-03-17 15:11:58] [training] Saving training checkpoint to /workspace/OPUS-MT-train/work/ckb-en/curated-floresdev.spm4k-spm4k.transformer.model1.npz and /workspace/OPUS-MT-train/work/ckb-en/curated-floresdev.spm4k-spm4k.transformer.model1.npz.optimizer.npz
[2026-03-17 15:12:01] Translating validation set...
[2026-03-17 15:12:02] Best translation 0 : ▁This ▁concept ▁comes ▁from ▁ancient ▁a c qu a in t ance ▁from ▁an ▁in st ability ▁mo s qui to , ▁where ▁mo s qui to es ▁are ▁very ▁con ven i ent ▁to ▁prevent ▁human s ▁from ▁stop p ing .
[2026-03-17 15:12:02] Best translation 1 : ▁The ▁Mu m ba i ▁attack ers ▁arrived ▁by ▁ bo at s ▁on ▁November ▁2 6 , ▁ 200 8 , ▁carrying ▁gr en ad es ▁and ▁auto ma tic ▁weapons , ▁target ing ▁several ▁target s , ▁including ▁the ▁Che va ro le n ▁Tra in ing ▁St ation ▁and ▁the ▁famous ▁Ta j ▁Mah al ▁Hotel .
[2026-03-17 15:12:02] Best translation 2 : ▁The ▁search ▁was ▁disrupt ed ▁by ▁the ▁same ▁bad ▁weather ▁that ▁led ▁to ▁the ▁break d own ▁of ▁the ▁land .
[2026-03-17 15:12:02] Best translation 3 : ▁The ▁AC M A ▁was ▁also ▁found ed ▁in ▁addition ▁to ▁the ▁video ▁on line , ▁and ▁Bi g ▁Bra z er ▁did ▁not ▁violate ▁the ▁on line ▁ s ur ve ill ance ▁law ▁as ▁the ▁media ▁was ▁not ▁store d ▁on ▁Bi g ▁Bra z er ' s ▁website .
[2026-03-17 15:12:02] Best translation 4 : ▁There ▁was ▁a ▁we ak er ▁army ▁and ▁the ▁water ▁army ▁was ▁we ak er , ▁although ▁they ▁were ▁built ▁for ▁new ▁ ship s ▁before ▁the ▁beginning ▁of ▁the ▁war .
[2026-03-17 15:12:02] Best translation 5 : ▁His ▁second ▁goal ▁of ▁the ▁night ▁was ▁the ▁ 60 th ▁goal ▁of ▁the ▁season , ▁be coming ▁the ▁first ▁player ▁to ▁score ▁ 60 ▁goals ▁or ▁more ▁in ▁a ▁season ▁since ▁19 9 5 - 9 6 , ▁each ▁of ▁which ▁Ya r mo ir ▁Ya ng er ▁and ▁Ma ri o ▁Li mi u ▁have ▁reached ▁this ▁stage .
[2026-03-17 15:12:03] Best translation 10 : ▁B lo o d ▁in ▁the ▁heart ▁go es ▁through ▁the ▁blood ▁ ve s s el ▁and ▁comes ▁back ▁to ▁the ▁heart ▁from ▁the ▁blood ▁ ve s s el s . ▁The ▁small est ▁ ner ve s ▁are ▁called ▁ ner ve s .
[2026-03-17 15:12:03] Best translation 20 : ▁Con s tru ction ▁can ▁both ▁be ▁real , ▁in ▁other ▁word s , ▁teachers ▁are ▁a ▁com ple x ▁ style ▁but ▁their ▁young ▁man ▁is ▁also ▁the ▁ lin k ▁between ▁the ▁Mi c ro so ft ▁O ff ic ial ▁paper .
[2026-03-17 15:12:03] Best translation 40 : ▁The ▁demonstration ▁began ▁around ▁11 : 00 ▁local ▁time ▁( U T C <0x2B> 1 ) ▁in ▁W y o ol ▁ op po s ite ▁the ▁g ate way ▁to ▁the ▁D own ing ▁Street , ▁the ▁official ▁residence ▁of ▁the ▁prime ▁minister .
[2026-03-17 15:12:03] Best translation 80 : ▁The ▁ s y mp t om ▁was ▁not ▁physical ly ▁harm ful ; ▁The ▁mo d ification ▁was ▁made ▁using ▁black ▁ tar po ol s ▁de c or ated ▁with ▁sign s ▁of ▁peace ▁and ▁heart ▁to ▁con ver t ▁O ▁to ▁" to " ▁as ▁small ▁letter s ▁of ▁e .
[2026-03-17 15:12:05] Best translation 160 : ▁People ▁d rew ▁seats ▁with ▁win d ow s ▁but ▁the ▁win d ow s ▁did ▁not ▁break .
[2026-03-17 15:12:08] Best translation 320 : ▁After ▁ma pp ing ▁the ▁b ot t om ▁of ▁the ▁broke n ▁sea , ▁it ▁was ▁discovered ▁using ▁R O V .
[2026-03-17 15:12:12] Best translation 640 : ▁Japan ▁has ▁about ▁7 , 000 ▁is land s ▁( H un sh ▁is ▁the ▁largest , ▁making ▁Japan ▁the ▁seventh ▁largest ▁is land ▁in ▁the ▁world !
[2026-03-17 15:12:22] Best translation 1280 : ▁The ▁bus es ▁leave ▁the ▁district s ▁( le ft ▁over ▁the ▁river ) ▁throughout ▁the ▁day , ▁although ▁most ▁of ▁them , ▁especially ▁those ▁head ▁to ▁the ▁ east ▁and ▁Ja kar / B um tan g ▁between ▁6 : 30 ▁pm ▁and ▁7 : 30 ▁pm .
[2026-03-17 15:12:33] Total translation time: 31.72111s
[2026-03-17 15:12:33] Saving model weights and runtime parameters to /workspace/OPUS-MT-train/work/ckb-en/curated-floresdev.spm4k-spm4k.transformer.model1.npz.best-bleu.npz
[2026-03-17 15:12:34] [valid] Ep. 44 : Up. 55000 : bleu : 29.7946 : new best
[2026-03-17 15:12:34] Translating validation set...
[2026-03-17 15:12:35] Best translation 0 : ▁This ▁concept ▁comes ▁from ▁ancient ▁a c qu a in t ance ▁from ▁an ▁in st ability ▁mo s qui to , ▁where ▁mo s qui to es ▁are ▁very ▁con ven i ent ▁to ▁prevent ▁human s ▁from ▁stop p ing .
[2026-03-17 15:12:35] Best translation 1 : ▁The ▁Mu m ba i ▁attack ers ▁arrived ▁by ▁ bo at s ▁on ▁November ▁2 6 , ▁ 200 8 , ▁carrying ▁gr en ad es ▁and ▁auto ma tic ▁weapons , ▁target ing ▁several ▁target s , ▁including ▁the ▁Che va ro le n ▁Tra in ing ▁St ation ▁and ▁the ▁famous ▁Ta j ▁Mah al ▁Hotel .
[2026-03-17 15:12:35] Best translation 2 : ▁The ▁search ▁was ▁disrupt ed ▁by ▁the ▁same ▁bad ▁weather ▁that ▁led ▁to ▁the ▁break d own ▁of ▁the ▁land .
[2026-03-17 15:12:35] Best translation 3 : ▁The ▁AC M A ▁was ▁also ▁found ed ▁in ▁addition ▁to ▁the ▁video ▁on line , ▁and ▁Bi g ▁Bra z er ▁did ▁not ▁violate ▁the ▁on line ▁ s ur ve ill ance ▁law ▁as ▁the ▁media ▁was ▁not ▁store d ▁on ▁Bi g ▁Bra z er ' s ▁website .
[2026-03-17 15:12:35] Best translation 4 : ▁There ▁was ▁a ▁we ak er ▁army ▁and ▁the ▁water ▁army ▁was ▁we ak er , ▁although ▁they ▁were ▁built ▁for ▁new ▁ ship s ▁before ▁the ▁beginning ▁of ▁the ▁war .
[2026-03-17 15:12:35] Best translation 5 : ▁His ▁second ▁goal ▁of ▁the ▁night ▁was ▁the ▁ 60 th ▁goal ▁of ▁the ▁season , ▁be coming ▁the ▁first ▁player ▁to ▁score ▁ 60 ▁goals ▁or ▁more ▁in ▁a ▁season ▁since ▁19 9 5 - 9 6 , ▁each ▁of ▁which ▁Ya r mo ir ▁Ya ng er ▁and ▁Ma ri o ▁Li mi u ▁have ▁reached ▁this ▁stage .
[2026-03-17 15:12:36] Best translation 10 : ▁B lo o d ▁in ▁the ▁heart ▁go es ▁through ▁the ▁blood ▁ ve s s el ▁and ▁comes ▁back ▁to ▁the ▁heart ▁from ▁the ▁blood ▁ ve s s el s . ▁The ▁small est ▁ ner ve s ▁are ▁called ▁ ner ve s .
[2026-03-17 15:12:36] Best translation 20 : ▁Con s tru ction ▁can ▁both ▁be ▁real , ▁in ▁other ▁word s , ▁teachers ▁are ▁a ▁com ple x ▁ style ▁but ▁their ▁young ▁man ▁is ▁also ▁the ▁ lin k ▁between ▁the ▁Mi c ro so ft ▁O ff ic ial ▁paper .
[2026-03-17 15:12:36] Best translation 40 : ▁The ▁demonstration ▁began ▁around ▁11 : 00 ▁local ▁time ▁( U T C <0x2B> 1 ) ▁in ▁W y o ol ▁ op po s ite ▁the ▁g ate way ▁to ▁the ▁D own ing ▁Street , ▁the ▁official ▁residence ▁of ▁the ▁prime ▁minister .
[2026-03-17 15:12:36] Best translation 80 : ▁The ▁ s y mp t om ▁was ▁not ▁physical ly ▁harm ful ; ▁The ▁mo d ification ▁was ▁made ▁using ▁black ▁ tar po ol s ▁de c or ated ▁with ▁sign s ▁of ▁peace ▁and ▁heart ▁to ▁con ver t ▁O ▁to ▁" to " ▁as ▁small ▁letter s ▁of ▁e .
[2026-03-17 15:12:38] Best translation 160 : ▁People ▁d rew ▁seats ▁with ▁win d ow s ▁but ▁the ▁win d ow s ▁did ▁not ▁break .
[2026-03-17 15:12:41] Best translation 320 : ▁After ▁ma pp ing ▁the ▁b ot t om ▁of ▁the ▁broke n ▁sea , ▁it ▁was ▁discovered ▁using ▁R O V .
[2026-03-17 15:12:46] Best translation 640 : ▁Japan ▁has ▁about ▁7 , 000 ▁is land s ▁( H un sh ▁is ▁the ▁largest , ▁making ▁Japan ▁the ▁seventh ▁largest ▁is land ▁in ▁the ▁world !
[2026-03-17 15:12:55] Best translation 1280 : ▁The ▁bus es ▁leave ▁the ▁district s ▁( le ft ▁over ▁the ▁river ) ▁throughout ▁the ▁day , ▁although ▁most ▁of ▁them , ▁especially ▁those ▁head ▁to ▁the ▁ east ▁and ▁Ja kar / B um tan g ▁between ▁6 : 30 ▁pm ▁and ▁7 : 30 ▁pm .
[2026-03-17 15:13:08] Total translation time: 33.12365s
[2026-03-17 15:13:08] Saving model weights and runtime parameters to /workspace/OPUS-MT-train/work/ckb-en/curated-floresdev.spm4k-spm4k.transformer.model1.npz.best-chrf.npz
[2026-03-17 15:13:09] [valid] Ep. 44 : Up. 55000 : chrf : 56.5665 : new best
[2026-03-17 15:13:10] [valid] Ep. 44 : Up. 55000 : perplexity : 7.29572 : stalled 12 times (last best: 7.06809)
[2026-03-17 15:15:40] Ep. 44 : Up. 56000 : Sen. 307,535 : Cost 1.67890429 * 9,819,105 @ 8,131 after 549,298,345 : Time 226.07s : 43434.86 words/s : gNorm 0.6654 : L.r. 1.6036e-04
[2026-03-17 15:15:40] Saving model weights and runtime parameters to /workspace/OPUS-MT-train/work/ckb-en/curated-floresdev.spm4k-spm4k.transformer.model1.npz
[2026-03-17 15:15:42] Saving Adam parameters
[2026-03-17 15:15:44] [training] Saving training checkpoint to /workspace/OPUS-MT-train/work/ckb-en/curated-floresdev.spm4k-spm4k.transformer.model1.npz and /workspace/OPUS-MT-train/work/ckb-en/curated-floresdev.spm4k-spm4k.transformer.model1.npz.optimizer.npz
[2026-03-17 15:15:47] Translating validation set...
[2026-03-17 15:15:48] Best translation 0 : ▁This ▁concept ▁comes ▁from ▁ancient ▁a c qu a in t ance ▁from ▁an ▁in st ability ▁mo s qui to , ▁where ▁mo s qui to es ▁are ▁very ▁ su it able ▁for ▁e li min ating ▁human s .
[2026-03-17 15:15:48] Best translation 1 : ▁The ▁Mu m ba i ▁attack ers ▁arrived ▁by ▁ bo at s ▁on ▁November ▁2 6 , ▁ 200 8 , ▁carrying ▁gr en ad es ▁and ▁auto ma tic ▁weapons , ▁target ing ▁several ▁target s , ▁including ▁the ▁Che va ro le n ▁Che m ist ry ▁Tra in ing ▁St ation ▁and ▁the ▁famous ▁Ta j ▁Mah al ▁Hotel .
[2026-03-17 15:15:48] Best translation 2 : ▁The ▁search ▁was ▁disrupt ed ▁by ▁the ▁same ▁bad ▁weather ▁that ▁led ▁to ▁the ▁break d own ▁of ▁the ▁land .
[2026-03-17 15:15:48] Best translation 3 : ▁The ▁AC M A ▁was ▁also ▁found ed ▁in ▁addition ▁to ▁the ▁video ▁air ed ▁on ▁the ▁Internet , ▁and ▁Bi g ▁Bra z er ▁did ▁not ▁violate ▁the ▁on line ▁ s ur ve ill ance ▁law ▁as ▁the ▁media ▁was ▁not ▁store d ▁on ▁Bi g ▁Bra z er ' s ▁website .
[2026-03-17 15:15:48] Best translation 4 : ▁There ▁was ▁a ▁we ak er ▁army ▁and ▁the ▁water ▁army ▁was ▁we ak er , ▁although ▁they ▁were ▁built ▁for ▁new ▁ ship s ▁before ▁the ▁beginning ▁of ▁the ▁war .
[2026-03-17 15:15:48] Best translation 5 : ▁His ▁second ▁goal ▁of ▁the ▁night ▁was ▁the ▁ 60 th ▁goal ▁of ▁the ▁season , ▁be coming ▁the ▁first ▁player ▁to ▁score ▁ 60 ▁goals ▁or ▁more ▁in ▁a ▁season ▁since ▁19 9 5 - 9 6 , ▁each ▁of ▁which ▁Ya r mo ir ▁Ya ng er ▁and ▁Ma ri o ▁Li mi u ▁have ▁reached ▁this ▁stage .
[2026-03-17 15:15:48] Best translation 10 : ▁B lo o d ▁in ▁the ▁heart ▁go es ▁through ▁the ▁blood ▁ ve s s el ▁and ▁comes ▁back ▁to ▁the ▁heart ▁from ▁the ▁blood ▁ ve s s el s . ▁The ▁small est ▁ ner ve s ▁are ▁called ▁ ner ve s .
[2026-03-17 15:15:48] Best translation 20 : ▁Con s tru ction ▁can ▁both ▁be ▁real , ▁in ▁other ▁word s , ▁teachers ▁are ▁a ▁com ple x ▁ style ▁but ▁their ▁young ▁man ▁is ▁also ▁the ▁same ▁as ▁the ▁Mi c ro so ft ▁O ff ic ial ▁paper ▁ lin k .
[2026-03-17 15:15:48] Best translation 40 : ▁The ▁demonstration ▁began ▁around ▁11 : 00 ▁local ▁time ▁( U T C <0x2B> 1 ) ▁in ▁W y o ol ▁ op po s ite ▁the ▁police ▁guard ▁g ate way ▁to ▁D own ing ▁Street , ▁the ▁official ▁residence ▁of ▁the ▁prime ▁minister .
[2026-03-17 15:15:49] Best translation 80 : ▁The ▁ s y mp t om ▁was ▁not ▁physical ly ▁harm ful ; ▁The ▁mo d ification ▁was ▁made ▁using ▁black ▁ tar po ol s ▁de c or ated ▁with ▁sign s ▁of ▁peace ▁and ▁heart ▁to ▁con ver t ▁O ▁to ▁" to " ▁as ▁small ▁letter s ▁of ▁e .
[2026-03-17 15:15:51] Best translation 160 : ▁People ▁d rew ▁seats ▁with ▁win d ow s ▁but ▁the ▁win d ow s ▁did ▁not ▁break .
[2026-03-17 15:15:53] Best translation 320 : ▁After ▁ma pp ing ▁the ▁b ot t om ▁of ▁the ▁broke n ▁sea , ▁it ▁was ▁discovered ▁using ▁R O V .
[2026-03-17 15:15:58] Best translation 640 : ▁Japan ▁has ▁about ▁7 , 000 ▁is land s ▁( H un sh ▁is ▁the ▁largest , ▁making ▁Japan ▁the ▁seventh ▁largest ▁is land ▁in ▁the ▁world !
[2026-03-17 15:16:07] Best translation 1280 : ▁The ▁bus es ▁leave ▁the ▁district s ▁( le ft ▁over ▁the ▁river ) ▁throughout ▁the ▁day , ▁although ▁most ▁of ▁them , ▁especially ▁those ▁head ▁to ▁the ▁ east ▁and ▁Ja kar / B um tan g ▁between ▁6 : 30 ▁pm ▁and ▁7 : 30 ▁pm .
[2026-03-17 15:16:19] Total translation time: 31.73227s
[2026-03-17 15:16:19] Saving model weights and runtime parameters to /workspace/OPUS-MT-train/work/ckb-en/curated-floresdev.spm4k-spm4k.transformer.model1.npz.best-bleu.npz
[2026-03-17 15:16:20] [valid] Ep. 44 : Up. 56000 : bleu : 29.8224 : new best
[2026-03-17 15:16:20] Translating validation set...
[2026-03-17 15:16:21] Best translation 0 : ▁This ▁concept ▁comes ▁from ▁ancient ▁a c qu a in t ance ▁from ▁an ▁in st ability ▁mo s qui to , ▁where ▁mo s qui to es ▁are ▁very ▁ su it able ▁for ▁e li min ating ▁human s .
[2026-03-17 15:16:21] Best translation 1 : ▁The ▁Mu m ba i ▁attack ers ▁arrived ▁by ▁ bo at s ▁on ▁November ▁2 6 , ▁ 200 8 , ▁carrying ▁gr en ad es ▁and ▁auto ma tic ▁weapons , ▁target ing ▁several ▁target s , ▁including ▁the ▁Che va ro le n ▁Che m ist ry ▁Tra in ing ▁St ation ▁and ▁the ▁famous ▁Ta j ▁Mah al ▁Hotel .
[2026-03-17 15:16:21] Best translation 2 : ▁The ▁search ▁was ▁disrupt ed ▁by ▁the ▁same ▁bad ▁weather ▁that ▁led ▁to ▁the ▁break d own ▁of ▁the ▁land .
[2026-03-17 15:16:21] Best translation 3 : ▁The ▁AC M A ▁was ▁also ▁found ed ▁in ▁addition ▁to ▁the ▁video ▁air ed ▁on ▁the ▁Internet , ▁and ▁Bi g ▁Bra z er ▁did ▁not ▁violate ▁the ▁on line ▁ s ur ve ill ance ▁law ▁as ▁the ▁media ▁was ▁not ▁store d ▁on ▁Bi g ▁Bra z er ' s ▁website .
[2026-03-17 15:16:21] Best translation 4 : ▁There ▁was ▁a ▁we ak er ▁army ▁and ▁the ▁water ▁army ▁was ▁we ak er , ▁although ▁they ▁were ▁built ▁for ▁new ▁ ship s ▁before ▁the ▁beginning ▁of ▁the ▁war .
[2026-03-17 15:16:21] Best translation 5 : ▁His ▁second ▁goal ▁of ▁the ▁night ▁was ▁the ▁ 60 th ▁goal ▁of ▁the ▁season , ▁be coming ▁the ▁first ▁player ▁to ▁score ▁ 60 ▁goals ▁or ▁more ▁in ▁a ▁season ▁since ▁19 9 5 - 9 6 , ▁each ▁of ▁which ▁Ya r mo ir ▁Ya ng er ▁and ▁Ma ri o ▁Li mi u ▁have ▁reached ▁this ▁stage .
[2026-03-17 15:16:21] Best translation 10 : ▁B lo o d ▁in ▁the ▁heart ▁go es ▁through ▁the ▁blood ▁ ve s s el ▁and ▁comes ▁back ▁to ▁the ▁heart ▁from ▁the ▁blood ▁ ve s s el s . ▁The ▁small est ▁ ner ve s ▁are ▁called ▁ ner ve s .
[2026-03-17 15:16:21] Best translation 20 : ▁Con s tru ction ▁can ▁both ▁be ▁real , ▁in ▁other ▁word s , ▁teachers ▁are ▁a ▁com ple x ▁ style ▁but ▁their ▁young ▁man ▁is ▁also ▁the ▁same ▁as ▁the ▁Mi c ro so ft ▁O ff ic ial ▁paper ▁ lin k .
[2026-03-17 15:16:21] Best translation 40 : ▁The ▁demonstration ▁began ▁around ▁11 : 00 ▁local ▁time ▁( U T C <0x2B> 1 ) ▁in ▁W y o ol ▁ op po s ite ▁the ▁police ▁guard ▁g ate way ▁to ▁D own ing ▁Street , ▁the ▁official ▁residence ▁of ▁the ▁prime ▁minister .
[2026-03-17 15:16:22] Best translation 80 : ▁The ▁ s y mp t om ▁was ▁not ▁physical ly ▁harm ful ; ▁The ▁mo d ification ▁was ▁made ▁using ▁black ▁ tar po ol s ▁de c or ated ▁with ▁sign s ▁of ▁peace ▁and ▁heart ▁to ▁con ver t ▁O ▁to ▁" to " ▁as ▁small ▁letter s ▁of ▁e .
[2026-03-17 15:16:24] Best translation 160 : ▁People ▁d rew ▁seats ▁with ▁win d ow s ▁but ▁the ▁win d ow s ▁did ▁not ▁break .
[2026-03-17 15:16:27] Best translation 320 : ▁After ▁ma pp ing ▁the ▁b ot t om ▁of ▁the ▁broke n ▁sea , ▁it ▁was ▁discovered ▁using ▁R O V .
[2026-03-17 15:16:31] Best translation 640 : ▁Japan ▁has ▁about ▁7 , 000 ▁is land s ▁( H un sh ▁is ▁the ▁largest , ▁making ▁Japan ▁the ▁seventh ▁largest ▁is land ▁in ▁the ▁world !
[2026-03-17 15:16:41] Best translation 1280 : ▁The ▁bus es ▁leave ▁the ▁district s ▁( le ft ▁over ▁the ▁river ) ▁throughout ▁the ▁day , ▁although ▁most ▁of ▁them , ▁especially ▁those ▁head ▁to ▁the ▁ east ▁and ▁Ja kar / B um tan g ▁between ▁6 : 30 ▁pm ▁and ▁7 : 30 ▁pm .
[2026-03-17 15:16:53] Total translation time: 33.12968s
[2026-03-17 15:16:53] [valid] Ep. 44 : Up. 56000 : chrf : 56.541 : stalled 1 times (last best: 56.5665)
[2026-03-17 15:16:55] [valid] Ep. 44 : Up. 56000 : perplexity : 7.3182 : stalled 13 times (last best: 7.06809)
[2026-03-17 15:16:57] Seen 310,206 samples
[2026-03-17 15:16:57] Starting data epoch 45 in logical epoch 45
[2026-03-17 15:19:25] Ep. 45 : Up. 57000 : Sen. 239,928 : Cost 1.67490542 * 9,810,585 @ 9,735 after 559,108,930 : Time 224.91s : 43620.73 words/s : gNorm 0.6588 : L.r. 1.5894e-04
[2026-03-17 15:19:25] Saving model weights and runtime parameters to /workspace/OPUS-MT-train/work/ckb-en/curated-floresdev.spm4k-spm4k.transformer.model1.npz
[2026-03-17 15:19:27] Saving Adam parameters
[2026-03-17 15:19:29] [training] Saving training checkpoint to /workspace/OPUS-MT-train/work/ckb-en/curated-floresdev.spm4k-spm4k.transformer.model1.npz and /workspace/OPUS-MT-train/work/ckb-en/curated-floresdev.spm4k-spm4k.transformer.model1.npz.optimizer.npz
[2026-03-17 15:19:32] Translating validation set...
[2026-03-17 15:19:33] Best translation 0 : ▁This ▁concept ▁comes ▁from ▁ancient ▁a c qu a in t ance ▁from ▁an ▁in st ability ▁mo s qui to , ▁where ▁mo s qui to es ▁are ▁very ▁ su it able ▁for ▁prevent ion ▁of ▁human s .
[2026-03-17 15:19:33] Best translation 1 : ▁The ▁Mu m ba i ▁attack ers ▁arrived ▁by ▁ bo at s ▁on ▁November ▁2 6 , ▁ 200 8 , ▁carrying ▁gr en ad es ▁and ▁auto ma tic ▁weapons , ▁target ing ▁several ▁target s , ▁including ▁the ▁Che va lu ▁Shi va ro a ▁Tra in ing ▁St ation ▁and ▁the ▁famous ▁Ta j ▁Mah al ▁Hotel .
[2026-03-17 15:19:33] Best translation 2 : ▁The ▁search ▁was ▁disrupt ed ▁by ▁the ▁same ▁bad ▁weather ▁that ▁led ▁to ▁the ▁break d own ▁of ▁the ▁land .
[2026-03-17 15:19:33] Best translation 3 : ▁The ▁AC M A ▁was ▁also ▁found ed ▁in ▁addition ▁to ▁the ▁video ▁air ed ▁on ▁the ▁Internet , ▁and ▁Bi g ▁Bra z er ▁did ▁not ▁violate ▁the ▁on line ▁ s ur ve ill ance ▁law ▁as ▁the ▁media ▁was ▁not ▁store d ▁on ▁Bi g ▁Bra z er ' s ▁website .
[2026-03-17 15:19:33] Best translation 4 : ▁There ▁was ▁a ▁we ak er ▁army ▁and ▁the ▁water ▁army ▁was ▁we ak er , ▁although ▁they ▁were ▁design ed ▁for ▁new ▁ ship s ▁before ▁the ▁beginning ▁of ▁the ▁war .
[2026-03-17 15:19:33] Best translation 5 : ▁His ▁second ▁goal ▁of ▁the ▁night ▁was ▁the ▁ 60 th ▁goal ▁of ▁the ▁season , ▁be coming ▁the ▁first ▁player ▁to ▁score ▁ 60 ▁goals ▁or ▁more ▁in ▁a ▁season ▁since ▁19 9 5 - 9 6 , ▁each ▁of ▁which ▁Ya r mo ir ▁Ya ng er ▁and ▁Ma ri o ▁Li mi u ▁have ▁reached ▁this ▁stage .
[2026-03-17 15:19:33] Best translation 10 : ▁B lo o d ▁in ▁the ▁heart ▁go es ▁through ▁the ▁blood ▁ ve s s el ▁and ▁comes ▁back ▁to ▁the ▁heart ▁from ▁the ▁blood ▁ ve s s el s . ▁The ▁small est ▁ ner ve s ▁are ▁called ▁ ner ve s .
[2026-03-17 15:19:33] Best translation 20 : ▁Con s tru ction ▁can ▁both ▁be ▁real , ▁in ▁other ▁word s , ▁teachers ▁are ▁a ▁com ple ment ary ▁ style , ▁but ▁their ▁young ▁man ' s ▁ lin k age ▁to ▁the ▁Mi c ro so ft ▁office ▁is ▁also ▁the ▁same .
[2026-03-17 15:19:33] Best translation 40 : ▁The ▁demonstration ▁began ▁around ▁11 : 00 ▁local ▁time ▁( U T C <0x2B> 1 ) ▁in ▁W y o ol ▁ op po s ite ▁the ▁police ▁guard ▁g ate way ▁to ▁D own ing ▁Street , ▁the ▁official ▁residence ▁of ▁the ▁prime ▁minister .
[2026-03-17 15:19:34] Best translation 80 : ▁The ▁ s y mp t om ▁was ▁not ▁physical ly ▁harm ful ; ▁The ▁mo d ification ▁was ▁made ▁using ▁black ▁ tar po ol s ▁de c or ated ▁with ▁sign s ▁of ▁peace ▁and ▁heart ▁to ▁con ver t ▁O ▁to ▁" to " ▁as ▁small ▁letter s ▁of ▁e .
[2026-03-17 15:19:36] Best translation 160 : ▁People ▁d rew ▁seats ▁with ▁win d ow s ▁but ▁the ▁win d ow s ▁did ▁not ▁break .
[2026-03-17 15:19:38] Best translation 320 : ▁After ▁ma pp ing ▁the ▁b ot t om ▁of ▁the ▁broke n ▁sea , ▁it ▁was ▁discovered ▁using ▁R O V .
[2026-03-17 15:19:43] Best translation 640 : ▁Japan ▁has ▁about ▁7 , 000 ▁is land s ▁( H un sh ▁is ▁the ▁largest , ▁making ▁Japan ▁the ▁seventh ▁largest ▁is land ▁in ▁the ▁world !
[2026-03-17 15:19:52] Best translation 1280 : ▁The ▁bus es ▁leave ▁the ▁district s ▁( le ft ▁over ▁the ▁river ) ▁throughout ▁the ▁day , ▁although ▁most ▁of ▁them , ▁especially ▁those ▁head ▁to ▁the ▁ east ▁and ▁Ja kar / B um tan g ▁between ▁6 : 30 ▁pm ▁and ▁7 : 30 ▁pm .
[2026-03-17 15:20:04] Total translation time: 31.65753s
[2026-03-17 15:20:04] Saving model weights and runtime parameters to /workspace/OPUS-MT-train/work/ckb-en/curated-floresdev.spm4k-spm4k.transformer.model1.npz.best-bleu.npz
[2026-03-17 15:20:05] [valid] Ep. 45 : Up. 57000 : bleu : 29.8511 : new best
[2026-03-17 15:20:05] Translating validation set...
[2026-03-17 15:20:06] Best translation 0 : ▁This ▁concept ▁comes ▁from ▁ancient ▁a c qu a in t ance ▁from ▁an ▁in st ability ▁mo s qui to , ▁where ▁mo s qui to es ▁are ▁very ▁ su it able ▁for ▁prevent ion ▁of ▁human s .
[2026-03-17 15:20:06] Best translation 1 : ▁The ▁Mu m ba i ▁attack ers ▁arrived ▁by ▁ bo at s ▁on ▁November ▁2 6 , ▁ 200 8 , ▁carrying ▁gr en ad es ▁and ▁auto ma tic ▁weapons , ▁target ing ▁several ▁target s , ▁including ▁the ▁Che va lu ▁Shi va ro a ▁Tra in ing ▁St ation ▁and ▁the ▁famous ▁Ta j ▁Mah al ▁Hotel .
[2026-03-17 15:20:06] Best translation 2 : ▁The ▁search ▁was ▁disrupt ed ▁by ▁the ▁same ▁bad ▁weather ▁that ▁led ▁to ▁the ▁break d own ▁of ▁the ▁land .
[2026-03-17 15:20:06] Best translation 3 : ▁The ▁AC M A ▁was ▁also ▁found ed ▁in ▁addition ▁to ▁the ▁video ▁air ed ▁on ▁the ▁Internet , ▁and ▁Bi g ▁Bra z er ▁did ▁not ▁violate ▁the ▁on line ▁ s ur ve ill ance ▁law ▁as ▁the ▁media ▁was ▁not ▁store d ▁on ▁Bi g ▁Bra z er ' s ▁website .
[2026-03-17 15:20:06] Best translation 4 : ▁There ▁was ▁a ▁we ak er ▁army ▁and ▁the ▁water ▁army ▁was ▁we ak er , ▁although ▁they ▁were ▁design ed ▁for ▁new ▁ ship s ▁before ▁the ▁beginning ▁of ▁the ▁war .
[2026-03-17 15:20:06] Best translation 5 : ▁His ▁second ▁goal ▁of ▁the ▁night ▁was ▁the ▁ 60 th ▁goal ▁of ▁the ▁season , ▁be coming ▁the ▁first ▁player ▁to ▁score ▁ 60 ▁goals ▁or ▁more ▁in ▁a ▁season ▁since ▁19 9 5 - 9 6 , ▁each ▁of ▁which ▁Ya r mo ir ▁Ya ng er ▁and ▁Ma ri o ▁Li mi u ▁have ▁reached ▁this ▁stage .
[2026-03-17 15:20:06] Best translation 10 : ▁B lo o d ▁in ▁the ▁heart ▁go es ▁through ▁the ▁blood ▁ ve s s el ▁and ▁comes ▁back ▁to ▁the ▁heart ▁from ▁the ▁blood ▁ ve s s el s . ▁The ▁small est ▁ ner ve s ▁are ▁called ▁ ner ve s .
[2026-03-17 15:20:06] Best translation 20 : ▁Con s tru ction ▁can ▁both ▁be ▁real , ▁in ▁other ▁word s , ▁teachers ▁are ▁a ▁com ple ment ary ▁ style , ▁but ▁their ▁young ▁man ' s ▁ lin k age ▁to ▁the ▁Mi c ro so ft ▁office ▁is ▁also ▁the ▁same .
[2026-03-17 15:20:06] Best translation 40 : ▁The ▁demonstration ▁began ▁around ▁11 : 00 ▁local ▁time ▁( U T C <0x2B> 1 ) ▁in ▁W y o ol ▁ op po s ite ▁the ▁police ▁guard ▁g ate way ▁to ▁D own ing ▁Street , ▁the ▁official ▁residence ▁of ▁the ▁prime ▁minister .
[2026-03-17 15:20:07] Best translation 80 : ▁The ▁ s y mp t om ▁was ▁not ▁physical ly ▁harm ful ; ▁The ▁mo d ification ▁was ▁made ▁using ▁black ▁ tar po ol s ▁de c or ated ▁with ▁sign s ▁of ▁peace ▁and ▁heart ▁to ▁con ver t ▁O ▁to ▁" to " ▁as ▁small ▁letter s ▁of ▁e .
[2026-03-17 15:20:09] Best translation 160 : ▁People ▁d rew ▁seats ▁with ▁win d ow s ▁but ▁the ▁win d ow s ▁did ▁not ▁break .
[2026-03-17 15:20:12] Best translation 320 : ▁After ▁ma pp ing ▁the ▁b ot t om ▁of ▁the ▁broke n ▁sea , ▁it ▁was ▁discovered ▁using ▁R O V .
[2026-03-17 15:20:16] Best translation 640 : ▁Japan ▁has ▁about ▁7 , 000 ▁is land s ▁( H un sh ▁is ▁the ▁largest , ▁making ▁Japan ▁the ▁seventh ▁largest ▁is land ▁in ▁the ▁world !
[2026-03-17 15:20:26] Best translation 1280 : ▁The ▁bus es ▁leave ▁the ▁district s ▁( le ft ▁over ▁the ▁river ) ▁throughout ▁the ▁day , ▁although ▁most ▁of ▁them , ▁especially ▁those ▁head ▁to ▁the ▁ east ▁and ▁Ja kar / B um tan g ▁between ▁6 : 30 ▁pm ▁and ▁7 : 30 ▁pm .
[2026-03-17 15:20:38] Total translation time: 33.04641s
[2026-03-17 15:20:38] [valid] Ep. 45 : Up. 57000 : chrf : 56.5326 : stalled 2 times (last best: 56.5665)
[2026-03-17 15:20:40] [valid] Ep. 45 : Up. 57000 : perplexity : 7.34328 : stalled 14 times (last best: 7.06809)
[2026-03-17 15:21:23] Seen 310,206 samples
[2026-03-17 15:21:23] Starting data epoch 46 in logical epoch 46
[2026-03-17 15:23:11] Ep. 46 : Up. 58000 : Sen. 173,235 : Cost 1.67052186 * 9,817,123 @ 9,482 after 568,926,053 : Time 225.20s : 43592.89 words/s : gNorm 0.6818 : L.r. 1.5757e-04
[2026-03-17 15:23:11] Saving model weights and runtime parameters to /workspace/OPUS-MT-train/work/ckb-en/curated-floresdev.spm4k-spm4k.transformer.model1.npz
[2026-03-17 15:23:12] Saving Adam parameters
[2026-03-17 15:23:14] [training] Saving training checkpoint to /workspace/OPUS-MT-train/work/ckb-en/curated-floresdev.spm4k-spm4k.transformer.model1.npz and /workspace/OPUS-MT-train/work/ckb-en/curated-floresdev.spm4k-spm4k.transformer.model1.npz.optimizer.npz
[2026-03-17 15:23:18] Translating validation set...
[2026-03-17 15:23:18] Best translation 0 : ▁This ▁concept ▁comes ▁from ▁ancient ▁a c qu a in t ance ▁from ▁an ▁in st ability ▁mo s qui to , ▁where ▁mo s qui to es ▁are ▁very ▁ su it able ▁for ▁prevent ion ▁of ▁human s .
[2026-03-17 15:23:18] Best translation 1 : ▁The ▁Mu m ba i ▁attack ers ▁arrived ▁by ▁ bo at s ▁on ▁November ▁2 6 , ▁ 200 8 , ▁carrying ▁gr en ad es ▁and ▁auto ma tic ▁weapons , ▁target ing ▁several ▁target s , ▁including ▁the ▁S chi va j ▁Ma h la ▁train ▁station ▁and ▁the ▁famous ▁Ta j ▁Mah al ▁Hotel .
[2026-03-17 15:23:19] Best translation 2 : ▁The ▁search ▁was ▁disrupt ed ▁by ▁the ▁same ▁bad ▁weather ▁that ▁led ▁to ▁the ▁break d own ▁of ▁the ▁land .
[2026-03-17 15:23:19] Best translation 3 : ▁The ▁AC M A ▁was ▁also ▁found ed ▁in ▁addition ▁to ▁the ▁video ▁air ed ▁on ▁the ▁Internet , ▁and ▁Bi g ▁Bra z er ▁did ▁not ▁violate ▁the ▁on line ▁ s ur ve ill ance ▁law ▁as ▁the ▁media ▁was ▁not ▁store d ▁on ▁Bi g ▁Bra z er ' s ▁website .
[2026-03-17 15:23:19] Best translation 4 : ▁There ▁was ▁a ▁we ak er ▁army ▁and ▁the ▁water ▁army ▁was ▁we ak er , ▁although ▁they ▁were ▁design ed ▁for ▁new ▁ ship s ▁before ▁the ▁beginning ▁of ▁the ▁war .
[2026-03-17 15:23:19] Best translation 5 : ▁His ▁second ▁goal ▁of ▁the ▁night ▁was ▁the ▁ 60 th ▁goal ▁of ▁the ▁season , ▁be coming ▁the ▁first ▁player ▁to ▁score ▁ 60 ▁goals ▁or ▁more ▁in ▁a ▁season ▁since ▁19 9 5 - 9 6 , ▁each ▁of ▁which ▁Ya r mo ir ▁Ya ng er ▁and ▁Ma ri o ▁Li mi u ▁have ▁reached ▁this ▁stage .
[2026-03-17 15:23:19] Best translation 10 : ▁B lo o d ▁travel s ▁through ▁the ▁blood ▁ ve s s el ▁and ▁comes ▁back ▁to ▁the ▁heart ▁from ▁the ▁blood ▁ ve s s el s . ▁The ▁small est ▁ ner ve s ▁are ▁called ▁ ner ve s .
[2026-03-17 15:23:19] Best translation 20 : ▁Con s tru ction ▁can ▁both ▁be ▁real , ▁in ▁other ▁word s , ▁teachers ▁are ▁a ▁com ple ment ary ▁ style , ▁but ▁their ▁small est ▁man ▁is ▁the ▁Mi c ro so ft - O ff ic i en ▁paper ▁ lin k .
[2026-03-17 15:23:19] Best translation 40 : ▁The ▁demonstration ▁began ▁around ▁11 : 00 ▁local ▁time ▁( U T C <0x2B> 1 ) ▁in ▁W y o ol ▁ op po s ite ▁the ▁police ▁guard ▁g ate way ▁to ▁D own ing ▁Street , ▁the ▁official ▁residence ▁of ▁the ▁prime ▁minister .
[2026-03-17 15:23:20] Best translation 80 : ▁The ▁ s y mp t om ▁was ▁not ▁physical ly ▁harm ful ; ▁The ▁mo d ification ▁was ▁made ▁using ▁black ▁ tar po ol s ▁de c or ated ▁with ▁sign s ▁of ▁peace ▁and ▁heart ▁to ▁con ver t ▁O ▁to ▁" to " ▁as ▁small ▁letter s ▁of ▁e .
[2026-03-17 15:23:22] Best translation 160 : ▁People ▁d rew ▁seats ▁with ▁win d ow s ▁but ▁the ▁win d ow s ▁did ▁not ▁break .
[2026-03-17 15:23:24] Best translation 320 : ▁After ▁ma pp ing ▁the ▁b ot t om ▁of ▁the ▁broke n ▁sea , ▁it ▁was ▁discovered ▁using ▁R O V .
[2026-03-17 15:23:29] Best translation 640 : ▁Japan ▁has ▁about ▁7 , 000 ▁is land s ▁( H un sh ▁is ▁the ▁largest , ▁making ▁Japan ▁the ▁seventh ▁largest ▁is land ▁in ▁the ▁world !
[2026-03-17 15:23:38] Best translation 1280 : ▁The ▁bus es ▁leave ▁the ▁district s ▁( le ft ▁over ▁the ▁river ) ▁throughout ▁the ▁day , ▁although ▁most ▁of ▁them , ▁especially ▁those ▁head ▁to ▁the ▁ east ▁and ▁Ja kar / B um tan g ▁between ▁6 : 30 ▁hours ▁and ▁7 : 30 ▁hours .
[2026-03-17 15:23:50] Total translation time: 31.62968s
[2026-03-17 15:23:50] Saving model weights and runtime parameters to /workspace/OPUS-MT-train/work/ckb-en/curated-floresdev.spm4k-spm4k.transformer.model1.npz.best-bleu.npz
[2026-03-17 15:23:51] [valid] Ep. 46 : Up. 58000 : bleu : 29.9399 : new best
[2026-03-17 15:23:51] Translating validation set...
[2026-03-17 15:23:51] Best translation 0 : ▁This ▁concept ▁comes ▁from ▁ancient ▁a c qu a in t ance ▁from ▁an ▁in st ability ▁mo s qui to , ▁where ▁mo s qui to es ▁are ▁very ▁ su it able ▁for ▁prevent ion ▁of ▁human s .
[2026-03-17 15:23:51] Best translation 1 : ▁The ▁Mu m ba i ▁attack ers ▁arrived ▁by ▁ bo at s ▁on ▁November ▁2 6 , ▁ 200 8 , ▁carrying ▁gr en ad es ▁and ▁auto ma tic ▁weapons , ▁target ing ▁several ▁target s , ▁including ▁the ▁S chi va j ▁Ma h la ▁train ▁station ▁and ▁the ▁famous ▁Ta j ▁Mah al ▁Hotel .
[2026-03-17 15:23:52] Best translation 2 : ▁The ▁search ▁was ▁disrupt ed ▁by ▁the ▁same ▁bad ▁weather ▁that ▁led ▁to ▁the ▁break d own ▁of ▁the ▁land .
[2026-03-17 15:23:52] Best translation 3 : ▁The ▁AC M A ▁was ▁also ▁found ed ▁in ▁addition ▁to ▁the ▁video ▁air ed ▁on ▁the ▁Internet , ▁and ▁Bi g ▁Bra z er ▁did ▁not ▁violate ▁the ▁on line ▁ s ur ve ill ance ▁law ▁as ▁the ▁media ▁was ▁not ▁store d ▁on ▁Bi g ▁Bra z er ' s ▁website .
[2026-03-17 15:23:52] Best translation 4 : ▁There ▁was ▁a ▁we ak er ▁army ▁and ▁the ▁water ▁army ▁was ▁we ak er , ▁although ▁they ▁were ▁design ed ▁for ▁new ▁ ship s ▁before ▁the ▁beginning ▁of ▁the ▁war .
[2026-03-17 15:23:52] Best translation 5 : ▁His ▁second ▁goal ▁of ▁the ▁night ▁was ▁the ▁ 60 th ▁goal ▁of ▁the ▁season , ▁be coming ▁the ▁first ▁player ▁to ▁score ▁ 60 ▁goals ▁or ▁more ▁in ▁a ▁season ▁since ▁19 9 5 - 9 6 , ▁each ▁of ▁which ▁Ya r mo ir ▁Ya ng er ▁and ▁Ma ri o ▁Li mi u ▁have ▁reached ▁this ▁stage .
[2026-03-17 15:23:52] Best translation 10 : ▁B lo o d ▁travel s ▁through ▁the ▁blood ▁ ve s s el ▁and ▁comes ▁back ▁to ▁the ▁heart ▁from ▁the ▁blood ▁ ve s s el s . ▁The ▁small est ▁ ner ve s ▁are ▁called ▁ ner ve s .
[2026-03-17 15:23:52] Best translation 20 : ▁Con s tru ction ▁can ▁both ▁be ▁real , ▁in ▁other ▁word s , ▁teachers ▁are ▁a ▁com ple ment ary ▁ style , ▁but ▁their ▁small est ▁man ▁is ▁the ▁Mi c ro so ft - O ff ic i en ▁paper ▁ lin k .
[2026-03-17 15:23:52] Best translation 40 : ▁The ▁demonstration ▁began ▁around ▁11 : 00 ▁local ▁time ▁( U T C <0x2B> 1 ) ▁in ▁W y o ol ▁ op po s ite ▁the ▁police ▁guard ▁g ate way ▁to ▁D own ing ▁Street , ▁the ▁official ▁residence ▁of ▁the ▁prime ▁minister .
[2026-03-17 15:23:52] Best translation 80 : ▁The ▁ s y mp t om ▁was ▁not ▁physical ly ▁harm ful ; ▁The ▁mo d ification ▁was ▁made ▁using ▁black ▁ tar po ol s ▁de c or ated ▁with ▁sign s ▁of ▁peace ▁and ▁heart ▁to ▁con ver t ▁O ▁to ▁" to " ▁as ▁small ▁letter s ▁of ▁e .
[2026-03-17 15:23:54] Best translation 160 : ▁People ▁d rew ▁seats ▁with ▁win d ow s ▁but ▁the ▁win d ow s ▁did ▁not ▁break .
[2026-03-17 15:23:57] Best translation 320 : ▁After ▁ma pp ing ▁the ▁b ot t om ▁of ▁the ▁broke n ▁sea , ▁it ▁was ▁discovered ▁using ▁R O V .
[2026-03-17 15:24:02] Best translation 640 : ▁Japan ▁has ▁about ▁7 , 000 ▁is land s ▁( H un sh ▁is ▁the ▁largest , ▁making ▁Japan ▁the ▁seventh ▁largest ▁is land ▁in ▁the ▁world !
[2026-03-17 15:24:12] Best translation 1280 : ▁The ▁bus es ▁leave ▁the ▁district s ▁( le ft ▁over ▁the ▁river ) ▁throughout ▁the ▁day , ▁although ▁most ▁of ▁them , ▁especially ▁those ▁head ▁to ▁the ▁ east ▁and ▁Ja kar / B um tan g ▁between ▁6 : 30 ▁hours ▁and ▁7 : 30 ▁hours .
[2026-03-17 15:24:24] Total translation time: 32.95184s
[2026-03-17 15:24:24] Saving model weights and runtime parameters to /workspace/OPUS-MT-train/work/ckb-en/curated-floresdev.spm4k-spm4k.transformer.model1.npz.best-chrf.npz
[2026-03-17 15:24:25] [valid] Ep. 46 : Up. 58000 : chrf : 56.5905 : new best
[2026-03-17 15:24:27] [valid] Ep. 46 : Up. 58000 : perplexity : 7.37143 : stalled 15 times (last best: 7.06809)
[2026-03-17 15:25:50] Seen 310,206 samples
[2026-03-17 15:25:50] Starting data epoch 47 in logical epoch 47
[2026-03-17 15:26:57] Ep. 47 : Up. 59000 : Sen. 108,144 : Cost 1.66279030 * 9,799,464 @ 10,872 after 578,725,517 : Time 226.17s : 43327.51 words/s : gNorm 0.6734 : L.r. 1.5623e-04
[2026-03-17 15:26:57] Saving model weights and runtime parameters to /workspace/OPUS-MT-train/work/ckb-en/curated-floresdev.spm4k-spm4k.transformer.model1.npz
[2026-03-17 15:26:58] Saving Adam parameters
[2026-03-17 15:27:00] [training] Saving training checkpoint to /workspace/OPUS-MT-train/work/ckb-en/curated-floresdev.spm4k-spm4k.transformer.model1.npz and /workspace/OPUS-MT-train/work/ckb-en/curated-floresdev.spm4k-spm4k.transformer.model1.npz.optimizer.npz
[2026-03-17 15:27:04] Translating validation set...
[2026-03-17 15:27:05] Best translation 0 : ▁This ▁concept ▁comes ▁from ▁ancient ▁a c qu a in t ance ▁from ▁an ▁in st ability ▁mo s qui to , ▁where ▁mo s qui to es ▁are ▁very ▁ su it able ▁for ▁prevent ion ▁of ▁human s .
[2026-03-17 15:27:05] Best translation 1 : ▁The ▁Mu m ba i ▁attack ers ▁arrived ▁by ▁ bo at s ▁on ▁November ▁2 6 , ▁ 200 8 , ▁carrying ▁gr en ad es ▁and ▁auto ma tic ▁weapons , ▁target ing ▁several ▁target s , ▁including ▁the ▁Che va ro le na ▁Te m ine ▁Tra il ▁St ation ▁and ▁the ▁famous ▁Ta j ▁Mah al ▁Hotel .
[2026-03-17 15:27:05] Best translation 2 : ▁The ▁search ▁was ▁disrupt ed ▁by ▁the ▁same ▁bad ▁weather ▁that ▁led ▁to ▁the ▁break d own ▁of ▁the ▁land .
[2026-03-17 15:27:05] Best translation 3 : ▁The ▁AC M A ▁was ▁also ▁found ed ▁in ▁addition ▁to ▁the ▁video ▁air ed ▁on ▁the ▁Internet , ▁and ▁Bi g ▁Bra z er ▁did ▁not ▁violate ▁the ▁on line ▁ s ur ve ill ance ▁law ▁as ▁the ▁media ▁was ▁not ▁store d ▁on ▁Bi g ▁Bra z er ' s ▁website .
[2026-03-17 15:27:05] Best translation 4 : ▁There ▁was ▁a ▁we ak er ▁army ▁and ▁the ▁water ▁army ▁was ▁we ak er , ▁although ▁they ▁were ▁built ▁for ▁new ▁ ba tter ies ▁before ▁the ▁beginning ▁of ▁the ▁war .
[2026-03-17 15:27:05] Best translation 5 : ▁His ▁second ▁goal ▁of ▁the ▁night ▁was ▁the ▁ 60 th ▁goal ▁of ▁the ▁season , ▁be coming ▁the ▁first ▁player ▁to ▁score ▁ 60 ▁goals ▁or ▁more ▁in ▁a ▁season ▁since ▁19 9 5 - 9 6 , ▁each ▁reached ▁this ▁stage .
[2026-03-17 15:27:05] Best translation 10 : ▁B lo o d ▁through ▁the ▁blood ▁ ve s s el ▁and ▁comes ▁back ▁to ▁the ▁heart ▁from ▁the ▁read er ' s ▁ ner ve . ▁The ▁small est ▁ ner ve s ▁are ▁called ▁ ner ve s .
[2026-03-17 15:27:05] Best translation 20 : ▁Con s tru ction ▁can ▁both ▁be ▁real , ▁in ▁other ▁word s , ▁teachers ▁are ▁a ▁com ple x ▁ style ▁but ▁also ▁the ▁young ▁man ▁with ▁a ▁Mi c ro so ft ▁paper ▁connect or ▁is ▁the ▁same .
[2026-03-17 15:27:05] Best translation 40 : ▁The ▁demonstration ▁began ▁around ▁11 : 00 ▁local ▁time ▁( U T C <0x2B> 1 ) ▁in ▁W y o ol ▁ op po s ite ▁the ▁g ate way ▁to ▁the ▁D own ing ▁Street , ▁the ▁official ▁residence ▁of ▁the ▁prime ▁minister .
[2026-03-17 15:27:06] Best translation 80 : ▁The ▁ s y mp t om ▁was ▁not ▁physical ly ▁harm ful ; ▁The ▁mo d ification ▁was ▁made ▁using ▁black ▁ tar po ol s ▁de c or ated ▁with ▁sign s ▁of ▁peace ▁and ▁heart ▁to ▁con ver t ▁O ▁to ▁" to " ▁as ▁small ▁letter s ▁of ▁e .
[2026-03-17 15:27:08] Best translation 160 : ▁People ▁d rew ▁seats ▁with ▁win d ow s ▁but ▁the ▁win d ow s ▁did ▁not ▁break .
[2026-03-17 15:27:10] Best translation 320 : ▁After ▁ma pp ing ▁the ▁b ot t om ▁of ▁the ▁broke n ▁sea , ▁it ▁was ▁discovered ▁using ▁R O V .
[2026-03-17 15:27:15] Best translation 640 : ▁Japan ▁has ▁about ▁7 , 000 ▁is land s ▁( H un sh ▁is ▁the ▁largest , ▁making ▁Japan ▁the ▁seventh ▁largest ▁is land ▁in ▁the ▁world !
[2026-03-17 15:27:24] Best translation 1280 : ▁The ▁bus es ▁leave ▁the ▁district s ▁( le ft ▁over ▁the ▁river ) ▁throughout ▁the ▁day , ▁although ▁most ▁of ▁them , ▁especially ▁those ▁head ▁to ▁the ▁ east ▁and ▁Ja kar / B um tan g ▁between ▁6 : 30 ▁hours ▁and ▁7 : 30 ▁hours .
[2026-03-17 15:27:36] Total translation time: 31.59090s
[2026-03-17 15:27:36] Saving model weights and runtime parameters to /workspace/OPUS-MT-train/work/ckb-en/curated-floresdev.spm4k-spm4k.transformer.model1.npz.best-bleu.npz
[2026-03-17 15:27:37] [valid] Ep. 47 : Up. 59000 : bleu : 30.0136 : new best
[2026-03-17 15:27:37] Translating validation set...
[2026-03-17 15:27:37] Best translation 0 : ▁This ▁concept ▁comes ▁from ▁ancient ▁a c qu a in t ance ▁from ▁an ▁in st ability ▁mo s qui to , ▁where ▁mo s qui to es ▁are ▁very ▁ su it able ▁for ▁prevent ion ▁of ▁human s .
[2026-03-17 15:27:37] Best translation 1 : ▁The ▁Mu m ba i ▁attack ers ▁arrived ▁by ▁ bo at s ▁on ▁November ▁2 6 , ▁ 200 8 , ▁carrying ▁gr en ad es ▁and ▁auto ma tic ▁weapons , ▁target ing ▁several ▁target s , ▁including ▁the ▁Che va ro le na ▁Te m ine ▁Tra il ▁St ation ▁and ▁the ▁famous ▁Ta j ▁Mah al ▁Hotel .
[2026-03-17 15:27:38] Best translation 2 : ▁The ▁search ▁was ▁disrupt ed ▁by ▁the ▁same ▁bad ▁weather ▁that ▁led ▁to ▁the ▁break d own ▁of ▁the ▁land .
[2026-03-17 15:27:38] Best translation 3 : ▁The ▁AC M A ▁was ▁also ▁found ed ▁in ▁addition ▁to ▁the ▁video ▁air ed ▁on ▁the ▁Internet , ▁and ▁Bi g ▁Bra z er ▁did ▁not ▁violate ▁the ▁on line ▁ s ur ve ill ance ▁law ▁as ▁the ▁media ▁was ▁not ▁store d ▁on ▁Bi g ▁Bra z er ' s ▁website .
[2026-03-17 15:27:38] Best translation 4 : ▁There ▁was ▁a ▁we ak er ▁army ▁and ▁the ▁water ▁army ▁was ▁we ak er , ▁although ▁they ▁were ▁built ▁for ▁new ▁ ba tter ies ▁before ▁the ▁beginning ▁of ▁the ▁war .
[2026-03-17 15:27:38] Best translation 5 : ▁His ▁second ▁goal ▁of ▁the ▁night ▁was ▁the ▁ 60 th ▁goal ▁of ▁the ▁season , ▁be coming ▁the ▁first ▁player ▁to ▁score ▁ 60 ▁goals ▁or ▁more ▁in ▁a ▁season ▁since ▁19 9 5 - 9 6 , ▁each ▁reached ▁this ▁stage .
[2026-03-17 15:27:38] Best translation 10 : ▁B lo o d ▁through ▁the ▁blood ▁ ve s s el ▁and ▁comes ▁back ▁to ▁the ▁heart ▁from ▁the ▁read er ' s ▁ ner ve . ▁The ▁small est ▁ ner ve s ▁are ▁called ▁ ner ve s .
[2026-03-17 15:27:38] Best translation 20 : ▁Con s tru ction ▁can ▁both ▁be ▁real , ▁in ▁other ▁word s , ▁teachers ▁are ▁a ▁com ple x ▁ style ▁but ▁also ▁the ▁young ▁man ▁with ▁a ▁Mi c ro so ft ▁paper ▁connect or ▁is ▁the ▁same .
[2026-03-17 15:27:38] Best translation 40 : ▁The ▁demonstration ▁began ▁around ▁11 : 00 ▁local ▁time ▁( U T C <0x2B> 1 ) ▁in ▁W y o ol ▁ op po s ite ▁the ▁g ate way ▁to ▁the ▁D own ing ▁Street , ▁the ▁official ▁residence ▁of ▁the ▁prime ▁minister .
[2026-03-17 15:27:39] Best translation 80 : ▁The ▁ s y mp t om ▁was ▁not ▁physical ly ▁harm ful ; ▁The ▁mo d ification ▁was ▁made ▁using ▁black ▁ tar po ol s ▁de c or ated ▁with ▁sign s ▁of ▁peace ▁and ▁heart ▁to ▁con ver t ▁O ▁to ▁" to " ▁as ▁small ▁letter s ▁of ▁e .
[2026-03-17 15:27:41] Best translation 160 : ▁People ▁d rew ▁seats ▁with ▁win d ow s ▁but ▁the ▁win d ow s ▁did ▁not ▁break .
[2026-03-17 15:27:43] Best translation 320 : ▁After ▁ma pp ing ▁the ▁b ot t om ▁of ▁the ▁broke n ▁sea , ▁it ▁was ▁discovered ▁using ▁R O V .
[2026-03-17 15:27:48] Best translation 640 : ▁Japan ▁has ▁about ▁7 , 000 ▁is land s ▁( H un sh ▁is ▁the ▁largest , ▁making ▁Japan ▁the ▁seventh ▁largest ▁is land ▁in ▁the ▁world !
[2026-03-17 15:27:58] Best translation 1280 : ▁The ▁bus es ▁leave ▁the ▁district s ▁( le ft ▁over ▁the ▁river ) ▁throughout ▁the ▁day , ▁although ▁most ▁of ▁them , ▁especially ▁those ▁head ▁to ▁the ▁ east ▁and ▁Ja kar / B um tan g ▁between ▁6 : 30 ▁hours ▁and ▁7 : 30 ▁hours .
[2026-03-17 15:28:10] Total translation time: 33.06651s
[2026-03-17 15:28:10] Saving model weights and runtime parameters to /workspace/OPUS-MT-train/work/ckb-en/curated-floresdev.spm4k-spm4k.transformer.model1.npz.best-chrf.npz
[2026-03-17 15:28:11] [valid] Ep. 47 : Up. 59000 : chrf : 56.6279 : new best
[2026-03-17 15:28:13] [valid] Ep. 47 : Up. 59000 : perplexity : 7.4013 : stalled 16 times (last best: 7.06809)
[2026-03-17 15:30:18] Seen 310,206 samples
[2026-03-17 15:30:18] Starting data epoch 48 in logical epoch 48
[2026-03-17 15:30:44] Ep. 48 : Up. 60000 : Sen. 40,373 : Cost 1.65793216 * 9,791,765 @ 10,890 after 588,517,282 : Time 226.80s : 43173.79 words/s : gNorm 0.7038 : L.r. 1.5492e-04
[2026-03-17 15:30:44] Saving model weights and runtime parameters to /workspace/OPUS-MT-train/work/ckb-en/curated-floresdev.spm4k-spm4k.transformer.model1.npz
[2026-03-17 15:30:45] Saving Adam parameters
[2026-03-17 15:30:47] [training] Saving training checkpoint to /workspace/OPUS-MT-train/work/ckb-en/curated-floresdev.spm4k-spm4k.transformer.model1.npz and /workspace/OPUS-MT-train/work/ckb-en/curated-floresdev.spm4k-spm4k.transformer.model1.npz.optimizer.npz
[2026-03-17 15:30:51] Translating validation set...
[2026-03-17 15:30:51] Best translation 0 : ▁This ▁concept ▁comes ▁from ▁ancient ▁a c qu a in t ance ▁from ▁an ▁in st ability ▁mo s qui to , ▁where ▁mo s qui to es ▁are ▁very ▁ su it able ▁for ▁prevent ion ▁of ▁human s .
[2026-03-17 15:30:51] Best translation 1 : ▁The ▁Mu m ba i ▁attack ers ▁arrived ▁by ▁ bo at s ▁on ▁November ▁2 6 , ▁ 200 8 , ▁carrying ▁gr en ad es ▁and ▁auto ma tic ▁weapons , ▁target ing ▁several ▁target s , ▁including ▁the ▁Che va ro le na ▁Te m ine ▁Tra il ▁St ation ▁and ▁the ▁famous ▁Ta j ▁Mah al ▁Hotel .
[2026-03-17 15:30:52] Best translation 2 : ▁The ▁search ▁was ▁disrupt ed ▁by ▁the ▁same ▁bad ▁weather ▁that ▁led ▁to ▁the ▁break d own ▁of ▁the ▁land .
[2026-03-17 15:30:52] Best translation 3 : ▁The ▁AC M A ▁was ▁also ▁found ed ▁in ▁addition ▁to ▁the ▁video ▁air ed ▁on ▁the ▁Internet , ▁and ▁Bi g ▁Bra z er ▁did ▁not ▁violate ▁the ▁on line ▁ s ur ve ill ance ▁law ▁as ▁the ▁media ▁was ▁not ▁store d ▁on ▁Bi g ▁Bra z er ' s ▁website .
[2026-03-17 15:30:52] Best translation 4 : ▁There ▁was ▁a ▁we ak er ▁army ▁and ▁the ▁water ▁army ▁was ▁we ak er , ▁although ▁they ▁were ▁built ▁for ▁new ▁ ba tter ies ▁before ▁the ▁beginning ▁of ▁the ▁war .
[2026-03-17 15:30:52] Best translation 5 : ▁His ▁second ▁goal ▁of ▁the ▁night ▁was ▁the ▁ 60 th ▁goal ▁of ▁the ▁season , ▁be coming ▁the ▁first ▁player ▁to ▁score ▁ 60 ▁goals ▁or ▁more ▁in ▁a ▁season ▁since ▁19 9 5 - 9 6 , ▁each ▁reached ▁this ▁stage .
[2026-03-17 15:30:52] Best translation 10 : ▁B lo o d ▁through ▁the ▁blood ▁ ve s s el ▁and ▁comes ▁back ▁to ▁the ▁heart ▁from ▁the ▁read er ' s ▁ ner ve . ▁The ▁small est ▁ ner ve s ▁are ▁called ▁ ner ve .
[2026-03-17 15:30:52] Best translation 20 : ▁Con s tru ction ▁can ▁both ▁be ▁real . ▁In ▁other ▁word s , ▁the ▁teacher ▁is ▁a ▁ gen u ine ▁ style , ▁but ▁his ▁small ▁man ▁is ▁also ▁the ▁subject ▁of ▁the ▁Mi c ro so ft ▁O ff ic ial ▁paper .
[2026-03-17 15:30:52] Best translation 40 : ▁The ▁demonstration ▁began ▁around ▁11 : 00 ▁local ▁time ▁( U T C <0x2B> 1 ) ▁in ▁W y o ol ▁ op po s ite ▁the ▁g ate way ▁to ▁the ▁D own ing ▁Street , ▁the ▁official ▁residence ▁of ▁the ▁prime ▁minister .
[2026-03-17 15:30:53] Best translation 80 : ▁The ▁ s y mp t om ▁was ▁not ▁physical ly ▁harm ful ; ▁The ▁mo d ification ▁was ▁made ▁using ▁black ▁ tar po ol s ▁de c or ated ▁with ▁sign s ▁of ▁peace ▁and ▁heart ▁to ▁con ver t ▁" O " ▁to ▁be ▁read ▁as ▁small ▁letter s ▁of ▁e . g .
[2026-03-17 15:30:55] Best translation 160 : ▁People ▁d rew ▁seats ▁with ▁win d ow s ▁but ▁the ▁win d ow s ▁did ▁not ▁break .
[2026-03-17 15:30:57] Best translation 320 : ▁After ▁ma pp ing ▁the ▁b ot t om ▁of ▁the ▁broke n ▁sea , ▁it ▁was ▁discovered ▁using ▁R O V .
[2026-03-17 15:31:02] Best translation 640 : ▁Japan ▁has ▁about ▁7 , 000 ▁is land s ▁( H un sh ▁is ▁the ▁largest , ▁making ▁Japan ▁the ▁seventh ▁largest ▁is land ▁in ▁the ▁world !
[2026-03-17 15:31:11] Best translation 1280 : ▁The ▁bus es ▁leave ▁the ▁district s ▁( le ft ▁over ▁the ▁river ) ▁throughout ▁the ▁day , ▁although ▁most ▁of ▁them , ▁especially ▁those ▁head ▁to ▁the ▁ east ▁and ▁Ja kar / B um tan g ▁between ▁6 : 30 ▁hours ▁and ▁7 : 30 ▁hours .
[2026-03-17 15:31:23] Total translation time: 31.77294s
[2026-03-17 15:31:23] [valid] Ep. 48 : Up. 60000 : bleu : 29.9611 : stalled 1 times (last best: 30.0136)
[2026-03-17 15:31:23] Translating validation set...
[2026-03-17 15:31:23] Best translation 0 : ▁This ▁concept ▁comes ▁from ▁ancient ▁a c qu a in t ance ▁from ▁an ▁in st ability ▁mo s qui to , ▁where ▁mo s qui to es ▁are ▁very ▁ su it able ▁for ▁prevent ion ▁of ▁human s .
[2026-03-17 15:31:23] Best translation 1 : ▁The ▁Mu m ba i ▁attack ers ▁arrived ▁by ▁ bo at s ▁on ▁November ▁2 6 , ▁ 200 8 , ▁carrying ▁gr en ad es ▁and ▁auto ma tic ▁weapons , ▁target ing ▁several ▁target s , ▁including ▁the ▁Che va ro le na ▁Te m ine ▁Tra il ▁St ation ▁and ▁the ▁famous ▁Ta j ▁Mah al ▁Hotel .
[2026-03-17 15:31:24] Best translation 2 : ▁The ▁search ▁was ▁disrupt ed ▁by ▁the ▁same ▁bad ▁weather ▁that ▁led ▁to ▁the ▁break d own ▁of ▁the ▁land .
[2026-03-17 15:31:24] Best translation 3 : ▁The ▁AC M A ▁was ▁also ▁found ed ▁in ▁addition ▁to ▁the ▁video ▁air ed ▁on ▁the ▁Internet , ▁and ▁Bi g ▁Bra z er ▁did ▁not ▁violate ▁the ▁on line ▁ s ur ve ill ance ▁law ▁as ▁the ▁media ▁was ▁not ▁store d ▁on ▁Bi g ▁Bra z er ' s ▁website .
[2026-03-17 15:31:24] Best translation 4 : ▁There ▁was ▁a ▁we ak er ▁army ▁and ▁the ▁water ▁army ▁was ▁we ak er , ▁although ▁they ▁were ▁built ▁for ▁new ▁ ba tter ies ▁before ▁the ▁beginning ▁of ▁the ▁war .
[2026-03-17 15:31:24] Best translation 5 : ▁His ▁second ▁goal ▁of ▁the ▁night ▁was ▁the ▁ 60 th ▁goal ▁of ▁the ▁season , ▁be coming ▁the ▁first ▁player ▁to ▁score ▁ 60 ▁goals ▁or ▁more ▁in ▁a ▁season ▁since ▁19 9 5 - 9 6 , ▁each ▁reached ▁this ▁stage .
[2026-03-17 15:31:24] Best translation 10 : ▁B lo o d ▁through ▁the ▁blood ▁ ve s s el ▁and ▁comes ▁back ▁to ▁the ▁heart ▁from ▁the ▁read er ' s ▁ ner ve . ▁The ▁small est ▁ ner ve s ▁are ▁called ▁ ner ve .
[2026-03-17 15:31:24] Best translation 20 : ▁Con s tru ction ▁can ▁both ▁be ▁real . ▁In ▁other ▁word s , ▁the ▁teacher ▁is ▁a ▁ gen u ine ▁ style , ▁but ▁his ▁small ▁man ▁is ▁also ▁the ▁subject ▁of ▁the ▁Mi c ro so ft ▁O ff ic ial ▁paper .
[2026-03-17 15:31:24] Best translation 40 : ▁The ▁demonstration ▁began ▁around ▁11 : 00 ▁local ▁time ▁( U T C <0x2B> 1 ) ▁in ▁W y o ol ▁ op po s ite ▁the ▁g ate way ▁to ▁the ▁D own ing ▁Street , ▁the ▁official ▁residence ▁of ▁the ▁prime ▁minister .
[2026-03-17 15:31:24] Best translation 80 : ▁The ▁ s y mp t om ▁was ▁not ▁physical ly ▁harm ful ; ▁The ▁mo d ification ▁was ▁made ▁using ▁black ▁ tar po ol s ▁de c or ated ▁with ▁sign s ▁of ▁peace ▁and ▁heart ▁to ▁con ver t ▁" O " ▁to ▁be ▁read ▁as ▁small ▁letter s ▁of ▁e . g .
[2026-03-17 15:31:26] Best translation 160 : ▁People ▁d rew ▁seats ▁with ▁win d ow s ▁but ▁the ▁win d ow s ▁did ▁not ▁break .
[2026-03-17 15:31:29] Best translation 320 : ▁After ▁ma pp ing ▁the ▁b ot t om ▁of ▁the ▁broke n ▁sea , ▁it ▁was ▁discovered ▁using ▁R O V .
[2026-03-17 15:31:34] Best translation 640 : ▁Japan ▁has ▁about ▁7 , 000 ▁is land s ▁( H un sh ▁is ▁the ▁largest , ▁making ▁Japan ▁the ▁seventh ▁largest ▁is land ▁in ▁the ▁world !
[2026-03-17 15:31:44] Best translation 1280 : ▁The ▁bus es ▁leave ▁the ▁district s ▁( le ft ▁over ▁the ▁river ) ▁throughout ▁the ▁day , ▁although ▁most ▁of ▁them , ▁especially ▁those ▁head ▁to ▁the ▁ east ▁and ▁Ja kar / B um tan g ▁between ▁6 : 30 ▁hours ▁and ▁7 : 30 ▁hours .
[2026-03-17 15:31:56] Total translation time: 32.98347s
[2026-03-17 15:31:56] [valid] Ep. 48 : Up. 60000 : chrf : 56.5928 : stalled 1 times (last best: 56.6279)
[2026-03-17 15:31:58] [valid] Ep. 48 : Up. 60000 : perplexity : 7.43089 : stalled 17 times (last best: 7.06809)
[2026-03-17 15:34:28] Ep. 48 : Up. 61000 : Sen. 286,211 : Cost 1.65033352 * 9,834,894 @ 10,725 after 598,352,176 : Time 224.55s : 43797.72 words/s : gNorm 0.6843 : L.r. 1.5364e-04
[2026-03-17 15:34:28] Saving model weights and runtime parameters to /workspace/OPUS-MT-train/work/ckb-en/curated-floresdev.spm4k-spm4k.transformer.model1.npz
[2026-03-17 15:34:30] Saving Adam parameters
[2026-03-17 15:34:32] [training] Saving training checkpoint to /workspace/OPUS-MT-train/work/ckb-en/curated-floresdev.spm4k-spm4k.transformer.model1.npz and /workspace/OPUS-MT-train/work/ckb-en/curated-floresdev.spm4k-spm4k.transformer.model1.npz.optimizer.npz
[2026-03-17 15:34:35] Translating validation set...
[2026-03-17 15:34:35] Best translation 0 : ▁This ▁concept ▁comes ▁from ▁ancient ▁a c qu a in t ance ▁from ▁an ▁in st ability ▁mo s qui to , ▁where ▁mo s qui to es ▁are ▁very ▁ su it able ▁for ▁prevent ion ▁of ▁human s .
[2026-03-17 15:34:35] Best translation 1 : ▁The ▁Mu m ba i ▁attack ers ▁arrived ▁by ▁ bo at s ▁on ▁November ▁2 6 , ▁ 200 8 , ▁carrying ▁gr en ad es ▁and ▁auto ma tic ▁weapons , ▁target ing ▁several ▁target s , ▁including ▁the ▁Che va ro le na ▁Te m ine ▁Tra in ing ▁St ation ▁and ▁the ▁famous ▁Ta j ▁Mah al ▁Hotel .
[2026-03-17 15:34:36] Best translation 2 : ▁The ▁search ▁was ▁disrupt ed ▁by ▁the ▁same ▁bad ▁weather ▁that ▁led ▁to ▁the ▁break d own ▁of ▁the ▁land .
[2026-03-17 15:34:36] Best translation 3 : ▁The ▁AC M A ▁was ▁also ▁found ed ▁in ▁addition ▁to ▁the ▁video ▁was ▁air ed ▁on ▁the ▁Internet , ▁and ▁Bi g ▁Bra z er ▁did ▁not ▁violate ▁the ▁on line ▁ s ur ve ill ance ▁law ▁as ▁the ▁media ▁was ▁not ▁store d ▁on ▁Bi g ▁Bra z er ' s ▁website .
[2026-03-17 15:34:36] Best translation 4 : ▁There ▁was ▁a ▁we ak er ▁army ▁and ▁the ▁water ▁army ▁was ▁we ak er , ▁although ▁they ▁were ▁built ▁for ▁new ▁ ba tter ies ▁before ▁the ▁beginning ▁of ▁the ▁war .
[2026-03-17 15:34:36] Best translation 5 : ▁His ▁second ▁goal ▁of ▁the ▁night ▁was ▁the ▁sixth ▁goal ▁of ▁the ▁season , ▁be coming ▁the ▁first ▁player ▁to ▁score ▁ 60 ▁goals ▁or ▁more ▁in ▁a ▁season ▁since ▁19 9 5 - 9 6 , ▁each ▁reached ▁this ▁stage .
[2026-03-17 15:34:36] Best translation 10 : ▁B lo o d ▁through ▁the ▁blood ▁ ve s s el ▁and ▁comes ▁back ▁to ▁the ▁heart ▁from ▁the ▁read er ' s ▁ ner ve . ▁The ▁small est ▁ ner ve s ▁are ▁called ▁ ner ve .
[2026-03-17 15:34:36] Best translation 20 : ▁Con s tru ction ▁can ▁both ▁be ▁real . ▁In ▁other ▁word s , ▁the ▁teacher ▁is ▁a ▁ gen u ine ▁ style , ▁but ▁his ▁young ▁man ' s ▁ lin k age ▁to ▁the ▁Mi c ro so ft ▁office ▁is ▁also ▁the ▁same .
[2026-03-17 15:34:36] Best translation 40 : ▁The ▁demonstration ▁began ▁around ▁11 : 00 ▁local ▁time ▁( U T C <0x2B> 1 ) ▁in ▁W y o ol ▁ op po s ite ▁the ▁g ate way ▁to ▁the ▁D own ing ▁Street , ▁the ▁official ▁residence ▁of ▁the ▁prime ▁minister .
[2026-03-17 15:34:36] Best translation 80 : ▁The ▁ s y mp t om ▁was ▁not ▁physical ly ▁harm ful ; ▁The ▁mo d ification ▁was ▁made ▁using ▁black ▁ tar po ol s ▁de c or ated ▁with ▁sign s ▁of ▁peace ▁and ▁heart ▁to ▁con ver t ▁" O " ▁to ▁be ▁read ▁as ▁small ▁letter s ▁of ▁e .
[2026-03-17 15:34:39] Best translation 160 : ▁People ▁d rew ▁chair s ▁with ▁win d ow s ▁but ▁the ▁win d ow s ▁did ▁not ▁break .
[2026-03-17 15:34:41] Best translation 320 : ▁After ▁ma pp ing ▁the ▁b ot t om ▁of ▁the ▁broke n ▁sea , ▁it ▁was ▁found ▁using ▁R O V .
[2026-03-17 15:34:46] Best translation 640 : ▁Japan ▁has ▁about ▁7 , 000 ▁is land s ▁( H un sh ▁is ▁the ▁largest , ▁making ▁Japan ▁the ▁seventh ▁largest ▁is land ▁in ▁the ▁world !
[2026-03-17 15:34:55] Best translation 1280 : ▁The ▁bus es ▁leave ▁the ▁district s ▁( le ft ▁over ▁the ▁river ) ▁throughout ▁the ▁day , ▁although ▁most ▁of ▁them , ▁especially ▁those ▁head ▁to ▁the ▁ east ▁and ▁Ja kar / B um tan g ▁between ▁6 : 30 ▁hours ▁and ▁7 : 30 ▁hours .
[2026-03-17 15:35:07] Total translation time: 31.91948s
[2026-03-17 15:35:07] [valid] Ep. 48 : Up. 61000 : bleu : 29.9654 : stalled 2 times (last best: 30.0136)
[2026-03-17 15:35:07] Translating validation set...
[2026-03-17 15:35:07] Best translation 0 : ▁This ▁concept ▁comes ▁from ▁ancient ▁a c qu a in t ance ▁from ▁an ▁in st ability ▁mo s qui to , ▁where ▁mo s qui to es ▁are ▁very ▁ su it able ▁for ▁prevent ion ▁of ▁human s .
[2026-03-17 15:35:07] Best translation 1 : ▁The ▁Mu m ba i ▁attack ers ▁arrived ▁by ▁ bo at s ▁on ▁November ▁2 6 , ▁ 200 8 , ▁carrying ▁gr en ad es ▁and ▁auto ma tic ▁weapons , ▁target ing ▁several ▁target s , ▁including ▁the ▁Che va ro le na ▁Te m ine ▁Tra in ing ▁St ation ▁and ▁the ▁famous ▁Ta j ▁Mah al ▁Hotel .
[2026-03-17 15:35:08] Best translation 2 : ▁The ▁search ▁was ▁disrupt ed ▁by ▁the ▁same ▁bad ▁weather ▁that ▁led ▁to ▁the ▁break d own ▁of ▁the ▁land .
[2026-03-17 15:35:08] Best translation 3 : ▁The ▁AC M A ▁was ▁also ▁found ed ▁in ▁addition ▁to ▁the ▁video ▁was ▁air ed ▁on ▁the ▁Internet , ▁and ▁Bi g ▁Bra z er ▁did ▁not ▁violate ▁the ▁on line ▁ s ur ve ill ance ▁law ▁as ▁the ▁media ▁was ▁not ▁store d ▁on ▁Bi g ▁Bra z er ' s ▁website .
[2026-03-17 15:35:08] Best translation 4 : ▁There ▁was ▁a ▁we ak er ▁army ▁and ▁the ▁water ▁army ▁was ▁we ak er , ▁although ▁they ▁were ▁built ▁for ▁new ▁ ba tter ies ▁before ▁the ▁beginning ▁of ▁the ▁war .
[2026-03-17 15:35:08] Best translation 5 : ▁His ▁second ▁goal ▁of ▁the ▁night ▁was ▁the ▁sixth ▁goal ▁of ▁the ▁season , ▁be coming ▁the ▁first ▁player ▁to ▁score ▁ 60 ▁goals ▁or ▁more ▁in ▁a ▁season ▁since ▁19 9 5 - 9 6 , ▁each ▁reached ▁this ▁stage .
[2026-03-17 15:35:08] Best translation 10 : ▁B lo o d ▁through ▁the ▁blood ▁ ve s s el ▁and ▁comes ▁back ▁to ▁the ▁heart ▁from ▁the ▁read er ' s ▁ ner ve . ▁The ▁small est ▁ ner ve s ▁are ▁called ▁ ner ve .
[2026-03-17 15:35:08] Best translation 20 : ▁Con s tru ction ▁can ▁both ▁be ▁real . ▁In ▁other ▁word s , ▁the ▁teacher ▁is ▁a ▁ gen u ine ▁ style , ▁but ▁his ▁young ▁man ' s ▁ lin k age ▁to ▁the ▁Mi c ro so ft ▁office ▁is ▁also ▁the ▁same .
[2026-03-17 15:35:08] Best translation 40 : ▁The ▁demonstration ▁began ▁around ▁11 : 00 ▁local ▁time ▁( U T C <0x2B> 1 ) ▁in ▁W y o ol ▁ op po s ite ▁the ▁g ate way ▁to ▁the ▁D own ing ▁Street , ▁the ▁official ▁residence ▁of ▁the ▁prime ▁minister .
[2026-03-17 15:35:08] Best translation 80 : ▁The ▁ s y mp t om ▁was ▁not ▁physical ly ▁harm ful ; ▁The ▁mo d ification ▁was ▁made ▁using ▁black ▁ tar po ol s ▁de c or ated ▁with ▁sign s ▁of ▁peace ▁and ▁heart ▁to ▁con ver t ▁" O " ▁to ▁be ▁read ▁as ▁small ▁letter s ▁of ▁e .
[2026-03-17 15:35:10] Best translation 160 : ▁People ▁d rew ▁chair s ▁with ▁win d ow s ▁but ▁the ▁win d ow s ▁did ▁not ▁break .
[2026-03-17 15:35:13] Best translation 320 : ▁After ▁ma pp ing ▁the ▁b ot t om ▁of ▁the ▁broke n ▁sea , ▁it ▁was ▁found ▁using ▁R O V .
[2026-03-17 15:35:18] Best translation 640 : ▁Japan ▁has ▁about ▁7 , 000 ▁is land s ▁( H un sh ▁is ▁the ▁largest , ▁making ▁Japan ▁the ▁seventh ▁largest ▁is land ▁in ▁the ▁world !
[2026-03-17 15:35:28] Best translation 1280 : ▁The ▁bus es ▁leave ▁the ▁district s ▁( le ft ▁over ▁the ▁river ) ▁throughout ▁the ▁day , ▁although ▁most ▁of ▁them , ▁especially ▁those ▁head ▁to ▁the ▁ east ▁and ▁Ja kar / B um tan g ▁between ▁6 : 30 ▁hours ▁and ▁7 : 30 ▁hours .
[2026-03-17 15:35:40] Total translation time: 32.85513s
[2026-03-17 15:35:40] [valid] Ep. 48 : Up. 61000 : chrf : 56.5613 : stalled 2 times (last best: 56.6279)
[2026-03-17 15:35:42] [valid] Ep. 48 : Up. 61000 : perplexity : 7.46353 : stalled 18 times (last best: 7.06809)
[2026-03-17 15:35:57] Seen 310,206 samples
[2026-03-17 15:35:57] Starting data epoch 49 in logical epoch 49
[2026-03-17 15:38:12] Ep. 49 : Up. 62000 : Sen. 218,249 : Cost 1.64559531 * 9,794,357 @ 9,615 after 608,146,533 : Time 223.93s : 43738.93 words/s : gNorm 0.6824 : L.r. 1.5240e-04
[2026-03-17 15:38:12] Saving model weights and runtime parameters to /workspace/OPUS-MT-train/work/ckb-en/curated-floresdev.spm4k-spm4k.transformer.model1.npz
[2026-03-17 15:38:14] Saving Adam parameters
[2026-03-17 15:38:16] [training] Saving training checkpoint to /workspace/OPUS-MT-train/work/ckb-en/curated-floresdev.spm4k-spm4k.transformer.model1.npz and /workspace/OPUS-MT-train/work/ckb-en/curated-floresdev.spm4k-spm4k.transformer.model1.npz.optimizer.npz
[2026-03-17 15:38:19] Translating validation set...
[2026-03-17 15:38:20] Best translation 0 : ▁This ▁concept ▁comes ▁from ▁ancient ▁a c qu a in t ance ▁from ▁an ▁in s er t ▁mo s qui to , ▁where ▁mo s qui to es ▁are ▁very ▁ su it able ▁for ▁prevent ion ▁of ▁human s .
[2026-03-17 15:38:20] Best translation 1 : ▁The ▁Mu m ba i ▁attack ers ▁arrived ▁by ▁ bo at s ▁on ▁November ▁2 6 , ▁ 200 8 , ▁carrying ▁gr en ad es ▁and ▁auto ma tic ▁weapons , ▁target ing ▁several ▁target s , ▁including ▁the ▁Shi va ji ▁Cha ra pa t ▁Te m ine o ▁Tra in ing ▁St ation ▁and ▁the ▁famous ▁Ta j ▁Mah al ▁Hotel .
[2026-03-17 15:38:20] Best translation 2 : ▁The ▁search ▁was ▁sp o il ed ▁due ▁to ▁the ▁same ▁bad ▁weather ▁that ▁led ▁to ▁the ▁break d own ▁of ▁the ▁land .
[2026-03-17 15:38:20] Best translation 3 : ▁The ▁AC M A ▁was ▁also ▁found ed ▁in ▁addition ▁to ▁the ▁video ▁was ▁air ed ▁on ▁the ▁Internet , ▁and ▁Bi g ▁Bra z er ▁did ▁not ▁violate ▁the ▁on line ▁ s ur ve ill ance ▁law ▁as ▁the ▁media ▁was ▁not ▁store d ▁on ▁Bi g ▁Bra z er ' s ▁website .
[2026-03-17 15:38:20] Best translation 4 : ▁There ▁was ▁a ▁we ak er ▁army ▁and ▁the ▁water ▁army ▁was ▁we ak er , ▁although ▁they ▁were ▁built ▁for ▁new ▁ ba tter ies ▁before ▁the ▁beginning ▁of ▁the ▁war .
[2026-03-17 15:38:20] Best translation 5 : ▁His ▁second ▁goal ▁of ▁the ▁night ▁was ▁the ▁sixth ▁goal ▁of ▁the ▁season , ▁be coming ▁the ▁first ▁player ▁to ▁score ▁ 60 ▁goals ▁or ▁more ▁in ▁a ▁season ▁since ▁19 9 5 - 9 6 , ▁each ▁reached ▁this ▁stage .
[2026-03-17 15:38:20] Best translation 10 : ▁B lo o d ▁travel s ▁through ▁the ▁art er y ▁ ner ve ▁and ▁comes ▁back ▁to ▁the ▁heart ▁from ▁the ▁read er ' s ▁ ner ve . ▁The ▁small est ▁ ner ve s ▁are ▁called ▁ ner ve .
[2026-03-17 15:38:20] Best translation 20 : ▁Con s tru ction ▁can ▁both ▁be ▁real . ▁In ▁other ▁word s , ▁the ▁teacher ▁is ▁a ▁ gen u ine ▁ style , ▁but ▁his ▁young ▁man ▁is ▁also ▁the ▁sub s ti tu tion ▁of ▁the ▁Mi c ro so ft ▁O ff ic ial ▁paper .
[2026-03-17 15:38:20] Best translation 40 : ▁The ▁demonstration ▁began ▁around ▁11 : 00 ▁local ▁time ▁( U T C <0x2B> 1 ) ▁in ▁W y o ol ▁ op po s ite ▁the ▁g ate way ▁to ▁the ▁D own ing ▁Street , ▁the ▁official ▁residence ▁of ▁the ▁prime ▁minister .
[2026-03-17 15:38:21] Best translation 80 : ▁The ▁ s y mp t om ▁was ▁not ▁physical ly ▁harm ful ; ▁The ▁mo d ification ▁was ▁made ▁using ▁black ▁ tar po ol s ▁that ▁were ▁de c or ated ▁with ▁sign s ▁of ▁peace ▁and ▁heart ▁to ▁con ver t ▁" O " ▁to ▁be ▁read ▁as ▁small ▁letter s ▁of ▁e .
[2026-03-17 15:38:23] Best translation 160 : ▁People ▁d ra gg ed ▁chair s ▁to ▁win d ow s ▁but ▁the ▁win d ow s ▁did ▁not ▁break .
[2026-03-17 15:38:25] Best translation 320 : ▁After ▁ma pp ing ▁the ▁b ot t om ▁of ▁the ▁broke n ▁sea , ▁it ▁was ▁found ▁using ▁R O V .
[2026-03-17 15:38:30] Best translation 640 : ▁Japan ▁has ▁about ▁7 , 000 ▁is land s ▁( H un sh ▁is ▁the ▁largest , ▁making ▁Japan ▁the ▁seventh ▁largest ▁is land ▁in ▁the ▁world !
[2026-03-17 15:38:39] Best translation 1280 : ▁The ▁bus es ▁leave ▁the ▁district s ▁( le ft ▁over ▁the ▁river ) ▁throughout ▁the ▁day , ▁although ▁most ▁of ▁them , ▁especially ▁those ▁head ▁to ▁the ▁ east ▁and ▁Ja kar / B um tan g ▁between ▁6 : 30 ▁hours ▁and ▁7 : 30 ▁hours .
[2026-03-17 15:38:50] Total translation time: 31.34065s
[2026-03-17 15:38:50] Saving model weights and runtime parameters to /workspace/OPUS-MT-train/work/ckb-en/curated-floresdev.spm4k-spm4k.transformer.model1.npz.best-bleu.npz
[2026-03-17 15:38:52] [valid] Ep. 49 : Up. 62000 : bleu : 30.0312 : new best
[2026-03-17 15:38:52] Translating validation set...
[2026-03-17 15:38:52] Best translation 0 : ▁This ▁concept ▁comes ▁from ▁ancient ▁a c qu a in t ance ▁from ▁an ▁in s er t ▁mo s qui to , ▁where ▁mo s qui to es ▁are ▁very ▁ su it able ▁for ▁prevent ion ▁of ▁human s .
[2026-03-17 15:38:52] Best translation 1 : ▁The ▁Mu m ba i ▁attack ers ▁arrived ▁by ▁ bo at s ▁on ▁November ▁2 6 , ▁ 200 8 , ▁carrying ▁gr en ad es ▁and ▁auto ma tic ▁weapons , ▁target ing ▁several ▁target s , ▁including ▁the ▁Shi va ji ▁Cha ra pa t ▁Te m ine o ▁Tra in ing ▁St ation ▁and ▁the ▁famous ▁Ta j ▁Mah al ▁Hotel .
[2026-03-17 15:38:53] Best translation 2 : ▁The ▁search ▁was ▁sp o il ed ▁due ▁to ▁the ▁same ▁bad ▁weather ▁that ▁led ▁to ▁the ▁break d own ▁of ▁the ▁land .
[2026-03-17 15:38:53] Best translation 3 : ▁The ▁AC M A ▁was ▁also ▁found ed ▁in ▁addition ▁to ▁the ▁video ▁was ▁air ed ▁on ▁the ▁Internet , ▁and ▁Bi g ▁Bra z er ▁did ▁not ▁violate ▁the ▁on line ▁ s ur ve ill ance ▁law ▁as ▁the ▁media ▁was ▁not ▁store d ▁on ▁Bi g ▁Bra z er ' s ▁website .
[2026-03-17 15:38:53] Best translation 4 : ▁There ▁was ▁a ▁we ak er ▁army ▁and ▁the ▁water ▁army ▁was ▁we ak er , ▁although ▁they ▁were ▁built ▁for ▁new ▁ ba tter ies ▁before ▁the ▁beginning ▁of ▁the ▁war .
[2026-03-17 15:38:53] Best translation 5 : ▁His ▁second ▁goal ▁of ▁the ▁night ▁was ▁the ▁sixth ▁goal ▁of ▁the ▁season , ▁be coming ▁the ▁first ▁player ▁to ▁score ▁ 60 ▁goals ▁or ▁more ▁in ▁a ▁season ▁since ▁19 9 5 - 9 6 , ▁each ▁reached ▁this ▁stage .
[2026-03-17 15:38:53] Best translation 10 : ▁B lo o d ▁travel s ▁through ▁the ▁art er y ▁ ner ve ▁and ▁comes ▁back ▁to ▁the ▁heart ▁from ▁the ▁read er ' s ▁ ner ve . ▁The ▁small est ▁ ner ve s ▁are ▁called ▁ ner ve .
[2026-03-17 15:38:53] Best translation 20 : ▁Con s tru ction ▁can ▁both ▁be ▁real . ▁In ▁other ▁word s , ▁the ▁teacher ▁is ▁a ▁ gen u ine ▁ style , ▁but ▁his ▁young ▁man ▁is ▁also ▁the ▁sub s ti tu tion ▁of ▁the ▁Mi c ro so ft ▁O ff ic ial ▁paper .
[2026-03-17 15:38:53] Best translation 40 : ▁The ▁demonstration ▁began ▁around ▁11 : 00 ▁local ▁time ▁( U T C <0x2B> 1 ) ▁in ▁W y o ol ▁ op po s ite ▁the ▁g ate way ▁to ▁the ▁D own ing ▁Street , ▁the ▁official ▁residence ▁of ▁the ▁prime ▁minister .
[2026-03-17 15:38:53] Best translation 80 : ▁The ▁ s y mp t om ▁was ▁not ▁physical ly ▁harm ful ; ▁The ▁mo d ification ▁was ▁made ▁using ▁black ▁ tar po ol s ▁that ▁were ▁de c or ated ▁with ▁sign s ▁of ▁peace ▁and ▁heart ▁to ▁con ver t ▁" O " ▁to ▁be ▁read ▁as ▁small ▁letter s ▁of ▁e .
[2026-03-17 15:38:55] Best translation 160 : ▁People ▁d ra gg ed ▁chair s ▁to ▁win d ow s ▁but ▁the ▁win d ow s ▁did ▁not ▁break .
[2026-03-17 15:38:58] Best translation 320 : ▁After ▁ma pp ing ▁the ▁b ot t om ▁of ▁the ▁broke n ▁sea , ▁it ▁was ▁found ▁using ▁R O V .
[2026-03-17 15:39:03] Best translation 640 : ▁Japan ▁has ▁about ▁7 , 000 ▁is land s ▁( H un sh ▁is ▁the ▁largest , ▁making ▁Japan ▁the ▁seventh ▁largest ▁is land ▁in ▁the ▁world !
[2026-03-17 15:39:13] Best translation 1280 : ▁The ▁bus es ▁leave ▁the ▁district s ▁( le ft ▁over ▁the ▁river ) ▁throughout ▁the ▁day , ▁although ▁most ▁of ▁them , ▁especially ▁those ▁head ▁to ▁the ▁ east ▁and ▁Ja kar / B um tan g ▁between ▁6 : 30 ▁hours ▁and ▁7 : 30 ▁hours .
[2026-03-17 15:39:25] Total translation time: 32.89222s
[2026-03-17 15:39:25] [valid] Ep. 49 : Up. 62000 : chrf : 56.5954 : stalled 3 times (last best: 56.6279)
[2026-03-17 15:39:26] [valid] Ep. 49 : Up. 62000 : perplexity : 7.49258 : stalled 19 times (last best: 7.06809)
[2026-03-17 15:40:23] Seen 310,206 samples
[2026-03-17 15:40:23] Starting data epoch 50 in logical epoch 50
[2026-03-17 15:41:57] Ep. 50 : Up. 63000 : Sen. 152,832 : Cost 1.64161384 * 9,822,510 @ 9,835 after 617,969,043 : Time 225.08s : 43639.49 words/s : gNorm 0.6805 : L.r. 1.5119e-04
[2026-03-17 15:41:57] Saving model weights and runtime parameters to /workspace/OPUS-MT-train/work/ckb-en/curated-floresdev.spm4k-spm4k.transformer.model1.npz
[2026-03-17 15:41:59] Saving Adam parameters
[2026-03-17 15:42:01] [training] Saving training checkpoint to /workspace/OPUS-MT-train/work/ckb-en/curated-floresdev.spm4k-spm4k.transformer.model1.npz and /workspace/OPUS-MT-train/work/ckb-en/curated-floresdev.spm4k-spm4k.transformer.model1.npz.optimizer.npz
[2026-03-17 15:42:04] Translating validation set...
[2026-03-17 15:42:05] Best translation 0 : ▁This ▁concept ▁comes ▁from ▁ancient ▁a c qu a in t ance ▁from ▁an ▁in s er t ▁mo s qui to , ▁where ▁mo s qui to es ▁are ▁very ▁ su it able ▁for ▁prevent ion ▁of ▁human s .
[2026-03-17 15:42:05] Best translation 1 : ▁The ▁Mu m ba i ▁attack ers ▁ bo at s ▁arrived ▁on ▁November ▁2 6 , ▁ 200 8 , ▁carrying ▁gr en ad es ▁and ▁auto ma tic ▁weapons , ▁target ing ▁several ▁target s , ▁including ▁the ▁S chi va rian ▁Cha ra pa t ▁Te re min o ▁Tra in ing ▁St ation ▁and ▁the ▁famous ▁Ta j ▁Mah al ▁Hotel .
[2026-03-17 15:42:05] Best translation 2 : ▁The ▁search ▁was ▁sp o il ed ▁due ▁to ▁the ▁same ▁bad ▁weather ▁that ▁led ▁to ▁the ▁break d own ▁of ▁the ▁land .
[2026-03-17 15:42:05] Best translation 3 : ▁The ▁AC M A ▁was ▁also ▁found ed ▁in ▁addition ▁to ▁the ▁video ▁was ▁air ed ▁on ▁the ▁Internet , ▁and ▁Bi g ▁Bra z er ▁did ▁not ▁violate ▁the ▁on line ▁ s ur ve ill ance ▁law ▁as ▁the ▁media ▁was ▁not ▁store d ▁on ▁Bi g ▁Bra z er ' s ▁website .
[2026-03-17 15:42:05] Best translation 4 : ▁There ▁was ▁a ▁we ak er ▁army ▁and ▁the ▁water ▁army ▁was ▁we ak er , ▁although ▁they ▁were ▁built ▁for ▁new ▁ ba tter ies ▁before ▁the ▁beginning ▁of ▁the ▁war .
[2026-03-17 15:42:05] Best translation 5 : ▁His ▁second ▁goal ▁of ▁the ▁night ▁was ▁the ▁ 60 th ▁goal ▁of ▁the ▁season , ▁be coming ▁the ▁first ▁player ▁to ▁score ▁ 60 ▁goals ▁or ▁more ▁in ▁a ▁season ▁since ▁19 9 5 - 9 6 , ▁each ▁with ▁Ya r mo ir ▁Ya ng er ▁and ▁Ma ri o ▁Li mi u ▁each ▁reach ing ▁this ▁stage .
[2026-03-17 15:42:06] Best translation 10 : ▁B lo o d ▁through ▁the ▁art er y ▁ ner ve ▁and ▁comes ▁back ▁to ▁the ▁heart ▁from ▁the ▁read er ' s ▁ ner ve . ▁The ▁small est ▁ ner ve s ▁are ▁called ▁ ner ve .
[2026-03-17 15:42:06] Best translation 20 : ▁Con s tru ction ▁can ▁both ▁be ▁real . ▁In ▁other ▁word s , ▁the ▁teacher ▁is ▁a ▁ gen u ine ▁ style , ▁but ▁his ▁young est ▁man ▁is ▁a ▁Mi c ro so ft ▁paper ▁connect or .
[2026-03-17 15:42:06] Best translation 40 : ▁The ▁demonstration ▁began ▁around ▁11 : 00 ▁local ▁time ▁( U T C <0x2B> 1 ) ▁in ▁W y o ol ▁ op po s ite ▁the ▁g ate way ▁to ▁the ▁D own ing ▁Street , ▁the ▁official ▁residence ▁of ▁the ▁prime ▁minister .
[2026-03-17 15:42:06] Best translation 80 : ▁The ▁ s y mp t om ▁was ▁not ▁physical ly ▁harm ful ; ▁The ▁mo d ification ▁was ▁made ▁using ▁black ▁ tar po li na ▁which ▁was ▁de c or ated ▁with ▁sign s ▁of ▁peace ▁and ▁heart ▁to ▁con ver t ▁" O " ▁to ▁be ▁read ▁as ▁small ▁letter s ▁of ▁e .
[2026-03-17 15:42:08] Best translation 160 : ▁People ▁d ra gg ed ▁chair s ▁to ▁win d ow s ▁but ▁the ▁win d ow s ▁did ▁not ▁break .
[2026-03-17 15:42:11] Best translation 320 : ▁Follow ing ▁the ▁design ▁of ▁the ▁broke n ▁sea ▁base , ▁it ▁was ▁found ▁using ▁R O V .
[2026-03-17 15:42:15] Best translation 640 : ▁Japan ▁has ▁about ▁7 , 000 ▁is land s ▁( H un sh ▁is ▁the ▁largest , ▁making ▁Japan ▁the ▁seventh ▁largest ▁is land ▁in ▁the ▁world !
[2026-03-17 15:42:25] Best translation 1280 : ▁The ▁bus es ▁leave ▁the ▁district s ▁( le ft ▁over ▁the ▁river ) ▁throughout ▁the ▁day , ▁although ▁most ▁of ▁them , ▁especially ▁those ▁head ▁to ▁the ▁ east ▁and ▁Ja kar / B um tan g ▁between ▁6 : 30 ▁hours ▁and ▁7 : 30 ▁hours .
[2026-03-17 15:42:36] Total translation time: 31.99619s
[2026-03-17 15:42:36] Saving model weights and runtime parameters to /workspace/OPUS-MT-train/work/ckb-en/curated-floresdev.spm4k-spm4k.transformer.model1.npz.best-bleu.npz
[2026-03-17 15:42:38] [valid] Ep. 50 : Up. 63000 : bleu : 30.0824 : new best
[2026-03-17 15:42:38] Translating validation set...
[2026-03-17 15:42:38] Best translation 0 : ▁This ▁concept ▁comes ▁from ▁ancient ▁a c qu a in t ance ▁from ▁an ▁in s er t ▁mo s qui to , ▁where ▁mo s qui to es ▁are ▁very ▁ su it able ▁for ▁prevent ion ▁of ▁human s .
[2026-03-17 15:42:38] Best translation 1 : ▁The ▁Mu m ba i ▁attack ers ▁ bo at s ▁arrived ▁on ▁November ▁2 6 , ▁ 200 8 , ▁carrying ▁gr en ad es ▁and ▁auto ma tic ▁weapons , ▁target ing ▁several ▁target s , ▁including ▁the ▁S chi va rian ▁Cha ra pa t ▁Te re min o ▁Tra in ing ▁St ation ▁and ▁the ▁famous ▁Ta j ▁Mah al ▁Hotel .
[2026-03-17 15:42:39] Best translation 2 : ▁The ▁search ▁was ▁sp o il ed ▁due ▁to ▁the ▁same ▁bad ▁weather ▁that ▁led ▁to ▁the ▁break d own ▁of ▁the ▁land .
[2026-03-17 15:42:39] Best translation 3 : ▁The ▁AC M A ▁was ▁also ▁found ed ▁in ▁addition ▁to ▁the ▁video ▁was ▁air ed ▁on ▁the ▁Internet , ▁and ▁Bi g ▁Bra z er ▁did ▁not ▁violate ▁the ▁on line ▁ s ur ve ill ance ▁law ▁as ▁the ▁media ▁was ▁not ▁store d ▁on ▁Bi g ▁Bra z er ' s ▁website .
[2026-03-17 15:42:39] Best translation 4 : ▁There ▁was ▁a ▁we ak er ▁army ▁and ▁the ▁water ▁army ▁was ▁we ak er , ▁although ▁they ▁were ▁built ▁for ▁new ▁ ba tter ies ▁before ▁the ▁beginning ▁of ▁the ▁war .
[2026-03-17 15:42:39] Best translation 5 : ▁His ▁second ▁goal ▁of ▁the ▁night ▁was ▁the ▁ 60 th ▁goal ▁of ▁the ▁season , ▁be coming ▁the ▁first ▁player ▁to ▁score ▁ 60 ▁goals ▁or ▁more ▁in ▁a ▁season ▁since ▁19 9 5 - 9 6 , ▁each ▁with ▁Ya r mo ir ▁Ya ng er ▁and ▁Ma ri o ▁Li mi u ▁each ▁reach ing ▁this ▁stage .
[2026-03-17 15:42:39] Best translation 10 : ▁B lo o d ▁through ▁the ▁art er y ▁ ner ve ▁and ▁comes ▁back ▁to ▁the ▁heart ▁from ▁the ▁read er ' s ▁ ner ve . ▁The ▁small est ▁ ner ve s ▁are ▁called ▁ ner ve .
[2026-03-17 15:42:39] Best translation 20 : ▁Con s tru ction ▁can ▁both ▁be ▁real . ▁In ▁other ▁word s , ▁the ▁teacher ▁is ▁a ▁ gen u ine ▁ style , ▁but ▁his ▁young est ▁man ▁is ▁a ▁Mi c ro so ft ▁paper ▁connect or .
[2026-03-17 15:42:39] Best translation 40 : ▁The ▁demonstration ▁began ▁around ▁11 : 00 ▁local ▁time ▁( U T C <0x2B> 1 ) ▁in ▁W y o ol ▁ op po s ite ▁the ▁g ate way ▁to ▁the ▁D own ing ▁Street , ▁the ▁official ▁residence ▁of ▁the ▁prime ▁minister .
[2026-03-17 15:42:39] Best translation 80 : ▁The ▁ s y mp t om ▁was ▁not ▁physical ly ▁harm ful ; ▁The ▁mo d ification ▁was ▁made ▁using ▁black ▁ tar po li na ▁which ▁was ▁de c or ated ▁with ▁sign s ▁of ▁peace ▁and ▁heart ▁to ▁con ver t ▁" O " ▁to ▁be ▁read ▁as ▁small ▁letter s ▁of ▁e .
[2026-03-17 15:42:41] Best translation 160 : ▁People ▁d ra gg ed ▁chair s ▁to ▁win d ow s ▁but ▁the ▁win d ow s ▁did ▁not ▁break .
[2026-03-17 15:42:44] Best translation 320 : ▁Follow ing ▁the ▁design ▁of ▁the ▁broke n ▁sea ▁base , ▁it ▁was ▁found ▁using ▁R O V .
[2026-03-17 15:42:49] Best translation 640 : ▁Japan ▁has ▁about ▁7 , 000 ▁is land s ▁( H un sh ▁is ▁the ▁largest , ▁making ▁Japan ▁the ▁seventh ▁largest ▁is land ▁in ▁the ▁world !
[2026-03-17 15:42:59] Best translation 1280 : ▁The ▁bus es ▁leave ▁the ▁district s ▁( le ft ▁over ▁the ▁river ) ▁throughout ▁the ▁day , ▁although ▁most ▁of ▁them , ▁especially ▁those ▁head ▁to ▁the ▁ east ▁and ▁Ja kar / B um tan g ▁between ▁6 : 30 ▁hours ▁and ▁7 : 30 ▁hours .
[2026-03-17 15:43:11] Total translation time: 32.91191s
[2026-03-17 15:43:11] Saving model weights and runtime parameters to /workspace/OPUS-MT-train/work/ckb-en/curated-floresdev.spm4k-spm4k.transformer.model1.npz.best-chrf.npz
[2026-03-17 15:43:12] [valid] Ep. 50 : Up. 63000 : chrf : 56.6381 : new best
[2026-03-17 15:43:14] [valid] Ep. 50 : Up. 63000 : perplexity : 7.52486 : stalled 20 times (last best: 7.06809)
[2026-03-17 15:44:51] Seen 310,206 samples
[2026-03-17 15:44:51] Starting data epoch 51 in logical epoch 51
[2026-03-17 15:45:44] Ep. 51 : Up. 64000 : Sen. 85,668 : Cost 1.63582158 * 9,802,915 @ 11,653 after 627,771,958 : Time 226.80s : 43222.23 words/s : gNorm 0.6673 : L.r. 1.5000e-04
[2026-03-17 15:45:44] Saving model weights and runtime parameters to /workspace/OPUS-MT-train/work/ckb-en/curated-floresdev.spm4k-spm4k.transformer.model1.npz
[2026-03-17 15:45:46] Saving Adam parameters
[2026-03-17 15:45:48] [training] Saving training checkpoint to /workspace/OPUS-MT-train/work/ckb-en/curated-floresdev.spm4k-spm4k.transformer.model1.npz and /workspace/OPUS-MT-train/work/ckb-en/curated-floresdev.spm4k-spm4k.transformer.model1.npz.optimizer.npz
[2026-03-17 15:45:51] Translating validation set...
[2026-03-17 15:45:51] Best translation 0 : ▁This ▁concept ▁ fa mi li ar ity ▁comes ▁from ▁the ▁ancient ▁a c qu a in t ance ▁of ▁the ▁a b s or p tion ▁mo s qui to , ▁which ▁are ▁very ▁ su it able ▁for ▁prevent ion ▁of ▁human s .
[2026-03-17 15:45:51] Best translation 1 : ▁The ▁Mu m ba i ▁attack ers ▁ bo at s ▁arrived ▁on ▁November ▁2 6 , ▁ 200 8 , ▁carrying ▁gr en ad es ▁and ▁auto ma tic ▁weapons , ▁target ing ▁several ▁target s , ▁including ▁the ▁Shi va ji ▁Cha ra pa t ▁Te m ine o ▁Tra in ing ▁St ation ▁and ▁the ▁famous ▁Ta j ▁Mah al ▁Hotel .
[2026-03-17 15:45:52] Best translation 2 : ▁The ▁search ▁was ▁sp o il ed ▁due ▁to ▁the ▁same ▁bad ▁weather ▁that ▁led ▁to ▁the ▁break d own ▁of ▁the ▁land .
[2026-03-17 15:45:52] Best translation 3 : ▁The ▁AC M A ▁was ▁also ▁found ed ▁in ▁addition ▁to ▁the ▁video ▁was ▁air ed ▁on ▁the ▁Internet , ▁and ▁Bi g ▁Bra z er ▁did ▁not ▁violate ▁the ▁on line ▁ s ur ve ill ance ▁law ▁as ▁the ▁media ▁was ▁not ▁store d ▁on ▁Bi g ▁Bra z er ' s ▁website .
[2026-03-17 15:45:52] Best translation 4 : ▁There ▁was ▁a ▁we ak er ▁army ▁and ▁the ▁water ▁army ▁was ▁we ak er , ▁although ▁they ▁were ▁built ▁for ▁new ▁ ba tter ies ▁before ▁the ▁beginning ▁of ▁the ▁war .
[2026-03-17 15:45:52] Best translation 5 : ▁His ▁second ▁goal ▁of ▁the ▁night ▁was ▁the ▁ 60 th ▁goal ▁of ▁the ▁season , ▁be coming ▁the ▁first ▁player ▁to ▁score ▁ 60 ▁goals ▁or ▁more ▁in ▁a ▁season ▁since ▁19 9 5 - 9 6 , ▁each ▁with ▁Ya r mo ir ▁Ya ng er ▁and ▁Ma ri o ▁Li mi u ▁each ▁reach ing ▁this ▁stage .
[2026-03-17 15:45:52] Best translation 10 : ▁B lo o d ▁through ▁the ▁art er y ▁ ner ve ▁and ▁comes ▁back ▁to ▁the ▁heart ▁from ▁the ▁read er ' s ▁ ner ve . ▁The ▁small est ▁ ner ve s ▁are ▁called ▁ ner ve .
[2026-03-17 15:45:52] Best translation 20 : ▁Con s tru ction ▁can ▁be ▁both ▁real ▁and ▁real . ▁In ▁other ▁word s , ▁the ▁teacher ▁is ▁a ▁com ple x ▁ style , ▁but ▁his ▁small ▁man ▁is ▁also ▁a ▁sub s ti tu tion ▁of ▁the ▁Mi c ro so ft ▁O ff ic ial ▁paper .
[2026-03-17 15:45:52] Best translation 40 : ▁The ▁demonstration ▁began ▁around ▁11 : 00 ▁local ▁time ▁( U T C <0x2B> 1 ) ▁in ▁W y o ol ▁ op po s ite ▁the ▁g ate way ▁to ▁the ▁D own ing ▁Street , ▁the ▁official ▁residence ▁of ▁the ▁Prime ▁Minister .
[2026-03-17 15:45:53] Best translation 80 : ▁The ▁ s y mp t om ▁was ▁not ▁physical ly ▁harm ful ; ▁The ▁mo d ification ▁was ▁made ▁using ▁black ▁ tar po li na ▁which ▁was ▁de c or ated ▁with ▁sign s ▁of ▁peace ▁and ▁heart ▁to ▁con ver t ▁" O " ▁to ▁be ▁read ▁as ▁small ▁letter s ▁of ▁e .
[2026-03-17 15:45:55] Best translation 160 : ▁People ▁d ra gg ed ▁chair s ▁to ▁win d ow s ▁but ▁the ▁win d ow s ▁did ▁not ▁break .
[2026-03-17 15:45:57] Best translation 320 : ▁Follow ing ▁the ▁design ▁of ▁the ▁broke n ▁sea ▁base , ▁it ▁was ▁found ▁using ▁R O V .
[2026-03-17 15:46:02] Best translation 640 : ▁Japan ▁has ▁about ▁7 , 000 ▁is land s ▁( H un sh ▁is ▁the ▁largest , ▁making ▁Japan ▁the ▁seventh ▁largest ▁is land ▁in ▁the ▁world !
[2026-03-17 15:46:11] Best translation 1280 : ▁The ▁bus es ▁leave ▁the ▁district s ▁( le ft ▁over ▁the ▁river ) ▁throughout ▁the ▁day , ▁although ▁most ▁of ▁them , ▁especially ▁those ▁head ▁to ▁the ▁ east ▁and ▁Ja kar / B um tan g ▁between ▁6 : 30 ▁pm ▁and ▁7 : 30 ▁pm .
[2026-03-17 15:46:22] Total translation time: 31.46197s
[2026-03-17 15:46:22] Saving model weights and runtime parameters to /workspace/OPUS-MT-train/work/ckb-en/curated-floresdev.spm4k-spm4k.transformer.model1.npz.best-bleu.npz
[2026-03-17 15:46:23] [valid] Ep. 51 : Up. 64000 : bleu : 30.1154 : new best
[2026-03-17 15:46:23] Translating validation set...
[2026-03-17 15:46:24] Best translation 0 : ▁This ▁concept ▁ fa mi li ar ity ▁comes ▁from ▁the ▁ancient ▁a c qu a in t ance ▁of ▁the ▁a b s or p tion ▁mo s qui to , ▁which ▁are ▁very ▁ su it able ▁for ▁prevent ion ▁of ▁human s .
[2026-03-17 15:46:24] Best translation 1 : ▁The ▁Mu m ba i ▁attack ers ▁ bo at s ▁arrived ▁on ▁November ▁2 6 , ▁ 200 8 , ▁carrying ▁gr en ad es ▁and ▁auto ma tic ▁weapons , ▁target ing ▁several ▁target s , ▁including ▁the ▁Shi va ji ▁Cha ra pa t ▁Te m ine o ▁Tra in ing ▁St ation ▁and ▁the ▁famous ▁Ta j ▁Mah al ▁Hotel .
[2026-03-17 15:46:25] Best translation 2 : ▁The ▁search ▁was ▁sp o il ed ▁due ▁to ▁the ▁same ▁bad ▁weather ▁that ▁led ▁to ▁the ▁break d own ▁of ▁the ▁land .
[2026-03-17 15:46:25] Best translation 3 : ▁The ▁AC M A ▁was ▁also ▁found ed ▁in ▁addition ▁to ▁the ▁video ▁was ▁air ed ▁on ▁the ▁Internet , ▁and ▁Bi g ▁Bra z er ▁did ▁not ▁violate ▁the ▁on line ▁ s ur ve ill ance ▁law ▁as ▁the ▁media ▁was ▁not ▁store d ▁on ▁Bi g ▁Bra z er ' s ▁website .
[2026-03-17 15:46:25] Best translation 4 : ▁There ▁was ▁a ▁we ak er ▁army ▁and ▁the ▁water ▁army ▁was ▁we ak er , ▁although ▁they ▁were ▁built ▁for ▁new ▁ ba tter ies ▁before ▁the ▁beginning ▁of ▁the ▁war .
[2026-03-17 15:46:25] Best translation 5 : ▁His ▁second ▁goal ▁of ▁the ▁night ▁was ▁the ▁ 60 th ▁goal ▁of ▁the ▁season , ▁be coming ▁the ▁first ▁player ▁to ▁score ▁ 60 ▁goals ▁or ▁more ▁in ▁a ▁season ▁since ▁19 9 5 - 9 6 , ▁each ▁with ▁Ya r mo ir ▁Ya ng er ▁and ▁Ma ri o ▁Li mi u ▁each ▁reach ing ▁this ▁stage .
[2026-03-17 15:46:25] Best translation 10 : ▁B lo o d ▁through ▁the ▁art er y ▁ ner ve ▁and ▁comes ▁back ▁to ▁the ▁heart ▁from ▁the ▁read er ' s ▁ ner ve . ▁The ▁small est ▁ ner ve s ▁are ▁called ▁ ner ve .
[2026-03-17 15:46:25] Best translation 20 : ▁Con s tru ction ▁can ▁be ▁both ▁real ▁and ▁real . ▁In ▁other ▁word s , ▁the ▁teacher ▁is ▁a ▁com ple x ▁ style , ▁but ▁his ▁small ▁man ▁is ▁also ▁a ▁sub s ti tu tion ▁of ▁the ▁Mi c ro so ft ▁O ff ic ial ▁paper .
[2026-03-17 15:46:25] Best translation 40 : ▁The ▁demonstration ▁began ▁around ▁11 : 00 ▁local ▁time ▁( U T C <0x2B> 1 ) ▁in ▁W y o ol ▁ op po s ite ▁the ▁g ate way ▁to ▁the ▁D own ing ▁Street , ▁the ▁official ▁residence ▁of ▁the ▁Prime ▁Minister .
[2026-03-17 15:46:25] Best translation 80 : ▁The ▁ s y mp t om ▁was ▁not ▁physical ly ▁harm ful ; ▁The ▁mo d ification ▁was ▁made ▁using ▁black ▁ tar po li na ▁which ▁was ▁de c or ated ▁with ▁sign s ▁of ▁peace ▁and ▁heart ▁to ▁con ver t ▁" O " ▁to ▁be ▁read ▁as ▁small ▁letter s ▁of ▁e .
[2026-03-17 15:46:27] Best translation 160 : ▁People ▁d ra gg ed ▁chair s ▁to ▁win d ow s ▁but ▁the ▁win d ow s ▁did ▁not ▁break .
[2026-03-17 15:46:30] Best translation 320 : ▁Follow ing ▁the ▁design ▁of ▁the ▁broke n ▁sea ▁base , ▁it ▁was ▁found ▁using ▁R O V .
[2026-03-17 15:46:35] Best translation 640 : ▁Japan ▁has ▁about ▁7 , 000 ▁is land s ▁( H un sh ▁is ▁the ▁largest , ▁making ▁Japan ▁the ▁seventh ▁largest ▁is land ▁in ▁the ▁world !
[2026-03-17 15:46:45] Best translation 1280 : ▁The ▁bus es ▁leave ▁the ▁district s ▁( le ft ▁over ▁the ▁river ) ▁throughout ▁the ▁day , ▁although ▁most ▁of ▁them , ▁especially ▁those ▁head ▁to ▁the ▁ east ▁and ▁Ja kar / B um tan g ▁between ▁6 : 30 ▁pm ▁and ▁7 : 30 ▁pm .
[2026-03-17 15:46:56] Total translation time: 32.76316s
[2026-03-17 15:46:56] Saving model weights and runtime parameters to /workspace/OPUS-MT-train/work/ckb-en/curated-floresdev.spm4k-spm4k.transformer.model1.npz.best-chrf.npz
[2026-03-17 15:46:57] [valid] Ep. 51 : Up. 64000 : chrf : 56.6711 : new best
[2026-03-17 15:46:59] [valid] Ep. 51 : Up. 64000 : perplexity : 7.55614 : stalled 21 times (last best: 7.06809)
[2026-03-17 15:49:18] Seen 310,206 samples
[2026-03-17 15:49:18] Starting data epoch 52 in logical epoch 52
[2026-03-17 15:49:30] Ep. 52 : Up. 65000 : Sen. 21,391 : Cost 1.63135743 * 9,799,709 @ 9,901 after 637,571,667 : Time 225.77s : 43405.37 words/s : gNorm 0.6845 : L.r. 1.4884e-04
[2026-03-17 15:49:30] Saving model weights and runtime parameters to /workspace/OPUS-MT-train/work/ckb-en/curated-floresdev.spm4k-spm4k.transformer.model1.npz
[2026-03-17 15:49:31] Saving Adam parameters
[2026-03-17 15:49:33] [training] Saving training checkpoint to /workspace/OPUS-MT-train/work/ckb-en/curated-floresdev.spm4k-spm4k.transformer.model1.npz and /workspace/OPUS-MT-train/work/ckb-en/curated-floresdev.spm4k-spm4k.transformer.model1.npz.optimizer.npz
[2026-03-17 15:49:37] Translating validation set...
[2026-03-17 15:49:37] Best translation 0 : ▁This ▁concept ▁comes ▁from ▁ancient ▁a c qu a in t ance ▁from ▁an ▁in s ect ▁mo s qui to , ▁where ▁mo s qui to es ▁are ▁very ▁ su it able ▁for ▁prevent ion ▁of ▁human s .
[2026-03-17 15:49:37] Best translation 1 : ▁The ▁Mu m ba i ▁attack ers ▁ bo at s ▁arrived ▁on ▁November ▁2 6 , ▁ 200 8 , ▁carrying ▁gr en ad es ▁and ▁auto ma tic ▁weapons , ▁target ing ▁several ▁target s , ▁including ▁the ▁Che v ro le t ▁Cha mp ag ne ▁Tra in ing ▁St ation ▁and ▁the ▁famous ▁Ta j ▁Mah al ▁Hotel .
[2026-03-17 15:49:38] Best translation 2 : ▁The ▁search ▁was ▁sp o il ed ▁due ▁to ▁the ▁same ▁bad ▁weather ▁that ▁led ▁to ▁the ▁break d own ▁of ▁the ▁land .
[2026-03-17 15:49:38] Best translation 3 : ▁The ▁AC M A ▁was ▁also ▁found ed ▁in ▁addition ▁to ▁the ▁video ▁was ▁air ed ▁on ▁the ▁Internet , ▁and ▁Bi g ▁Bra z er ▁did ▁not ▁violate ▁the ▁on line ▁ s ur ve ill ance ▁law ▁as ▁the ▁media ▁was ▁not ▁store d ▁on ▁Bi g ▁Bra z er ' s ▁website .
[2026-03-17 15:49:38] Best translation 4 : ▁There ▁was ▁a ▁we ak er ▁army ▁and ▁the ▁water ▁army ▁was ▁we ak er , ▁although ▁they ▁were ▁built ▁for ▁new ▁ ba tter ies ▁before ▁the ▁beginning ▁of ▁the ▁war .
[2026-03-17 15:49:38] Best translation 5 : ▁His ▁second ▁goal ▁of ▁the ▁night ▁was ▁the ▁ 60 th ▁goal ▁of ▁the ▁season , ▁be coming ▁the ▁first ▁player ▁to ▁score ▁ 60 ▁goals ▁or ▁more ▁in ▁a ▁season ▁since ▁19 9 5 - 9 6 , ▁each ▁with ▁Ya r mo ir ▁Ya ng er ▁and ▁Ma ri o ▁Li mi u ▁each ▁reach ing ▁this ▁stage .
[2026-03-17 15:49:38] Best translation 10 : ▁B lo o d ▁through ▁the ▁art er y ▁ ner ve ▁and ▁comes ▁back ▁to ▁the ▁heart ▁from ▁the ▁read er ' s ▁ ner ve . ▁The ▁small est ▁ ner ve s ▁are ▁called ▁ ner ve .
[2026-03-17 15:49:38] Best translation 20 : ▁Con s tru ction ▁can ▁be ▁both ▁real ▁and ▁real . ▁In ▁other ▁word s , ▁the ▁teacher ▁is ▁a ▁com ple x ▁ style , ▁but ▁his ▁small ▁man ▁is ▁also ▁a ▁sub s ti tu tion ▁of ▁the ▁Mi c ro so ft ▁O ff ic ial ▁paper .
[2026-03-17 15:49:38] Best translation 40 : ▁The ▁demonstration ▁began ▁around ▁11 : 00 ▁local ▁time ▁( U T C <0x2B> 1 ) ▁in ▁W y o ol ▁ op po s ite ▁the ▁police ▁guard ▁g ate way ▁to ▁D own ing ▁Street , ▁the ▁official ▁residence ▁of ▁the ▁prime ▁minister .
[2026-03-17 15:49:38] Best translation 80 : ▁The ▁ s y mp t om ▁was ▁not ▁physical ly ▁harm ful ; ▁The ▁mo d ification ▁was ▁made ▁using ▁black ▁ tar po li na ▁which ▁was ▁de c or ated ▁with ▁sign s ▁of ▁peace ▁and ▁heart ▁to ▁con ver t ▁" O " ▁to ▁be ▁read ▁as ▁small ▁letter s ▁of ▁e .
[2026-03-17 15:49:40] Best translation 160 : ▁People ▁p ul l ed ▁chair s ▁with ▁win d ow s ▁but ▁the ▁win d ow s ▁did ▁not ▁break .
[2026-03-17 15:49:43] Best translation 320 : ▁Follow ing ▁the ▁ma pp ing ▁of ▁the ▁b ot t om ▁of ▁the ▁broke n ▁sea , ▁it ▁was ▁found ▁using ▁R O V .
[2026-03-17 15:49:48] Best translation 640 : ▁Japan ▁has ▁about ▁7 , 000 ▁is land s ▁( H un sh ▁is ▁the ▁largest , ▁making ▁Japan ▁the ▁seventh ▁largest ▁is land ▁in ▁the ▁world !
[2026-03-17 15:49:57] Best translation 1280 : ▁The ▁bus es ▁leave ▁the ▁district s ▁( le ft ▁over ▁the ▁river ) ▁throughout ▁the ▁day , ▁although ▁most ▁of ▁them , ▁especially ▁those ▁head ▁to ▁the ▁ east ▁and ▁Ja kar / B um tan g ▁between ▁6 : 30 ▁pm ▁and ▁7 : 30 ▁pm .
[2026-03-17 15:50:09] Total translation time: 32.01036s
[2026-03-17 15:50:09] [valid] Ep. 52 : Up. 65000 : bleu : 30.0773 : stalled 1 times (last best: 30.1154)
[2026-03-17 15:50:09] Translating validation set...
[2026-03-17 15:50:09] Best translation 0 : ▁This ▁concept ▁comes ▁from ▁ancient ▁a c qu a in t ance ▁from ▁an ▁in s ect ▁mo s qui to , ▁where ▁mo s qui to es ▁are ▁very ▁ su it able ▁for ▁prevent ion ▁of ▁human s .
[2026-03-17 15:50:09] Best translation 1 : ▁The ▁Mu m ba i ▁attack ers ▁ bo at s ▁arrived ▁on ▁November ▁2 6 , ▁ 200 8 , ▁carrying ▁gr en ad es ▁and ▁auto ma tic ▁weapons , ▁target ing ▁several ▁target s , ▁including ▁the ▁Che v ro le t ▁Cha mp ag ne ▁Tra in ing ▁St ation ▁and ▁the ▁famous ▁Ta j ▁Mah al ▁Hotel .
[2026-03-17 15:50:10] Best translation 2 : ▁The ▁search ▁was ▁sp o il ed ▁due ▁to ▁the ▁same ▁bad ▁weather ▁that ▁led ▁to ▁the ▁break d own ▁of ▁the ▁land .
[2026-03-17 15:50:10] Best translation 3 : ▁The ▁AC M A ▁was ▁also ▁found ed ▁in ▁addition ▁to ▁the ▁video ▁was ▁air ed ▁on ▁the ▁Internet , ▁and ▁Bi g ▁Bra z er ▁did ▁not ▁violate ▁the ▁on line ▁ s ur ve ill ance ▁law ▁as ▁the ▁media ▁was ▁not ▁store d ▁on ▁Bi g ▁Bra z er ' s ▁website .
[2026-03-17 15:50:10] Best translation 4 : ▁There ▁was ▁a ▁we ak er ▁army ▁and ▁the ▁water ▁army ▁was ▁we ak er , ▁although ▁they ▁were ▁built ▁for ▁new ▁ ba tter ies ▁before ▁the ▁beginning ▁of ▁the ▁war .
[2026-03-17 15:50:10] Best translation 5 : ▁His ▁second ▁goal ▁of ▁the ▁night ▁was ▁the ▁ 60 th ▁goal ▁of ▁the ▁season , ▁be coming ▁the ▁first ▁player ▁to ▁score ▁ 60 ▁goals ▁or ▁more ▁in ▁a ▁season ▁since ▁19 9 5 - 9 6 , ▁each ▁with ▁Ya r mo ir ▁Ya ng er ▁and ▁Ma ri o ▁Li mi u ▁each ▁reach ing ▁this ▁stage .
[2026-03-17 15:50:10] Best translation 10 : ▁B lo o d ▁through ▁the ▁art er y ▁ ner ve ▁and ▁comes ▁back ▁to ▁the ▁heart ▁from ▁the ▁read er ' s ▁ ner ve . ▁The ▁small est ▁ ner ve s ▁are ▁called ▁ ner ve .
[2026-03-17 15:50:10] Best translation 20 : ▁Con s tru ction ▁can ▁be ▁both ▁real ▁and ▁real . ▁In ▁other ▁word s , ▁the ▁teacher ▁is ▁a ▁com ple x ▁ style , ▁but ▁his ▁small ▁man ▁is ▁also ▁a ▁sub s ti tu tion ▁of ▁the ▁Mi c ro so ft ▁O ff ic ial ▁paper .
[2026-03-17 15:50:10] Best translation 40 : ▁The ▁demonstration ▁began ▁around ▁11 : 00 ▁local ▁time ▁( U T C <0x2B> 1 ) ▁in ▁W y o ol ▁ op po s ite ▁the ▁police ▁guard ▁g ate way ▁to ▁D own ing ▁Street , ▁the ▁official ▁residence ▁of ▁the ▁prime ▁minister .
[2026-03-17 15:50:10] Best translation 80 : ▁The ▁ s y mp t om ▁was ▁not ▁physical ly ▁harm ful ; ▁The ▁mo d ification ▁was ▁made ▁using ▁black ▁ tar po li na ▁which ▁was ▁de c or ated ▁with ▁sign s ▁of ▁peace ▁and ▁heart ▁to ▁con ver t ▁" O " ▁to ▁be ▁read ▁as ▁small ▁letter s ▁of ▁e .
[2026-03-17 15:50:13] Best translation 160 : ▁People ▁p ul l ed ▁chair s ▁with ▁win d ow s ▁but ▁the ▁win d ow s ▁did ▁not ▁break .
[2026-03-17 15:50:15] Best translation 320 : ▁Follow ing ▁the ▁ma pp ing ▁of ▁the ▁b ot t om ▁of ▁the ▁broke n ▁sea , ▁it ▁was ▁found ▁using ▁R O V .
[2026-03-17 15:50:20] Best translation 640 : ▁Japan ▁has ▁about ▁7 , 000 ▁is land s ▁( H un sh ▁is ▁the ▁largest , ▁making ▁Japan ▁the ▁seventh ▁largest ▁is land ▁in ▁the ▁world !
[2026-03-17 15:50:30] Best translation 1280 : ▁The ▁bus es ▁leave ▁the ▁district s ▁( le ft ▁over ▁the ▁river ) ▁throughout ▁the ▁day , ▁although ▁most ▁of ▁them , ▁especially ▁those ▁head ▁to ▁the ▁ east ▁and ▁Ja kar / B um tan g ▁between ▁6 : 30 ▁pm ▁and ▁7 : 30 ▁pm .
[2026-03-17 15:50:42] Total translation time: 33.22067s
[2026-03-17 15:50:42] [valid] Ep. 52 : Up. 65000 : chrf : 56.6138 : stalled 1 times (last best: 56.6711)
[2026-03-17 15:50:44] [valid] Ep. 52 : Up. 65000 : perplexity : 7.58533 : stalled 22 times (last best: 7.06809)
[2026-03-17 15:53:14] Ep. 52 : Up. 66000 : Sen. 262,788 : Cost 1.62671626 * 9,820,775 @ 10,053 after 647,392,442 : Time 224.21s : 43801.55 words/s : gNorm 0.6658 : L.r. 1.4771e-04
[2026-03-17 15:53:14] Saving model weights and runtime parameters to /workspace/OPUS-MT-train/work/ckb-en/curated-floresdev.spm4k-spm4k.transformer.model1.npz
[2026-03-17 15:53:16] Saving Adam parameters
[2026-03-17 15:53:18] [training] Saving training checkpoint to /workspace/OPUS-MT-train/work/ckb-en/curated-floresdev.spm4k-spm4k.transformer.model1.npz and /workspace/OPUS-MT-train/work/ckb-en/curated-floresdev.spm4k-spm4k.transformer.model1.npz.optimizer.npz
[2026-03-17 15:53:21] Translating validation set...
[2026-03-17 15:53:22] Best translation 0 : ▁This ▁concept ▁comes ▁from ▁ancient ▁a c qu a in t ance ▁from ▁an ▁in s ect ▁mo s qui to , ▁where ▁mo s qui to es ▁are ▁very ▁ su it able ▁for ▁prevent ion ▁of ▁human s .
[2026-03-17 15:53:22] Best translation 1 : ▁The ▁Mu m ba i ▁attack ers ▁ bo at s ▁arrived ▁on ▁November ▁2 6 , ▁ 200 8 , ▁carrying ▁gr en ad es ▁and ▁auto ma tic ▁weapons , ▁target ing ▁several ▁target s , ▁including ▁the ▁Che v ro le t ▁Cha p tal ▁Tra in ▁St ation ▁and ▁the ▁famous ▁Ta j ▁Mah al ▁Hotel .
[2026-03-17 15:53:22] Best translation 2 : ▁The ▁search ▁was ▁sp o il ed ▁due ▁to ▁the ▁same ▁bad ▁weather ▁that ▁led ▁to ▁the ▁break d own ▁of ▁the ▁land .
[2026-03-17 15:53:22] Best translation 3 : ▁The ▁AC M A ▁was ▁also ▁found ed ▁in ▁addition ▁to ▁the ▁video ▁was ▁air ed ▁on ▁the ▁Internet , ▁and ▁Bi g ▁Bra z er ▁did ▁not ▁violate ▁the ▁on line ▁ s ur ve ill ance ▁law ▁as ▁the ▁media ▁was ▁not ▁store d ▁on ▁Bi g ▁Bra z er ' s ▁website .
[2026-03-17 15:53:22] Best translation 4 : ▁There ▁was ▁a ▁we ak er ▁army ▁and ▁the ▁water ▁army ▁was ▁we ak er , ▁although ▁they ▁were ▁design ed ▁for ▁new ▁ ba tter ies ▁before ▁the ▁beginning ▁of ▁the ▁war .
[2026-03-17 15:53:22] Best translation 5 : ▁His ▁second ▁goal ▁of ▁the ▁night ▁was ▁the ▁ 60 th ▁goal ▁of ▁the ▁season , ▁be coming ▁the ▁first ▁player ▁to ▁score ▁ 60 ▁goals ▁or ▁more ▁in ▁a ▁season ▁since ▁19 9 5 - 9 6 , ▁each ▁with ▁Ya r mo ir ▁Ya ng er ▁and ▁Ma ri o ▁Li mi u ▁reach ing ▁this ▁stage .
[2026-03-17 15:53:22] Best translation 10 : ▁B lo o d ▁flow s ▁from ▁the ▁art er y ▁ ner ve ▁and ▁comes ▁back ▁to ▁the ▁heart ▁from ▁the ▁read er ' s ▁ ner ve . ▁The ▁small est ▁ ner ve s ▁are ▁called ▁ ner ve .
[2026-03-17 15:53:22] Best translation 20 : ▁Con s tru ction ▁can ▁be ▁both ▁real ▁and ▁real . ▁In ▁other ▁word s , ▁the ▁teacher ▁is ▁a ▁com ple x ▁ style ▁but ▁his ▁young ▁man ▁is ▁also ▁a ▁sub s ti tu tion ▁of ▁the ▁Mi c ro so ft ▁office ▁of ▁the ▁same ▁thing .
[2026-03-17 15:53:22] Best translation 40 : ▁The ▁demonstration ▁began ▁around ▁11 : 00 ▁local ▁time ▁( U T C <0x2B> 1 ) ▁in ▁W y o ol ▁ op po s ite ▁the ▁police ▁guard ▁g ate way ▁to ▁D own ing ▁Street , ▁the ▁official ▁residence ▁of ▁the ▁prime ▁minister .
[2026-03-17 15:53:23] Best translation 80 : ▁The ▁ s y mp t om ▁was ▁not ▁physical ly ▁harm ful ; ▁The ▁mo d ification ▁was ▁made ▁using ▁black ▁ tar po ol s ▁de c or ated ▁with ▁sign s ▁of ▁peace ▁and ▁heart ▁to ▁con ver t ▁O ▁to ▁" to " ▁as ▁small ▁letter s ▁of ▁e .
[2026-03-17 15:53:25] Best translation 160 : ▁People ▁p ul l ed ▁chair s ▁with ▁win d ow s ▁but ▁the ▁win d ow s ▁did ▁not ▁break .
[2026-03-17 15:53:27] Best translation 320 : ▁Follow ing ▁the ▁ma pp ing ▁of ▁the ▁b ot t om ▁of ▁the ▁broke n ▁sea , ▁it ▁was ▁found ▁using ▁R O V .
[2026-03-17 15:53:32] Best translation 640 : ▁Japan ▁has ▁about ▁7 , 000 ▁is land s ▁( H un sh ▁is ▁the ▁largest , ▁making ▁Japan ▁the ▁seventh ▁largest ▁is land ▁in ▁the ▁world !
[2026-03-17 15:53:41] Best translation 1280 : ▁The ▁bus es ▁leave ▁the ▁district s ▁( le ft ▁over ▁the ▁river ) ▁throughout ▁the ▁day , ▁although ▁most ▁of ▁them , ▁especially ▁those ▁head ▁to ▁the ▁ east ▁and ▁Ja kar / B um tan g ▁between ▁6 : 30 ▁pm ▁and ▁7 : 30 ▁pm .
[2026-03-17 15:53:52] Total translation time: 31.33127s
[2026-03-17 15:53:52] Saving model weights and runtime parameters to /workspace/OPUS-MT-train/work/ckb-en/curated-floresdev.spm4k-spm4k.transformer.model1.npz.best-bleu.npz
[2026-03-17 15:53:53] [valid] Ep. 52 : Up. 66000 : bleu : 30.1845 : new best
[2026-03-17 15:53:53] Translating validation set...
[2026-03-17 15:53:54] Best translation 0 : ▁This ▁concept ▁comes ▁from ▁ancient ▁a c qu a in t ance ▁from ▁an ▁in s ect ▁mo s qui to , ▁where ▁mo s qui to es ▁are ▁very ▁ su it able ▁for ▁prevent ion ▁of ▁human s .
[2026-03-17 15:53:54] Best translation 1 : ▁The ▁Mu m ba i ▁attack ers ▁ bo at s ▁arrived ▁on ▁November ▁2 6 , ▁ 200 8 , ▁carrying ▁gr en ad es ▁and ▁auto ma tic ▁weapons , ▁target ing ▁several ▁target s , ▁including ▁the ▁Che v ro le t ▁Cha p tal ▁Tra in ▁St ation ▁and ▁the ▁famous ▁Ta j ▁Mah al ▁Hotel .
[2026-03-17 15:53:55] Best translation 2 : ▁The ▁search ▁was ▁sp o il ed ▁due ▁to ▁the ▁same ▁bad ▁weather ▁that ▁led ▁to ▁the ▁break d own ▁of ▁the ▁land .
[2026-03-17 15:53:55] Best translation 3 : ▁The ▁AC M A ▁was ▁also ▁found ed ▁in ▁addition ▁to ▁the ▁video ▁was ▁air ed ▁on ▁the ▁Internet , ▁and ▁Bi g ▁Bra z er ▁did ▁not ▁violate ▁the ▁on line ▁ s ur ve ill ance ▁law ▁as ▁the ▁media ▁was ▁not ▁store d ▁on ▁Bi g ▁Bra z er ' s ▁website .
[2026-03-17 15:53:55] Best translation 4 : ▁There ▁was ▁a ▁we ak er ▁army ▁and ▁the ▁water ▁army ▁was ▁we ak er , ▁although ▁they ▁were ▁design ed ▁for ▁new ▁ ba tter ies ▁before ▁the ▁beginning ▁of ▁the ▁war .
[2026-03-17 15:53:55] Best translation 5 : ▁His ▁second ▁goal ▁of ▁the ▁night ▁was ▁the ▁ 60 th ▁goal ▁of ▁the ▁season , ▁be coming ▁the ▁first ▁player ▁to ▁score ▁ 60 ▁goals ▁or ▁more ▁in ▁a ▁season ▁since ▁19 9 5 - 9 6 , ▁each ▁with ▁Ya r mo ir ▁Ya ng er ▁and ▁Ma ri o ▁Li mi u ▁reach ing ▁this ▁stage .
[2026-03-17 15:53:55] Best translation 10 : ▁B lo o d ▁flow s ▁from ▁the ▁art er y ▁ ner ve ▁and ▁comes ▁back ▁to ▁the ▁heart ▁from ▁the ▁read er ' s ▁ ner ve . ▁The ▁small est ▁ ner ve s ▁are ▁called ▁ ner ve .
[2026-03-17 15:53:55] Best translation 20 : ▁Con s tru ction ▁can ▁be ▁both ▁real ▁and ▁real . ▁In ▁other ▁word s , ▁the ▁teacher ▁is ▁a ▁com ple x ▁ style ▁but ▁his ▁young ▁man ▁is ▁also ▁a ▁sub s ti tu tion ▁of ▁the ▁Mi c ro so ft ▁office ▁of ▁the ▁same ▁thing .
[2026-03-17 15:53:55] Best translation 40 : ▁The ▁demonstration ▁began ▁around ▁11 : 00 ▁local ▁time ▁( U T C <0x2B> 1 ) ▁in ▁W y o ol ▁ op po s ite ▁the ▁police ▁guard ▁g ate way ▁to ▁D own ing ▁Street , ▁the ▁official ▁residence ▁of ▁the ▁prime ▁minister .
[2026-03-17 15:53:55] Best translation 80 : ▁The ▁ s y mp t om ▁was ▁not ▁physical ly ▁harm ful ; ▁The ▁mo d ification ▁was ▁made ▁using ▁black ▁ tar po ol s ▁de c or ated ▁with ▁sign s ▁of ▁peace ▁and ▁heart ▁to ▁con ver t ▁O ▁to ▁" to " ▁as ▁small ▁letter s ▁of ▁e .
[2026-03-17 15:53:57] Best translation 160 : ▁People ▁p ul l ed ▁chair s ▁with ▁win d ow s ▁but ▁the ▁win d ow s ▁did ▁not ▁break .
[2026-03-17 15:54:00] Best translation 320 : ▁Follow ing ▁the ▁ma pp ing ▁of ▁the ▁b ot t om ▁of ▁the ▁broke n ▁sea , ▁it ▁was ▁found ▁using ▁R O V .
[2026-03-17 15:54:05] Best translation 640 : ▁Japan ▁has ▁about ▁7 , 000 ▁is land s ▁( H un sh ▁is ▁the ▁largest , ▁making ▁Japan ▁the ▁seventh ▁largest ▁is land ▁in ▁the ▁world !
[2026-03-17 15:54:14] Best translation 1280 : ▁The ▁bus es ▁leave ▁the ▁district s ▁( le ft ▁over ▁the ▁river ) ▁throughout ▁the ▁day , ▁although ▁most ▁of ▁them , ▁especially ▁those ▁head ▁to ▁the ▁ east ▁and ▁Ja kar / B um tan g ▁between ▁6 : 30 ▁pm ▁and ▁7 : 30 ▁pm .
[2026-03-17 15:54:26] Total translation time: 32.72333s
[2026-03-17 15:54:26] [valid] Ep. 52 : Up. 66000 : chrf : 56.6309 : stalled 2 times (last best: 56.6711)
[2026-03-17 15:54:28] [valid] Ep. 52 : Up. 66000 : perplexity : 7.6127 : stalled 23 times (last best: 7.06809)
[2026-03-17 15:54:57] Seen 310,206 samples
[2026-03-17 15:54:57] Starting data epoch 53 in logical epoch 53
[2026-03-17 15:56:58] Ep. 53 : Up. 67000 : Sen. 196,267 : Cost 1.62294209 * 9,808,506 @ 10,584 after 657,200,948 : Time 224.38s : 43713.86 words/s : gNorm 0.6718 : L.r. 1.4660e-04
[2026-03-17 15:56:58] Saving model weights and runtime parameters to /workspace/OPUS-MT-train/work/ckb-en/curated-floresdev.spm4k-spm4k.transformer.model1.npz
[2026-03-17 15:57:00] Saving Adam parameters
[2026-03-17 15:57:02] [training] Saving training checkpoint to /workspace/OPUS-MT-train/work/ckb-en/curated-floresdev.spm4k-spm4k.transformer.model1.npz and /workspace/OPUS-MT-train/work/ckb-en/curated-floresdev.spm4k-spm4k.transformer.model1.npz.optimizer.npz
[2026-03-17 15:57:05] Translating validation set...
[2026-03-17 15:57:06] Best translation 0 : ▁This ▁concept ▁comes ▁from ▁ancient ▁a c qu a in t ance ▁from ▁an ▁in s ect ▁mo s qui to , ▁where ▁mo s qui to es ▁are ▁very ▁ su it able ▁for ▁prevent ion ▁of ▁human s .
[2026-03-17 15:57:06] Best translation 1 : ▁The ▁Mu m ba i ▁attack ers ▁ bo at s ▁arrived ▁on ▁November ▁2 6 , ▁ 200 8 , ▁carrying ▁gr en ad es ▁and ▁auto ma tic ▁weapons , ▁target ing ▁several ▁target s , ▁including ▁the ▁Che v ro le t ▁Cha p tal ▁Tra in ▁St ation ▁and ▁the ▁famous ▁Ta j ▁Mah al ▁Hotel .
[2026-03-17 15:57:06] Best translation 2 : ▁The ▁search ▁was ▁sp o il ed ▁due ▁to ▁the ▁same ▁bad ▁weather ▁that ▁led ▁to ▁the ▁break d own ▁of ▁the ▁land .
[2026-03-17 15:57:06] Best translation 3 : ▁The ▁AC M A ▁was ▁also ▁found ed ▁in ▁addition ▁to ▁the ▁video ▁was ▁air ed ▁on ▁the ▁Internet , ▁and ▁Bi g ▁Bra z er ▁did ▁not ▁violate ▁the ▁on line ▁ s ur ve ill ance ▁law ▁as ▁the ▁media ▁was ▁not ▁store d ▁on ▁Bi g ▁Bra z er ' s ▁website .
[2026-03-17 15:57:06] Best translation 4 : ▁There ▁was ▁a ▁we ak er ▁army ▁and ▁the ▁water ▁army ▁was ▁we ak er , ▁although ▁they ▁were ▁design ed ▁for ▁new ▁ ba tter ies ▁before ▁the ▁beginning ▁of ▁the ▁war .
[2026-03-17 15:57:06] Best translation 5 : ▁His ▁second ▁goal ▁of ▁the ▁night ▁was ▁the ▁ 60 th ▁goal ▁of ▁the ▁season , ▁be coming ▁the ▁first ▁player ▁to ▁score ▁ 60 ▁goals ▁or ▁more ▁in ▁a ▁season ▁since ▁19 9 5 - 9 6 , ▁each ▁with ▁Ya r mo ir ▁Ya ng er ▁and ▁Ma ri o ▁Li mi u ▁reach ing ▁this ▁stage .
[2026-03-17 15:57:07] Best translation 10 : ▁B lo o d ▁through ▁the ▁art er y ▁ ner ve ▁and ▁comes ▁back ▁to ▁the ▁heart ▁from ▁the ▁blood ▁ ve s s el . ▁The ▁small est ▁ ner ve s ▁are ▁called ▁ ner ve ▁mu ll s .
[2026-03-17 15:57:07] Best translation 20 : ▁Con s tru ction ▁can ▁be ▁both ▁real ▁and ▁real . ▁In ▁other ▁word s , ▁the ▁teacher ▁is ▁a ▁com ple x ▁ style ▁but ▁his ▁young ▁man ▁is ▁also ▁a ▁sub s ti tu tion ▁of ▁the ▁Mi c ro so ft ▁office ▁of ▁the ▁same ▁thing .
[2026-03-17 15:57:07] Best translation 40 : ▁The ▁demonstration ▁began ▁around ▁11 : 00 ▁local ▁time ▁( U T C <0x2B> 1 ) ▁in ▁W y o ol ▁ op po s ite ▁the ▁police ▁guard ▁g ate way ▁to ▁D own ing ▁Street , ▁the ▁official ▁residence ▁of ▁the ▁prime ▁minister .
[2026-03-17 15:57:07] Best translation 80 : ▁The ▁ s y mp t om ▁was ▁not ▁physical ly ▁harm ful ; ▁The ▁mo d ification ▁was ▁made ▁using ▁black ▁ tar po li na ▁which ▁was ▁de c or ated ▁with ▁the ▁sign s ▁of ▁peace ▁and ▁heart ▁to ▁con ver t ▁" O " ▁to ▁be ▁read ▁as ▁small ▁letter s ▁of ▁e .
[2026-03-17 15:57:09] Best translation 160 : ▁People ▁p ul l ed ▁chair s ▁with ▁win d ow s ▁but ▁the ▁win d ow s ▁did ▁not ▁break .
[2026-03-17 15:57:12] Best translation 320 : ▁Follow ing ▁the ▁ma pp ing ▁of ▁the ▁b ot t om ▁of ▁the ▁broke n ▁sea , ▁it ▁was ▁found ▁using ▁R O V .
[2026-03-17 15:57:16] Best translation 640 : ▁Japan ▁has ▁about ▁7 , 000 ▁is land s ▁( H un sh ▁is ▁the ▁largest , ▁making ▁Japan ▁the ▁seventh ▁largest ▁is land ▁in ▁the ▁world !
[2026-03-17 15:57:26] Best translation 1280 : ▁The ▁bus es ▁leave ▁the ▁district s ▁( le ft ▁over ▁the ▁river ) ▁throughout ▁the ▁day , ▁although ▁most ▁of ▁them , ▁especially ▁those ▁head ▁to ▁the ▁ east ▁and ▁Ja kar / B um tan g ▁between ▁6 : 30 ▁pm ▁and ▁7 : 30 ▁pm .
[2026-03-17 15:57:37] Total translation time: 31.53536s
[2026-03-17 15:57:37] [valid] Ep. 53 : Up. 67000 : bleu : 30.1572 : stalled 1 times (last best: 30.1845)
[2026-03-17 15:57:37] Translating validation set...
[2026-03-17 15:57:37] Best translation 0 : ▁This ▁concept ▁comes ▁from ▁ancient ▁a c qu a in t ance ▁from ▁an ▁in s ect ▁mo s qui to , ▁where ▁mo s qui to es ▁are ▁very ▁ su it able ▁for ▁prevent ion ▁of ▁human s .
[2026-03-17 15:57:37] Best translation 1 : ▁The ▁Mu m ba i ▁attack ers ▁ bo at s ▁arrived ▁on ▁November ▁2 6 , ▁ 200 8 , ▁carrying ▁gr en ad es ▁and ▁auto ma tic ▁weapons , ▁target ing ▁several ▁target s , ▁including ▁the ▁Che v ro le t ▁Cha p tal ▁Tra in ▁St ation ▁and ▁the ▁famous ▁Ta j ▁Mah al ▁Hotel .
[2026-03-17 15:57:38] Best translation 2 : ▁The ▁search ▁was ▁sp o il ed ▁due ▁to ▁the ▁same ▁bad ▁weather ▁that ▁led ▁to ▁the ▁break d own ▁of ▁the ▁land .
[2026-03-17 15:57:38] Best translation 3 : ▁The ▁AC M A ▁was ▁also ▁found ed ▁in ▁addition ▁to ▁the ▁video ▁was ▁air ed ▁on ▁the ▁Internet , ▁and ▁Bi g ▁Bra z er ▁did ▁not ▁violate ▁the ▁on line ▁ s ur ve ill ance ▁law ▁as ▁the ▁media ▁was ▁not ▁store d ▁on ▁Bi g ▁Bra z er ' s ▁website .
[2026-03-17 15:57:38] Best translation 4 : ▁There ▁was ▁a ▁we ak er ▁army ▁and ▁the ▁water ▁army ▁was ▁we ak er , ▁although ▁they ▁were ▁design ed ▁for ▁new ▁ ba tter ies ▁before ▁the ▁beginning ▁of ▁the ▁war .
[2026-03-17 15:57:38] Best translation 5 : ▁His ▁second ▁goal ▁of ▁the ▁night ▁was ▁the ▁ 60 th ▁goal ▁of ▁the ▁season , ▁be coming ▁the ▁first ▁player ▁to ▁score ▁ 60 ▁goals ▁or ▁more ▁in ▁a ▁season ▁since ▁19 9 5 - 9 6 , ▁each ▁with ▁Ya r mo ir ▁Ya ng er ▁and ▁Ma ri o ▁Li mi u ▁reach ing ▁this ▁stage .
[2026-03-17 15:57:38] Best translation 10 : ▁B lo o d ▁through ▁the ▁art er y ▁ ner ve ▁and ▁comes ▁back ▁to ▁the ▁heart ▁from ▁the ▁blood ▁ ve s s el . ▁The ▁small est ▁ ner ve s ▁are ▁called ▁ ner ve ▁mu ll s .
[2026-03-17 15:57:38] Best translation 20 : ▁Con s tru ction ▁can ▁be ▁both ▁real ▁and ▁real . ▁In ▁other ▁word s , ▁the ▁teacher ▁is ▁a ▁com ple x ▁ style ▁but ▁his ▁young ▁man ▁is ▁also ▁a ▁sub s ti tu tion ▁of ▁the ▁Mi c ro so ft ▁office ▁of ▁the ▁same ▁thing .
[2026-03-17 15:57:38] Best translation 40 : ▁The ▁demonstration ▁began ▁around ▁11 : 00 ▁local ▁time ▁( U T C <0x2B> 1 ) ▁in ▁W y o ol ▁ op po s ite ▁the ▁police ▁guard ▁g ate way ▁to ▁D own ing ▁Street , ▁the ▁official ▁residence ▁of ▁the ▁prime ▁minister .
[2026-03-17 15:57:39] Best translation 80 : ▁The ▁ s y mp t om ▁was ▁not ▁physical ly ▁harm ful ; ▁The ▁mo d ification ▁was ▁made ▁using ▁black ▁ tar po li na ▁which ▁was ▁de c or ated ▁with ▁the ▁sign s ▁of ▁peace ▁and ▁heart ▁to ▁con ver t ▁" O " ▁to ▁be ▁read ▁as ▁small ▁letter s ▁of ▁e .
[2026-03-17 15:57:41] Best translation 160 : ▁People ▁p ul l ed ▁chair s ▁with ▁win d ow s ▁but ▁the ▁win d ow s ▁did ▁not ▁break .
[2026-03-17 15:57:43] Best translation 320 : ▁Follow ing ▁the ▁ma pp ing ▁of ▁the ▁b ot t om ▁of ▁the ▁broke n ▁sea , ▁it ▁was ▁found ▁using ▁R O V .
[2026-03-17 15:57:48] Best translation 640 : ▁Japan ▁has ▁about ▁7 , 000 ▁is land s ▁( H un sh ▁is ▁the ▁largest , ▁making ▁Japan ▁the ▁seventh ▁largest ▁is land ▁in ▁the ▁world !
[2026-03-17 15:57:58] Best translation 1280 : ▁The ▁bus es ▁leave ▁the ▁district s ▁( le ft ▁over ▁the ▁river ) ▁throughout ▁the ▁day , ▁although ▁most ▁of ▁them , ▁especially ▁those ▁head ▁to ▁the ▁ east ▁and ▁Ja kar / B um tan g ▁between ▁6 : 30 ▁pm ▁and ▁7 : 30 ▁pm .
[2026-03-17 15:58:10] Total translation time: 32.75573s
[2026-03-17 15:58:10] [valid] Ep. 53 : Up. 67000 : chrf : 56.6414 : stalled 3 times (last best: 56.6711)
[2026-03-17 15:58:12] [valid] Ep. 53 : Up. 67000 : perplexity : 7.63827 : stalled 24 times (last best: 7.06809)
[2026-03-17 15:59:22] Seen 310,206 samples
[2026-03-17 15:59:22] Starting data epoch 54 in logical epoch 54
[2026-03-17 16:00:42] Ep. 54 : Up. 68000 : Sen. 130,390 : Cost 1.61746144 * 9,813,855 @ 10,840 after 667,014,803 : Time 223.82s : 43847.43 words/s : gNorm 0.6520 : L.r. 1.4552e-04
[2026-03-17 16:00:42] Saving model weights and runtime parameters to /workspace/OPUS-MT-train/work/ckb-en/curated-floresdev.spm4k-spm4k.transformer.model1.npz
[2026-03-17 16:00:44] Saving Adam parameters
[2026-03-17 16:00:46] [training] Saving training checkpoint to /workspace/OPUS-MT-train/work/ckb-en/curated-floresdev.spm4k-spm4k.transformer.model1.npz and /workspace/OPUS-MT-train/work/ckb-en/curated-floresdev.spm4k-spm4k.transformer.model1.npz.optimizer.npz
[2026-03-17 16:00:49] Translating validation set...
[2026-03-17 16:00:49] Best translation 0 : ▁This ▁concept ▁comes ▁from ▁ancient ▁a c qu a in t ance ▁from ▁an ▁in s ect ▁mo s qui to , ▁where ▁mo s qui to es ▁are ▁very ▁ su it able ▁for ▁prevent ion ▁of ▁human s .
[2026-03-17 16:00:49] Best translation 1 : ▁The ▁Mu m ba i ▁attack ers ▁ bo at s ▁arrived ▁on ▁November ▁2 6 , ▁ 200 8 , ▁carrying ▁gr en ad es ▁and ▁auto ma tic ▁weapons , ▁target ing ▁several ▁target s , ▁including ▁the ▁Che v ro le t ▁Cha p tal ▁Tra in ▁St ation ▁and ▁the ▁famous ▁Ta j ▁Mah al ▁Hotel .
[2026-03-17 16:00:50] Best translation 2 : ▁The ▁search ▁was ▁sp o il ed ▁due ▁to ▁the ▁same ▁bad ▁weather ▁that ▁led ▁to ▁the ▁break d own ▁of ▁the ▁land .
[2026-03-17 16:00:50] Best translation 3 : ▁The ▁AC M A ▁was ▁also ▁found ed ▁in ▁addition ▁to ▁the ▁video ▁was ▁air ed ▁on ▁the ▁Internet , ▁and ▁Bi g ▁Bra z er ▁did ▁not ▁violate ▁the ▁on line ▁ s ur ve ill ance ▁law ▁as ▁the ▁media ▁was ▁not ▁store d ▁on ▁Bi g ▁Bra z ar ' s ▁website .
[2026-03-17 16:00:50] Best translation 4 : ▁There ▁was ▁a ▁we ak er ▁army ▁and ▁the ▁water ▁army ▁was ▁we ak er , ▁although ▁they ▁were ▁design ed ▁for ▁new ▁ ba tter ies ▁before ▁the ▁beginning ▁of ▁the ▁war .
[2026-03-17 16:00:50] Best translation 5 : ▁His ▁second ▁goal ▁of ▁the ▁night ▁was ▁the ▁ 60 th ▁goal ▁of ▁the ▁season , ▁be coming ▁the ▁first ▁player ▁to ▁score ▁ 60 ▁goals ▁or ▁more ▁in ▁a ▁season ▁since ▁19 9 5 - 9 6 , ▁each ▁with ▁Ya r mo ir ▁Ya ng er ▁and ▁Ma ri o ▁Li mi u ▁reach ing ▁this ▁stage .
[2026-03-17 16:00:50] Best translation 10 : ▁B lo o d ▁through ▁the ▁art er y ▁ ner ve ▁and ▁comes ▁back ▁to ▁the ▁heart ▁from ▁the ▁read er ' s ▁ ner ve . ▁The ▁small est ▁ ner ve s ▁are ▁called ▁ ner ve .
[2026-03-17 16:00:50] Best translation 20 : ▁Con s tru ction ▁can ▁be ▁both ▁real ▁and ▁more ▁real . ▁In ▁other ▁word s , ▁the ▁teacher ▁is ▁a ▁ style ▁of ▁contract or ▁but ▁his ▁young ▁man ▁with ▁a ▁Mi c ro so ft ▁paper ▁connect or ▁is ▁also ▁the ▁same .
[2026-03-17 16:00:50] Best translation 40 : ▁The ▁demonstration ▁began ▁around ▁11 : 00 ▁local ▁time ▁( U T C <0x2B> 1 ) ▁in ▁W y o ol ▁ op po s ite ▁the ▁police ▁guard ▁g ate way ▁to ▁D own ing ▁Street , ▁the ▁official ▁residence ▁of ▁the ▁prime ▁minister .
[2026-03-17 16:00:50] Best translation 80 : ▁The ▁ s y mp t om ▁was ▁not ▁physical ly ▁harm ful ; ▁The ▁mo d ification ▁was ▁made ▁using ▁black ▁ tar po li na ▁which ▁was ▁de c or ated ▁with ▁the ▁sign s ▁of ▁peace ▁and ▁heart ▁to ▁con ver t ▁" O " ▁to ▁be ▁read ▁as ▁small ▁letter s ▁of ▁e .
[2026-03-17 16:00:52] Best translation 160 : ▁People ▁p ul l ed ▁chair s ▁with ▁win d ow s ▁but ▁the ▁win d ow s ▁did ▁not ▁break .
[2026-03-17 16:00:55] Best translation 320 : ▁Follow ing ▁the ▁design ▁of ▁the ▁broke n ▁sea ▁base , ▁it ▁was ▁found ▁using ▁R O V .
[2026-03-17 16:00:59] Best translation 640 : ▁Japan ▁has ▁about ▁7 , 000 ▁is land s ▁( H un sh ▁is ▁the ▁largest , ▁making ▁Japan ▁the ▁seventh ▁largest ▁is land ▁in ▁the ▁world !
[2026-03-17 16:01:09] Best translation 1280 : ▁The ▁bus es ▁leave ▁the ▁district s ▁( le ft ▁over ▁the ▁river ) ▁throughout ▁the ▁day , ▁although ▁most ▁of ▁them , ▁especially ▁those ▁travel ing ▁ east ▁and ▁Ja kar / B um tan g ▁between ▁6 : 30 ▁pm ▁and ▁7 : 30 ▁pm .
[2026-03-17 16:01:20] Total translation time: 31.10529s
[2026-03-17 16:01:20] [valid] Ep. 54 : Up. 68000 : bleu : 30.1514 : stalled 2 times (last best: 30.1845)
[2026-03-17 16:01:20] Translating validation set...
[2026-03-17 16:01:20] Best translation 0 : ▁This ▁concept ▁comes ▁from ▁ancient ▁a c qu a in t ance ▁from ▁an ▁in s ect ▁mo s qui to , ▁where ▁mo s qui to es ▁are ▁very ▁ su it able ▁for ▁prevent ion ▁of ▁human s .
[2026-03-17 16:01:20] Best translation 1 : ▁The ▁Mu m ba i ▁attack ers ▁ bo at s ▁arrived ▁on ▁November ▁2 6 , ▁ 200 8 , ▁carrying ▁gr en ad es ▁and ▁auto ma tic ▁weapons , ▁target ing ▁several ▁target s , ▁including ▁the ▁Che v ro le t ▁Cha p tal ▁Tra in ▁St ation ▁and ▁the ▁famous ▁Ta j ▁Mah al ▁Hotel .
[2026-03-17 16:01:21] Best translation 2 : ▁The ▁search ▁was ▁sp o il ed ▁due ▁to ▁the ▁same ▁bad ▁weather ▁that ▁led ▁to ▁the ▁break d own ▁of ▁the ▁land .
[2026-03-17 16:01:21] Best translation 3 : ▁The ▁AC M A ▁was ▁also ▁found ed ▁in ▁addition ▁to ▁the ▁video ▁was ▁air ed ▁on ▁the ▁Internet , ▁and ▁Bi g ▁Bra z er ▁did ▁not ▁violate ▁the ▁on line ▁ s ur ve ill ance ▁law ▁as ▁the ▁media ▁was ▁not ▁store d ▁on ▁Bi g ▁Bra z ar ' s ▁website .
[2026-03-17 16:01:21] Best translation 4 : ▁There ▁was ▁a ▁we ak er ▁army ▁and ▁the ▁water ▁army ▁was ▁we ak er , ▁although ▁they ▁were ▁design ed ▁for ▁new ▁ ba tter ies ▁before ▁the ▁beginning ▁of ▁the ▁war .
[2026-03-17 16:01:21] Best translation 5 : ▁His ▁second ▁goal ▁of ▁the ▁night ▁was ▁the ▁ 60 th ▁goal ▁of ▁the ▁season , ▁be coming ▁the ▁first ▁player ▁to ▁score ▁ 60 ▁goals ▁or ▁more ▁in ▁a ▁season ▁since ▁19 9 5 - 9 6 , ▁each ▁with ▁Ya r mo ir ▁Ya ng er ▁and ▁Ma ri o ▁Li mi u ▁reach ing ▁this ▁stage .
[2026-03-17 16:01:21] Best translation 10 : ▁B lo o d ▁through ▁the ▁art er y ▁ ner ve ▁and ▁comes ▁back ▁to ▁the ▁heart ▁from ▁the ▁read er ' s ▁ ner ve . ▁The ▁small est ▁ ner ve s ▁are ▁called ▁ ner ve .
[2026-03-17 16:01:21] Best translation 20 : ▁Con s tru ction ▁can ▁be ▁both ▁real ▁and ▁more ▁real . ▁In ▁other ▁word s , ▁the ▁teacher ▁is ▁a ▁ style ▁of ▁contract or ▁but ▁his ▁young ▁man ▁with ▁a ▁Mi c ro so ft ▁paper ▁connect or ▁is ▁also ▁the ▁same .
[2026-03-17 16:01:21] Best translation 40 : ▁The ▁demonstration ▁began ▁around ▁11 : 00 ▁local ▁time ▁( U T C <0x2B> 1 ) ▁in ▁W y o ol ▁ op po s ite ▁the ▁police ▁guard ▁g ate way ▁to ▁D own ing ▁Street , ▁the ▁official ▁residence ▁of ▁the ▁prime ▁minister .
[2026-03-17 16:01:21] Best translation 80 : ▁The ▁ s y mp t om ▁was ▁not ▁physical ly ▁harm ful ; ▁The ▁mo d ification ▁was ▁made ▁using ▁black ▁ tar po li na ▁which ▁was ▁de c or ated ▁with ▁the ▁sign s ▁of ▁peace ▁and ▁heart ▁to ▁con ver t ▁" O " ▁to ▁be ▁read ▁as ▁small ▁letter s ▁of ▁e .
[2026-03-17 16:01:24] Best translation 160 : ▁People ▁p ul l ed ▁chair s ▁with ▁win d ow s ▁but ▁the ▁win d ow s ▁did ▁not ▁break .
[2026-03-17 16:01:26] Best translation 320 : ▁Follow ing ▁the ▁design ▁of ▁the ▁broke n ▁sea ▁base , ▁it ▁was ▁found ▁using ▁R O V .
[2026-03-17 16:01:31] Best translation 640 : ▁Japan ▁has ▁about ▁7 , 000 ▁is land s ▁( H un sh ▁is ▁the ▁largest , ▁making ▁Japan ▁the ▁seventh ▁largest ▁is land ▁in ▁the ▁world !
[2026-03-17 16:01:40] Best translation 1280 : ▁The ▁bus es ▁leave ▁the ▁district s ▁( le ft ▁over ▁the ▁river ) ▁throughout ▁the ▁day , ▁although ▁most ▁of ▁them , ▁especially ▁those ▁travel ing ▁ east ▁and ▁Ja kar / B um tan g ▁between ▁6 : 30 ▁pm ▁and ▁7 : 30 ▁pm .
[2026-03-17 16:01:52] Total translation time: 32.50164s
[2026-03-17 16:01:52] [valid] Ep. 54 : Up. 68000 : chrf : 56.5403 : stalled 4 times (last best: 56.6711)
[2026-03-17 16:01:54] [valid] Ep. 54 : Up. 68000 : perplexity : 7.66518 : stalled 25 times (last best: 7.06809)
[2026-03-17 16:03:45] Seen 310,206 samples
[2026-03-17 16:03:45] Starting data epoch 55 in logical epoch 55
[2026-03-17 16:04:25] Ep. 55 : Up. 69000 : Sen. 63,161 : Cost 1.61492312 * 9,794,725 @ 10,647 after 676,809,528 : Time 222.43s : 44035.63 words/s : gNorm 0.6650 : L.r. 1.4446e-04
[2026-03-17 16:04:25] Saving model weights and runtime parameters to /workspace/OPUS-MT-train/work/ckb-en/curated-floresdev.spm4k-spm4k.transformer.model1.npz
[2026-03-17 16:04:26] Saving Adam parameters
[2026-03-17 16:04:28] [training] Saving training checkpoint to /workspace/OPUS-MT-train/work/ckb-en/curated-floresdev.spm4k-spm4k.transformer.model1.npz and /workspace/OPUS-MT-train/work/ckb-en/curated-floresdev.spm4k-spm4k.transformer.model1.npz.optimizer.npz
[2026-03-17 16:04:32] Translating validation set...
[2026-03-17 16:04:32] Best translation 0 : ▁This ▁concept ▁comes ▁from ▁ancient ▁a c qu a in t ance ▁from ▁an ▁in s ect ▁mo s qui to , ▁where ▁mo s qui to es ▁are ▁very ▁ su it able ▁for ▁prevent ion ▁of ▁human s .
[2026-03-17 16:04:32] Best translation 1 : ▁The ▁Mu m ba i ▁attack ers ▁ bo at s ▁arrived ▁on ▁November ▁2 6 , ▁ 200 8 , ▁carrying ▁gr en ad es ▁and ▁auto ma tic ▁weapons , ▁target ing ▁several ▁target s , ▁including ▁the ▁Che v ro le t ▁Cha p tal ▁Tra in ▁St ation ▁and ▁the ▁famous ▁Ta j ▁Mah al ▁Hotel .
[2026-03-17 16:04:33] Best translation 2 : ▁The ▁search ▁was ▁sp o il ed ▁due ▁to ▁the ▁same ▁bad ▁weather ▁that ▁led ▁to ▁the ▁break d own ▁of ▁the ▁land .
[2026-03-17 16:04:33] Best translation 3 : ▁The ▁AC M A ▁was ▁also ▁found ed ▁in ▁addition ▁to ▁the ▁video ▁was ▁air ed ▁on ▁the ▁Internet , ▁and ▁Bi g ▁Bra z er ▁did ▁not ▁violate ▁the ▁on line ▁ s ur ve ill ance ▁law ▁as ▁the ▁media ▁was ▁not ▁store d ▁on ▁Bi g ▁Bra z ar ' s ▁website .
[2026-03-17 16:04:33] Best translation 4 : ▁There ▁was ▁a ▁we ak er ▁army ▁and ▁the ▁water ▁army ▁was ▁we ak er , ▁although ▁they ▁were ▁design ed ▁for ▁new ▁ ba tter ies ▁before ▁the ▁beginning ▁of ▁the ▁war .
[2026-03-17 16:04:33] Best translation 5 : ▁His ▁second ▁goal ▁of ▁the ▁night ▁was ▁the ▁ 60 th ▁goal ▁of ▁the ▁season , ▁be coming ▁the ▁first ▁player ▁to ▁score ▁ 60 ▁goals ▁or ▁more ▁in ▁a ▁season ▁since ▁19 9 5 - 9 6 , ▁each ▁with ▁Ya r mo ir ▁Ya ng er ▁and ▁Ma ri o ▁Li mi u ▁reach ing ▁this ▁stage .
[2026-03-17 16:04:33] Best translation 10 : ▁B lo o d ▁through ▁the ▁art er y ▁ ner ve ▁and ▁comes ▁back ▁to ▁the ▁heart ▁from ▁the ▁read er ' s ▁ ner ve . ▁The ▁small est ▁ ner ve s ▁are ▁called ▁ ner ve .
[2026-03-17 16:04:33] Best translation 20 : ▁Con s tru ction ▁can ▁be ▁both ▁real ▁and ▁real . ▁In ▁other ▁word s , ▁the ▁teacher ▁is ▁a ▁com ple x ▁ style , ▁but ▁his ▁young est ▁man ▁is ▁a ▁Mi c ro so ft ▁paper ▁connect or .
[2026-03-17 16:04:33] Best translation 40 : ▁The ▁demonstration ▁began ▁around ▁11 : 00 ▁local ▁time ▁( U T C <0x2B> 1 ) ▁in ▁Wa it ol ▁ op po s ite ▁the ▁police ▁guard ▁g ate way ▁to ▁D own ing ▁Street , ▁the ▁official ▁residence ▁of ▁the ▁prime ▁minister .
[2026-03-17 16:04:33] Best translation 80 : ▁The ▁ s y mp t om ▁was ▁not ▁physical ly ▁harm ful ; ▁The ▁mo d ification ▁was ▁made ▁using ▁black ▁ tar po li na ▁which ▁was ▁de c or ated ▁with ▁the ▁sign s ▁of ▁peace ▁and ▁heart ▁to ▁con ver t ▁" O " ▁to ▁be ▁read ▁as ▁the ▁small ▁letter ▁e .
[2026-03-17 16:04:35] Best translation 160 : ▁People ▁p ul l ed ▁chair s ▁with ▁win d ow s ▁but ▁the ▁win d ow s ▁did ▁not ▁break .
[2026-03-17 16:04:38] Best translation 320 : ▁Follow ing ▁the ▁design ▁of ▁the ▁broke n ▁sea ▁base , ▁it ▁was ▁found ▁using ▁R O V .
[2026-03-17 16:04:42] Best translation 640 : ▁Japan ▁has ▁about ▁7 , 000 ▁is land s ▁( H un sh ▁is ▁the ▁largest , ▁making ▁Japan ▁the ▁seventh ▁largest ▁is land ▁in ▁the ▁world !
[2026-03-17 16:04:52] Best translation 1280 : ▁The ▁bus es ▁leave ▁the ▁district s ▁( le ft ▁over ▁the ▁river ) ▁throughout ▁the ▁day , ▁although ▁most ▁of ▁them , ▁especially ▁those ▁head ▁to ▁the ▁ east ▁and ▁Ja kar / B um tan g ▁between ▁6 : 30 ▁pm ▁and ▁7 : 30 ▁pm .
[2026-03-17 16:05:03] Total translation time: 31.28999s
[2026-03-17 16:05:03] Saving model weights and runtime parameters to /workspace/OPUS-MT-train/work/ckb-en/curated-floresdev.spm4k-spm4k.transformer.model1.npz.best-bleu.npz
[2026-03-17 16:05:04] [valid] Ep. 55 : Up. 69000 : bleu : 30.2312 : new best
[2026-03-17 16:05:04] Translating validation set...
[2026-03-17 16:05:05] Best translation 0 : ▁This ▁concept ▁comes ▁from ▁ancient ▁a c qu a in t ance ▁from ▁an ▁in s ect ▁mo s qui to , ▁where ▁mo s qui to es ▁are ▁very ▁ su it able ▁for ▁prevent ion ▁of ▁human s .
[2026-03-17 16:05:05] Best translation 1 : ▁The ▁Mu m ba i ▁attack ers ▁ bo at s ▁arrived ▁on ▁November ▁2 6 , ▁ 200 8 , ▁carrying ▁gr en ad es ▁and ▁auto ma tic ▁weapons , ▁target ing ▁several ▁target s , ▁including ▁the ▁Che v ro le t ▁Cha p tal ▁Tra in ▁St ation ▁and ▁the ▁famous ▁Ta j ▁Mah al ▁Hotel .
[2026-03-17 16:05:05] Best translation 2 : ▁The ▁search ▁was ▁sp o il ed ▁due ▁to ▁the ▁same ▁bad ▁weather ▁that ▁led ▁to ▁the ▁break d own ▁of ▁the ▁land .
[2026-03-17 16:05:05] Best translation 3 : ▁The ▁AC M A ▁was ▁also ▁found ed ▁in ▁addition ▁to ▁the ▁video ▁was ▁air ed ▁on ▁the ▁Internet , ▁and ▁Bi g ▁Bra z er ▁did ▁not ▁violate ▁the ▁on line ▁ s ur ve ill ance ▁law ▁as ▁the ▁media ▁was ▁not ▁store d ▁on ▁Bi g ▁Bra z ar ' s ▁website .
[2026-03-17 16:05:05] Best translation 4 : ▁There ▁was ▁a ▁we ak er ▁army ▁and ▁the ▁water ▁army ▁was ▁we ak er , ▁although ▁they ▁were ▁design ed ▁for ▁new ▁ ba tter ies ▁before ▁the ▁beginning ▁of ▁the ▁war .
[2026-03-17 16:05:05] Best translation 5 : ▁His ▁second ▁goal ▁of ▁the ▁night ▁was ▁the ▁ 60 th ▁goal ▁of ▁the ▁season , ▁be coming ▁the ▁first ▁player ▁to ▁score ▁ 60 ▁goals ▁or ▁more ▁in ▁a ▁season ▁since ▁19 9 5 - 9 6 , ▁each ▁with ▁Ya r mo ir ▁Ya ng er ▁and ▁Ma ri o ▁Li mi u ▁reach ing ▁this ▁stage .
[2026-03-17 16:05:05] Best translation 10 : ▁B lo o d ▁through ▁the ▁art er y ▁ ner ve ▁and ▁comes ▁back ▁to ▁the ▁heart ▁from ▁the ▁read er ' s ▁ ner ve . ▁The ▁small est ▁ ner ve s ▁are ▁called ▁ ner ve .
[2026-03-17 16:05:05] Best translation 20 : ▁Con s tru ction ▁can ▁be ▁both ▁real ▁and ▁real . ▁In ▁other ▁word s , ▁the ▁teacher ▁is ▁a ▁com ple x ▁ style , ▁but ▁his ▁young est ▁man ▁is ▁a ▁Mi c ro so ft ▁paper ▁connect or .
[2026-03-17 16:05:05] Best translation 40 : ▁The ▁demonstration ▁began ▁around ▁11 : 00 ▁local ▁time ▁( U T C <0x2B> 1 ) ▁in ▁Wa it ol ▁ op po s ite ▁the ▁police ▁guard ▁g ate way ▁to ▁D own ing ▁Street , ▁the ▁official ▁residence ▁of ▁the ▁prime ▁minister .
[2026-03-17 16:05:06] Best translation 80 : ▁The ▁ s y mp t om ▁was ▁not ▁physical ly ▁harm ful ; ▁The ▁mo d ification ▁was ▁made ▁using ▁black ▁ tar po li na ▁which ▁was ▁de c or ated ▁with ▁the ▁sign s ▁of ▁peace ▁and ▁heart ▁to ▁con ver t ▁" O " ▁to ▁be ▁read ▁as ▁the ▁small ▁letter ▁e .
[2026-03-17 16:05:08] Best translation 160 : ▁People ▁p ul l ed ▁chair s ▁with ▁win d ow s ▁but ▁the ▁win d ow s ▁did ▁not ▁break .
[2026-03-17 16:05:10] Best translation 320 : ▁Follow ing ▁the ▁design ▁of ▁the ▁broke n ▁sea ▁base , ▁it ▁was ▁found ▁using ▁R O V .
[2026-03-17 16:05:15] Best translation 640 : ▁Japan ▁has ▁about ▁7 , 000 ▁is land s ▁( H un sh ▁is ▁the ▁largest , ▁making ▁Japan ▁the ▁seventh ▁largest ▁is land ▁in ▁the ▁world !
[2026-03-17 16:05:25] Best translation 1280 : ▁The ▁bus es ▁leave ▁the ▁district s ▁( le ft ▁over ▁the ▁river ) ▁throughout ▁the ▁day , ▁although ▁most ▁of ▁them , ▁especially ▁those ▁head ▁to ▁the ▁ east ▁and ▁Ja kar / B um tan g ▁between ▁6 : 30 ▁pm ▁and ▁7 : 30 ▁pm .
[2026-03-17 16:05:37] Total translation time: 32.80212s
[2026-03-17 16:05:37] [valid] Ep. 55 : Up. 69000 : chrf : 56.6219 : stalled 5 times (last best: 56.6711)
[2026-03-17 16:05:39] [valid] Ep. 55 : Up. 69000 : perplexity : 7.69569 : stalled 26 times (last best: 7.06809)
[2026-03-17 16:08:09] Ep. 55 : Up. 70000 : Sen. 307,424 : Cost 1.60849631 * 9,802,278 @ 9,591 after 686,611,806 : Time 224.07s : 43745.60 words/s : gNorm 0.6698 : L.r. 1.4343e-04
[2026-03-17 16:08:09] Saving model weights and runtime parameters to /workspace/OPUS-MT-train/work/ckb-en/curated-floresdev.spm4k-spm4k.transformer.model1.npz
[2026-03-17 16:08:10] Saving Adam parameters
[2026-03-17 16:08:12] [training] Saving training checkpoint to /workspace/OPUS-MT-train/work/ckb-en/curated-floresdev.spm4k-spm4k.transformer.model1.npz and /workspace/OPUS-MT-train/work/ckb-en/curated-floresdev.spm4k-spm4k.transformer.model1.npz.optimizer.npz
[2026-03-17 16:08:16] Translating validation set...
[2026-03-17 16:08:16] Best translation 0 : ▁This ▁concept ▁comes ▁from ▁ancient ▁a c qu a in t ance ▁from ▁an ▁in s ect ▁mo s qui to , ▁where ▁mo s qui to es ▁are ▁very ▁ su it able ▁for ▁prevent ion ▁of ▁human s .
[2026-03-17 16:08:16] Best translation 1 : ▁The ▁Mu m ba i ▁attack ers ▁ bo at s ▁arrived ▁on ▁November ▁2 6 , ▁ 200 8 , ▁carrying ▁gr en ad es ▁and ▁auto ma tic ▁weapons , ▁target ing ▁several ▁target s , ▁including ▁the ▁Che v ro le t ▁Cha p tal ▁Tra in ▁St ation ▁and ▁the ▁famous ▁Ta j ▁Mah al ▁Hotel .
[2026-03-17 16:08:17] Best translation 2 : ▁The ▁search ▁was ▁disrupt ed ▁by ▁the ▁same ▁bad ▁weather ▁that ▁led ▁to ▁the ▁break d own ▁of ▁the ▁land s ca pe .
[2026-03-17 16:08:17] Best translation 3 : ▁The ▁AC M A ▁was ▁also ▁found ed ▁in ▁addition ▁to ▁the ▁video ▁was ▁air ed ▁on ▁the ▁Internet , ▁and ▁Bi g ▁Bra z er ▁did ▁not ▁violate ▁the ▁on line ▁ s ur ve ill ance ▁law ▁as ▁the ▁media ▁was ▁not ▁store d ▁on ▁Bi g ▁Bra z ar ' s ▁website .
[2026-03-17 16:08:17] Best translation 4 : ▁There ▁was ▁a ▁we ak er ▁army ▁and ▁the ▁water ▁army ▁was ▁we ak er , ▁although ▁they ▁were ▁design ed ▁for ▁new ▁ ba tter ies ▁before ▁the ▁beginning ▁of ▁the ▁war .
[2026-03-17 16:08:17] Best translation 5 : ▁His ▁second ▁goal ▁of ▁the ▁night ▁was ▁the ▁ 60 th ▁goal ▁of ▁the ▁season , ▁be coming ▁the ▁first ▁player ▁to ▁score ▁ 60 ▁goals ▁or ▁more ▁in ▁a ▁season ▁since ▁19 9 5 - 9 6 , ▁each ▁with ▁Ya r mo ir ▁Ya ng er ▁and ▁Ma ri o ▁Li mi u ▁reach ing ▁this ▁stage .
[2026-03-17 16:08:17] Best translation 10 : ▁B lo o d ▁through ▁the ▁art er y ▁ ner ve ▁and ▁comes ▁back ▁to ▁the ▁heart ▁from ▁the ▁blood ▁ ve s s el . ▁The ▁small est ▁ ner ve s ▁are ▁called ▁ ner ve ▁mu ll s .
[2026-03-17 16:08:17] Best translation 20 : ▁Con s tru ction ▁can ▁both ▁be ▁real , ▁in ▁other ▁word s , ▁teachers ▁are ▁a ▁com ple x ▁ style , ▁but ▁their ▁small ▁man ▁with ▁a ▁Mi c ro so ft ▁paper ▁connect or ▁is ▁also ▁the ▁same .
[2026-03-17 16:08:17] Best translation 40 : ▁The ▁demonstration ▁began ▁around ▁11 : 00 ▁local ▁time ▁( U T C <0x2B> 1 ) ▁in ▁Wa it ol ▁ op po s ite ▁the ▁police ▁guard ▁g ate way ▁to ▁D own ing ▁Street , ▁the ▁official ▁residence ▁of ▁the ▁prime ▁minister .
[2026-03-17 16:08:17] Best translation 80 : ▁The ▁ s y mp t om ▁was ▁not ▁physical ly ▁harm ful ; ▁The ▁mo d ification ▁was ▁made ▁using ▁black ▁ tar po li na ▁which ▁was ▁de c or ated ▁with ▁the ▁sign s ▁of ▁peace ▁and ▁heart ▁to ▁con ver t ▁" O " ▁to ▁be ▁read ▁as ▁the ▁small ▁letter ▁e .
[2026-03-17 16:08:19] Best translation 160 : ▁People ▁p ul l ed ▁chair s ▁with ▁win d ow s ▁but ▁the ▁win d ow s ▁did ▁not ▁break .
[2026-03-17 16:08:22] Best translation 320 : ▁Follow ing ▁the ▁ma pp ing ▁of ▁the ▁b ot t om ▁of ▁the ▁broke n ▁sea , ▁it ▁was ▁found ▁using ▁R O V .
[2026-03-17 16:08:26] Best translation 640 : ▁Japan ▁has ▁about ▁7 , 000 ▁is land s ▁( H un sh ▁is ▁the ▁largest , ▁making ▁Japan ▁the ▁seventh ▁largest ▁is land ▁in ▁the ▁world !
[2026-03-17 16:08:36] Best translation 1280 : ▁The ▁bus es ▁leave ▁the ▁district s ▁( le ft ▁over ▁the ▁river ) ▁throughout ▁the ▁day , ▁although ▁most ▁of ▁them , ▁especially ▁those ▁head ▁to ▁the ▁ east ▁and ▁Ja kar / B um tan g ▁between ▁6 : 30 ▁pm ▁and ▁7 : 30 ▁pm .
[2026-03-17 16:08:47] Total translation time: 31.44015s
[2026-03-17 16:08:47] Saving model weights and runtime parameters to /workspace/OPUS-MT-train/work/ckb-en/curated-floresdev.spm4k-spm4k.transformer.model1.npz.best-bleu.npz
[2026-03-17 16:08:48] [valid] Ep. 55 : Up. 70000 : bleu : 30.2383 : new best
[2026-03-17 16:08:48] Translating validation set...
[2026-03-17 16:08:49] Best translation 0 : ▁This ▁concept ▁comes ▁from ▁ancient ▁a c qu a in t ance ▁from ▁an ▁in s ect ▁mo s qui to , ▁where ▁mo s qui to es ▁are ▁very ▁ su it able ▁for ▁prevent ion ▁of ▁human s .
[2026-03-17 16:08:49] Best translation 1 : ▁The ▁Mu m ba i ▁attack ers ▁ bo at s ▁arrived ▁on ▁November ▁2 6 , ▁ 200 8 , ▁carrying ▁gr en ad es ▁and ▁auto ma tic ▁weapons , ▁target ing ▁several ▁target s , ▁including ▁the ▁Che v ro le t ▁Cha p tal ▁Tra in ▁St ation ▁and ▁the ▁famous ▁Ta j ▁Mah al ▁Hotel .
[2026-03-17 16:08:49] Best translation 2 : ▁The ▁search ▁was ▁disrupt ed ▁by ▁the ▁same ▁bad ▁weather ▁that ▁led ▁to ▁the ▁break d own ▁of ▁the ▁land s ca pe .
[2026-03-17 16:08:49] Best translation 3 : ▁The ▁AC M A ▁was ▁also ▁found ed ▁in ▁addition ▁to ▁the ▁video ▁was ▁air ed ▁on ▁the ▁Internet , ▁and ▁Bi g ▁Bra z er ▁did ▁not ▁violate ▁the ▁on line ▁ s ur ve ill ance ▁law ▁as ▁the ▁media ▁was ▁not ▁store d ▁on ▁Bi g ▁Bra z ar ' s ▁website .
[2026-03-17 16:08:49] Best translation 4 : ▁There ▁was ▁a ▁we ak er ▁army ▁and ▁the ▁water ▁army ▁was ▁we ak er , ▁although ▁they ▁were ▁design ed ▁for ▁new ▁ ba tter ies ▁before ▁the ▁beginning ▁of ▁the ▁war .
[2026-03-17 16:08:49] Best translation 5 : ▁His ▁second ▁goal ▁of ▁the ▁night ▁was ▁the ▁ 60 th ▁goal ▁of ▁the ▁season , ▁be coming ▁the ▁first ▁player ▁to ▁score ▁ 60 ▁goals ▁or ▁more ▁in ▁a ▁season ▁since ▁19 9 5 - 9 6 , ▁each ▁with ▁Ya r mo ir ▁Ya ng er ▁and ▁Ma ri o ▁Li mi u ▁reach ing ▁this ▁stage .
[2026-03-17 16:08:50] Best translation 10 : ▁B lo o d ▁through ▁the ▁art er y ▁ ner ve ▁and ▁comes ▁back ▁to ▁the ▁heart ▁from ▁the ▁blood ▁ ve s s el . ▁The ▁small est ▁ ner ve s ▁are ▁called ▁ ner ve ▁mu ll s .
[2026-03-17 16:08:50] Best translation 20 : ▁Con s tru ction ▁can ▁both ▁be ▁real , ▁in ▁other ▁word s , ▁teachers ▁are ▁a ▁com ple x ▁ style , ▁but ▁their ▁small ▁man ▁with ▁a ▁Mi c ro so ft ▁paper ▁connect or ▁is ▁also ▁the ▁same .
[2026-03-17 16:08:50] Best translation 40 : ▁The ▁demonstration ▁began ▁around ▁11 : 00 ▁local ▁time ▁( U T C <0x2B> 1 ) ▁in ▁Wa it ol ▁ op po s ite ▁the ▁police ▁guard ▁g ate way ▁to ▁D own ing ▁Street , ▁the ▁official ▁residence ▁of ▁the ▁prime ▁minister .
[2026-03-17 16:08:50] Best translation 80 : ▁The ▁ s y mp t om ▁was ▁not ▁physical ly ▁harm ful ; ▁The ▁mo d ification ▁was ▁made ▁using ▁black ▁ tar po li na ▁which ▁was ▁de c or ated ▁with ▁the ▁sign s ▁of ▁peace ▁and ▁heart ▁to ▁con ver t ▁" O " ▁to ▁be ▁read ▁as ▁the ▁small ▁letter ▁e .
[2026-03-17 16:08:52] Best translation 160 : ▁People ▁p ul l ed ▁chair s ▁with ▁win d ow s ▁but ▁the ▁win d ow s ▁did ▁not ▁break .
[2026-03-17 16:08:55] Best translation 320 : ▁Follow ing ▁the ▁ma pp ing ▁of ▁the ▁b ot t om ▁of ▁the ▁broke n ▁sea , ▁it ▁was ▁found ▁using ▁R O V .
[2026-03-17 16:09:00] Best translation 640 : ▁Japan ▁has ▁about ▁7 , 000 ▁is land s ▁( H un sh ▁is ▁the ▁largest , ▁making ▁Japan ▁the ▁seventh ▁largest ▁is land ▁in ▁the ▁world !
[2026-03-17 16:09:09] Best translation 1280 : ▁The ▁bus es ▁leave ▁the ▁district s ▁( le ft ▁over ▁the ▁river ) ▁throughout ▁the ▁day , ▁although ▁most ▁of ▁them , ▁especially ▁those ▁head ▁to ▁the ▁ east ▁and ▁Ja kar / B um tan g ▁between ▁6 : 30 ▁pm ▁and ▁7 : 30 ▁pm .
[2026-03-17 16:09:21] Total translation time: 32.75864s
[2026-03-17 16:09:21] [valid] Ep. 55 : Up. 70000 : chrf : 56.5935 : stalled 6 times (last best: 56.6711)
[2026-03-17 16:09:23] [valid] Ep. 55 : Up. 70000 : perplexity : 7.72675 : stalled 27 times (last best: 7.06809)
[2026-03-17 16:09:25] Seen 310,206 samples
[2026-03-17 16:09:25] Starting data epoch 56 in logical epoch 56
[2026-03-17 16:11:53] Ep. 56 : Up. 71000 : Sen. 240,182 : Cost 1.60658419 * 9,818,745 @ 10,601 after 696,430,551 : Time 224.71s : 43694.25 words/s : gNorm 0.6777 : L.r. 1.4241e-04
[2026-03-17 16:11:53] Saving model weights and runtime parameters to /workspace/OPUS-MT-train/work/ckb-en/curated-floresdev.spm4k-spm4k.transformer.model1.npz
[2026-03-17 16:11:55] Saving Adam parameters
[2026-03-17 16:11:57] [training] Saving training checkpoint to /workspace/OPUS-MT-train/work/ckb-en/curated-floresdev.spm4k-spm4k.transformer.model1.npz and /workspace/OPUS-MT-train/work/ckb-en/curated-floresdev.spm4k-spm4k.transformer.model1.npz.optimizer.npz
[2026-03-17 16:12:00] Translating validation set...
[2026-03-17 16:12:01] Best translation 0 : ▁This ▁concept ▁comes ▁from ▁ancient ▁a c qu a in t ance ▁from ▁an ▁in s ect ▁mo s qui to , ▁where ▁mo s qui to es ▁are ▁very ▁ su it able ▁for ▁prevent ion ▁of ▁human s .
[2026-03-17 16:12:01] Best translation 1 : ▁The ▁Mu m ba i ▁attack ers ▁ bo at s ▁arrived ▁on ▁November ▁2 6 , ▁ 200 8 , ▁carrying ▁gr en ad es ▁and ▁auto ma tic ▁weapons , ▁target ing ▁several ▁target s , ▁including ▁the ▁Che v ro le t ▁Cha p tal ▁Tra in ▁St ation ▁and ▁the ▁famous ▁Ta j ▁Mah al ▁Hotel .
[2026-03-17 16:12:01] Best translation 2 : ▁The ▁search ▁was ▁disrupt ed ▁by ▁the ▁same ▁bad ▁weather ▁that ▁led ▁to ▁the ▁break d own ▁of ▁the ▁land s ca pe .
[2026-03-17 16:12:01] Best translation 3 : ▁The ▁AC M A ▁was ▁also ▁found ed ▁in ▁addition ▁to ▁the ▁video ▁was ▁air ed ▁on ▁the ▁Internet , ▁and ▁Bi g ▁Bra z er ▁did ▁not ▁violate ▁the ▁on line ▁ s ur ve ill ance ▁law ▁as ▁the ▁media ▁was ▁not ▁store d ▁on ▁Bi g ▁Bra z er ' s ▁website .
[2026-03-17 16:12:01] Best translation 4 : ▁There ▁was ▁a ▁we ak er ▁army ▁and ▁the ▁water ▁army ▁was ▁we ak er , ▁although ▁they ▁were ▁design ed ▁for ▁new ▁ ba tter ies ▁before ▁the ▁beginning ▁of ▁the ▁war .
[2026-03-17 16:12:01] Best translation 5 : ▁His ▁second ▁goal ▁of ▁the ▁night ▁was ▁the ▁ 60 th ▁goal ▁of ▁the ▁season , ▁be coming ▁the ▁first ▁player ▁to ▁score ▁ 60 ▁goals ▁or ▁more ▁in ▁a ▁season ▁since ▁19 9 5 - 9 6 , ▁each ▁with ▁Ya r mo ir ▁Ya ng er ▁and ▁Ma ri o ▁Li mi u ▁reach ing ▁this ▁stage .
[2026-03-17 16:12:01] Best translation 10 : ▁B lo o d ▁through ▁the ▁art er y ▁ ner ve ▁and ▁comes ▁back ▁to ▁the ▁heart ▁from ▁the ▁read er ' s ▁ ner ve . ▁The ▁small est ▁ ner ve s ▁are ▁called ▁ ner ve .
[2026-03-17 16:12:01] Best translation 20 : ▁Con s tru ction ▁can ▁be ▁both ▁real ▁and ▁real . ▁In ▁other ▁word s , ▁the ▁teacher ▁is ▁a ▁com ple x ▁ style , ▁but ▁his ▁young est ▁man ▁is ▁a ▁Mi c ro so ft ▁paper ▁connect or .
[2026-03-17 16:12:01] Best translation 40 : ▁The ▁demonstration ▁began ▁around ▁11 : 00 ▁local ▁time ▁( U T C <0x2B> 1 ) ▁in ▁Wa it ol ▁ op po s ite ▁the ▁police ▁guard ▁g ate way ▁to ▁D own ing ▁Street , ▁the ▁official ▁residence ▁of ▁the ▁prime ▁minister .
[2026-03-17 16:12:02] Best translation 80 : ▁The ▁ s y mp t om ▁was ▁not ▁physical ly ▁harm ful ; ▁The ▁mo d ification ▁was ▁made ▁using ▁black ▁ tar po li na ▁which ▁was ▁de c or ated ▁with ▁the ▁sign s ▁of ▁peace ▁and ▁heart ▁to ▁con ver t ▁" O " ▁to ▁be ▁read ▁as ▁the ▁small ▁letter ▁e .
[2026-03-17 16:12:04] Best translation 160 : ▁People ▁p ul l ed ▁chair s ▁with ▁win d ow s ▁but ▁the ▁win d ow s ▁did ▁not ▁break .
[2026-03-17 16:12:06] Best translation 320 : ▁Follow ing ▁the ▁ma pp ing ▁of ▁the ▁b ot t om ▁of ▁the ▁broke n ▁sea , ▁it ▁was ▁found ▁using ▁R O V .
[2026-03-17 16:12:11] Best translation 640 : ▁Japan ▁has ▁about ▁7 , 000 ▁is land s ▁( H un sh ▁is ▁the ▁largest , ▁making ▁Japan ▁the ▁seventh ▁largest ▁is land ▁in ▁the ▁world !
[2026-03-17 16:12:20] Best translation 1280 : ▁The ▁bus es ▁leave ▁the ▁district s ▁( le ft ▁over ▁the ▁river ) ▁throughout ▁the ▁day , ▁although ▁most ▁of ▁them , ▁especially ▁those ▁head ▁to ▁the ▁ east ▁and ▁Ja kar / B um tan g ▁between ▁6 : 30 ▁pm ▁and ▁7 : 30 ▁pm .
[2026-03-17 16:12:31] Total translation time: 31.18908s
[2026-03-17 16:12:31] [valid] Ep. 56 : Up. 71000 : bleu : 30.1221 : stalled 1 times (last best: 30.2383)
[2026-03-17 16:12:31] Translating validation set...
[2026-03-17 16:12:32] Best translation 0 : ▁This ▁concept ▁comes ▁from ▁ancient ▁a c qu a in t ance ▁from ▁an ▁in s ect ▁mo s qui to , ▁where ▁mo s qui to es ▁are ▁very ▁ su it able ▁for ▁prevent ion ▁of ▁human s .
[2026-03-17 16:12:32] Best translation 1 : ▁The ▁Mu m ba i ▁attack ers ▁ bo at s ▁arrived ▁on ▁November ▁2 6 , ▁ 200 8 , ▁carrying ▁gr en ad es ▁and ▁auto ma tic ▁weapons , ▁target ing ▁several ▁target s , ▁including ▁the ▁Che v ro le t ▁Cha p tal ▁Tra in ▁St ation ▁and ▁the ▁famous ▁Ta j ▁Mah al ▁Hotel .
[2026-03-17 16:12:32] Best translation 2 : ▁The ▁search ▁was ▁disrupt ed ▁by ▁the ▁same ▁bad ▁weather ▁that ▁led ▁to ▁the ▁break d own ▁of ▁the ▁land s ca pe .
[2026-03-17 16:12:32] Best translation 3 : ▁The ▁AC M A ▁was ▁also ▁found ed ▁in ▁addition ▁to ▁the ▁video ▁was ▁air ed ▁on ▁the ▁Internet , ▁and ▁Bi g ▁Bra z er ▁did ▁not ▁violate ▁the ▁on line ▁ s ur ve ill ance ▁law ▁as ▁the ▁media ▁was ▁not ▁store d ▁on ▁Bi g ▁Bra z er ' s ▁website .
[2026-03-17 16:12:32] Best translation 4 : ▁There ▁was ▁a ▁we ak er ▁army ▁and ▁the ▁water ▁army ▁was ▁we ak er , ▁although ▁they ▁were ▁design ed ▁for ▁new ▁ ba tter ies ▁before ▁the ▁beginning ▁of ▁the ▁war .
[2026-03-17 16:12:32] Best translation 5 : ▁His ▁second ▁goal ▁of ▁the ▁night ▁was ▁the ▁ 60 th ▁goal ▁of ▁the ▁season , ▁be coming ▁the ▁first ▁player ▁to ▁score ▁ 60 ▁goals ▁or ▁more ▁in ▁a ▁season ▁since ▁19 9 5 - 9 6 , ▁each ▁with ▁Ya r mo ir ▁Ya ng er ▁and ▁Ma ri o ▁Li mi u ▁reach ing ▁this ▁stage .
[2026-03-17 16:12:33] Best translation 10 : ▁B lo o d ▁through ▁the ▁art er y ▁ ner ve ▁and ▁comes ▁back ▁to ▁the ▁heart ▁from ▁the ▁read er ' s ▁ ner ve . ▁The ▁small est ▁ ner ve s ▁are ▁called ▁ ner ve .
[2026-03-17 16:12:33] Best translation 20 : ▁Con s tru ction ▁can ▁be ▁both ▁real ▁and ▁real . ▁In ▁other ▁word s , ▁the ▁teacher ▁is ▁a ▁com ple x ▁ style , ▁but ▁his ▁young est ▁man ▁is ▁a ▁Mi c ro so ft ▁paper ▁connect or .
[2026-03-17 16:12:33] Best translation 40 : ▁The ▁demonstration ▁began ▁around ▁11 : 00 ▁local ▁time ▁( U T C <0x2B> 1 ) ▁in ▁Wa it ol ▁ op po s ite ▁the ▁police ▁guard ▁g ate way ▁to ▁D own ing ▁Street , ▁the ▁official ▁residence ▁of ▁the ▁prime ▁minister .
[2026-03-17 16:12:33] Best translation 80 : ▁The ▁ s y mp t om ▁was ▁not ▁physical ly ▁harm ful ; ▁The ▁mo d ification ▁was ▁made ▁using ▁black ▁ tar po li na ▁which ▁was ▁de c or ated ▁with ▁the ▁sign s ▁of ▁peace ▁and ▁heart ▁to ▁con ver t ▁" O " ▁to ▁be ▁read ▁as ▁the ▁small ▁letter ▁e .
[2026-03-17 16:12:35] Best translation 160 : ▁People ▁p ul l ed ▁chair s ▁with ▁win d ow s ▁but ▁the ▁win d ow s ▁did ▁not ▁break .
[2026-03-17 16:12:38] Best translation 320 : ▁Follow ing ▁the ▁ma pp ing ▁of ▁the ▁b ot t om ▁of ▁the ▁broke n ▁sea , ▁it ▁was ▁found ▁using ▁R O V .
[2026-03-17 16:12:43] Best translation 640 : ▁Japan ▁has ▁about ▁7 , 000 ▁is land s ▁( H un sh ▁is ▁the ▁largest , ▁making ▁Japan ▁the ▁seventh ▁largest ▁is land ▁in ▁the ▁world !
[2026-03-17 16:12:52] Best translation 1280 : ▁The ▁bus es ▁leave ▁the ▁district s ▁( le ft ▁over ▁the ▁river ) ▁throughout ▁the ▁day , ▁although ▁most ▁of ▁them , ▁especially ▁those ▁head ▁to ▁the ▁ east ▁and ▁Ja kar / B um tan g ▁between ▁6 : 30 ▁pm ▁and ▁7 : 30 ▁pm .
[2026-03-17 16:13:04] Total translation time: 33.01626s
[2026-03-17 16:13:04] [valid] Ep. 56 : Up. 71000 : chrf : 56.476 : stalled 7 times (last best: 56.6711)
[2026-03-17 16:13:06] [valid] Ep. 56 : Up. 71000 : perplexity : 7.75839 : stalled 28 times (last best: 7.06809)
[2026-03-17 16:13:49] Seen 310,206 samples
[2026-03-17 16:13:49] Starting data epoch 57 in logical epoch 57
[2026-03-17 16:15:37] Ep. 57 : Up. 72000 : Sen. 174,259 : Cost 1.60159671 * 9,815,129 @ 8,449 after 706,245,680 : Time 223.28s : 43959.73 words/s : gNorm 0.6982 : L.r. 1.4142e-04
[2026-03-17 16:15:37] Saving model weights and runtime parameters to /workspace/OPUS-MT-train/work/ckb-en/curated-floresdev.spm4k-spm4k.transformer.model1.npz
[2026-03-17 16:15:38] Saving Adam parameters
[2026-03-17 16:15:40] [training] Saving training checkpoint to /workspace/OPUS-MT-train/work/ckb-en/curated-floresdev.spm4k-spm4k.transformer.model1.npz and /workspace/OPUS-MT-train/work/ckb-en/curated-floresdev.spm4k-spm4k.transformer.model1.npz.optimizer.npz
[2026-03-17 16:15:43] Translating validation set...
[2026-03-17 16:15:44] Best translation 0 : ▁This ▁concept ▁comes ▁from ▁ancient ▁a c qu a in t ance ▁from ▁an ▁in s ect ▁mo s qui to , ▁where ▁mo s qui to es ▁are ▁very ▁ su it able ▁for ▁prevent ion ▁of ▁human s .
[2026-03-17 16:15:44] Best translation 1 : ▁The ▁Mu m ba i ▁attack ers ▁ bo at s ▁arrived ▁on ▁November ▁2 6 , ▁ 200 8 , ▁carrying ▁gr en ad es ▁and ▁auto ma tic ▁weapons , ▁target ing ▁several ▁target s , ▁including ▁the ▁Che v ro le t ▁Cha p tal ▁Tra in ▁St ation ▁and ▁the ▁famous ▁Ta j ▁Mah al ▁Hotel .
[2026-03-17 16:15:44] Best translation 2 : ▁The ▁search ▁was ▁disrupt ed ▁by ▁the ▁same ▁bad ▁weather ▁that ▁led ▁to ▁the ▁break d own ▁of ▁the ▁land s ca pe .
[2026-03-17 16:15:44] Best translation 3 : ▁The ▁AC M A ▁was ▁also ▁found ed ▁in ▁addition ▁to ▁the ▁video ▁was ▁air ed ▁on ▁the ▁Internet , ▁and ▁Bi g ▁Bra z er ▁did ▁not ▁violate ▁the ▁on line ▁ s ur ve ill ance ▁law ▁as ▁the ▁media ▁was ▁not ▁store d ▁on ▁Bi g ▁Bra z er ' s ▁website .
[2026-03-17 16:15:44] Best translation 4 : ▁There ▁was ▁a ▁we ak er ▁army ▁and ▁the ▁water ▁army ▁was ▁we ak er , ▁although ▁they ▁were ▁design ed ▁for ▁new ▁ ba tter ies ▁before ▁the ▁beginning ▁of ▁the ▁war .
[2026-03-17 16:15:44] Best translation 5 : ▁His ▁second ▁goal ▁of ▁the ▁night ▁was ▁the ▁ 60 th ▁goal ▁of ▁the ▁season , ▁be coming ▁the ▁first ▁player ▁to ▁score ▁ 60 ▁goals ▁or ▁more ▁in ▁a ▁season ▁since ▁19 9 5 - 9 6 , ▁each ▁with ▁Ya r mo ir ▁Ya ng er ▁and ▁Ma ri o ▁Li mi u ▁reach ing ▁this ▁stage .
[2026-03-17 16:15:45] Best translation 10 : ▁B lo o d ▁through ▁the ▁art er y ▁ ner ve ▁and ▁comes ▁back ▁to ▁the ▁heart ▁from ▁the ▁blood ▁ ve s s el . ▁The ▁small est ▁ ner ve s ▁are ▁called ▁ ner ve ▁mu ll s .
[2026-03-17 16:15:45] Best translation 20 : ▁Con s tru ction ▁can ▁both ▁be ▁real , ▁in ▁other ▁word s , ▁teachers ▁are ▁a ▁com ple x ▁ style , ▁but ▁their ▁small ▁man ▁with ▁a ▁Mi c ro so ft ▁paper ▁connect or ▁is ▁also ▁the ▁same .
[2026-03-17 16:15:45] Best translation 40 : ▁The ▁demonstration ▁began ▁around ▁11 : 00 ▁local ▁time ▁( U T C <0x2B> 1 ) ▁in ▁Wa it ol ▁ op po s ite ▁the ▁police ▁guard ▁g ate way ▁to ▁D own ing ▁Street , ▁the ▁official ▁residence ▁of ▁the ▁prime ▁minister .
[2026-03-17 16:15:45] Best translation 80 : ▁The ▁ s y mp t om ▁was ▁not ▁physical ly ▁harm ful ; ▁The ▁mo d ification ▁was ▁made ▁using ▁black ▁ tar po li na ▁which ▁was ▁de c or ated ▁with ▁the ▁sign s ▁of ▁peace ▁and ▁heart ▁to ▁con ver t ▁" O " ▁to ▁be ▁read ▁as ▁the ▁small ▁letter ▁e .
[2026-03-17 16:15:47] Best translation 160 : ▁People ▁p ul l ed ▁chair s ▁with ▁win d ow s ▁but ▁the ▁win d ow s ▁did ▁not ▁break .
[2026-03-17 16:15:49] Best translation 320 : ▁Follow ing ▁the ▁design ▁of ▁the ▁broke n ▁sea ▁base , ▁it ▁was ▁found ▁using ▁R O V .
[2026-03-17 16:15:54] Best translation 640 : ▁Japan ▁has ▁about ▁7 , 000 ▁is land s ▁( H un sh ▁the ▁largest , ▁making ▁Japan ▁the ▁seventh ▁largest ▁is land ▁in ▁the ▁world !
[2026-03-17 16:16:03] Best translation 1280 : ▁The ▁bus es ▁leave ▁the ▁district s ▁( le ft ▁over ▁the ▁river ) ▁throughout ▁the ▁day , ▁although ▁most ▁of ▁them , ▁especially ▁those ▁head ▁to ▁the ▁ east ▁and ▁Ja kar / B um tan g ▁between ▁6 : 30 ▁hours ▁and ▁7 : 30 ▁hours .
[2026-03-17 16:16:15] Total translation time: 31.45577s
[2026-03-17 16:16:15] [valid] Ep. 57 : Up. 72000 : bleu : 30.0765 : stalled 2 times (last best: 30.2383)
[2026-03-17 16:16:15] Translating validation set...
[2026-03-17 16:16:15] Best translation 0 : ▁This ▁concept ▁comes ▁from ▁ancient ▁a c qu a in t ance ▁from ▁an ▁in s ect ▁mo s qui to , ▁where ▁mo s qui to es ▁are ▁very ▁ su it able ▁for ▁prevent ion ▁of ▁human s .
[2026-03-17 16:16:15] Best translation 1 : ▁The ▁Mu m ba i ▁attack ers ▁ bo at s ▁arrived ▁on ▁November ▁2 6 , ▁ 200 8 , ▁carrying ▁gr en ad es ▁and ▁auto ma tic ▁weapons , ▁target ing ▁several ▁target s , ▁including ▁the ▁Che v ro le t ▁Cha p tal ▁Tra in ▁St ation ▁and ▁the ▁famous ▁Ta j ▁Mah al ▁Hotel .
[2026-03-17 16:16:16] Best translation 2 : ▁The ▁search ▁was ▁disrupt ed ▁by ▁the ▁same ▁bad ▁weather ▁that ▁led ▁to ▁the ▁break d own ▁of ▁the ▁land s ca pe .
[2026-03-17 16:16:16] Best translation 3 : ▁The ▁AC M A ▁was ▁also ▁found ed ▁in ▁addition ▁to ▁the ▁video ▁was ▁air ed ▁on ▁the ▁Internet , ▁and ▁Bi g ▁Bra z er ▁did ▁not ▁violate ▁the ▁on line ▁ s ur ve ill ance ▁law ▁as ▁the ▁media ▁was ▁not ▁store d ▁on ▁Bi g ▁Bra z er ' s ▁website .
[2026-03-17 16:16:16] Best translation 4 : ▁There ▁was ▁a ▁we ak er ▁army ▁and ▁the ▁water ▁army ▁was ▁we ak er , ▁although ▁they ▁were ▁design ed ▁for ▁new ▁ ba tter ies ▁before ▁the ▁beginning ▁of ▁the ▁war .
[2026-03-17 16:16:16] Best translation 5 : ▁His ▁second ▁goal ▁of ▁the ▁night ▁was ▁the ▁ 60 th ▁goal ▁of ▁the ▁season , ▁be coming ▁the ▁first ▁player ▁to ▁score ▁ 60 ▁goals ▁or ▁more ▁in ▁a ▁season ▁since ▁19 9 5 - 9 6 , ▁each ▁with ▁Ya r mo ir ▁Ya ng er ▁and ▁Ma ri o ▁Li mi u ▁reach ing ▁this ▁stage .
[2026-03-17 16:16:16] Best translation 10 : ▁B lo o d ▁through ▁the ▁art er y ▁ ner ve ▁and ▁comes ▁back ▁to ▁the ▁heart ▁from ▁the ▁blood ▁ ve s s el . ▁The ▁small est ▁ ner ve s ▁are ▁called ▁ ner ve ▁mu ll s .
[2026-03-17 16:16:16] Best translation 20 : ▁Con s tru ction ▁can ▁both ▁be ▁real , ▁in ▁other ▁word s , ▁teachers ▁are ▁a ▁com ple x ▁ style , ▁but ▁their ▁small ▁man ▁with ▁a ▁Mi c ro so ft ▁paper ▁connect or ▁is ▁also ▁the ▁same .
[2026-03-17 16:16:16] Best translation 40 : ▁The ▁demonstration ▁began ▁around ▁11 : 00 ▁local ▁time ▁( U T C <0x2B> 1 ) ▁in ▁Wa it ol ▁ op po s ite ▁the ▁police ▁guard ▁g ate way ▁to ▁D own ing ▁Street , ▁the ▁official ▁residence ▁of ▁the ▁prime ▁minister .
[2026-03-17 16:16:17] Best translation 80 : ▁The ▁ s y mp t om ▁was ▁not ▁physical ly ▁harm ful ; ▁The ▁mo d ification ▁was ▁made ▁using ▁black ▁ tar po li na ▁which ▁was ▁de c or ated ▁with ▁the ▁sign s ▁of ▁peace ▁and ▁heart ▁to ▁con ver t ▁" O " ▁to ▁be ▁read ▁as ▁the ▁small ▁letter ▁e .
[2026-03-17 16:16:19] Best translation 160 : ▁People ▁p ul l ed ▁chair s ▁with ▁win d ow s ▁but ▁the ▁win d ow s ▁did ▁not ▁break .
[2026-03-17 16:16:21] Best translation 320 : ▁Follow ing ▁the ▁design ▁of ▁the ▁broke n ▁sea ▁base , ▁it ▁was ▁found ▁using ▁R O V .
[2026-03-17 16:16:26] Best translation 640 : ▁Japan ▁has ▁about ▁7 , 000 ▁is land s ▁( H un sh ▁the ▁largest , ▁making ▁Japan ▁the ▁seventh ▁largest ▁is land ▁in ▁the ▁world !
[2026-03-17 16:16:36] Best translation 1280 : ▁The ▁bus es ▁leave ▁the ▁district s ▁( le ft ▁over ▁the ▁river ) ▁throughout ▁the ▁day , ▁although ▁most ▁of ▁them , ▁especially ▁those ▁head ▁to ▁the ▁ east ▁and ▁Ja kar / B um tan g ▁between ▁6 : 30 ▁hours ▁and ▁7 : 30 ▁hours .
[2026-03-17 16:16:48] Total translation time: 32.70094s
[2026-03-17 16:16:48] [valid] Ep. 57 : Up. 72000 : chrf : 56.4604 : stalled 8 times (last best: 56.6711)
[2026-03-17 16:16:50] [valid] Ep. 57 : Up. 72000 : perplexity : 7.78884 : stalled 29 times (last best: 7.06809)
[2026-03-17 16:18:14] Seen 310,206 samples
[2026-03-17 16:18:14] Starting data epoch 58 in logical epoch 58
[2026-03-17 16:19:20] Ep. 58 : Up. 73000 : Sen. 107,618 : Cost 1.59602225 * 9,806,359 @ 8,983 after 716,052,039 : Time 223.29s : 43916.94 words/s : gNorm 0.6446 : L.r. 1.4045e-04
[2026-03-17 16:19:20] Saving model weights and runtime parameters to /workspace/OPUS-MT-train/work/ckb-en/curated-floresdev.spm4k-spm4k.transformer.model1.npz
[2026-03-17 16:19:21] Saving Adam parameters
[2026-03-17 16:19:23] [training] Saving training checkpoint to /workspace/OPUS-MT-train/work/ckb-en/curated-floresdev.spm4k-spm4k.transformer.model1.npz and /workspace/OPUS-MT-train/work/ckb-en/curated-floresdev.spm4k-spm4k.transformer.model1.npz.optimizer.npz
[2026-03-17 16:19:26] Translating validation set...
[2026-03-17 16:19:27] Best translation 0 : ▁This ▁concept ▁comes ▁from ▁ancient ▁a c qu a in t ance ▁from ▁an ▁in s ect ▁mo s qui to , ▁where ▁mo s qui to es ▁are ▁very ▁ su it able ▁for ▁prevent ion ▁of ▁human s .
[2026-03-17 16:19:27] Best translation 1 : ▁The ▁Mu m ba i ▁attack ers ▁ bo at s ▁arrived ▁on ▁November ▁2 6 , ▁ 200 8 , ▁carrying ▁gr en ad es ▁and ▁auto ma tic ▁weapons , ▁target ing ▁several ▁target s , ▁including ▁the ▁S chi va j ▁T er min o ▁Tra il ▁St ation ▁and ▁the ▁famous ▁Ta j ▁Mah al ▁Hotel .
[2026-03-17 16:19:27] Best translation 2 : ▁The ▁search ▁was ▁disrupt ed ▁by ▁the ▁same ▁bad ▁weather ▁that ▁led ▁to ▁the ▁break d own ▁of ▁the ▁land s ca pe .
[2026-03-17 16:19:27] Best translation 3 : ▁The ▁AC M A ▁was ▁also ▁found ed ▁in ▁addition ▁to ▁the ▁video ▁was ▁air ed ▁on ▁the ▁Internet , ▁and ▁Bi g ▁Bra z er ▁did ▁not ▁violate ▁the ▁on line ▁ s ur ve ill ance ▁law ▁as ▁the ▁media ▁was ▁not ▁store d ▁on ▁Bi g ▁Bra z er ' s ▁website .
[2026-03-17 16:19:27] Best translation 4 : ▁There ▁was ▁a ▁we ak er ▁army ▁and ▁the ▁water ▁army ▁was ▁we ak er , ▁although ▁they ▁were ▁design ed ▁for ▁new ▁ ba tter ies ▁before ▁the ▁beginning ▁of ▁the ▁war .
[2026-03-17 16:19:27] Best translation 5 : ▁His ▁second ▁goal ▁of ▁the ▁night ▁was ▁the ▁ 60 th ▁goal ▁of ▁the ▁season , ▁be coming ▁the ▁first ▁player ▁to ▁score ▁ 60 ▁goals ▁or ▁more ▁in ▁a ▁season ▁since ▁19 9 5 - 9 6 , ▁each ▁with ▁Ya r mo ir ▁Ya ng er ▁and ▁Ma ri o ▁Li mi u ▁reach ing ▁this ▁stage .
[2026-03-17 16:19:28] Best translation 10 : ▁B lo o d ▁through ▁the ▁art er y ▁ ner ve ▁and ▁comes ▁back ▁to ▁the ▁heart ▁from ▁the ▁blood ▁ ve s s el . ▁The ▁small est ▁ ner ve s ▁are ▁called ▁ ner ve ▁mu ll s .
[2026-03-17 16:19:28] Best translation 20 : ▁Con s tru ction ▁can ▁be ▁both ▁real ▁and ▁real . ▁In ▁other ▁word s , ▁the ▁teacher ▁is ▁a ▁com ple ment ary ▁ style , ▁but ▁his ▁young ▁man ▁is ▁also ▁a ▁sub s et ▁of ▁the ▁Mi c ro so ft ▁O ff ic ial ▁paper .
[2026-03-17 16:19:28] Best translation 40 : ▁The ▁demonstration ▁began ▁around ▁11 : 00 ▁local ▁time ▁( U T C <0x2B> 1 ) ▁in ▁Bo t t ol ▁ op po s ite ▁the ▁police ▁guard ▁g ate way ▁to ▁D own ing ▁Street , ▁the ▁official ▁residence ▁of ▁the ▁prime ▁minister .
[2026-03-17 16:19:28] Best translation 80 : ▁The ▁ s y mp t om ▁was ▁not ▁physical ly ▁harm ful ; ▁The ▁mo d ification ▁was ▁made ▁using ▁black ▁ tar po li na ▁which ▁was ▁de c or ated ▁with ▁the ▁sign s ▁of ▁peace ▁and ▁heart ▁to ▁con ver t ▁" O " ▁to ▁be ▁read ▁as ▁the ▁small ▁letter ▁e .
[2026-03-17 16:19:30] Best translation 160 : ▁People ▁p ul l ed ▁chair s ▁with ▁win d ow s ▁but ▁the ▁win d ow s ▁did ▁not ▁break .
[2026-03-17 16:19:32] Best translation 320 : ▁Follow ing ▁the ▁design ▁of ▁the ▁broke n ▁sea ▁base , ▁it ▁was ▁found ▁using ▁R O V .
[2026-03-17 16:19:37] Best translation 640 : ▁Japan ▁has ▁about ▁7 , 000 ▁is land s ▁( H un sh ▁the ▁largest , ▁making ▁Japan ▁the ▁seventh ▁largest ▁is land ▁in ▁the ▁world !
[2026-03-17 16:19:47] Best translation 1280 : ▁The ▁bus es ▁leave ▁the ▁district s ▁( le ft ▁over ▁the ▁river ) ▁throughout ▁the ▁day , ▁although ▁most ▁of ▁them , ▁especially ▁those ▁head ▁to ▁the ▁ east ▁and ▁Ja kar / B um tan g ▁between ▁6 : 30 ▁pm ▁and ▁7 : 30 ▁pm .
[2026-03-17 16:19:58] Total translation time: 31.71809s
[2026-03-17 16:19:58] [valid] Ep. 58 : Up. 73000 : bleu : 30.1305 : stalled 3 times (last best: 30.2383)
[2026-03-17 16:19:58] Translating validation set...
[2026-03-17 16:19:59] Best translation 0 : ▁This ▁concept ▁comes ▁from ▁ancient ▁a c qu a in t ance ▁from ▁an ▁in s ect ▁mo s qui to , ▁where ▁mo s qui to es ▁are ▁very ▁ su it able ▁for ▁prevent ion ▁of ▁human s .
[2026-03-17 16:19:59] Best translation 1 : ▁The ▁Mu m ba i ▁attack ers ▁ bo at s ▁arrived ▁on ▁November ▁2 6 , ▁ 200 8 , ▁carrying ▁gr en ad es ▁and ▁auto ma tic ▁weapons , ▁target ing ▁several ▁target s , ▁including ▁the ▁S chi va j ▁T er min o ▁Tra il ▁St ation ▁and ▁the ▁famous ▁Ta j ▁Mah al ▁Hotel .
[2026-03-17 16:19:59] Best translation 2 : ▁The ▁search ▁was ▁disrupt ed ▁by ▁the ▁same ▁bad ▁weather ▁that ▁led ▁to ▁the ▁break d own ▁of ▁the ▁land s ca pe .
[2026-03-17 16:19:59] Best translation 3 : ▁The ▁AC M A ▁was ▁also ▁found ed ▁in ▁addition ▁to ▁the ▁video ▁was ▁air ed ▁on ▁the ▁Internet , ▁and ▁Bi g ▁Bra z er ▁did ▁not ▁violate ▁the ▁on line ▁ s ur ve ill ance ▁law ▁as ▁the ▁media ▁was ▁not ▁store d ▁on ▁Bi g ▁Bra z er ' s ▁website .
[2026-03-17 16:19:59] Best translation 4 : ▁There ▁was ▁a ▁we ak er ▁army ▁and ▁the ▁water ▁army ▁was ▁we ak er , ▁although ▁they ▁were ▁design ed ▁for ▁new ▁ ba tter ies ▁before ▁the ▁beginning ▁of ▁the ▁war .
[2026-03-17 16:19:59] Best translation 5 : ▁His ▁second ▁goal ▁of ▁the ▁night ▁was ▁the ▁ 60 th ▁goal ▁of ▁the ▁season , ▁be coming ▁the ▁first ▁player ▁to ▁score ▁ 60 ▁goals ▁or ▁more ▁in ▁a ▁season ▁since ▁19 9 5 - 9 6 , ▁each ▁with ▁Ya r mo ir ▁Ya ng er ▁and ▁Ma ri o ▁Li mi u ▁reach ing ▁this ▁stage .
[2026-03-17 16:19:59] Best translation 10 : ▁B lo o d ▁through ▁the ▁art er y ▁ ner ve ▁and ▁comes ▁back ▁to ▁the ▁heart ▁from ▁the ▁blood ▁ ve s s el . ▁The ▁small est ▁ ner ve s ▁are ▁called ▁ ner ve ▁mu ll s .
[2026-03-17 16:19:59] Best translation 20 : ▁Con s tru ction ▁can ▁be ▁both ▁real ▁and ▁real . ▁In ▁other ▁word s , ▁the ▁teacher ▁is ▁a ▁com ple ment ary ▁ style , ▁but ▁his ▁young ▁man ▁is ▁also ▁a ▁sub s et ▁of ▁the ▁Mi c ro so ft ▁O ff ic ial ▁paper .
[2026-03-17 16:19:59] Best translation 40 : ▁The ▁demonstration ▁began ▁around ▁11 : 00 ▁local ▁time ▁( U T C <0x2B> 1 ) ▁in ▁Bo t t ol ▁ op po s ite ▁the ▁police ▁guard ▁g ate way ▁to ▁D own ing ▁Street , ▁the ▁official ▁residence ▁of ▁the ▁prime ▁minister .
[2026-03-17 16:20:00] Best translation 80 : ▁The ▁ s y mp t om ▁was ▁not ▁physical ly ▁harm ful ; ▁The ▁mo d ification ▁was ▁made ▁using ▁black ▁ tar po li na ▁which ▁was ▁de c or ated ▁with ▁the ▁sign s ▁of ▁peace ▁and ▁heart ▁to ▁con ver t ▁" O " ▁to ▁be ▁read ▁as ▁the ▁small ▁letter ▁e .
[2026-03-17 16:20:02] Best translation 160 : ▁People ▁p ul l ed ▁chair s ▁with ▁win d ow s ▁but ▁the ▁win d ow s ▁did ▁not ▁break .
[2026-03-17 16:20:05] Best translation 320 : ▁Follow ing ▁the ▁design ▁of ▁the ▁broke n ▁sea ▁base , ▁it ▁was ▁found ▁using ▁R O V .
[2026-03-17 16:20:10] Best translation 640 : ▁Japan ▁has ▁about ▁7 , 000 ▁is land s ▁( H un sh ▁the ▁largest , ▁making ▁Japan ▁the ▁seventh ▁largest ▁is land ▁in ▁the ▁world !
[2026-03-17 16:20:19] Best translation 1280 : ▁The ▁bus es ▁leave ▁the ▁district s ▁( le ft ▁over ▁the ▁river ) ▁throughout ▁the ▁day , ▁although ▁most ▁of ▁them , ▁especially ▁those ▁head ▁to ▁the ▁ east ▁and ▁Ja kar / B um tan g ▁between ▁6 : 30 ▁pm ▁and ▁7 : 30 ▁pm .
[2026-03-17 16:20:32] Total translation time: 33.53206s
[2026-03-17 16:20:32] [valid] Ep. 58 : Up. 73000 : chrf : 56.4798 : stalled 9 times (last best: 56.6711)
[2026-03-17 16:20:34] [valid] Ep. 58 : Up. 73000 : perplexity : 7.8194 : stalled 30 times (last best: 7.06809)
[2026-03-17 16:22:39] Seen 310,206 samples
[2026-03-17 16:22:39] Starting data epoch 59 in logical epoch 59
[2026-03-17 16:23:04] Ep. 59 : Up. 74000 : Sen. 41,644 : Cost 1.59539545 * 9,786,687 @ 9,858 after 725,838,726 : Time 224.09s : 43673.68 words/s : gNorm 0.6807 : L.r. 1.3950e-04
[2026-03-17 16:23:04] Saving model weights and runtime parameters to /workspace/OPUS-MT-train/work/ckb-en/curated-floresdev.spm4k-spm4k.transformer.model1.npz
[2026-03-17 16:23:06] Saving Adam parameters
[2026-03-17 16:23:07] [training] Saving training checkpoint to /workspace/OPUS-MT-train/work/ckb-en/curated-floresdev.spm4k-spm4k.transformer.model1.npz and /workspace/OPUS-MT-train/work/ckb-en/curated-floresdev.spm4k-spm4k.transformer.model1.npz.optimizer.npz
[2026-03-17 16:23:10] Translating validation set...
[2026-03-17 16:23:11] Best translation 0 : ▁This ▁concept ▁comes ▁from ▁ancient ▁a c qu a in t ance ▁from ▁an ▁in s ect ▁mo s qui to , ▁where ▁mo s qui to es ▁are ▁very ▁ su it able ▁for ▁prevent ion ▁of ▁human s .
[2026-03-17 16:23:11] Best translation 1 : ▁The ▁Mu m ba i ▁attack ers ▁ bo at s ▁arrived ▁on ▁November ▁2 6 , ▁ 200 8 , ▁carrying ▁gr en ad es ▁and ▁auto ma tic ▁weapons , ▁target ing ▁several ▁target s , ▁including ▁the ▁S chi va j ▁T er min o ▁Tra il ▁St ation ▁and ▁the ▁famous ▁Ta j ▁Mah al ▁Hotel .
[2026-03-17 16:23:11] Best translation 2 : ▁The ▁search ▁was ▁disrupt ed ▁by ▁the ▁same ▁bad ▁weather ▁that ▁led ▁to ▁the ▁break d own ▁of ▁the ▁land s ca pe .
[2026-03-17 16:23:11] Best translation 3 : ▁The ▁AC M A ▁was ▁also ▁found ed ▁in ▁addition ▁to ▁the ▁video ▁was ▁air ed ▁on ▁the ▁Internet , ▁and ▁Bi g ▁Bra z er ▁did ▁not ▁violate ▁the ▁on line ▁ s ur ve ill ance ▁law ▁as ▁the ▁media ▁was ▁not ▁store d ▁on ▁Bi g ▁Bra z er ' s ▁website .
[2026-03-17 16:23:11] Best translation 4 : ▁There ▁was ▁a ▁we ak er ▁army ▁and ▁the ▁water ▁army ▁was ▁we ak er , ▁although ▁they ▁were ▁design ed ▁for ▁new ▁ ba tter ies ▁before ▁the ▁beginning ▁of ▁the ▁war .
[2026-03-17 16:23:11] Best translation 5 : ▁His ▁second ▁goal ▁of ▁the ▁night ▁was ▁the ▁ 60 th ▁goal ▁of ▁the ▁season , ▁be coming ▁the ▁first ▁player ▁to ▁score ▁ 60 ▁goals ▁or ▁more ▁in ▁a ▁season ▁since ▁19 9 5 - 9 6 , ▁each ▁with ▁Ya r mo ir ▁Ya ng er ▁and ▁Ma ri o ▁Li mi u ▁reach ing ▁this ▁stage .
[2026-03-17 16:23:12] Best translation 10 : ▁B lo o d ▁through ▁the ▁art er y ▁ ner ve ▁and ▁comes ▁back ▁to ▁the ▁heart ▁from ▁the ▁blood ▁ ve s s el . ▁The ▁small est ▁ ner ve s ▁are ▁called ▁ ner ve ▁mu ll s .
[2026-03-17 16:23:12] Best translation 20 : ▁Con s tru ction ▁can ▁both ▁be ▁real , ▁in ▁other ▁word s , ▁teachers ▁are ▁a ▁com ple x ▁ style , ▁but ▁their ▁small ▁man ▁with ▁a ▁Mi c ro so ft ▁paper ▁connect or ▁is ▁also ▁the ▁same .
[2026-03-17 16:23:12] Best translation 40 : ▁The ▁demonstration ▁began ▁around ▁11 : 00 ▁local ▁time ▁( U T C <0x2B> 1 ) ▁in ▁Bo t t ol ▁ op po s ite ▁the ▁police ▁guard ▁g ate way ▁to ▁D own ing ▁Street , ▁the ▁official ▁residence ▁of ▁the ▁prime ▁minister .
[2026-03-17 16:23:12] Best translation 80 : ▁The ▁sign ▁was ▁not ▁physical ly ▁harm ful ; ▁The ▁mo d ification ▁was ▁made ▁using ▁black ▁ tar po ly ne , ▁which ▁was ▁de c or ated ▁with ▁sign s ▁of ▁peace ▁and ▁heart ▁to ▁con ver t ▁O ▁to ▁" to " ▁as ▁small ▁letter s ▁of ▁e .
[2026-03-17 16:23:14] Best translation 160 : ▁People ▁p ul l ed ▁chair s ▁with ▁win d ow s ▁but ▁the ▁win d ow s ▁did ▁not ▁break .
[2026-03-17 16:23:16] Best translation 320 : ▁Follow ing ▁the ▁ma pp ing ▁of ▁the ▁b ot t om ▁of ▁the ▁broke n ▁sea , ▁it ▁was ▁found ▁using ▁R O V .
[2026-03-17 16:23:21] Best translation 640 : ▁Japan ▁has ▁about ▁7 , 000 ▁is land s ▁( H un sh ▁the ▁largest , ▁making ▁Japan ▁the ▁seventh ▁largest ▁is land ▁in ▁the ▁world !
[2026-03-17 16:23:30] Best translation 1280 : ▁The ▁bus es ▁leave ▁the ▁district s ▁( le ft ▁over ▁the ▁river ) ▁throughout ▁the ▁day , ▁although ▁most ▁of ▁them , ▁especially ▁those ▁head ▁to ▁the ▁ east ▁and ▁Ja kar / B um tan g ▁between ▁6 : 30 ▁pm ▁and ▁7 : 30 ▁pm .
[2026-03-17 16:23:42] Total translation time: 31.40665s
[2026-03-17 16:23:42] [valid] Ep. 59 : Up. 74000 : bleu : 30.1411 : stalled 4 times (last best: 30.2383)
[2026-03-17 16:23:42] Translating validation set...
[2026-03-17 16:23:42] Best translation 0 : ▁This ▁concept ▁comes ▁from ▁ancient ▁a c qu a in t ance ▁from ▁an ▁in s ect ▁mo s qui to , ▁where ▁mo s qui to es ▁are ▁very ▁ su it able ▁for ▁prevent ion ▁of ▁human s .
[2026-03-17 16:23:42] Best translation 1 : ▁The ▁Mu m ba i ▁attack ers ▁ bo at s ▁arrived ▁on ▁November ▁2 6 , ▁ 200 8 , ▁carrying ▁gr en ad es ▁and ▁auto ma tic ▁weapons , ▁target ing ▁several ▁target s , ▁including ▁the ▁S chi va j ▁T er min o ▁Tra il ▁St ation ▁and ▁the ▁famous ▁Ta j ▁Mah al ▁Hotel .
[2026-03-17 16:23:43] Best translation 2 : ▁The ▁search ▁was ▁disrupt ed ▁by ▁the ▁same ▁bad ▁weather ▁that ▁led ▁to ▁the ▁break d own ▁of ▁the ▁land s ca pe .
[2026-03-17 16:23:43] Best translation 3 : ▁The ▁AC M A ▁was ▁also ▁found ed ▁in ▁addition ▁to ▁the ▁video ▁was ▁air ed ▁on ▁the ▁Internet , ▁and ▁Bi g ▁Bra z er ▁did ▁not ▁violate ▁the ▁on line ▁ s ur ve ill ance ▁law ▁as ▁the ▁media ▁was ▁not ▁store d ▁on ▁Bi g ▁Bra z er ' s ▁website .
[2026-03-17 16:23:43] Best translation 4 : ▁There ▁was ▁a ▁we ak er ▁army ▁and ▁the ▁water ▁army ▁was ▁we ak er , ▁although ▁they ▁were ▁design ed ▁for ▁new ▁ ba tter ies ▁before ▁the ▁beginning ▁of ▁the ▁war .
[2026-03-17 16:23:43] Best translation 5 : ▁His ▁second ▁goal ▁of ▁the ▁night ▁was ▁the ▁ 60 th ▁goal ▁of ▁the ▁season , ▁be coming ▁the ▁first ▁player ▁to ▁score ▁ 60 ▁goals ▁or ▁more ▁in ▁a ▁season ▁since ▁19 9 5 - 9 6 , ▁each ▁with ▁Ya r mo ir ▁Ya ng er ▁and ▁Ma ri o ▁Li mi u ▁reach ing ▁this ▁stage .
[2026-03-17 16:23:43] Best translation 10 : ▁B lo o d ▁through ▁the ▁art er y ▁ ner ve ▁and ▁comes ▁back ▁to ▁the ▁heart ▁from ▁the ▁blood ▁ ve s s el . ▁The ▁small est ▁ ner ve s ▁are ▁called ▁ ner ve ▁mu ll s .
[2026-03-17 16:23:43] Best translation 20 : ▁Con s tru ction ▁can ▁both ▁be ▁real , ▁in ▁other ▁word s , ▁teachers ▁are ▁a ▁com ple x ▁ style , ▁but ▁their ▁small ▁man ▁with ▁a ▁Mi c ro so ft ▁paper ▁connect or ▁is ▁also ▁the ▁same .
[2026-03-17 16:23:43] Best translation 40 : ▁The ▁demonstration ▁began ▁around ▁11 : 00 ▁local ▁time ▁( U T C <0x2B> 1 ) ▁in ▁Bo t t ol ▁ op po s ite ▁the ▁police ▁guard ▁g ate way ▁to ▁D own ing ▁Street , ▁the ▁official ▁residence ▁of ▁the ▁prime ▁minister .
[2026-03-17 16:23:44] Best translation 80 : ▁The ▁sign ▁was ▁not ▁physical ly ▁harm ful ; ▁The ▁mo d ification ▁was ▁made ▁using ▁black ▁ tar po ly ne , ▁which ▁was ▁de c or ated ▁with ▁sign s ▁of ▁peace ▁and ▁heart ▁to ▁con ver t ▁O ▁to ▁" to " ▁as ▁small ▁letter s ▁of ▁e .
[2026-03-17 16:23:46] Best translation 160 : ▁People ▁p ul l ed ▁chair s ▁with ▁win d ow s ▁but ▁the ▁win d ow s ▁did ▁not ▁break .
[2026-03-17 16:23:48] Best translation 320 : ▁Follow ing ▁the ▁ma pp ing ▁of ▁the ▁b ot t om ▁of ▁the ▁broke n ▁sea , ▁it ▁was ▁found ▁using ▁R O V .
[2026-03-17 16:23:53] Best translation 640 : ▁Japan ▁has ▁about ▁7 , 000 ▁is land s ▁( H un sh ▁the ▁largest , ▁making ▁Japan ▁the ▁seventh ▁largest ▁is land ▁in ▁the ▁world !
[2026-03-17 16:24:03] Best translation 1280 : ▁The ▁bus es ▁leave ▁the ▁district s ▁( le ft ▁over ▁the ▁river ) ▁throughout ▁the ▁day , ▁although ▁most ▁of ▁them , ▁especially ▁those ▁head ▁to ▁the ▁ east ▁and ▁Ja kar / B um tan g ▁between ▁6 : 30 ▁pm ▁and ▁7 : 30 ▁pm .
[2026-03-17 16:24:15] Total translation time: 33.00762s
[2026-03-17 16:24:15] [valid] Ep. 59 : Up. 74000 : chrf : 56.5067 : stalled 10 times (last best: 56.6711)
[2026-03-17 16:24:17] [valid] Ep. 59 : Up. 74000 : perplexity : 7.84916 : stalled 31 times (last best: 7.06809)
[2026-03-17 16:26:47] Ep. 59 : Up. 75000 : Sen. 285,293 : Cost 1.58882070 * 9,841,558 @ 12,466 after 735,680,284 : Time 222.89s : 44153.71 words/s : gNorm 0.6797 : L.r. 1.3856e-04
[2026-03-17 16:26:47] Saving model weights and runtime parameters to /workspace/OPUS-MT-train/work/ckb-en/curated-floresdev.spm4k-spm4k.transformer.model1.npz
[2026-03-17 16:26:48] Saving Adam parameters
[2026-03-17 16:26:50] [training] Saving training checkpoint to /workspace/OPUS-MT-train/work/ckb-en/curated-floresdev.spm4k-spm4k.transformer.model1.npz and /workspace/OPUS-MT-train/work/ckb-en/curated-floresdev.spm4k-spm4k.transformer.model1.npz.optimizer.npz
[2026-03-17 16:26:54] Translating validation set...
[2026-03-17 16:26:54] Best translation 0 : ▁This ▁concept ▁comes ▁from ▁ancient ▁a c qu a in t ance ▁from ▁an ▁internal ▁mo s qui to , ▁where ▁mo s qui to es ▁are ▁very ▁ su it able ▁for ▁prevent ion ▁of ▁human s .
[2026-03-17 16:26:54] Best translation 1 : ▁The ▁Mu m ba i ▁attack ers ▁ bo at s ▁arrived ▁on ▁November ▁2 6 , ▁ 200 8 , ▁carrying ▁gr en ad es ▁and ▁auto ma tic ▁weapons , ▁target ing ▁several ▁target s , ▁including ▁the ▁Shi va j ▁T er min o ▁Tra il ▁St ation ▁and ▁the ▁famous ▁Ta j ▁Mah al ▁Hotel .
[2026-03-17 16:26:55] Best translation 2 : ▁The ▁search ▁was ▁disrupt ed ▁by ▁the ▁same ▁bad ▁weather ▁that ▁led ▁to ▁the ▁break d own ▁of ▁the ▁land s ca pe .
[2026-03-17 16:26:55] Best translation 3 : ▁The ▁AC M A ▁was ▁also ▁found ed ▁in ▁addition ▁to ▁the ▁video ▁was ▁air ed ▁on line , ▁and ▁Bi g ▁Bra z er ▁did ▁not ▁violate ▁the ▁on line ▁content ▁ s ur ve ill ance ▁law ▁as ▁the ▁media ▁was ▁not ▁store d ▁on ▁Bi g ▁Bra z er ' s ▁website .
[2026-03-17 16:26:55] Best translation 4 : ▁There ▁was ▁a ▁we ak er ▁army ▁and ▁the ▁water ▁army ▁was ▁we ak er , ▁although ▁they ▁were ▁design ed ▁for ▁new ▁ ba tter ies ▁before ▁the ▁beginning ▁of ▁the ▁war .
[2026-03-17 16:26:55] Best translation 5 : ▁His ▁second ▁goal ▁of ▁the ▁night ▁was ▁the ▁ 60 th ▁goal ▁of ▁the ▁season , ▁be coming ▁the ▁first ▁player ▁to ▁score ▁ 60 ▁goals ▁or ▁more ▁in ▁a ▁season ▁since ▁19 9 5 - 9 6 , ▁each ▁with ▁Ya r mo ir ▁Ya ger ▁and ▁Ma ri o ▁Li mi u ▁reach ing ▁this ▁stage .
[2026-03-17 16:26:55] Best translation 10 : ▁B lo o d ▁flow s ▁through ▁the ▁art er y ▁ ner ve ▁and ▁comes ▁back ▁to ▁the ▁heart ▁from ▁the ▁blood ▁ ve s s el . ▁The ▁small est ▁ ner ve s ▁are ▁called ▁ ner ve .
[2026-03-17 16:26:55] Best translation 20 : ▁Con s tru ction ▁can ▁be ▁both ▁real ▁and ▁real . ▁In ▁other ▁word s , ▁the ▁teacher ▁is ▁a ▁com ple ment ary ▁ style , ▁but ▁his ▁young ▁man ▁is ▁also ▁a ▁sub s et ▁of ▁the ▁Mi c ro so ft ▁O ff ic ial ▁paper .
[2026-03-17 16:26:55] Best translation 40 : ▁The ▁demonstration ▁began ▁around ▁11 : 00 ▁local ▁time ▁( U T C <0x2B> 1 ) ▁in ▁Bo t t ol ▁ op po s ite ▁the ▁police ▁guard ▁g ate way ▁to ▁D own ing ▁Street , ▁the ▁official ▁residence ▁of ▁the ▁prime ▁minister .
[2026-03-17 16:26:55] Best translation 80 : ▁The ▁sign ▁was ▁not ▁physical ly ▁harm ful ; ▁The ▁mo d ification ▁was ▁made ▁using ▁black ▁ tar po ly ne , ▁which ▁was ▁de c or ated ▁with ▁the ▁sign s ▁of ▁peace ▁and ▁heart ▁to ▁con ver t ▁O ▁to ▁" to " ▁as ▁small ▁letter s ▁of ▁e .
[2026-03-17 16:26:57] Best translation 160 : ▁People ▁p ul l ed ▁chair s ▁with ▁win d ow s ▁but ▁the ▁win d ow s ▁did ▁not ▁break .
[2026-03-17 16:27:00] Best translation 320 : ▁Follow ing ▁the ▁ma pp ing ▁of ▁the ▁b ot t om ▁of ▁the ▁broke n ▁sea , ▁it ▁was ▁found ▁using ▁R O V .
[2026-03-17 16:27:04] Best translation 640 : ▁Japan ▁has ▁about ▁7 , 000 ▁is land s ▁( H un sh ▁the ▁largest , ▁making ▁Japan ▁the ▁seventh ▁largest ▁is land ▁in ▁the ▁world !
[2026-03-17 16:27:14] Best translation 1280 : ▁The ▁bus es ▁leave ▁the ▁district s ▁( le ft ▁over ▁the ▁river ) ▁throughout ▁the ▁day , ▁although ▁most ▁of ▁them , ▁especially ▁those ▁head ▁to ▁the ▁ east ▁and ▁Ja kar / B um tan g ▁between ▁6 : 30 ▁pm ▁and ▁7 : 30 ▁pm .
[2026-03-17 16:27:25] Total translation time: 31.53529s
[2026-03-17 16:27:25] [valid] Ep. 59 : Up. 75000 : bleu : 30.1608 : stalled 5 times (last best: 30.2383)
[2026-03-17 16:27:25] Translating validation set...
[2026-03-17 16:27:26] Best translation 0 : ▁This ▁concept ▁comes ▁from ▁ancient ▁a c qu a in t ance ▁from ▁an ▁internal ▁mo s qui to , ▁where ▁mo s qui to es ▁are ▁very ▁ su it able ▁for ▁prevent ion ▁of ▁human s .
[2026-03-17 16:27:26] Best translation 1 : ▁The ▁Mu m ba i ▁attack ers ▁ bo at s ▁arrived ▁on ▁November ▁2 6 , ▁ 200 8 , ▁carrying ▁gr en ad es ▁and ▁auto ma tic ▁weapons , ▁target ing ▁several ▁target s , ▁including ▁the ▁Shi va j ▁T er min o ▁Tra il ▁St ation ▁and ▁the ▁famous ▁Ta j ▁Mah al ▁Hotel .
[2026-03-17 16:27:26] Best translation 2 : ▁The ▁search ▁was ▁disrupt ed ▁by ▁the ▁same ▁bad ▁weather ▁that ▁led ▁to ▁the ▁break d own ▁of ▁the ▁land s ca pe .
[2026-03-17 16:27:26] Best translation 3 : ▁The ▁AC M A ▁was ▁also ▁found ed ▁in ▁addition ▁to ▁the ▁video ▁was ▁air ed ▁on line , ▁and ▁Bi g ▁Bra z er ▁did ▁not ▁violate ▁the ▁on line ▁content ▁ s ur ve ill ance ▁law ▁as ▁the ▁media ▁was ▁not ▁store d ▁on ▁Bi g ▁Bra z er ' s ▁website .
[2026-03-17 16:27:26] Best translation 4 : ▁There ▁was ▁a ▁we ak er ▁army ▁and ▁the ▁water ▁army ▁was ▁we ak er , ▁although ▁they ▁were ▁design ed ▁for ▁new ▁ ba tter ies ▁before ▁the ▁beginning ▁of ▁the ▁war .
[2026-03-17 16:27:26] Best translation 5 : ▁His ▁second ▁goal ▁of ▁the ▁night ▁was ▁the ▁ 60 th ▁goal ▁of ▁the ▁season , ▁be coming ▁the ▁first ▁player ▁to ▁score ▁ 60 ▁goals ▁or ▁more ▁in ▁a ▁season ▁since ▁19 9 5 - 9 6 , ▁each ▁with ▁Ya r mo ir ▁Ya ger ▁and ▁Ma ri o ▁Li mi u ▁reach ing ▁this ▁stage .
[2026-03-17 16:27:26] Best translation 10 : ▁B lo o d ▁flow s ▁through ▁the ▁art er y ▁ ner ve ▁and ▁comes ▁back ▁to ▁the ▁heart ▁from ▁the ▁blood ▁ ve s s el . ▁The ▁small est ▁ ner ve s ▁are ▁called ▁ ner ve .
[2026-03-17 16:27:26] Best translation 20 : ▁Con s tru ction ▁can ▁be ▁both ▁real ▁and ▁real . ▁In ▁other ▁word s , ▁the ▁teacher ▁is ▁a ▁com ple ment ary ▁ style , ▁but ▁his ▁young ▁man ▁is ▁also ▁a ▁sub s et ▁of ▁the ▁Mi c ro so ft ▁O ff ic ial ▁paper .
[2026-03-17 16:27:26] Best translation 40 : ▁The ▁demonstration ▁began ▁around ▁11 : 00 ▁local ▁time ▁( U T C <0x2B> 1 ) ▁in ▁Bo t t ol ▁ op po s ite ▁the ▁police ▁guard ▁g ate way ▁to ▁D own ing ▁Street , ▁the ▁official ▁residence ▁of ▁the ▁prime ▁minister .
[2026-03-17 16:27:27] Best translation 80 : ▁The ▁sign ▁was ▁not ▁physical ly ▁harm ful ; ▁The ▁mo d ification ▁was ▁made ▁using ▁black ▁ tar po ly ne , ▁which ▁was ▁de c or ated ▁with ▁the ▁sign s ▁of ▁peace ▁and ▁heart ▁to ▁con ver t ▁O ▁to ▁" to " ▁as ▁small ▁letter s ▁of ▁e .
[2026-03-17 16:27:29] Best translation 160 : ▁People ▁p ul l ed ▁chair s ▁with ▁win d ow s ▁but ▁the ▁win d ow s ▁did ▁not ▁break .
[2026-03-17 16:27:32] Best translation 320 : ▁Follow ing ▁the ▁ma pp ing ▁of ▁the ▁b ot t om ▁of ▁the ▁broke n ▁sea , ▁it ▁was ▁found ▁using ▁R O V .
[2026-03-17 16:27:36] Best translation 640 : ▁Japan ▁has ▁about ▁7 , 000 ▁is land s ▁( H un sh ▁the ▁largest , ▁making ▁Japan ▁the ▁seventh ▁largest ▁is land ▁in ▁the ▁world !
[2026-03-17 16:27:46] Best translation 1280 : ▁The ▁bus es ▁leave ▁the ▁district s ▁( le ft ▁over ▁the ▁river ) ▁throughout ▁the ▁day , ▁although ▁most ▁of ▁them , ▁especially ▁those ▁head ▁to ▁the ▁ east ▁and ▁Ja kar / B um tan g ▁between ▁6 : 30 ▁pm ▁and ▁7 : 30 ▁pm .
[2026-03-17 16:27:58] Total translation time: 32.71829s
[2026-03-17 16:27:58] [valid] Ep. 59 : Up. 75000 : chrf : 56.5587 : stalled 11 times (last best: 56.6711)
[2026-03-17 16:28:00] [valid] Ep. 59 : Up. 75000 : perplexity : 7.87931 : stalled 32 times (last best: 7.06809)
[2026-03-17 16:28:16] Seen 310,206 samples
[2026-03-17 16:28:16] Starting data epoch 60 in logical epoch 60
[2026-03-17 16:30:30] Ep. 60 : Up. 76000 : Sen. 218,032 : Cost 1.58616340 * 9,792,463 @ 9,160 after 745,472,747 : Time 223.46s : 43822.35 words/s : gNorm 0.6682 : L.r. 1.3765e-04
[2026-03-17 16:30:30] Saving model weights and runtime parameters to /workspace/OPUS-MT-train/work/ckb-en/curated-floresdev.spm4k-spm4k.transformer.model1.npz
[2026-03-17 16:30:32] Saving Adam parameters
[2026-03-17 16:30:34] [training] Saving training checkpoint to /workspace/OPUS-MT-train/work/ckb-en/curated-floresdev.spm4k-spm4k.transformer.model1.npz and /workspace/OPUS-MT-train/work/ckb-en/curated-floresdev.spm4k-spm4k.transformer.model1.npz.optimizer.npz
[2026-03-17 16:30:38] Translating validation set...
[2026-03-17 16:30:38] Best translation 0 : ▁This ▁concept ▁comes ▁from ▁ancient ▁a c qu a in t ance ▁from ▁an ▁in f ra red ▁mo s qui to , ▁where ▁mo s qui to es ▁are ▁very ▁ su it able ▁for ▁prevent ion ▁of ▁human s .
[2026-03-17 16:30:38] Best translation 1 : ▁The ▁Mu m ba i ▁attack ers ▁ bo at s ▁arrived ▁on ▁November ▁2 6 , ▁ 200 8 , ▁carrying ▁gr en ad es ▁and ▁auto ma tic ▁weapons , ▁target ing ▁several ▁target s , ▁including ▁the ▁Shi va j ▁T er min o ▁Tra il ▁St ation ▁and ▁the ▁famous ▁Ta j ▁Mah al ▁Hotel .
[2026-03-17 16:30:39] Best translation 2 : ▁The ▁search ▁was ▁disrupt ed ▁by ▁the ▁same ▁bad ▁weather ▁that ▁led ▁to ▁the ▁break d own ▁of ▁the ▁land s ca pe .
[2026-03-17 16:30:39] Best translation 3 : ▁The ▁AC M A ▁was ▁also ▁found ed ▁in ▁addition ▁to ▁the ▁video ▁was ▁air ed ▁on line , ▁and ▁Bi g ▁Bra z er ▁did ▁not ▁violate ▁the ▁on line ▁content ▁ s ur ve ill ance ▁law ▁as ▁the ▁media ▁was ▁not ▁store d ▁on ▁Bi g ▁Bra z er ' s ▁website .
[2026-03-17 16:30:39] Best translation 4 : ▁There ▁was ▁a ▁we ak er ▁army ▁and ▁the ▁water ▁army ▁was ▁we ak er , ▁although ▁they ▁were ▁design ed ▁for ▁new ▁ ba tter ies ▁before ▁the ▁beginning ▁of ▁the ▁war .
[2026-03-17 16:30:39] Best translation 5 : ▁His ▁second ▁goal ▁of ▁the ▁night ▁was ▁the ▁ 60 th ▁goal ▁of ▁the ▁season , ▁be coming ▁the ▁first ▁player ▁to ▁score ▁ 60 ▁goals ▁or ▁more ▁in ▁a ▁season ▁since ▁19 9 5 - 9 6 , ▁each ▁with ▁Ya r mo ir ▁Ya ger ▁and ▁Ma ri o ▁Li mi u ▁reach ing ▁this ▁stage .
[2026-03-17 16:30:39] Best translation 10 : ▁B lo o d ▁flow s ▁through ▁the ▁art er y ▁ ner ve ▁and ▁comes ▁back ▁to ▁the ▁heart ▁from ▁the ▁blood ▁ ve s s el . ▁The ▁small est ▁ ner ve s ▁are ▁called ▁ ner ve .
[2026-03-17 16:30:39] Best translation 20 : ▁Con s tru ction ▁can ▁be ▁both ▁real ▁and ▁real . ▁In ▁other ▁word s , ▁the ▁teacher ▁is ▁a ▁com ple ment ary ▁ style , ▁but ▁his ▁young ▁man ▁is ▁also ▁a ▁sub s et ▁of ▁the ▁Mi c ro so ft ▁O ff ic ial ▁paper .
[2026-03-17 16:30:39] Best translation 40 : ▁The ▁demonstration ▁began ▁around ▁11 : 00 ▁local ▁time ▁( U T C <0x2B> 1 ) ▁in ▁Bo t t ol ▁ op po s ite ▁the ▁police ▁guard ▁g ate way ▁to ▁D own ing ▁Street , ▁the ▁official ▁residence ▁of ▁the ▁prime ▁minister .
[2026-03-17 16:30:39] Best translation 80 : ▁The ▁sign ▁was ▁not ▁physical ly ▁harm ful ; ▁The ▁mo d ification ▁was ▁made ▁using ▁black ▁ tar po ly ne , ▁which ▁was ▁de c or ated ▁with ▁the ▁sign s ▁of ▁peace ▁and ▁heart ▁to ▁con ver t ▁O ▁to ▁" to " ▁as ▁small ▁letter s ▁of ▁e .
[2026-03-17 16:30:41] Best translation 160 : ▁People ▁p ul l ed ▁chair s ▁with ▁win d ow s ▁but ▁the ▁win d ow s ▁did ▁not ▁break .
[2026-03-17 16:30:44] Best translation 320 : ▁Follow ing ▁the ▁ma pp ing ▁of ▁the ▁b ot t om ▁of ▁the ▁broke n ▁sea , ▁it ▁was ▁found ▁using ▁R O V .
[2026-03-17 16:30:48] Best translation 640 : ▁Japan ▁has ▁about ▁7 , 000 ▁is land s ▁( H un sh ▁the ▁largest , ▁making ▁Japan ▁the ▁seventh ▁largest ▁is land ▁in ▁the ▁world !
[2026-03-17 16:30:57] Best translation 1280 : ▁Bu s es ▁leave ▁district s ▁( th r ough ▁they ▁cross ▁the ▁river ) ▁throughout ▁the ▁day , ▁although ▁most ▁of ▁them , ▁especially ▁those ▁head ▁to ▁the ▁ east ▁and ▁Ja kar / B um tan g ▁between ▁6 : 30 ▁pm ▁and ▁7 : 30 ▁pm .
[2026-03-17 16:31:09] Total translation time: 31.52247s
[2026-03-17 16:31:09] [valid] Ep. 60 : Up. 76000 : bleu : 30.2289 : stalled 6 times (last best: 30.2383)
[2026-03-17 16:31:09] Translating validation set...
[2026-03-17 16:31:10] Best translation 0 : ▁This ▁concept ▁comes ▁from ▁ancient ▁a c qu a in t ance ▁from ▁an ▁in f ra red ▁mo s qui to , ▁where ▁mo s qui to es ▁are ▁very ▁ su it able ▁for ▁prevent ion ▁of ▁human s .
[2026-03-17 16:31:10] Best translation 1 : ▁The ▁Mu m ba i ▁attack ers ▁ bo at s ▁arrived ▁on ▁November ▁2 6 , ▁ 200 8 , ▁carrying ▁gr en ad es ▁and ▁auto ma tic ▁weapons , ▁target ing ▁several ▁target s , ▁including ▁the ▁Shi va j ▁T er min o ▁Tra il ▁St ation ▁and ▁the ▁famous ▁Ta j ▁Mah al ▁Hotel .
[2026-03-17 16:31:10] Best translation 2 : ▁The ▁search ▁was ▁disrupt ed ▁by ▁the ▁same ▁bad ▁weather ▁that ▁led ▁to ▁the ▁break d own ▁of ▁the ▁land s ca pe .
[2026-03-17 16:31:10] Best translation 3 : ▁The ▁AC M A ▁was ▁also ▁found ed ▁in ▁addition ▁to ▁the ▁video ▁was ▁air ed ▁on line , ▁and ▁Bi g ▁Bra z er ▁did ▁not ▁violate ▁the ▁on line ▁content ▁ s ur ve ill ance ▁law ▁as ▁the ▁media ▁was ▁not ▁store d ▁on ▁Bi g ▁Bra z er ' s ▁website .
[2026-03-17 16:31:10] Best translation 4 : ▁There ▁was ▁a ▁we ak er ▁army ▁and ▁the ▁water ▁army ▁was ▁we ak er , ▁although ▁they ▁were ▁design ed ▁for ▁new ▁ ba tter ies ▁before ▁the ▁beginning ▁of ▁the ▁war .
[2026-03-17 16:31:10] Best translation 5 : ▁His ▁second ▁goal ▁of ▁the ▁night ▁was ▁the ▁ 60 th ▁goal ▁of ▁the ▁season , ▁be coming ▁the ▁first ▁player ▁to ▁score ▁ 60 ▁goals ▁or ▁more ▁in ▁a ▁season ▁since ▁19 9 5 - 9 6 , ▁each ▁with ▁Ya r mo ir ▁Ya ger ▁and ▁Ma ri o ▁Li mi u ▁reach ing ▁this ▁stage .
[2026-03-17 16:31:10] Best translation 10 : ▁B lo o d ▁flow s ▁through ▁the ▁art er y ▁ ner ve ▁and ▁comes ▁back ▁to ▁the ▁heart ▁from ▁the ▁blood ▁ ve s s el . ▁The ▁small est ▁ ner ve s ▁are ▁called ▁ ner ve .
[2026-03-17 16:31:10] Best translation 20 : ▁Con s tru ction ▁can ▁be ▁both ▁real ▁and ▁real . ▁In ▁other ▁word s , ▁the ▁teacher ▁is ▁a ▁com ple ment ary ▁ style , ▁but ▁his ▁young ▁man ▁is ▁also ▁a ▁sub s et ▁of ▁the ▁Mi c ro so ft ▁O ff ic ial ▁paper .
[2026-03-17 16:31:10] Best translation 40 : ▁The ▁demonstration ▁began ▁around ▁11 : 00 ▁local ▁time ▁( U T C <0x2B> 1 ) ▁in ▁Bo t t ol ▁ op po s ite ▁the ▁police ▁guard ▁g ate way ▁to ▁D own ing ▁Street , ▁the ▁official ▁residence ▁of ▁the ▁prime ▁minister .
[2026-03-17 16:31:11] Best translation 80 : ▁The ▁sign ▁was ▁not ▁physical ly ▁harm ful ; ▁The ▁mo d ification ▁was ▁made ▁using ▁black ▁ tar po ly ne , ▁which ▁was ▁de c or ated ▁with ▁the ▁sign s ▁of ▁peace ▁and ▁heart ▁to ▁con ver t ▁O ▁to ▁" to " ▁as ▁small ▁letter s ▁of ▁e .
[2026-03-17 16:31:13] Best translation 160 : ▁People ▁p ul l ed ▁chair s ▁with ▁win d ow s ▁but ▁the ▁win d ow s ▁did ▁not ▁break .
[2026-03-17 16:31:15] Best translation 320 : ▁Follow ing ▁the ▁ma pp ing ▁of ▁the ▁b ot t om ▁of ▁the ▁broke n ▁sea , ▁it ▁was ▁found ▁using ▁R O V .
[2026-03-17 16:31:20] Best translation 640 : ▁Japan ▁has ▁about ▁7 , 000 ▁is land s ▁( H un sh ▁the ▁largest , ▁making ▁Japan ▁the ▁seventh ▁largest ▁is land ▁in ▁the ▁world !
[2026-03-17 16:31:30] Best translation 1280 : ▁Bu s es ▁leave ▁district s ▁( th r ough ▁they ▁cross ▁the ▁river ) ▁throughout ▁the ▁day , ▁although ▁most ▁of ▁them , ▁especially ▁those ▁head ▁to ▁the ▁ east ▁and ▁Ja kar / B um tan g ▁between ▁6 : 30 ▁pm ▁and ▁7 : 30 ▁pm .
[2026-03-17 16:31:42] Total translation time: 32.98617s
[2026-03-17 16:31:42] [valid] Ep. 60 : Up. 76000 : chrf : 56.625 : stalled 12 times (last best: 56.6711)
[2026-03-17 16:31:44] [valid] Ep. 60 : Up. 76000 : perplexity : 7.90675 : stalled 33 times (last best: 7.06809)
[2026-03-17 16:32:41] Seen 310,206 samples
[2026-03-17 16:32:41] Starting data epoch 61 in logical epoch 61
[2026-03-17 16:34:14] Ep. 61 : Up. 77000 : Sen. 148,253 : Cost 1.58378601 * 9,807,789 @ 10,203 after 755,280,536 : Time 224.15s : 43756.32 words/s : gNorm 0.6783 : L.r. 1.3675e-04
[2026-03-17 16:34:15] Saving model weights and runtime parameters to /workspace/OPUS-MT-train/work/ckb-en/curated-floresdev.spm4k-spm4k.transformer.model1.npz
[2026-03-17 16:34:16] Saving Adam parameters
[2026-03-17 16:34:18] [training] Saving training checkpoint to /workspace/OPUS-MT-train/work/ckb-en/curated-floresdev.spm4k-spm4k.transformer.model1.npz and /workspace/OPUS-MT-train/work/ckb-en/curated-floresdev.spm4k-spm4k.transformer.model1.npz.optimizer.npz
[2026-03-17 16:34:22] Translating validation set...
[2026-03-17 16:34:22] Best translation 0 : ▁This ▁concept ▁comes ▁from ▁ancient ▁a c qu a in t ance ▁from ▁an ▁in f ra red ▁mo s qui to , ▁where ▁mo s qui to es ▁are ▁very ▁ su it able ▁for ▁prevent ion ▁of ▁human s .
[2026-03-17 16:34:22] Best translation 1 : ▁The ▁Mu m ba i ▁attack ers ▁ bo at s ▁arrived ▁on ▁November ▁2 6 , ▁ 200 8 , ▁carrying ▁gr en ad es ▁and ▁auto ma tic ▁weapons , ▁target ing ▁several ▁target s , ▁including ▁the ▁Shi va j ▁T er min o ▁Tra il ▁St ation ▁and ▁the ▁famous ▁Ta j ▁Mah al ▁Hotel .
[2026-03-17 16:34:23] Best translation 2 : ▁The ▁search ▁was ▁disrupt ed ▁by ▁the ▁same ▁bad ▁weather ▁that ▁led ▁to ▁the ▁break d own ▁of ▁the ▁land s ca pe .
[2026-03-17 16:34:23] Best translation 3 : ▁The ▁AC M A ▁was ▁also ▁found ed ▁in ▁addition ▁to ▁the ▁video ▁was ▁air ed ▁on line , ▁and ▁Bi g ▁Bra z er ▁did ▁not ▁violate ▁the ▁on line ▁content ▁ s ur ve ill ance ▁law ▁as ▁the ▁media ▁was ▁not ▁store d ▁on ▁Bi g ▁Bra z er ' s ▁website .
[2026-03-17 16:34:23] Best translation 4 : ▁There ▁was ▁a ▁we ak er ▁army ▁and ▁the ▁water ▁army ▁was ▁we ak er , ▁although ▁they ▁were ▁design ed ▁for ▁new ▁ ba tter ies ▁before ▁the ▁beginning ▁of ▁the ▁war .
[2026-03-17 16:34:23] Best translation 5 : ▁His ▁second ▁goal ▁of ▁the ▁night ▁was ▁the ▁ 60 th ▁goal ▁of ▁the ▁season , ▁be coming ▁the ▁first ▁player ▁to ▁score ▁ 60 ▁goals ▁or ▁more ▁in ▁a ▁season ▁since ▁19 9 5 - 9 6 , ▁each ▁with ▁Ya r mo ir ▁Ya ger ▁and ▁Ma ri o ▁Li mi u ▁reach ing ▁this ▁stage .
[2026-03-17 16:34:23] Best translation 10 : ▁B lo o d ▁flow s ▁through ▁the ▁art er y ▁ ner ve ▁and ▁comes ▁back ▁to ▁the ▁heart ▁from ▁the ▁blood ▁ ve s s el . ▁The ▁small est ▁ ner ve s ▁are ▁called ▁ ner ve .
[2026-03-17 16:34:23] Best translation 20 : ▁Con s tru ction ▁can ▁be ▁both ▁real ▁and ▁real . ▁In ▁other ▁word s , ▁the ▁teacher ▁is ▁a ▁com po n ent ▁ style , ▁but ▁his ▁small ▁man ▁with ▁a ▁Mi c ro so ft ▁paper ▁connect or ▁is ▁also ▁the ▁same .
[2026-03-17 16:34:23] Best translation 40 : ▁The ▁demonstration ▁began ▁around ▁11 : 00 ▁local ▁time ▁( U T C <0x2B> 1 ) ▁in ▁Bo t t ol ▁ op po s ite ▁the ▁police ▁guard ▁g ate way ▁to ▁D own ing ▁Street , ▁the ▁official ▁residence ▁of ▁the ▁prime ▁minister .
[2026-03-17 16:34:23] Best translation 80 : ▁The ▁sign ▁was ▁not ▁physical ly ▁harm ful ; ▁The ▁mo d ification ▁was ▁made ▁using ▁black ▁ tar po ly ne , ▁which ▁was ▁de c or ated ▁with ▁sign s ▁of ▁peace ▁and ▁heart ▁to ▁con ver t ▁O O ▁to ▁be ▁read able ▁as ▁small ▁letter s ▁of ▁e .
[2026-03-17 16:34:25] Best translation 160 : ▁People ▁p ul l ed ▁chair s ▁with ▁win d ow s ▁but ▁the ▁win d ow s ▁did ▁not ▁break .
[2026-03-17 16:34:28] Best translation 320 : ▁Follow ing ▁the ▁ma pp ing ▁of ▁the ▁b ot t om ▁of ▁the ▁broke n ▁sea , ▁it ▁was ▁found ▁using ▁R O V .
[2026-03-17 16:34:32] Best translation 640 : ▁Japan ▁has ▁about ▁7 , 000 ▁is land s ▁( H un sh ▁the ▁largest , ▁making ▁Japan ▁the ▁seventh ▁largest ▁is land ▁in ▁the ▁world !
[2026-03-17 16:34:42] Best translation 1280 : ▁Bu s es ▁leave ▁the ▁district s ▁( th r ough ▁they ▁cross ▁the ▁river ) ▁throughout ▁the ▁day , ▁although ▁most ▁of ▁them , ▁especially ▁those ▁head ▁to ▁the ▁ east ▁and ▁Ja kar / B um tan g ▁between ▁6 : 30 ▁pm ▁and ▁7 : 30 ▁pm .
[2026-03-17 16:34:53] Total translation time: 31.28889s
[2026-03-17 16:34:53] [valid] Ep. 61 : Up. 77000 : bleu : 30.1394 : stalled 7 times (last best: 30.2383)
[2026-03-17 16:34:53] Translating validation set...
[2026-03-17 16:34:54] Best translation 0 : ▁This ▁concept ▁comes ▁from ▁ancient ▁a c qu a in t ance ▁from ▁an ▁in f ra red ▁mo s qui to , ▁where ▁mo s qui to es ▁are ▁very ▁ su it able ▁for ▁prevent ion ▁of ▁human s .
[2026-03-17 16:34:54] Best translation 1 : ▁The ▁Mu m ba i ▁attack ers ▁ bo at s ▁arrived ▁on ▁November ▁2 6 , ▁ 200 8 , ▁carrying ▁gr en ad es ▁and ▁auto ma tic ▁weapons , ▁target ing ▁several ▁target s , ▁including ▁the ▁Shi va j ▁T er min o ▁Tra il ▁St ation ▁and ▁the ▁famous ▁Ta j ▁Mah al ▁Hotel .
[2026-03-17 16:34:54] Best translation 2 : ▁The ▁search ▁was ▁disrupt ed ▁by ▁the ▁same ▁bad ▁weather ▁that ▁led ▁to ▁the ▁break d own ▁of ▁the ▁land s ca pe .
[2026-03-17 16:34:54] Best translation 3 : ▁The ▁AC M A ▁was ▁also ▁found ed ▁in ▁addition ▁to ▁the ▁video ▁was ▁air ed ▁on line , ▁and ▁Bi g ▁Bra z er ▁did ▁not ▁violate ▁the ▁on line ▁content ▁ s ur ve ill ance ▁law ▁as ▁the ▁media ▁was ▁not ▁store d ▁on ▁Bi g ▁Bra z er ' s ▁website .
[2026-03-17 16:34:54] Best translation 4 : ▁There ▁was ▁a ▁we ak er ▁army ▁and ▁the ▁water ▁army ▁was ▁we ak er , ▁although ▁they ▁were ▁design ed ▁for ▁new ▁ ba tter ies ▁before ▁the ▁beginning ▁of ▁the ▁war .
[2026-03-17 16:34:54] Best translation 5 : ▁His ▁second ▁goal ▁of ▁the ▁night ▁was ▁the ▁ 60 th ▁goal ▁of ▁the ▁season , ▁be coming ▁the ▁first ▁player ▁to ▁score ▁ 60 ▁goals ▁or ▁more ▁in ▁a ▁season ▁since ▁19 9 5 - 9 6 , ▁each ▁with ▁Ya r mo ir ▁Ya ger ▁and ▁Ma ri o ▁Li mi u ▁reach ing ▁this ▁stage .
[2026-03-17 16:34:54] Best translation 10 : ▁B lo o d ▁flow s ▁through ▁the ▁art er y ▁ ner ve ▁and ▁comes ▁back ▁to ▁the ▁heart ▁from ▁the ▁blood ▁ ve s s el . ▁The ▁small est ▁ ner ve s ▁are ▁called ▁ ner ve .
[2026-03-17 16:34:54] Best translation 20 : ▁Con s tru ction ▁can ▁be ▁both ▁real ▁and ▁real . ▁In ▁other ▁word s , ▁the ▁teacher ▁is ▁a ▁com po n ent ▁ style , ▁but ▁his ▁small ▁man ▁with ▁a ▁Mi c ro so ft ▁paper ▁connect or ▁is ▁also ▁the ▁same .
[2026-03-17 16:34:54] Best translation 40 : ▁The ▁demonstration ▁began ▁around ▁11 : 00 ▁local ▁time ▁( U T C <0x2B> 1 ) ▁in ▁Bo t t ol ▁ op po s ite ▁the ▁police ▁guard ▁g ate way ▁to ▁D own ing ▁Street , ▁the ▁official ▁residence ▁of ▁the ▁prime ▁minister .
[2026-03-17 16:34:55] Best translation 80 : ▁The ▁sign ▁was ▁not ▁physical ly ▁harm ful ; ▁The ▁mo d ification ▁was ▁made ▁using ▁black ▁ tar po ly ne , ▁which ▁was ▁de c or ated ▁with ▁sign s ▁of ▁peace ▁and ▁heart ▁to ▁con ver t ▁O O ▁to ▁be ▁read able ▁as ▁small ▁letter s ▁of ▁e .
[2026-03-17 16:34:57] Best translation 160 : ▁People ▁p ul l ed ▁chair s ▁with ▁win d ow s ▁but ▁the ▁win d ow s ▁did ▁not ▁break .
[2026-03-17 16:35:00] Best translation 320 : ▁Follow ing ▁the ▁ma pp ing ▁of ▁the ▁b ot t om ▁of ▁the ▁broke n ▁sea , ▁it ▁was ▁found ▁using ▁R O V .
[2026-03-17 16:35:04] Best translation 640 : ▁Japan ▁has ▁about ▁7 , 000 ▁is land s ▁( H un sh ▁the ▁largest , ▁making ▁Japan ▁the ▁seventh ▁largest ▁is land ▁in ▁the ▁world !
[2026-03-17 16:35:14] Best translation 1280 : ▁Bu s es ▁leave ▁the ▁district s ▁( th r ough ▁they ▁cross ▁the ▁river ) ▁throughout ▁the ▁day , ▁although ▁most ▁of ▁them , ▁especially ▁those ▁head ▁to ▁the ▁ east ▁and ▁Ja kar / B um tan g ▁between ▁6 : 30 ▁pm ▁and ▁7 : 30 ▁pm .
[2026-03-17 16:35:26] Total translation time: 32.73781s
[2026-03-17 16:35:26] [valid] Ep. 61 : Up. 77000 : chrf : 56.5384 : stalled 13 times (last best: 56.6711)
[2026-03-17 16:35:28] [valid] Ep. 61 : Up. 77000 : perplexity : 7.93742 : stalled 34 times (last best: 7.06809)
[2026-03-17 16:37:06] Seen 310,206 samples
[2026-03-17 16:37:06] Starting data epoch 62 in logical epoch 62
[2026-03-17 16:37:59] Ep. 62 : Up. 78000 : Sen. 82,118 : Cost 1.58019352 * 9,808,384 @ 8,313 after 765,088,920 : Time 224.38s : 43713.81 words/s : gNorm 0.6566 : L.r. 1.3587e-04
[2026-03-17 16:37:59] Saving model weights and runtime parameters to /workspace/OPUS-MT-train/work/ckb-en/curated-floresdev.spm4k-spm4k.transformer.model1.npz
[2026-03-17 16:38:00] Saving Adam parameters
[2026-03-17 16:38:03] [training] Saving training checkpoint to /workspace/OPUS-MT-train/work/ckb-en/curated-floresdev.spm4k-spm4k.transformer.model1.npz and /workspace/OPUS-MT-train/work/ckb-en/curated-floresdev.spm4k-spm4k.transformer.model1.npz.optimizer.npz
[2026-03-17 16:38:06] Translating validation set...
[2026-03-17 16:38:07] Best translation 0 : ▁This ▁concept ▁comes ▁from ▁ancient ▁a c qu a in t ance ▁from ▁an ▁in f ra red ▁mo s qui to , ▁where ▁mo s qui to es ▁are ▁very ▁ su it able ▁for ▁prevent ion ▁of ▁human s .
[2026-03-17 16:38:07] Best translation 1 : ▁The ▁Mu m ba i ▁attack ers ▁ bo at s ▁arrived ▁on ▁November ▁2 6 , ▁ 200 8 , ▁carrying ▁gr en ad es ▁and ▁auto ma tic ▁weapons , ▁target ing ▁several ▁target s , ▁including ▁the ▁Shi va j ▁T er min o ▁Tra il ▁St ation ▁and ▁the ▁famous ▁Ta j ▁Mah al ▁Hotel .
[2026-03-17 16:38:07] Best translation 2 : ▁The ▁search ▁was ▁disrupt ed ▁by ▁the ▁same ▁bad ▁weather ▁that ▁led ▁to ▁the ▁break d own ▁of ▁the ▁land s ca pe .
[2026-03-17 16:38:07] Best translation 3 : ▁The ▁AC M A ▁was ▁also ▁found ed ▁in ▁addition ▁to ▁the ▁video ▁was ▁air ed ▁on line , ▁and ▁Bi g ▁Bra z er ▁did ▁not ▁violate ▁the ▁on line ▁content ▁ s ur ve ill ance ▁law ▁as ▁the ▁media ▁was ▁not ▁store d ▁on ▁Bi g ▁Bra z er ' s ▁website .
[2026-03-17 16:38:07] Best translation 4 : ▁There ▁was ▁a ▁we ak er ▁army ▁and ▁the ▁water ▁army ▁was ▁we ak er , ▁although ▁they ▁were ▁design ed ▁for ▁new ▁ ba tter ies ▁before ▁the ▁beginning ▁of ▁the ▁war .
[2026-03-17 16:38:07] Best translation 5 : ▁His ▁second ▁goal ▁of ▁the ▁night ▁was ▁the ▁ 60 th ▁goal ▁of ▁the ▁season , ▁be coming ▁the ▁first ▁player ▁to ▁score ▁ 60 ▁goals ▁or ▁more ▁in ▁a ▁season ▁since ▁19 9 5 - 9 6 , ▁each ▁with ▁Ya r mo ir ▁Ya ger ▁and ▁Ma ri o ▁Li mi u ▁reach ing ▁this ▁stage .
[2026-03-17 16:38:07] Best translation 10 : ▁B lo o d ▁flow s ▁through ▁the ▁art er y ▁ ner ve ▁and ▁comes ▁back ▁to ▁the ▁heart ▁from ▁the ▁blood ▁ ve s s el . ▁The ▁small est ▁ ner ve s ▁are ▁called ▁ ner ve .
[2026-03-17 16:38:07] Best translation 20 : ▁Con s tru ction ▁can ▁be ▁both ▁real ▁and ▁real . ▁In ▁other ▁word s , ▁the ▁teacher ▁is ▁a ▁com po n ent ▁ style ▁but ▁his ▁small ▁man ▁with ▁a ▁Mi c ro so ft ▁paper ▁connect or ▁is ▁also ▁the ▁same .
[2026-03-17 16:38:07] Best translation 40 : ▁The ▁demonstration ▁began ▁around ▁11 : 00 ▁local ▁time ▁( U T C <0x2B> 1 ) ▁in ▁Bo t t ol ▁ op po s ite ▁the ▁police ▁guard ▁g ate way ▁to ▁D own ing ▁Street , ▁the ▁official ▁residence ▁of ▁the ▁prime ▁minister .
[2026-03-17 16:38:08] Best translation 80 : ▁The ▁sign ▁was ▁not ▁physical ly ▁harm ful ; ▁The ▁mo d ification ▁was ▁made ▁using ▁black ▁ tar po ly ne , ▁which ▁was ▁de c or ated ▁with ▁sign s ▁of ▁peace ▁and ▁heart ▁to ▁con ver t ▁O O ▁to ▁be ▁read able ▁as ▁small ▁letter s ▁of ▁e .
[2026-03-17 16:38:10] Best translation 160 : ▁People ▁p ul l ed ▁chair s ▁with ▁win d ow s ▁but ▁the ▁win d ow s ▁did ▁not ▁break .
[2026-03-17 16:38:12] Best translation 320 : ▁Follow ing ▁the ▁ma pp ing ▁of ▁the ▁b ot t om ▁of ▁the ▁broke n ▁sea , ▁it ▁was ▁found ▁using ▁R O V .
[2026-03-17 16:38:17] Best translation 640 : ▁Japan ▁has ▁about ▁7 , 000 ▁is land s ▁( H un sh ▁the ▁largest , ▁making ▁Japan ▁the ▁seventh ▁largest ▁is land ▁in ▁the ▁world !
[2026-03-17 16:38:26] Best translation 1280 : ▁Bu s es ▁leave ▁district s ▁( th r ough ▁they ▁cross ▁the ▁river ) ▁throughout ▁the ▁day , ▁although ▁most ▁of ▁them , ▁especially ▁those ▁head ▁to ▁the ▁ east ▁and ▁Ja kar / B um tan g ▁between ▁6 : 30 ▁pm ▁and ▁7 : 30 ▁pm .
[2026-03-17 16:38:37] Total translation time: 31.37573s
[2026-03-17 16:38:37] [valid] Ep. 62 : Up. 78000 : bleu : 30.1839 : stalled 8 times (last best: 30.2383)
[2026-03-17 16:38:37] Translating validation set...
[2026-03-17 16:38:38] Best translation 0 : ▁This ▁concept ▁comes ▁from ▁ancient ▁a c qu a in t ance ▁from ▁an ▁in f ra red ▁mo s qui to , ▁where ▁mo s qui to es ▁are ▁very ▁ su it able ▁for ▁prevent ion ▁of ▁human s .
[2026-03-17 16:38:38] Best translation 1 : ▁The ▁Mu m ba i ▁attack ers ▁ bo at s ▁arrived ▁on ▁November ▁2 6 , ▁ 200 8 , ▁carrying ▁gr en ad es ▁and ▁auto ma tic ▁weapons , ▁target ing ▁several ▁target s , ▁including ▁the ▁Shi va j ▁T er min o ▁Tra il ▁St ation ▁and ▁the ▁famous ▁Ta j ▁Mah al ▁Hotel .
[2026-03-17 16:38:38] Best translation 2 : ▁The ▁search ▁was ▁disrupt ed ▁by ▁the ▁same ▁bad ▁weather ▁that ▁led ▁to ▁the ▁break d own ▁of ▁the ▁land s ca pe .
[2026-03-17 16:38:38] Best translation 3 : ▁The ▁AC M A ▁was ▁also ▁found ed ▁in ▁addition ▁to ▁the ▁video ▁was ▁air ed ▁on line , ▁and ▁Bi g ▁Bra z er ▁did ▁not ▁violate ▁the ▁on line ▁content ▁ s ur ve ill ance ▁law ▁as ▁the ▁media ▁was ▁not ▁store d ▁on ▁Bi g ▁Bra z er ' s ▁website .
[2026-03-17 16:38:38] Best translation 4 : ▁There ▁was ▁a ▁we ak er ▁army ▁and ▁the ▁water ▁army ▁was ▁we ak er , ▁although ▁they ▁were ▁design ed ▁for ▁new ▁ ba tter ies ▁before ▁the ▁beginning ▁of ▁the ▁war .
[2026-03-17 16:38:38] Best translation 5 : ▁His ▁second ▁goal ▁of ▁the ▁night ▁was ▁the ▁ 60 th ▁goal ▁of ▁the ▁season , ▁be coming ▁the ▁first ▁player ▁to ▁score ▁ 60 ▁goals ▁or ▁more ▁in ▁a ▁season ▁since ▁19 9 5 - 9 6 , ▁each ▁with ▁Ya r mo ir ▁Ya ger ▁and ▁Ma ri o ▁Li mi u ▁reach ing ▁this ▁stage .
[2026-03-17 16:38:39] Best translation 10 : ▁B lo o d ▁flow s ▁through ▁the ▁art er y ▁ ner ve ▁and ▁comes ▁back ▁to ▁the ▁heart ▁from ▁the ▁blood ▁ ve s s el . ▁The ▁small est ▁ ner ve s ▁are ▁called ▁ ner ve .
[2026-03-17 16:38:39] Best translation 20 : ▁Con s tru ction ▁can ▁be ▁both ▁real ▁and ▁real . ▁In ▁other ▁word s , ▁the ▁teacher ▁is ▁a ▁com po n ent ▁ style ▁but ▁his ▁small ▁man ▁with ▁a ▁Mi c ro so ft ▁paper ▁connect or ▁is ▁also ▁the ▁same .
[2026-03-17 16:38:39] Best translation 40 : ▁The ▁demonstration ▁began ▁around ▁11 : 00 ▁local ▁time ▁( U T C <0x2B> 1 ) ▁in ▁Bo t t ol ▁ op po s ite ▁the ▁police ▁guard ▁g ate way ▁to ▁D own ing ▁Street , ▁the ▁official ▁residence ▁of ▁the ▁prime ▁minister .
[2026-03-17 16:38:39] Best translation 80 : ▁The ▁sign ▁was ▁not ▁physical ly ▁harm ful ; ▁The ▁mo d ification ▁was ▁made ▁using ▁black ▁ tar po ly ne , ▁which ▁was ▁de c or ated ▁with ▁sign s ▁of ▁peace ▁and ▁heart ▁to ▁con ver t ▁O O ▁to ▁be ▁read able ▁as ▁small ▁letter s ▁of ▁e .
[2026-03-17 16:38:41] Best translation 160 : ▁People ▁p ul l ed ▁chair s ▁with ▁win d ow s ▁but ▁the ▁win d ow s ▁did ▁not ▁break .
[2026-03-17 16:38:44] Best translation 320 : ▁Follow ing ▁the ▁ma pp ing ▁of ▁the ▁b ot t om ▁of ▁the ▁broke n ▁sea , ▁it ▁was ▁found ▁using ▁R O V .
[2026-03-17 16:38:49] Best translation 640 : ▁Japan ▁has ▁about ▁7 , 000 ▁is land s ▁( H un sh ▁the ▁largest , ▁making ▁Japan ▁the ▁seventh ▁largest ▁is land ▁in ▁the ▁world !
[2026-03-17 16:38:58] Best translation 1280 : ▁Bu s es ▁leave ▁district s ▁( th r ough ▁they ▁cross ▁the ▁river ) ▁throughout ▁the ▁day , ▁although ▁most ▁of ▁them , ▁especially ▁those ▁head ▁to ▁the ▁ east ▁and ▁Ja kar / B um tan g ▁between ▁6 : 30 ▁pm ▁and ▁7 : 30 ▁pm .
[2026-03-17 16:39:10] Total translation time: 32.84039s
[2026-03-17 16:39:10] [valid] Ep. 62 : Up. 78000 : chrf : 56.5013 : stalled 14 times (last best: 56.6711)
[2026-03-17 16:39:12] [valid] Ep. 62 : Up. 78000 : perplexity : 7.97119 : stalled 35 times (last best: 7.06809)
[2026-03-17 16:41:31] Seen 310,206 samples
[2026-03-17 16:41:31] Starting data epoch 63 in logical epoch 63
[2026-03-17 16:41:42] Ep. 63 : Up. 79000 : Sen. 17,396 : Cost 1.57417619 * 9,794,586 @ 10,868 after 774,883,506 : Time 223.50s : 43823.16 words/s : gNorm 0.6747 : L.r. 1.3501e-04
[2026-03-17 16:41:42] Saving model weights and runtime parameters to /workspace/OPUS-MT-train/work/ckb-en/curated-floresdev.spm4k-spm4k.transformer.model1.npz
[2026-03-17 16:41:45] Saving Adam parameters
[2026-03-17 16:41:47] [training] Saving training checkpoint to /workspace/OPUS-MT-train/work/ckb-en/curated-floresdev.spm4k-spm4k.transformer.model1.npz and /workspace/OPUS-MT-train/work/ckb-en/curated-floresdev.spm4k-spm4k.transformer.model1.npz.optimizer.npz
[2026-03-17 16:41:51] Translating validation set...
[2026-03-17 16:41:51] Best translation 0 : ▁This ▁concept ▁comes ▁from ▁ancient ▁a c qu a in t ance ▁from ▁an ▁inside ▁mo s qui to , ▁where ▁mo s qui to es ▁are ▁very ▁ su it able ▁for ▁prevent ion ▁of ▁human s .
[2026-03-17 16:41:51] Best translation 1 : ▁The ▁Mu m ba i ▁attack ers ▁ bo at s ▁arrived ▁on ▁November ▁2 6 , ▁ 200 8 , ▁carrying ▁gr en ad es ▁and ▁auto ma tic ▁weapons , ▁target ing ▁several ▁target s , ▁including ▁the ▁Shi va j ▁T er min o ▁Tra il ▁St ation ▁and ▁the ▁famous ▁Ta j ▁Mah al ▁Hotel .
[2026-03-17 16:41:52] Best translation 2 : ▁The ▁search ▁was ▁disrupt ed ▁by ▁the ▁same ▁bad ▁weather ▁that ▁led ▁to ▁the ▁break d own ▁of ▁the ▁land s ca pe .
[2026-03-17 16:41:52] Best translation 3 : ▁The ▁AC M A ▁was ▁also ▁found ed ▁in ▁addition ▁to ▁the ▁video ▁was ▁air ed ▁on line , ▁and ▁Bi g ▁Bra z er ▁did ▁not ▁violate ▁the ▁on line ▁content ▁ s ur ve ill ance ▁law ▁as ▁the ▁media ▁was ▁not ▁store d ▁on ▁Bi g ▁Bra z er ' s ▁website .
[2026-03-17 16:41:52] Best translation 4 : ▁There ▁was ▁a ▁we ak er ▁army ▁and ▁the ▁water ▁army ▁was ▁we ak er , ▁although ▁they ▁were ▁design ed ▁for ▁new ▁ ba tter ies ▁before ▁the ▁beginning ▁of ▁the ▁war .
[2026-03-17 16:41:52] Best translation 5 : ▁His ▁second ▁goal ▁of ▁the ▁night ▁was ▁the ▁ 60 th ▁goal ▁of ▁the ▁season , ▁be coming ▁the ▁first ▁player ▁to ▁score ▁ 60 ▁goals ▁or ▁more ▁in ▁a ▁season ▁since ▁19 9 5 - 9 6 , ▁each ▁with ▁Ya r mo ir ▁Ya ng er ▁and ▁Ma ri o ▁Li mi u ▁each ▁reach ing ▁this ▁stage .
[2026-03-17 16:41:52] Best translation 10 : ▁B lo o d ▁flow s ▁through ▁the ▁art er y ▁ ner ve ▁and ▁comes ▁back ▁to ▁the ▁heart ▁from ▁the ▁blood ▁ ve s s el . ▁The ▁small est ▁ ner ve s ▁are ▁called ▁ ner ve .
[2026-03-17 16:41:52] Best translation 20 : ▁Con s tru ction ▁can ▁be ▁both ▁real ▁and ▁real . ▁In ▁other ▁word s , ▁the ▁teacher ▁is ▁a ▁com ple x ▁ style ▁but ▁his ▁small ▁man ▁with ▁a ▁Mi c ro so ft ▁office ▁ ver sion ▁of ▁the ▁same ▁thing .
[2026-03-17 16:41:52] Best translation 40 : ▁The ▁demonstration ▁began ▁around ▁11 : 00 ▁local ▁time ▁( U T C <0x2B> 1 ) ▁in ▁Bo t ol ▁ op po s ite ▁the ▁police ▁guard ▁g ate way ▁to ▁D own ing ▁Street , ▁the ▁official ▁residence ▁of ▁the ▁prime ▁minister .
[2026-03-17 16:41:53] Best translation 80 : ▁The ▁sign ▁was ▁not ▁physical ly ▁harm ful ; ▁The ▁mo d ification ▁was ▁made ▁using ▁black ▁ tar po ly ne , ▁which ▁was ▁de c or ated ▁with ▁sign s ▁of ▁peace ▁and ▁heart ▁to ▁con ver t ▁" O " ▁to ▁be ▁read ▁as ▁small ▁letter s ▁of ▁e .
[2026-03-17 16:41:55] Best translation 160 : ▁People ▁p ul l ed ▁chair s ▁with ▁win d ow s ▁but ▁the ▁win d ow s ▁did ▁not ▁break .
[2026-03-17 16:41:57] Best translation 320 : ▁Follow ing ▁the ▁design ▁of ▁the ▁broke n ▁sea ▁base , ▁it ▁was ▁found ▁using ▁R O V .
[2026-03-17 16:42:02] Best translation 640 : ▁Japan ▁has ▁about ▁7 , 000 ▁is land s ▁( H un sh ▁the ▁largest , ▁making ▁Japan ▁the ▁seventh ▁largest ▁is land ▁in ▁the ▁world !
[2026-03-17 16:42:12] Best translation 1280 : ▁Bu s es ▁leave ▁district s ▁( th r ough ▁they ▁cross ▁the ▁river ) ▁throughout ▁the ▁day , ▁although ▁most ▁of ▁them , ▁especially ▁those ▁head ▁to ▁the ▁ east ▁and ▁Ja kar / B um tan g ▁between ▁6 : 30 ▁pm ▁and ▁7 : 30 ▁pm .
[2026-03-17 16:42:23] Total translation time: 32.44836s
[2026-03-17 16:42:23] [valid] Ep. 63 : Up. 79000 : bleu : 30.1688 : stalled 9 times (last best: 30.2383)
[2026-03-17 16:42:23] Translating validation set...
[2026-03-17 16:42:24] Best translation 0 : ▁This ▁concept ▁comes ▁from ▁ancient ▁a c qu a in t ance ▁from ▁an ▁inside ▁mo s qui to , ▁where ▁mo s qui to es ▁are ▁very ▁ su it able ▁for ▁prevent ion ▁of ▁human s .
[2026-03-17 16:42:24] Best translation 1 : ▁The ▁Mu m ba i ▁attack ers ▁ bo at s ▁arrived ▁on ▁November ▁2 6 , ▁ 200 8 , ▁carrying ▁gr en ad es ▁and ▁auto ma tic ▁weapons , ▁target ing ▁several ▁target s , ▁including ▁the ▁Shi va j ▁T er min o ▁Tra il ▁St ation ▁and ▁the ▁famous ▁Ta j ▁Mah al ▁Hotel .
[2026-03-17 16:42:24] Best translation 2 : ▁The ▁search ▁was ▁disrupt ed ▁by ▁the ▁same ▁bad ▁weather ▁that ▁led ▁to ▁the ▁break d own ▁of ▁the ▁land s ca pe .
[2026-03-17 16:42:24] Best translation 3 : ▁The ▁AC M A ▁was ▁also ▁found ed ▁in ▁addition ▁to ▁the ▁video ▁was ▁air ed ▁on line , ▁and ▁Bi g ▁Bra z er ▁did ▁not ▁violate ▁the ▁on line ▁content ▁ s ur ve ill ance ▁law ▁as ▁the ▁media ▁was ▁not ▁store d ▁on ▁Bi g ▁Bra z er ' s ▁website .
[2026-03-17 16:42:24] Best translation 4 : ▁There ▁was ▁a ▁we ak er ▁army ▁and ▁the ▁water ▁army ▁was ▁we ak er , ▁although ▁they ▁were ▁design ed ▁for ▁new ▁ ba tter ies ▁before ▁the ▁beginning ▁of ▁the ▁war .
[2026-03-17 16:42:24] Best translation 5 : ▁His ▁second ▁goal ▁of ▁the ▁night ▁was ▁the ▁ 60 th ▁goal ▁of ▁the ▁season , ▁be coming ▁the ▁first ▁player ▁to ▁score ▁ 60 ▁goals ▁or ▁more ▁in ▁a ▁season ▁since ▁19 9 5 - 9 6 , ▁each ▁with ▁Ya r mo ir ▁Ya ng er ▁and ▁Ma ri o ▁Li mi u ▁each ▁reach ing ▁this ▁stage .
[2026-03-17 16:42:25] Best translation 10 : ▁B lo o d ▁flow s ▁through ▁the ▁art er y ▁ ner ve ▁and ▁comes ▁back ▁to ▁the ▁heart ▁from ▁the ▁blood ▁ ve s s el . ▁The ▁small est ▁ ner ve s ▁are ▁called ▁ ner ve .
[2026-03-17 16:42:25] Best translation 20 : ▁Con s tru ction ▁can ▁be ▁both ▁real ▁and ▁real . ▁In ▁other ▁word s , ▁the ▁teacher ▁is ▁a ▁com ple x ▁ style ▁but ▁his ▁small ▁man ▁with ▁a ▁Mi c ro so ft ▁office ▁ ver sion ▁of ▁the ▁same ▁thing .
[2026-03-17 16:42:25] Best translation 40 : ▁The ▁demonstration ▁began ▁around ▁11 : 00 ▁local ▁time ▁( U T C <0x2B> 1 ) ▁in ▁Bo t ol ▁ op po s ite ▁the ▁police ▁guard ▁g ate way ▁to ▁D own ing ▁Street , ▁the ▁official ▁residence ▁of ▁the ▁prime ▁minister .
[2026-03-17 16:42:25] Best translation 80 : ▁The ▁sign ▁was ▁not ▁physical ly ▁harm ful ; ▁The ▁mo d ification ▁was ▁made ▁using ▁black ▁ tar po ly ne , ▁which ▁was ▁de c or ated ▁with ▁sign s ▁of ▁peace ▁and ▁heart ▁to ▁con ver t ▁" O " ▁to ▁be ▁read ▁as ▁small ▁letter s ▁of ▁e .
[2026-03-17 16:42:27] Best translation 160 : ▁People ▁p ul l ed ▁chair s ▁with ▁win d ow s ▁but ▁the ▁win d ow s ▁did ▁not ▁break .
[2026-03-17 16:42:30] Best translation 320 : ▁Follow ing ▁the ▁design ▁of ▁the ▁broke n ▁sea ▁base , ▁it ▁was ▁found ▁using ▁R O V .
[2026-03-17 16:42:35] Best translation 640 : ▁Japan ▁has ▁about ▁7 , 000 ▁is land s ▁( H un sh ▁the ▁largest , ▁making ▁Japan ▁the ▁seventh ▁largest ▁is land ▁in ▁the ▁world !
[2026-03-17 16:42:44] Best translation 1280 : ▁Bu s es ▁leave ▁district s ▁( th r ough ▁they ▁cross ▁the ▁river ) ▁throughout ▁the ▁day , ▁although ▁most ▁of ▁them , ▁especially ▁those ▁head ▁to ▁the ▁ east ▁and ▁Ja kar / B um tan g ▁between ▁6 : 30 ▁pm ▁and ▁7 : 30 ▁pm .
[2026-03-17 16:42:56] Total translation time: 32.99718s
[2026-03-17 16:42:56] [valid] Ep. 63 : Up. 79000 : chrf : 56.527 : stalled 15 times (last best: 56.6711)
[2026-03-17 16:42:58] [valid] Ep. 63 : Up. 79000 : perplexity : 8.00407 : stalled 36 times (last best: 7.06809)
[2026-03-17 16:45:29] Ep. 63 : Up. 80000 : Sen. 261,557 : Cost 1.57359016 * 9,827,144 @ 11,388 after 784,710,650 : Time 226.11s : 43462.19 words/s : gNorm 0.6669 : L.r. 1.3416e-04
[2026-03-17 16:45:29] Saving model weights and runtime parameters to /workspace/OPUS-MT-train/work/ckb-en/curated-floresdev.spm4k-spm4k.transformer.model1.npz
[2026-03-17 16:45:30] Saving Adam parameters
[2026-03-17 16:45:32] [training] Saving training checkpoint to /workspace/OPUS-MT-train/work/ckb-en/curated-floresdev.spm4k-spm4k.transformer.model1.npz and /workspace/OPUS-MT-train/work/ckb-en/curated-floresdev.spm4k-spm4k.transformer.model1.npz.optimizer.npz
[2026-03-17 16:45:35] Translating validation set...
[2026-03-17 16:45:36] Best translation 0 : ▁This ▁concept ▁comes ▁from ▁ancient ▁a c qu a in t ance ▁from ▁a ▁ na s al ▁mo s qui to , ▁where ▁mo s qui to es ▁are ▁very ▁ su it able ▁for ▁prevent ion ▁of ▁human s .
[2026-03-17 16:45:36] Best translation 1 : ▁The ▁Mu m ba i ▁attack ers ▁arrived ▁in ▁the ▁ bo at ▁on ▁November ▁2 6 , ▁ 200 8 , ▁with ▁gr en ad es ▁and ▁auto ma tic ▁weapons , ▁target ing ▁several ▁target s , ▁including ▁the ▁Shi va j ▁T er min o ▁Tra il ▁St ation ▁and ▁the ▁famous ▁Ta j ▁Mah al ▁Hotel .
[2026-03-17 16:45:36] Best translation 2 : ▁The ▁search ▁was ▁disrupt ed ▁by ▁the ▁same ▁bad ▁weather ▁that ▁led ▁to ▁the ▁break d own ▁of ▁the ▁land s ca pe .
[2026-03-17 16:45:36] Best translation 3 : ▁The ▁AC M A ▁was ▁also ▁found ed ▁in ▁addition ▁to ▁the ▁video ▁was ▁air ed ▁on line , ▁and ▁Bi g ▁Bra z er ▁did ▁not ▁violate ▁the ▁on line ▁content ▁ s ur ve ill ance ▁law ▁as ▁the ▁media ▁was ▁not ▁store d ▁on ▁Bi g ▁Bra z ar ' s ▁website .
[2026-03-17 16:45:36] Best translation 4 : ▁There ▁was ▁a ▁we ak er ▁army ▁and ▁the ▁water ▁army ▁was ▁we ak er , ▁although ▁they ▁were ▁built ▁for ▁new ▁ ba tter ies ▁before ▁the ▁beginning ▁of ▁the ▁war .
[2026-03-17 16:45:36] Best translation 5 : ▁His ▁second ▁goal ▁of ▁the ▁night ▁was ▁the ▁ 60 th ▁goal ▁of ▁the ▁season , ▁be coming ▁the ▁first ▁player ▁to ▁score ▁ 60 ▁goals ▁or ▁more ▁in ▁a ▁season ▁since ▁19 9 5 - 9 6 , ▁each ▁with ▁Ya r mo ir ▁Ya ng er ▁and ▁Ma ri o ▁Li mi u ▁each ▁reach ing ▁this ▁stage .
[2026-03-17 16:45:37] Best translation 10 : ▁B lo o d ▁flow s ▁through ▁the ▁art er y ▁ ner ve ▁and ▁comes ▁back ▁to ▁the ▁heart ▁from ▁the ▁read er ' s ▁ ner ve . ▁The ▁small est ▁ ner ve s ▁are ▁called ▁ ner ve .
[2026-03-17 16:45:37] Best translation 20 : ▁Con s tru ction ▁can ▁be ▁both ▁real ▁and ▁real . ▁In ▁other ▁word s , ▁the ▁teacher ▁is ▁a ▁com ple ment ary ▁ style , ▁but ▁his ▁young ▁man ▁is ▁also ▁a ▁sub s et ▁of ▁the ▁Mi c ro so ft ▁O ff ic i en cy .
[2026-03-17 16:45:37] Best translation 40 : ▁The ▁demonstration ▁began ▁around ▁11 : 00 ▁local ▁time ▁( U T C <0x2B> 1 ) ▁in ▁Bo t t ol ▁ op po s ite ▁the ▁police ▁guard ▁g ate way ▁to ▁D own ing ▁Street , ▁the ▁official ▁residence ▁of ▁the ▁prime ▁minister .
[2026-03-17 16:45:37] Best translation 80 : ▁The ▁sign ▁was ▁not ▁physical ly ▁harm ful ; ▁The ▁mo d ification ▁was ▁made ▁using ▁black ▁ tar po ly ne , ▁which ▁was ▁de c or ated ▁with ▁sign s ▁of ▁peace ▁and ▁heart ▁to ▁con ver t ▁" O " ▁to ▁be ▁read ▁as ▁small ▁letter s ▁of ▁e .
[2026-03-17 16:45:39] Best translation 160 : ▁People ▁d ra gg ed ▁chair s ▁to ▁win d ow s ▁but ▁the ▁win d ow s ▁did ▁not ▁break .
[2026-03-17 16:45:42] Best translation 320 : ▁Follow ing ▁the ▁design ▁of ▁the ▁broke n ▁sea ▁base , ▁it ▁was ▁found ▁using ▁R O V .
[2026-03-17 16:45:46] Best translation 640 : ▁Japan ▁has ▁about ▁7 , 000 ▁is land s ▁( H un sh ▁the ▁largest , ▁making ▁Japan ▁the ▁seventh ▁largest ▁is land ▁in ▁the ▁world !
[2026-03-17 16:45:55] Best translation 1280 : ▁Bu s es ▁leave ▁district s ▁( o f ▁cross ing ▁the ▁river ) ▁throughout ▁the ▁day , ▁although ▁most ▁of ▁them , ▁especially ▁those ▁head ▁to ▁the ▁ east ▁and ▁Ja kar / B um tan g ▁between ▁6 : 30 ▁pm ▁and ▁7 : 30 ▁pm .
[2026-03-17 16:46:07] Total translation time: 31.27280s
[2026-03-17 16:46:07] [valid] Ep. 63 : Up. 80000 : bleu : 30.2228 : stalled 10 times (last best: 30.2383)
[2026-03-17 16:46:07] Translating validation set...
[2026-03-17 16:46:07] Best translation 0 : ▁This ▁concept ▁comes ▁from ▁ancient ▁a c qu a in t ance ▁from ▁a ▁ na s al ▁mo s qui to , ▁where ▁mo s qui to es ▁are ▁very ▁ su it able ▁for ▁prevent ion ▁of ▁human s .
[2026-03-17 16:46:07] Best translation 1 : ▁The ▁Mu m ba i ▁attack ers ▁arrived ▁in ▁the ▁ bo at ▁on ▁November ▁2 6 , ▁ 200 8 , ▁with ▁gr en ad es ▁and ▁auto ma tic ▁weapons , ▁target ing ▁several ▁target s , ▁including ▁the ▁Shi va j ▁T er min o ▁Tra il ▁St ation ▁and ▁the ▁famous ▁Ta j ▁Mah al ▁Hotel .
[2026-03-17 16:46:08] Best translation 2 : ▁The ▁search ▁was ▁disrupt ed ▁by ▁the ▁same ▁bad ▁weather ▁that ▁led ▁to ▁the ▁break d own ▁of ▁the ▁land s ca pe .
[2026-03-17 16:46:08] Best translation 3 : ▁The ▁AC M A ▁was ▁also ▁found ed ▁in ▁addition ▁to ▁the ▁video ▁was ▁air ed ▁on line , ▁and ▁Bi g ▁Bra z er ▁did ▁not ▁violate ▁the ▁on line ▁content ▁ s ur ve ill ance ▁law ▁as ▁the ▁media ▁was ▁not ▁store d ▁on ▁Bi g ▁Bra z ar ' s ▁website .
[2026-03-17 16:46:08] Best translation 4 : ▁There ▁was ▁a ▁we ak er ▁army ▁and ▁the ▁water ▁army ▁was ▁we ak er , ▁although ▁they ▁were ▁built ▁for ▁new ▁ ba tter ies ▁before ▁the ▁beginning ▁of ▁the ▁war .
[2026-03-17 16:46:08] Best translation 5 : ▁His ▁second ▁goal ▁of ▁the ▁night ▁was ▁the ▁ 60 th ▁goal ▁of ▁the ▁season , ▁be coming ▁the ▁first ▁player ▁to ▁score ▁ 60 ▁goals ▁or ▁more ▁in ▁a ▁season ▁since ▁19 9 5 - 9 6 , ▁each ▁with ▁Ya r mo ir ▁Ya ng er ▁and ▁Ma ri o ▁Li mi u ▁each ▁reach ing ▁this ▁stage .
[2026-03-17 16:46:08] Best translation 10 : ▁B lo o d ▁flow s ▁through ▁the ▁art er y ▁ ner ve ▁and ▁comes ▁back ▁to ▁the ▁heart ▁from ▁the ▁read er ' s ▁ ner ve . ▁The ▁small est ▁ ner ve s ▁are ▁called ▁ ner ve .
[2026-03-17 16:46:08] Best translation 20 : ▁Con s tru ction ▁can ▁be ▁both ▁real ▁and ▁real . ▁In ▁other ▁word s , ▁the ▁teacher ▁is ▁a ▁com ple ment ary ▁ style , ▁but ▁his ▁young ▁man ▁is ▁also ▁a ▁sub s et ▁of ▁the ▁Mi c ro so ft ▁O ff ic i en cy .
[2026-03-17 16:46:08] Best translation 40 : ▁The ▁demonstration ▁began ▁around ▁11 : 00 ▁local ▁time ▁( U T C <0x2B> 1 ) ▁in ▁Bo t t ol ▁ op po s ite ▁the ▁police ▁guard ▁g ate way ▁to ▁D own ing ▁Street , ▁the ▁official ▁residence ▁of ▁the ▁prime ▁minister .
[2026-03-17 16:46:08] Best translation 80 : ▁The ▁sign ▁was ▁not ▁physical ly ▁harm ful ; ▁The ▁mo d ification ▁was ▁made ▁using ▁black ▁ tar po ly ne , ▁which ▁was ▁de c or ated ▁with ▁sign s ▁of ▁peace ▁and ▁heart ▁to ▁con ver t ▁" O " ▁to ▁be ▁read ▁as ▁small ▁letter s ▁of ▁e .
[2026-03-17 16:46:11] Best translation 160 : ▁People ▁d ra gg ed ▁chair s ▁to ▁win d ow s ▁but ▁the ▁win d ow s ▁did ▁not ▁break .
[2026-03-17 16:46:13] Best translation 320 : ▁Follow ing ▁the ▁design ▁of ▁the ▁broke n ▁sea ▁base , ▁it ▁was ▁found ▁using ▁R O V .
[2026-03-17 16:46:18] Best translation 640 : ▁Japan ▁has ▁about ▁7 , 000 ▁is land s ▁( H un sh ▁the ▁largest , ▁making ▁Japan ▁the ▁seventh ▁largest ▁is land ▁in ▁the ▁world !
[2026-03-17 16:46:28] Best translation 1280 : ▁Bu s es ▁leave ▁district s ▁( o f ▁cross ing ▁the ▁river ) ▁throughout ▁the ▁day , ▁although ▁most ▁of ▁them , ▁especially ▁those ▁head ▁to ▁the ▁ east ▁and ▁Ja kar / B um tan g ▁between ▁6 : 30 ▁pm ▁and ▁7 : 30 ▁pm .
[2026-03-17 16:46:40] Total translation time: 32.78098s
[2026-03-17 16:46:40] [valid] Ep. 63 : Up. 80000 : chrf : 56.5858 : stalled 16 times (last best: 56.6711)
[2026-03-17 16:46:41] [valid] Ep. 63 : Up. 80000 : perplexity : 8.03482 : stalled 37 times (last best: 7.06809)
[2026-03-17 16:46:41] Training finished
[2026-03-17 16:46:41] Saving model weights and runtime parameters to /workspace/OPUS-MT-train/work/ckb-en/curated-floresdev.spm4k-spm4k.transformer.model1.npz
[2026-03-17 16:46:43] Saving Adam parameters
[2026-03-17 16:46:45] [training] Saving training checkpoint to /workspace/OPUS-MT-train/work/ckb-en/curated-floresdev.spm4k-spm4k.transformer.model1.npz and /workspace/OPUS-MT-train/work/ckb-en/curated-floresdev.spm4k-spm4k.transformer.model1.npz.optimizer.npz
