[2026-03-17 21:09:31] [marian] Marian v1.12.43 c9f287db 2025-06-23 19:47:45 +0000
[2026-03-17 21:09:31] [marian] Running on 591bffa33f76 as process 185649 with command line:
[2026-03-17 21:09:31] [marian] /workspace/OPUS-MT-train/tools/marian-dev/build/marian --type transformer --max-length 500 --maxi-batch 512 --mini-batch-fit --max-length-factor 3 --enc-depth 6 --dec-depth 6 --dim-emb 512 --tied-embeddings-all --transformer-heads 8 --transformer-dropout 0.1 --transformer-postprocess-emb d --transformer-postprocess dan --label-smoothing 0.1 --learn-rate 0.0003 --lr-warmup 16000 --lr-decay-inv-sqrt 16000 --lr-report --optimizer-params 0.9 0.98 1e-09 --clip-norm 5 --sync-sgd --exponential-smoothing --early-stopping 10 --valid-freq 1000u --valid-sets /workspace/OPUS-MT-train/work/en-ckb/val/openlanguagedata_flores_plus.src.spm4k /workspace/OPUS-MT-train/work/en-ckb/val/openlanguagedata_flores_plus.trg.spm4k --valid-metrics bleu chrf perplexity --valid-mini-batch 8 --valid-max-length 100 --valid-log /workspace/OPUS-MT-train/work/en-ckb/curated-floresdev.spm4k-spm4k.transformer.valid1.log --beam-size 6 --normalize 1 --allow-unk --workspace 20000 --model /workspace/OPUS-MT-train/work/en-ckb/curated-floresdev.spm4k-spm4k.transformer.model1.npz --train-sets /workspace/OPUS-MT-train/work/en-ckb/train/curated-floresdev.src.clean.spm4k.gz /workspace/OPUS-MT-train/work/en-ckb/train/curated-floresdev.trg.clean.spm4k.gz --vocabs /workspace/OPUS-MT-train/work/en-ckb/curated-floresdev.spm4k-spm4k.vocab.yml /workspace/OPUS-MT-train/work/en-ckb/curated-floresdev.spm4k-spm4k.vocab.yml --save-freq 1000u --disp-freq 1000u --log /workspace/OPUS-MT-train/work/en-ckb/curated-floresdev.spm4k-spm4k.transformer.train1.log --devices 0 --seed 1111 --tempdir /tmp --shuffle batches --sharding local --overwrite --disp-first 10 --disp-label-counts --keep-best
[2026-03-17 21:09:31] [config] after: 0e
[2026-03-17 21:09:31] [config] after-batches: 0
[2026-03-17 21:09:31] [config] after-epochs: 0
[2026-03-17 21:09:31] [config] all-caps-every: 0
[2026-03-17 21:09:31] [config] allow-unk: true
[2026-03-17 21:09:31] [config] authors: false
[2026-03-17 21:09:31] [config] beam-size: 6
[2026-03-17 21:09:31] [config] bert-class-symbol: "[CLS]"
[2026-03-17 21:09:31] [config] bert-mask-symbol: "[MASK]"
[2026-03-17 21:09:31] [config] bert-masking-fraction: 0.15
[2026-03-17 21:09:31] [config] bert-sep-symbol: "[SEP]"
[2026-03-17 21:09:31] [config] bert-train-type-embeddings: true
[2026-03-17 21:09:31] [config] bert-type-vocab-size: 2
[2026-03-17 21:09:31] [config] build-info: ""
[2026-03-17 21:09:31] [config] check-gradient-nan: false
[2026-03-17 21:09:31] [config] check-nan: false
[2026-03-17 21:09:31] [config] cite: false
[2026-03-17 21:09:31] [config] clip-norm: 5
[2026-03-17 21:09:31] [config] comet-augment-bad: 0
[2026-03-17 21:09:31] [config] comet-dropout: 0.1
[2026-03-17 21:09:31] [config] comet-final-sigmoid: false
[2026-03-17 21:09:31] [config] comet-mix: false
[2026-03-17 21:09:31] [config] comet-mix-norm: false
[2026-03-17 21:09:31] [config] comet-mix-transformation: softmax
[2026-03-17 21:09:31] [config] comet-mixup: 0
[2026-03-17 21:09:31] [config] comet-mixup-reg: false
[2026-03-17 21:09:31] [config] comet-pool: avg
[2026-03-17 21:09:31] [config] comet-pooler-ffn:
[2026-03-17 21:09:31] [config]   - 2048
[2026-03-17 21:09:31] [config]   - 1024
[2026-03-17 21:09:31] [config] comet-prepend-zero: false
[2026-03-17 21:09:31] [config] comet-stop-grad: false
[2026-03-17 21:09:31] [config] comet-use-separator: false
[2026-03-17 21:09:31] [config] cost-scaling:
[2026-03-17 21:09:31] [config]   []
[2026-03-17 21:09:31] [config] cost-type: ce-sum
[2026-03-17 21:09:31] [config] cpu-threads: 0
[2026-03-17 21:09:31] [config] custom-fallbacks:
[2026-03-17 21:09:31] [config]   []
[2026-03-17 21:09:31] [config] data-threads: 8
[2026-03-17 21:09:31] [config] data-weighting: ""
[2026-03-17 21:09:31] [config] data-weighting-type: sentence
[2026-03-17 21:09:31] [config] dec-cell: gru
[2026-03-17 21:09:31] [config] dec-cell-base-depth: 2
[2026-03-17 21:09:31] [config] dec-cell-high-depth: 1
[2026-03-17 21:09:31] [config] dec-depth: 6
[2026-03-17 21:09:31] [config] devices:
[2026-03-17 21:09:31] [config]   - 0
[2026-03-17 21:09:31] [config] dim-emb: 512
[2026-03-17 21:09:31] [config] dim-rnn: 1024
[2026-03-17 21:09:31] [config] dim-vocabs:
[2026-03-17 21:09:31] [config]   - 0
[2026-03-17 21:09:31] [config]   - 0
[2026-03-17 21:09:31] [config] disp-first: 10
[2026-03-17 21:09:31] [config] disp-freq: 1000u
[2026-03-17 21:09:31] [config] disp-label-counts: true
[2026-03-17 21:09:31] [config] dropout-rnn: 0
[2026-03-17 21:09:31] [config] dropout-src: 0
[2026-03-17 21:09:31] [config] dropout-trg: 0
[2026-03-17 21:09:31] [config] dump-config: ""
[2026-03-17 21:09:31] [config] dynamic-gradient-scaling:
[2026-03-17 21:09:31] [config]   []
[2026-03-17 21:09:31] [config] early-stopping: 10
[2026-03-17 21:09:31] [config] early-stopping-epsilon:
[2026-03-17 21:09:31] [config]   - 0
[2026-03-17 21:09:31] [config] early-stopping-on: first
[2026-03-17 21:09:31] [config] embedding-fix-src: false
[2026-03-17 21:09:31] [config] embedding-fix-trg: false
[2026-03-17 21:09:31] [config] embedding-normalization: false
[2026-03-17 21:09:31] [config] embedding-vectors:
[2026-03-17 21:09:31] [config]   []
[2026-03-17 21:09:31] [config] enc-cell: gru
[2026-03-17 21:09:31] [config] enc-cell-depth: 1
[2026-03-17 21:09:31] [config] enc-depth: 6
[2026-03-17 21:09:31] [config] enc-type: bidirectional
[2026-03-17 21:09:31] [config] english-title-case-every: 0
[2026-03-17 21:09:31] [config] exponential-smoothing: 0.0001
[2026-03-17 21:09:31] [config] exponential-smoothing-replace-freq: 0
[2026-03-17 21:09:31] [config] factor-weight: 1
[2026-03-17 21:09:31] [config] factors-combine: sum
[2026-03-17 21:09:31] [config] factors-dim-emb: 0
[2026-03-17 21:09:31] [config] gradient-checkpointing: false
[2026-03-17 21:09:31] [config] gradient-norm-average-window: 100
[2026-03-17 21:09:31] [config] guided-alignment: none
[2026-03-17 21:09:31] [config] guided-alignment-cost: ce
[2026-03-17 21:09:31] [config] guided-alignment-weight: 0.1
[2026-03-17 21:09:31] [config] ignore-model-config: false
[2026-03-17 21:09:31] [config] input-join-fields: false
[2026-03-17 21:09:31] [config] input-reorder:
[2026-03-17 21:09:31] [config]   []
[2026-03-17 21:09:31] [config] input-types:
[2026-03-17 21:09:31] [config]   []
[2026-03-17 21:09:31] [config] interpolate-env-vars: false
[2026-03-17 21:09:31] [config] keep-best: true
[2026-03-17 21:09:31] [config] label-smoothing: 0.1
[2026-03-17 21:09:31] [config] layer-normalization: false
[2026-03-17 21:09:31] [config] learn-rate: 0.0003
[2026-03-17 21:09:31] [config] lemma-dependency: ""
[2026-03-17 21:09:31] [config] lemma-dim-emb: 0
[2026-03-17 21:09:31] [config] log: /workspace/OPUS-MT-train/work/en-ckb/curated-floresdev.spm4k-spm4k.transformer.train1.log
[2026-03-17 21:09:31] [config] log-level: info
[2026-03-17 21:09:31] [config] log-time-zone: ""
[2026-03-17 21:09:31] [config] logical-epoch:
[2026-03-17 21:09:31] [config]   - 1e
[2026-03-17 21:09:31] [config]   - 0
[2026-03-17 21:09:31] [config] lr-decay: 0
[2026-03-17 21:09:31] [config] lr-decay-freq: 50000
[2026-03-17 21:09:31] [config] lr-decay-inv-sqrt:
[2026-03-17 21:09:31] [config]   - 16000
[2026-03-17 21:09:31] [config] lr-decay-repeat-warmup: false
[2026-03-17 21:09:31] [config] lr-decay-reset-optimizer: false
[2026-03-17 21:09:31] [config] lr-decay-start:
[2026-03-17 21:09:31] [config]   - 10
[2026-03-17 21:09:31] [config]   - 1
[2026-03-17 21:09:31] [config] lr-decay-strategy: epoch+stalled
[2026-03-17 21:09:31] [config] lr-report: true
[2026-03-17 21:09:31] [config] lr-warmup: 16000
[2026-03-17 21:09:31] [config] lr-warmup-at-reload: false
[2026-03-17 21:09:31] [config] lr-warmup-cycle: false
[2026-03-17 21:09:31] [config] lr-warmup-start-rate: 0
[2026-03-17 21:09:31] [config] max-length: 500
[2026-03-17 21:09:31] [config] max-length-crop: false
[2026-03-17 21:09:31] [config] max-length-factor: 3
[2026-03-17 21:09:31] [config] maxi-batch: 512
[2026-03-17 21:09:31] [config] maxi-batch-sort: trg
[2026-03-17 21:09:31] [config] mini-batch: 64
[2026-03-17 21:09:31] [config] mini-batch-fit: true
[2026-03-17 21:09:31] [config] mini-batch-fit-step: 10
[2026-03-17 21:09:31] [config] mini-batch-round-up: true
[2026-03-17 21:09:31] [config] mini-batch-track-lr: false
[2026-03-17 21:09:31] [config] mini-batch-warmup: 0
[2026-03-17 21:09:31] [config] mini-batch-words: 0
[2026-03-17 21:09:31] [config] mini-batch-words-ref: 0
[2026-03-17 21:09:31] [config] model: /workspace/OPUS-MT-train/work/en-ckb/curated-floresdev.spm4k-spm4k.transformer.model1.npz
[2026-03-17 21:09:31] [config] multi-loss-type: sum
[2026-03-17 21:09:31] [config] n-best: false
[2026-03-17 21:09:31] [config] no-nccl: false
[2026-03-17 21:09:31] [config] no-optimizer-reload: false
[2026-03-17 21:09:31] [config] no-reload: false
[2026-03-17 21:09:31] [config] no-restore-corpus: false
[2026-03-17 21:09:31] [config] no-spm-encode: false
[2026-03-17 21:09:31] [config] normalize: 1
[2026-03-17 21:09:31] [config] normalize-gradient: false
[2026-03-17 21:09:31] [config] normalize-gradient-by-ratio: false
[2026-03-17 21:09:31] [config] optimizer: adam
[2026-03-17 21:09:31] [config] optimizer-delay: 1
[2026-03-17 21:09:31] [config] optimizer-params:
[2026-03-17 21:09:31] [config]   - 0.9
[2026-03-17 21:09:31] [config]   - 0.98
[2026-03-17 21:09:31] [config]   - 1e-09
[2026-03-17 21:09:31] [config] output-omit-bias: false
[2026-03-17 21:09:31] [config] overwrite: true
[2026-03-17 21:09:31] [config] overwrite-checkpoint: true
[2026-03-17 21:09:31] [config] precision:
[2026-03-17 21:09:31] [config]   - float32
[2026-03-17 21:09:31] [config]   - float32
[2026-03-17 21:09:31] [config] pretrained-model: ""
[2026-03-17 21:09:31] [config] quantize-biases: false
[2026-03-17 21:09:31] [config] quantize-bits: 0
[2026-03-17 21:09:31] [config] quantize-log-based: false
[2026-03-17 21:09:31] [config] quantize-optimization-steps: 0
[2026-03-17 21:09:31] [config] quiet: false
[2026-03-17 21:09:31] [config] quiet-translation: false
[2026-03-17 21:09:31] [config] quiet-validation: false
[2026-03-17 21:09:31] [config] relative-paths: false
[2026-03-17 21:09:31] [config] right-left: false
[2026-03-17 21:09:31] [config] save-freq: 1000u
[2026-03-17 21:09:31] [config] seed: 1111
[2026-03-17 21:09:31] [config] sentencepiece-alphas:
[2026-03-17 21:09:31] [config]   []
[2026-03-17 21:09:31] [config] sentencepiece-max-lines: 2000000
[2026-03-17 21:09:31] [config] sentencepiece-options: ""
[2026-03-17 21:09:31] [config] separator-symbol: "[eos]"
[2026-03-17 21:09:31] [config] sharding: local
[2026-03-17 21:09:31] [config] shuffle: batches
[2026-03-17 21:09:31] [config] shuffle-in-ram: false
[2026-03-17 21:09:31] [config] sigterm: save-and-exit
[2026-03-17 21:09:31] [config] skip: false
[2026-03-17 21:09:31] [config] sqlite: ""
[2026-03-17 21:09:31] [config] sqlite-drop: false
[2026-03-17 21:09:31] [config] sync-freq: 200u
[2026-03-17 21:09:31] [config] sync-sgd: true
[2026-03-17 21:09:31] [config] tempdir: /tmp
[2026-03-17 21:09:31] [config] throw-on-divergence:
[2026-03-17 21:09:31] [config]   []
[2026-03-17 21:09:31] [config] tied-embeddings: false
[2026-03-17 21:09:31] [config] tied-embeddings-all: true
[2026-03-17 21:09:31] [config] tied-embeddings-src: false
[2026-03-17 21:09:31] [config] train-embedder-rank:
[2026-03-17 21:09:31] [config]   []
[2026-03-17 21:09:31] [config] train-sets:
[2026-03-17 21:09:31] [config]   - /workspace/OPUS-MT-train/work/en-ckb/train/curated-floresdev.src.clean.spm4k.gz
[2026-03-17 21:09:31] [config]   - /workspace/OPUS-MT-train/work/en-ckb/train/curated-floresdev.trg.clean.spm4k.gz
[2026-03-17 21:09:31] [config] transformer-aan-activation: swish
[2026-03-17 21:09:31] [config] transformer-aan-depth: 2
[2026-03-17 21:09:31] [config] transformer-aan-nogate: false
[2026-03-17 21:09:31] [config] transformer-alibi-shift: false
[2026-03-17 21:09:31] [config] transformer-alibi-trainable: false
[2026-03-17 21:09:31] [config] transformer-attention-mask: default
[2026-03-17 21:09:31] [config] transformer-decoder-autoreg: self-attention
[2026-03-17 21:09:31] [config] transformer-decoder-dim-ffn: 0
[2026-03-17 21:09:31] [config] transformer-decoder-ffn-depth: 0
[2026-03-17 21:09:31] [config] transformer-depth-scaling: false
[2026-03-17 21:09:31] [config] transformer-dim-aan: 2048
[2026-03-17 21:09:31] [config] transformer-dim-ffn: 2048
[2026-03-17 21:09:31] [config] transformer-disable-position-embeddings: false
[2026-03-17 21:09:31] [config] transformer-dropout: 0.1
[2026-03-17 21:09:31] [config] transformer-dropout-attention: 0
[2026-03-17 21:09:31] [config] transformer-dropout-ffn: 0
[2026-03-17 21:09:31] [config] transformer-ffn-activation: swish
[2026-03-17 21:09:31] [config] transformer-ffn-depth: 2
[2026-03-17 21:09:31] [config] transformer-guided-alignment-layer: last
[2026-03-17 21:09:31] [config] transformer-heads: 8
[2026-03-17 21:09:31] [config] transformer-no-affine: false
[2026-03-17 21:09:31] [config] transformer-no-bias: false
[2026-03-17 21:09:31] [config] transformer-no-projection: false
[2026-03-17 21:09:31] [config] transformer-pool: false
[2026-03-17 21:09:31] [config] transformer-postprocess: dan
[2026-03-17 21:09:31] [config] transformer-postprocess-emb: d
[2026-03-17 21:09:31] [config] transformer-postprocess-top: ""
[2026-03-17 21:09:31] [config] transformer-preprocess: ""
[2026-03-17 21:09:31] [config] transformer-rnn-projection: false
[2026-03-17 21:09:31] [config] transformer-tied-layers:
[2026-03-17 21:09:31] [config]   []
[2026-03-17 21:09:31] [config] transformer-train-position-embeddings: false
[2026-03-17 21:09:31] [config] tsv: false
[2026-03-17 21:09:31] [config] tsv-fields: 0
[2026-03-17 21:09:31] [config] type: transformer
[2026-03-17 21:09:31] [config] ulr: false
[2026-03-17 21:09:31] [config] ulr-dim-emb: 0
[2026-03-17 21:09:31] [config] ulr-dropout: 0
[2026-03-17 21:09:31] [config] ulr-keys-vectors: ""
[2026-03-17 21:09:31] [config] ulr-query-vectors: ""
[2026-03-17 21:09:31] [config] ulr-softmax-temperature: 1
[2026-03-17 21:09:31] [config] ulr-trainable-transformation: false
[2026-03-17 21:09:31] [config] unlikelihood-loss: false
[2026-03-17 21:09:31] [config] valid-freq: 1000u
[2026-03-17 21:09:31] [config] valid-log: /workspace/OPUS-MT-train/work/en-ckb/curated-floresdev.spm4k-spm4k.transformer.valid1.log
[2026-03-17 21:09:31] [config] valid-max-length: 100
[2026-03-17 21:09:31] [config] valid-metrics:
[2026-03-17 21:09:31] [config]   - bleu
[2026-03-17 21:09:31] [config]   - chrf
[2026-03-17 21:09:31] [config]   - perplexity
[2026-03-17 21:09:31] [config] valid-mini-batch: 8
[2026-03-17 21:09:31] [config] valid-reset-all: false
[2026-03-17 21:09:31] [config] valid-reset-stalled: false
[2026-03-17 21:09:31] [config] valid-script-args:
[2026-03-17 21:09:31] [config]   []
[2026-03-17 21:09:31] [config] valid-script-path: ""
[2026-03-17 21:09:31] [config] valid-sets:
[2026-03-17 21:09:31] [config]   - /workspace/OPUS-MT-train/work/en-ckb/val/openlanguagedata_flores_plus.src.spm4k
[2026-03-17 21:09:31] [config]   - /workspace/OPUS-MT-train/work/en-ckb/val/openlanguagedata_flores_plus.trg.spm4k
[2026-03-17 21:09:31] [config] valid-translation-output: ""
[2026-03-17 21:09:31] [config] vocabs:
[2026-03-17 21:09:31] [config]   - /workspace/OPUS-MT-train/work/en-ckb/curated-floresdev.spm4k-spm4k.vocab.yml
[2026-03-17 21:09:31] [config]   - /workspace/OPUS-MT-train/work/en-ckb/curated-floresdev.spm4k-spm4k.vocab.yml
[2026-03-17 21:09:31] [config] word-penalty: 0
[2026-03-17 21:09:31] [config] word-scores: false
[2026-03-17 21:09:31] [config] workspace: 20000
[2026-03-17 21:09:31] [config] Model is being created with Marian v1.12.43 c9f287db 2025-06-23 19:47:45 +0000
[2026-03-17 21:09:31] Using synchronous SGD
[2026-03-17 21:09:31] [comm] Compiled without MPI support. Running as a single process on 591bffa33f76
[2026-03-17 21:09:31] Synced seed 1111
[2026-03-17 21:09:31] [data] Loading vocabulary from JSON/Yaml file /workspace/OPUS-MT-train/work/en-ckb/curated-floresdev.spm4k-spm4k.vocab.yml
[2026-03-17 21:09:31] [data] Setting vocabulary size for input 0 to 7,614
[2026-03-17 21:09:31] [data] Loading vocabulary from JSON/Yaml file /workspace/OPUS-MT-train/work/en-ckb/curated-floresdev.spm4k-spm4k.vocab.yml
[2026-03-17 21:09:31] [data] Setting vocabulary size for input 1 to 7,614
[2026-03-17 21:09:32] [batching] Collecting statistics for batch fitting with step size 10
[2026-03-17 21:09:32] [memory] Extending reserved space to 20096 MB (device gpu0)
[2026-03-17 21:09:32] [comm] Using NCCL 2.8.3 for GPU communication
[2026-03-17 21:09:32] [comm] Using global sharding
[2026-03-17 21:09:32] [comm] NCCLCommunicators constructed successfully
[2026-03-17 21:09:32] [training] Using 1 GPUs
[2026-03-17 21:09:32] [logits] Applying loss function for 1 factor(s)
[2026-03-17 21:09:32] [memory] Reserving 183 MB, device gpu0
[2026-03-17 21:09:32] [gpu] 16-bit TensorCores enabled for float32 matrix operations
[2026-03-17 21:09:32] [memory] Reserving 183 MB, device gpu0
[2026-03-17 21:10:24] [batching] Done. Typical MB size is 17,096 target words
[2026-03-17 21:10:24] [memory] Extending reserved space to 20096 MB (device gpu0)
[2026-03-17 21:10:24] [comm] Using NCCL 2.8.3 for GPU communication
[2026-03-17 21:10:24] [comm] Using global sharding
[2026-03-17 21:10:24] [comm] NCCLCommunicators constructed successfully
[2026-03-17 21:10:24] [training] Using 1 GPUs
[2026-03-17 21:10:24] Training started
[2026-03-17 21:10:25] [training] Batches are processed as 1 process(es) x 1 devices/process
[2026-03-17 21:10:25] [memory] Reserving 183 MB, device gpu0
[2026-03-17 21:10:25] [memory] Reserving 183 MB, device gpu0
[2026-03-17 21:10:25] Parameter type float32, optimization type float32, casting types false
[2026-03-17 21:10:25] Allocating memory for general optimizer shards
[2026-03-17 21:10:25] [memory] Reserving 183 MB, device gpu0
[2026-03-17 21:10:25] Allocating memory for Adam-specific shards
[2026-03-17 21:10:25] [memory] Reserving 366 MB, device gpu0
[2026-03-17 21:10:25] Ep. 1 : Up. 1 : Sen. 684 : Cost 9.45254421 * 12,559 @ 12,559 after 12,559 : Time 0.85s : 14750.63 words/s : gNorm 5.4740 : L.r. 1.8750e-08
[2026-03-17 21:10:25] Ep. 1 : Up. 2 : Sen. 921 : Cost 9.41336727 * 14,220 @ 14,220 after 26,779 : Time 0.17s : 82017.17 words/s : gNorm 6.0218 : L.r. 3.7500e-08
[2026-03-17 21:10:25] Ep. 1 : Up. 3 : Sen. 995 : Cost 9.36619282 * 10,293 @ 10,293 after 37,072 : Time 0.15s : 66551.01 words/s : gNorm 6.3843 : L.r. 5.6250e-08
[2026-03-17 21:10:26] Ep. 1 : Up. 4 : Sen. 1,078 : Cost 9.40558624 * 14,120 @ 14,120 after 51,192 : Time 0.19s : 74703.04 words/s : gNorm 6.2477 : L.r. 7.5000e-08
[2026-03-17 21:10:26] Ep. 1 : Up. 5 : Sen. 1,188 : Cost 9.37812042 * 11,660 @ 11,660 after 62,852 : Time 0.17s : 70372.48 words/s : gNorm 6.3559 : L.r. 9.3750e-08
[2026-03-17 21:10:26] Ep. 1 : Up. 6 : Sen. 1,521 : Cost 9.40029049 * 17,982 @ 17,982 after 80,834 : Time 0.17s : 108520.27 words/s : gNorm 6.3824 : L.r. 1.1250e-07
[2026-03-17 21:10:26] Ep. 1 : Up. 7 : Sen. 1,730 : Cost 9.37866402 * 18,732 @ 18,732 after 99,566 : Time 0.21s : 90193.06 words/s : gNorm 6.5146 : L.r. 1.3125e-07
[2026-03-17 21:10:26] Ep. 1 : Up. 8 : Sen. 1,939 : Cost 9.39090252 * 12,958 @ 12,958 after 112,524 : Time 0.17s : 77263.37 words/s : gNorm 6.4348 : L.r. 1.5000e-07
[2026-03-17 21:10:27] Ep. 1 : Up. 9 : Sen. 1,972 : Cost 9.35565376 * 11,447 @ 11,447 after 123,971 : Time 0.20s : 58158.46 words/s : gNorm 6.1099 : L.r. 1.6875e-07
[2026-03-17 21:10:27] Ep. 1 : Up. 10 : Sen. 2,159 : Cost 9.37463474 * 10,262 @ 10,262 after 134,233 : Time 0.15s : 68782.25 words/s : gNorm 6.1399 : L.r. 1.8750e-07
[2026-03-17 21:11:09] [marian] Marian v1.12.43 c9f287db 2025-06-23 19:47:45 +0000
[2026-03-17 21:11:09] [marian] Running on 591bffa33f76 as process 186914 with command line:
[2026-03-17 21:11:09] [marian] /workspace/OPUS-MT-train/tools/marian-dev/build/marian --type transformer --max-length 500 --maxi-batch 512 --mini-batch-fit --max-length-factor 3 --enc-depth 6 --dec-depth 6 --dim-emb 512 --tied-embeddings-all --transformer-heads 8 --transformer-dropout 0.1 --transformer-postprocess-emb d --transformer-postprocess dan --label-smoothing 0.1 --learn-rate 0.0003 --lr-warmup 16000 --lr-decay-inv-sqrt 16000 --lr-report --optimizer-params 0.9 0.98 1e-09 --clip-norm 5 --sync-sgd --exponential-smoothing --early-stopping 10 --valid-freq 1000u --valid-sets /workspace/OPUS-MT-train/work/en-ckb/val/openlanguagedata_flores_plus.src.spm4k /workspace/OPUS-MT-train/work/en-ckb/val/openlanguagedata_flores_plus.trg.spm4k --valid-metrics bleu chrf perplexity --valid-mini-batch 8 --valid-max-length 100 --valid-log /workspace/OPUS-MT-train/work/en-ckb/curated-floresdev.spm4k-spm4k.transformer.valid1.log --beam-size 6 --normalize 1 --allow-unk --workspace 20000 --model /workspace/OPUS-MT-train/work/en-ckb/curated-floresdev.spm4k-spm4k.transformer.model1.npz --train-sets /workspace/OPUS-MT-train/work/en-ckb/train/curated-floresdev.src.clean.spm4k.gz /workspace/OPUS-MT-train/work/en-ckb/train/curated-floresdev.trg.clean.spm4k.gz --vocabs /workspace/OPUS-MT-train/work/en-ckb/curated-floresdev.spm4k-spm4k.vocab.yml /workspace/OPUS-MT-train/work/en-ckb/curated-floresdev.spm4k-spm4k.vocab.yml --save-freq 1000u --disp-freq 1000u --log /workspace/OPUS-MT-train/work/en-ckb/curated-floresdev.spm4k-spm4k.transformer.train1.log --devices 0 --seed 1111 --tempdir /tmp --shuffle batches --sharding local --overwrite --disp-first 10 --disp-label-counts --keep-best
[2026-03-17 21:11:09] [config] after: 0e
[2026-03-17 21:11:09] [config] after-batches: 0
[2026-03-17 21:11:09] [config] after-epochs: 0
[2026-03-17 21:11:09] [config] all-caps-every: 0
[2026-03-17 21:11:09] [config] allow-unk: true
[2026-03-17 21:11:09] [config] authors: false
[2026-03-17 21:11:09] [config] beam-size: 6
[2026-03-17 21:11:09] [config] bert-class-symbol: "[CLS]"
[2026-03-17 21:11:09] [config] bert-mask-symbol: "[MASK]"
[2026-03-17 21:11:09] [config] bert-masking-fraction: 0.15
[2026-03-17 21:11:09] [config] bert-sep-symbol: "[SEP]"
[2026-03-17 21:11:09] [config] bert-train-type-embeddings: true
[2026-03-17 21:11:09] [config] bert-type-vocab-size: 2
[2026-03-17 21:11:09] [config] build-info: ""
[2026-03-17 21:11:09] [config] check-gradient-nan: false
[2026-03-17 21:11:09] [config] check-nan: false
[2026-03-17 21:11:09] [config] cite: false
[2026-03-17 21:11:09] [config] clip-norm: 5
[2026-03-17 21:11:09] [config] comet-augment-bad: 0
[2026-03-17 21:11:09] [config] comet-dropout: 0.1
[2026-03-17 21:11:09] [config] comet-final-sigmoid: false
[2026-03-17 21:11:09] [config] comet-mix: false
[2026-03-17 21:11:09] [config] comet-mix-norm: false
[2026-03-17 21:11:09] [config] comet-mix-transformation: softmax
[2026-03-17 21:11:09] [config] comet-mixup: 0
[2026-03-17 21:11:09] [config] comet-mixup-reg: false
[2026-03-17 21:11:09] [config] comet-pool: avg
[2026-03-17 21:11:09] [config] comet-pooler-ffn:
[2026-03-17 21:11:09] [config]   - 2048
[2026-03-17 21:11:09] [config]   - 1024
[2026-03-17 21:11:09] [config] comet-prepend-zero: false
[2026-03-17 21:11:09] [config] comet-stop-grad: false
[2026-03-17 21:11:09] [config] comet-use-separator: false
[2026-03-17 21:11:09] [config] cost-scaling:
[2026-03-17 21:11:09] [config]   []
[2026-03-17 21:11:09] [config] cost-type: ce-sum
[2026-03-17 21:11:09] [config] cpu-threads: 0
[2026-03-17 21:11:09] [config] custom-fallbacks:
[2026-03-17 21:11:09] [config]   []
[2026-03-17 21:11:09] [config] data-threads: 8
[2026-03-17 21:11:09] [config] data-weighting: ""
[2026-03-17 21:11:09] [config] data-weighting-type: sentence
[2026-03-17 21:11:09] [config] dec-cell: gru
[2026-03-17 21:11:09] [config] dec-cell-base-depth: 2
[2026-03-17 21:11:09] [config] dec-cell-high-depth: 1
[2026-03-17 21:11:09] [config] dec-depth: 6
[2026-03-17 21:11:09] [config] devices:
[2026-03-17 21:11:09] [config]   - 0
[2026-03-17 21:11:09] [config] dim-emb: 512
[2026-03-17 21:11:09] [config] dim-rnn: 1024
[2026-03-17 21:11:09] [config] dim-vocabs:
[2026-03-17 21:11:09] [config]   - 0
[2026-03-17 21:11:09] [config]   - 0
[2026-03-17 21:11:09] [config] disp-first: 10
[2026-03-17 21:11:09] [config] disp-freq: 1000u
[2026-03-17 21:11:09] [config] disp-label-counts: true
[2026-03-17 21:11:09] [config] dropout-rnn: 0
[2026-03-17 21:11:09] [config] dropout-src: 0
[2026-03-17 21:11:09] [config] dropout-trg: 0
[2026-03-17 21:11:09] [config] dump-config: ""
[2026-03-17 21:11:09] [config] dynamic-gradient-scaling:
[2026-03-17 21:11:09] [config]   []
[2026-03-17 21:11:09] [config] early-stopping: 10
[2026-03-17 21:11:09] [config] early-stopping-epsilon:
[2026-03-17 21:11:09] [config]   - 0
[2026-03-17 21:11:09] [config] early-stopping-on: first
[2026-03-17 21:11:09] [config] embedding-fix-src: false
[2026-03-17 21:11:09] [config] embedding-fix-trg: false
[2026-03-17 21:11:09] [config] embedding-normalization: false
[2026-03-17 21:11:09] [config] embedding-vectors:
[2026-03-17 21:11:09] [config]   []
[2026-03-17 21:11:09] [config] enc-cell: gru
[2026-03-17 21:11:09] [config] enc-cell-depth: 1
[2026-03-17 21:11:09] [config] enc-depth: 6
[2026-03-17 21:11:09] [config] enc-type: bidirectional
[2026-03-17 21:11:09] [config] english-title-case-every: 0
[2026-03-17 21:11:09] [config] exponential-smoothing: 0.0001
[2026-03-17 21:11:09] [config] exponential-smoothing-replace-freq: 0
[2026-03-17 21:11:09] [config] factor-weight: 1
[2026-03-17 21:11:09] [config] factors-combine: sum
[2026-03-17 21:11:09] [config] factors-dim-emb: 0
[2026-03-17 21:11:09] [config] gradient-checkpointing: false
[2026-03-17 21:11:09] [config] gradient-norm-average-window: 100
[2026-03-17 21:11:09] [config] guided-alignment: none
[2026-03-17 21:11:09] [config] guided-alignment-cost: ce
[2026-03-17 21:11:09] [config] guided-alignment-weight: 0.1
[2026-03-17 21:11:09] [config] ignore-model-config: false
[2026-03-17 21:11:09] [config] input-join-fields: false
[2026-03-17 21:11:09] [config] input-reorder:
[2026-03-17 21:11:09] [config]   []
[2026-03-17 21:11:09] [config] input-types:
[2026-03-17 21:11:09] [config]   []
[2026-03-17 21:11:09] [config] interpolate-env-vars: false
[2026-03-17 21:11:09] [config] keep-best: true
[2026-03-17 21:11:09] [config] label-smoothing: 0.1
[2026-03-17 21:11:09] [config] layer-normalization: false
[2026-03-17 21:11:09] [config] learn-rate: 0.0003
[2026-03-17 21:11:09] [config] lemma-dependency: ""
[2026-03-17 21:11:09] [config] lemma-dim-emb: 0
[2026-03-17 21:11:09] [config] log: /workspace/OPUS-MT-train/work/en-ckb/curated-floresdev.spm4k-spm4k.transformer.train1.log
[2026-03-17 21:11:09] [config] log-level: info
[2026-03-17 21:11:09] [config] log-time-zone: ""
[2026-03-17 21:11:09] [config] logical-epoch:
[2026-03-17 21:11:09] [config]   - 1e
[2026-03-17 21:11:09] [config]   - 0
[2026-03-17 21:11:09] [config] lr-decay: 0
[2026-03-17 21:11:09] [config] lr-decay-freq: 50000
[2026-03-17 21:11:09] [config] lr-decay-inv-sqrt:
[2026-03-17 21:11:09] [config]   - 16000
[2026-03-17 21:11:09] [config] lr-decay-repeat-warmup: false
[2026-03-17 21:11:09] [config] lr-decay-reset-optimizer: false
[2026-03-17 21:11:09] [config] lr-decay-start:
[2026-03-17 21:11:09] [config]   - 10
[2026-03-17 21:11:09] [config]   - 1
[2026-03-17 21:11:09] [config] lr-decay-strategy: epoch+stalled
[2026-03-17 21:11:09] [config] lr-report: true
[2026-03-17 21:11:09] [config] lr-warmup: 16000
[2026-03-17 21:11:09] [config] lr-warmup-at-reload: false
[2026-03-17 21:11:09] [config] lr-warmup-cycle: false
[2026-03-17 21:11:09] [config] lr-warmup-start-rate: 0
[2026-03-17 21:11:09] [config] max-length: 500
[2026-03-17 21:11:09] [config] max-length-crop: false
[2026-03-17 21:11:09] [config] max-length-factor: 3
[2026-03-17 21:11:09] [config] maxi-batch: 512
[2026-03-17 21:11:09] [config] maxi-batch-sort: trg
[2026-03-17 21:11:09] [config] mini-batch: 64
[2026-03-17 21:11:09] [config] mini-batch-fit: true
[2026-03-17 21:11:09] [config] mini-batch-fit-step: 10
[2026-03-17 21:11:09] [config] mini-batch-round-up: true
[2026-03-17 21:11:09] [config] mini-batch-track-lr: false
[2026-03-17 21:11:09] [config] mini-batch-warmup: 0
[2026-03-17 21:11:09] [config] mini-batch-words: 0
[2026-03-17 21:11:09] [config] mini-batch-words-ref: 0
[2026-03-17 21:11:09] [config] model: /workspace/OPUS-MT-train/work/en-ckb/curated-floresdev.spm4k-spm4k.transformer.model1.npz
[2026-03-17 21:11:09] [config] multi-loss-type: sum
[2026-03-17 21:11:09] [config] n-best: false
[2026-03-17 21:11:09] [config] no-nccl: false
[2026-03-17 21:11:09] [config] no-optimizer-reload: false
[2026-03-17 21:11:09] [config] no-reload: false
[2026-03-17 21:11:09] [config] no-restore-corpus: false
[2026-03-17 21:11:09] [config] no-spm-encode: false
[2026-03-17 21:11:09] [config] normalize: 1
[2026-03-17 21:11:09] [config] normalize-gradient: false
[2026-03-17 21:11:09] [config] normalize-gradient-by-ratio: false
[2026-03-17 21:11:09] [config] optimizer: adam
[2026-03-17 21:11:09] [config] optimizer-delay: 1
[2026-03-17 21:11:09] [config] optimizer-params:
[2026-03-17 21:11:09] [config]   - 0.9
[2026-03-17 21:11:09] [config]   - 0.98
[2026-03-17 21:11:09] [config]   - 1e-09
[2026-03-17 21:11:09] [config] output-omit-bias: false
[2026-03-17 21:11:09] [config] overwrite: true
[2026-03-17 21:11:09] [config] overwrite-checkpoint: true
[2026-03-17 21:11:09] [config] precision:
[2026-03-17 21:11:09] [config]   - float32
[2026-03-17 21:11:09] [config]   - float32
[2026-03-17 21:11:09] [config] pretrained-model: ""
[2026-03-17 21:11:09] [config] quantize-biases: false
[2026-03-17 21:11:09] [config] quantize-bits: 0
[2026-03-17 21:11:09] [config] quantize-log-based: false
[2026-03-17 21:11:09] [config] quantize-optimization-steps: 0
[2026-03-17 21:11:09] [config] quiet: false
[2026-03-17 21:11:09] [config] quiet-translation: false
[2026-03-17 21:11:09] [config] quiet-validation: false
[2026-03-17 21:11:09] [config] relative-paths: false
[2026-03-17 21:11:09] [config] right-left: false
[2026-03-17 21:11:09] [config] save-freq: 1000u
[2026-03-17 21:11:09] [config] seed: 1111
[2026-03-17 21:11:09] [config] sentencepiece-alphas:
[2026-03-17 21:11:09] [config]   []
[2026-03-17 21:11:09] [config] sentencepiece-max-lines: 2000000
[2026-03-17 21:11:09] [config] sentencepiece-options: ""
[2026-03-17 21:11:09] [config] separator-symbol: "[eos]"
[2026-03-17 21:11:09] [config] sharding: local
[2026-03-17 21:11:09] [config] shuffle: batches
[2026-03-17 21:11:09] [config] shuffle-in-ram: false
[2026-03-17 21:11:09] [config] sigterm: save-and-exit
[2026-03-17 21:11:09] [config] skip: false
[2026-03-17 21:11:09] [config] sqlite: ""
[2026-03-17 21:11:09] [config] sqlite-drop: false
[2026-03-17 21:11:09] [config] sync-freq: 200u
[2026-03-17 21:11:09] [config] sync-sgd: true
[2026-03-17 21:11:09] [config] tempdir: /tmp
[2026-03-17 21:11:09] [config] throw-on-divergence:
[2026-03-17 21:11:09] [config]   []
[2026-03-17 21:11:09] [config] tied-embeddings: false
[2026-03-17 21:11:09] [config] tied-embeddings-all: true
[2026-03-17 21:11:09] [config] tied-embeddings-src: false
[2026-03-17 21:11:09] [config] train-embedder-rank:
[2026-03-17 21:11:09] [config]   []
[2026-03-17 21:11:09] [config] train-sets:
[2026-03-17 21:11:09] [config]   - /workspace/OPUS-MT-train/work/en-ckb/train/curated-floresdev.src.clean.spm4k.gz
[2026-03-17 21:11:09] [config]   - /workspace/OPUS-MT-train/work/en-ckb/train/curated-floresdev.trg.clean.spm4k.gz
[2026-03-17 21:11:09] [config] transformer-aan-activation: swish
[2026-03-17 21:11:09] [config] transformer-aan-depth: 2
[2026-03-17 21:11:09] [config] transformer-aan-nogate: false
[2026-03-17 21:11:09] [config] transformer-alibi-shift: false
[2026-03-17 21:11:09] [config] transformer-alibi-trainable: false
[2026-03-17 21:11:09] [config] transformer-attention-mask: default
[2026-03-17 21:11:09] [config] transformer-decoder-autoreg: self-attention
[2026-03-17 21:11:09] [config] transformer-decoder-dim-ffn: 0
[2026-03-17 21:11:09] [config] transformer-decoder-ffn-depth: 0
[2026-03-17 21:11:09] [config] transformer-depth-scaling: false
[2026-03-17 21:11:09] [config] transformer-dim-aan: 2048
[2026-03-17 21:11:09] [config] transformer-dim-ffn: 2048
[2026-03-17 21:11:09] [config] transformer-disable-position-embeddings: false
[2026-03-17 21:11:09] [config] transformer-dropout: 0.1
[2026-03-17 21:11:09] [config] transformer-dropout-attention: 0
[2026-03-17 21:11:09] [config] transformer-dropout-ffn: 0
[2026-03-17 21:11:09] [config] transformer-ffn-activation: swish
[2026-03-17 21:11:09] [config] transformer-ffn-depth: 2
[2026-03-17 21:11:09] [config] transformer-guided-alignment-layer: last
[2026-03-17 21:11:09] [config] transformer-heads: 8
[2026-03-17 21:11:09] [config] transformer-no-affine: false
[2026-03-17 21:11:09] [config] transformer-no-bias: false
[2026-03-17 21:11:09] [config] transformer-no-projection: false
[2026-03-17 21:11:09] [config] transformer-pool: false
[2026-03-17 21:11:09] [config] transformer-postprocess: dan
[2026-03-17 21:11:09] [config] transformer-postprocess-emb: d
[2026-03-17 21:11:09] [config] transformer-postprocess-top: ""
[2026-03-17 21:11:09] [config] transformer-preprocess: ""
[2026-03-17 21:11:09] [config] transformer-rnn-projection: false
[2026-03-17 21:11:09] [config] transformer-tied-layers:
[2026-03-17 21:11:09] [config]   []
[2026-03-17 21:11:09] [config] transformer-train-position-embeddings: false
[2026-03-17 21:11:09] [config] tsv: false
[2026-03-17 21:11:09] [config] tsv-fields: 0
[2026-03-17 21:11:09] [config] type: transformer
[2026-03-17 21:11:09] [config] ulr: false
[2026-03-17 21:11:09] [config] ulr-dim-emb: 0
[2026-03-17 21:11:09] [config] ulr-dropout: 0
[2026-03-17 21:11:09] [config] ulr-keys-vectors: ""
[2026-03-17 21:11:09] [config] ulr-query-vectors: ""
[2026-03-17 21:11:09] [config] ulr-softmax-temperature: 1
[2026-03-17 21:11:09] [config] ulr-trainable-transformation: false
[2026-03-17 21:11:09] [config] unlikelihood-loss: false
[2026-03-17 21:11:09] [config] valid-freq: 1000u
[2026-03-17 21:11:09] [config] valid-log: /workspace/OPUS-MT-train/work/en-ckb/curated-floresdev.spm4k-spm4k.transformer.valid1.log
[2026-03-17 21:11:09] [config] valid-max-length: 100
[2026-03-17 21:11:09] [config] valid-metrics:
[2026-03-17 21:11:09] [config]   - bleu
[2026-03-17 21:11:09] [config]   - chrf
[2026-03-17 21:11:09] [config]   - perplexity
[2026-03-17 21:11:09] [config] valid-mini-batch: 8
[2026-03-17 21:11:09] [config] valid-reset-all: false
[2026-03-17 21:11:09] [config] valid-reset-stalled: false
[2026-03-17 21:11:09] [config] valid-script-args:
[2026-03-17 21:11:09] [config]   []
[2026-03-17 21:11:09] [config] valid-script-path: ""
[2026-03-17 21:11:09] [config] valid-sets:
[2026-03-17 21:11:09] [config]   - /workspace/OPUS-MT-train/work/en-ckb/val/openlanguagedata_flores_plus.src.spm4k
[2026-03-17 21:11:10] [config]   - /workspace/OPUS-MT-train/work/en-ckb/val/openlanguagedata_flores_plus.trg.spm4k
[2026-03-17 21:11:10] [config] valid-translation-output: ""
[2026-03-17 21:11:10] [config] vocabs:
[2026-03-17 21:11:10] [config]   - /workspace/OPUS-MT-train/work/en-ckb/curated-floresdev.spm4k-spm4k.vocab.yml
[2026-03-17 21:11:10] [config]   - /workspace/OPUS-MT-train/work/en-ckb/curated-floresdev.spm4k-spm4k.vocab.yml
[2026-03-17 21:11:10] [config] word-penalty: 0
[2026-03-17 21:11:10] [config] word-scores: false
[2026-03-17 21:11:10] [config] workspace: 20000
[2026-03-17 21:11:10] [config] Model is being created with Marian v1.12.43 c9f287db 2025-06-23 19:47:45 +0000
[2026-03-17 21:11:10] Using synchronous SGD
[2026-03-17 21:11:10] [comm] Compiled without MPI support. Running as a single process on 591bffa33f76
[2026-03-17 21:11:10] Synced seed 1111
[2026-03-17 21:11:10] [data] Loading vocabulary from JSON/Yaml file /workspace/OPUS-MT-train/work/en-ckb/curated-floresdev.spm4k-spm4k.vocab.yml
[2026-03-17 21:11:10] [data] Setting vocabulary size for input 0 to 7,614
[2026-03-17 21:11:10] [data] Loading vocabulary from JSON/Yaml file /workspace/OPUS-MT-train/work/en-ckb/curated-floresdev.spm4k-spm4k.vocab.yml
[2026-03-17 21:11:10] [data] Setting vocabulary size for input 1 to 7,614
[2026-03-17 21:11:10] [batching] Collecting statistics for batch fitting with step size 10
[2026-03-17 21:11:10] [memory] Extending reserved space to 20096 MB (device gpu0)
[2026-03-17 21:11:10] [comm] Using NCCL 2.8.3 for GPU communication
[2026-03-17 21:11:10] [comm] Using global sharding
[2026-03-17 21:11:10] [comm] NCCLCommunicators constructed successfully
[2026-03-17 21:11:10] [training] Using 1 GPUs
[2026-03-17 21:11:10] [logits] Applying loss function for 1 factor(s)
[2026-03-17 21:11:10] [memory] Reserving 183 MB, device gpu0
[2026-03-17 21:11:10] [gpu] 16-bit TensorCores enabled for float32 matrix operations
[2026-03-17 21:11:10] [memory] Reserving 183 MB, device gpu0
[2026-03-17 21:12:03] [batching] Done. Typical MB size is 17,096 target words
[2026-03-17 21:12:03] [memory] Extending reserved space to 20096 MB (device gpu0)
[2026-03-17 21:12:03] [comm] Using NCCL 2.8.3 for GPU communication
[2026-03-17 21:12:03] [comm] Using global sharding
[2026-03-17 21:12:03] [comm] NCCLCommunicators constructed successfully
[2026-03-17 21:12:03] [training] Using 1 GPUs
[2026-03-17 21:12:03] Training started
[2026-03-17 21:12:04] [training] Batches are processed as 1 process(es) x 1 devices/process
[2026-03-17 21:12:04] [memory] Reserving 183 MB, device gpu0
[2026-03-17 21:12:04] [memory] Reserving 183 MB, device gpu0
[2026-03-17 21:12:04] Parameter type float32, optimization type float32, casting types false
[2026-03-17 21:12:04] Allocating memory for general optimizer shards
[2026-03-17 21:12:04] [memory] Reserving 183 MB, device gpu0
[2026-03-17 21:12:04] Allocating memory for Adam-specific shards
[2026-03-17 21:12:04] [memory] Reserving 366 MB, device gpu0
[2026-03-17 21:12:04] Ep. 1 : Up. 1 : Sen. 684 : Cost 9.45254421 * 12,559 @ 12,559 after 12,559 : Time 0.85s : 14818.55 words/s : gNorm 5.4740 : L.r. 1.8750e-08
[2026-03-17 21:12:04] Ep. 1 : Up. 2 : Sen. 921 : Cost 9.41336727 * 14,220 @ 14,220 after 26,779 : Time 0.18s : 79827.06 words/s : gNorm 6.0218 : L.r. 3.7500e-08
[2026-03-17 21:12:04] Ep. 1 : Up. 3 : Sen. 995 : Cost 9.36619282 * 10,293 @ 10,293 after 37,072 : Time 0.16s : 65564.08 words/s : gNorm 6.3843 : L.r. 5.6250e-08
[2026-03-17 21:12:04] Ep. 1 : Up. 4 : Sen. 1,078 : Cost 9.40558624 * 14,120 @ 14,120 after 51,192 : Time 0.19s : 73612.29 words/s : gNorm 6.2477 : L.r. 7.5000e-08
[2026-03-17 21:12:04] Ep. 1 : Up. 5 : Sen. 1,188 : Cost 9.37812042 * 11,660 @ 11,660 after 62,852 : Time 0.17s : 69379.16 words/s : gNorm 6.3559 : L.r. 9.3750e-08
[2026-03-17 21:12:05] Ep. 1 : Up. 6 : Sen. 1,521 : Cost 9.40029049 * 17,982 @ 17,982 after 80,834 : Time 0.17s : 106876.90 words/s : gNorm 6.3824 : L.r. 1.1250e-07
[2026-03-17 21:12:05] Ep. 1 : Up. 7 : Sen. 1,730 : Cost 9.37866402 * 18,732 @ 18,732 after 99,566 : Time 0.21s : 88521.45 words/s : gNorm 6.5146 : L.r. 1.3125e-07
[2026-03-17 21:12:05] Ep. 1 : Up. 8 : Sen. 1,939 : Cost 9.39090252 * 12,958 @ 12,958 after 112,524 : Time 0.17s : 76145.01 words/s : gNorm 6.4348 : L.r. 1.5000e-07
[2026-03-17 21:12:05] Ep. 1 : Up. 9 : Sen. 1,972 : Cost 9.35565376 * 11,447 @ 11,447 after 123,971 : Time 0.20s : 57425.19 words/s : gNorm 6.1099 : L.r. 1.6875e-07
[2026-03-17 21:12:05] Ep. 1 : Up. 10 : Sen. 2,159 : Cost 9.37463474 * 10,262 @ 10,262 after 134,233 : Time 0.15s : 67837.14 words/s : gNorm 6.1399 : L.r. 1.8750e-07
[2026-03-17 21:14:54] Ep. 1 : Up. 1000 : Sen. 233,440 : Cost 7.39873409 * 13,296,800 @ 14,227 after 13,431,033 : Time 168.56s : 78882.79 words/s : gNorm 2.1092 : L.r. 1.8750e-05
[2026-03-17 21:14:54] Saving model weights and runtime parameters to /workspace/OPUS-MT-train/work/en-ckb/curated-floresdev.spm4k-spm4k.transformer.model1.npz
[2026-03-17 21:14:56] Saving Adam parameters
[2026-03-17 21:14:57] [training] Saving training checkpoint to /workspace/OPUS-MT-train/work/en-ckb/curated-floresdev.spm4k-spm4k.transformer.model1.npz and /workspace/OPUS-MT-train/work/en-ckb/curated-floresdev.spm4k-spm4k.transformer.model1.npz.optimizer.npz
[2026-03-17 21:15:01] Translating validation set...
[2026-03-17 21:15:02] [valid] First sentence's tokens as scored:
[2026-03-17 21:15:02] [valid] DefaultVocab keeps original segments for scoring
[2026-03-17 21:15:02] [valid]   Hyp: ی ی ی ی ی ی ی ی ی ی ی ی ی ی ی ی ی ی ی ی ی ی ی ی ی ی ی ی ی ی ی ی ی ی ی ی ی ی ی ی ی ی ی ی ی ی ی ی ی ی ی ی ی ی ی ی ی ی ی ی ی ی ی ی ی ی ی ی ی ی ی ی ی ی ی ی ی ی ی ی ی ی ی ی ی ی ی ی ی ی ی ی ی ی ی ی ی ی ی ی ی ی ی ی ی ی ی ی ی ی ی ی ی ی ی ی ی ی ی ی ی ی ی ی ی ی ی ی ی ی ی ی ی ی ی ی ی ی ی ی ی ی ی ی ی ی ی ی ی ی ی ی ی ی ی ی ی ی ی ی ی ی ی ی ی ی ی ی ی ی ی ی ی ی ی ی ی ی ی ی ی ی ی ی ی ی ی ی ی ی ی ی ی ی ی ی ی ی ی ی ی ی ی ی ی ی ی ی ی ی ی ی ی ی ی ی ی ی ی ی ی ی ی ی ی ی ی ی ی ی ی ی ی ی ی ی ی ی ی ی ی ی ی ی ی ی
[2026-03-17 21:15:02] [valid]   Ref: ▁هێرش بەر انی ▁م ۆم بای ▁لە ▁ڕێگەی ▁بە لە م ەوە ▁لە ▁٢ ٦ ی ▁تشرین ی ▁دووەمی ▁ساڵی ▁ ٢٠٠ ٨ ▁گەیشت ن ، ▁نار نج ۆک ▁و ▁چە کی ▁ئۆتۆ ما تیک یان ▁لەگەڵ ▁خۆیان ▁هێنا بوو ▁و ▁چەندین ▁ئامانج یان ▁پێک ا ▁لەوانە ▁وێستگ ەی ▁ش ە مەند ە فەر ی ▁ق ەرە ب اڵ غ ی ▁چا تر اپ اتی ▁شی ڤا جی ▁ت ێر مین ۆ ▁و ▁هو تێ لی ▁بە ناو بان گی ▁تا ج ▁مە ح ەل .
[2026-03-17 21:15:03] Best translation 0 : ه ▁ی ▁ئه ▁وه ▁ی ▁ئه ▁وه ▁ی ▁ئه ▁وه ▁ی ▁ئه ▁وه ▁ی ▁ئه ▁وه ▁ی ▁ئه ▁وه ▁ی ▁ئه ▁وه ▁ی ▁ئه ▁وه ▁ی ▁ئه ▁وه ▁ی ▁ئه ▁وه ▁ی ▁ئه ▁وه ▁ی ▁ئه ▁وه ▁ی ▁ئه ▁وه ▁ی ▁ئه ▁وه ▁ی ▁ئه ▁وه ▁ی ▁ئه ▁وه ▁ی ▁ئه ▁وه ▁ی ▁ئه ▁وه ▁ی ▁ئه ▁وه ▁ی ▁ئه ▁وه ▁ی ▁ئه ▁وه ▁ی ▁ئه ▁وه ▁ی ▁ئه ▁وه ▁ی ▁ئه ▁وه ▁ی ▁ئه ▁وه ▁ی ▁ئه ▁وه ▁ی ▁ئه ▁وه ▁ی ▁ئه ▁وه ▁ی ▁ئه ▁وه ▁ی ▁ئه ▁وه ▁ی ▁ئه ▁وه ▁ی ▁ئه ▁وه ▁ی ▁ئه ▁وه ▁ی ▁ئه ▁وه ▁ی ▁ئه ▁وه ▁ی ▁ئه ▁وه ▁ی ▁ئه ▁وه ▁ی ▁ئه ▁وه ▁ی ▁ئه ▁وه ▁ی .
[2026-03-17 21:15:03] Best translation 1 : ی ی ی ی ی ی ی ی ی ی ی ی ی ی ی ی ی ی ی ی ی ی ی ی ی ی ی ی ی ی ی ی ی ی ی ی ی ی ی ی ی ی ی ی ی ی ی ی ی ی ی ی ی ی ی ی ی ی ی ی ی ی ی ی ی ی ی ی ی ی ی ی ی ی ی ی ی ی ی ی ی ی ی ی ی ی ی ی ی ی ی ی ی ی ی ی ی ی ی ی ی ی ی ی ی ی ی ی ی ی ی ی ی ی ی ی ی ی ی ی ی ی ی ی ی ی ی ی ی ی ی ی ی ی ی ی ی ی ی ی ی ی ی ی ی ی ی ی ی ی ی ی ی ی ی ی ی ی ی ی ی ی ی ی ی ی ی ی ی ی ی ی ی ی ی ی ی ی ی ی ی ی ی ی ی ی ی ی ی ی ی ی ی ی ی ی ی ی ی ی ی ی ی ی ی ی ی ی ی ی ی ی ی ی ی ی ی ی ی ی ی ی ی ی ی ی ی ی ی ی ی ی ی ی ی ی ی ی ی ی ی ی ی ی ی ی
[2026-03-17 21:15:05] Best translation 2 : ه ▁ی ▁ئه ▁وه ▁ی ▁ئه ▁وه ▁ی ▁ئه ▁وه ▁ی ▁ئه ▁وه ▁ی ▁ئه ▁و ▁ئه ▁وه ▁ی ▁ئه ▁وه ▁ی ▁ئه ▁وه ▁ی ▁ئه ▁وه ▁ی ▁ئه ▁وه ▁ی ▁ئه ▁وه ▁ی ▁ئه ▁وه ▁ی ▁ئه ▁وه ▁ی ▁ئه ▁وه ▁ی ▁ئه ▁وه ▁ی ▁ئه ▁وه ▁ی ▁ئه ▁وه ▁ی ▁ئه ▁وه ▁ی ▁ئه ▁وه ▁ی ▁ئه ▁وه ▁ی ▁ئه ▁وه ▁ی ▁ئه ▁وه ▁.
[2026-03-17 21:15:05] Best translation 3 : ه ▁ی ▁ئه ▁وه ▁ی ▁ئه ▁وه ▁ی ▁ئه ▁وه ▁ی ▁ئه ▁وه ▁ی ▁ئه ▁وه ▁ی ▁ئه ▁وه ▁ی ▁ئه ▁وه ▁ی ▁ئه ▁وه ▁ی ▁ئه ▁وه ▁ی ▁ئه ▁وه ▁ی ▁ئه ▁وه ▁ی ▁ئه ▁وه ▁ی ▁ئه ▁وه ▁ی ▁ئه ▁وه ▁ی ▁ئه ▁وه ▁ی ▁ئه ▁وه ▁ی ▁ئه ▁وه ▁ی ▁ئه ▁وه ▁ی ▁ئه ▁وه ▁ی ▁ئه ▁وه ▁ی ▁ئه ▁وه ▁ی ▁ئه ▁وه ▁ی ▁ئه ▁وه ▁ی ▁ئه ▁وه ▁ی ▁ئه ▁وه ▁ی ▁ئه ▁وه ▁ی ▁ئه ▁وه ▁ی ▁ئه ▁وه ▁ی ▁ئه ▁وه ▁ی ▁ئه ▁وه ▁ی ▁ئه ▁وه ▁ی ▁ئه ▁وه ▁ی ▁ئه ▁وه ▁ی ▁ئه ▁وه ▁ی ▁ئه ▁وه ▁ی ▁ئه ▁وه ▁ی ▁ئه ▁وه ▁ی ▁ئه ▁وه ▁ی ▁ئه ▁وه ▁ی ▁ئه ▁وه ▁ی ▁ئه ▁وه ▁ی ▁ئه ▁وه ▁ی ▁ئه ▁وه ▁ی ▁ئه ▁وه ▁ی ▁ئه ▁وه ▁ی ▁ئه ▁وه ▁ی ▁ئه ▁وه ▁ی ▁ئه ▁وه ▁ی ▁ئه ▁وه ▁ی ▁ئه ▁وه ▁ی ▁ئه ▁وه ▁ی ▁ئه ▁وه ▁ی ▁ئه ▁وه ▁ی ▁ئه ▁وه ▁ی ▁ئه ▁وه ▁ی ▁ئه ▁وه ▁ی ▁ئه ▁وه ▁ی ▁ئه ▁وه ▁ی ▁ئه ▁وه ▁ی ▁ئه ▁وه ▁ی ▁ئه ▁وه ▁ی ▁ئه ▁وه ▁ی ▁ئه ▁وه ▁ی ▁ئه ▁وه ▁ی ▁ئه ▁وه ▁ی ▁ئه ▁وه ▁ی ▁ئه ▁وه ▁ی ▁ئه ▁وه ▁ی ▁ئه ▁وه ▁ی ▁ئه ▁وه ▁ی ▁ئه ▁وه ▁ی ▁ئه ▁وه ▁ی ▁ئه ▁وه ▁ی ▁ئه ▁وه ▁ی ▁ئه ▁وه ▁ی ▁ئه ▁وه ▁ی ▁ئه ▁وه ▁ی ▁ئه ▁وه ▁ی ▁ئه ▁وه ▁ی ▁ئه ▁وه ▁ی ▁ئه ▁وه ▁ی ▁ئه
[2026-03-17 21:15:05] Best translation 4 : ه ▁ی ▁ئه ▁وه ▁ی ▁ئه ▁وه ▁ی ▁ئه ▁وه ▁ی ▁ئه ▁وه ▁ی ▁ئه ▁و ▁ئه ▁وه ▁ی ▁ئه ▁وه ▁ی ▁ئه ▁وه ▁ی ▁ئه ▁وه ▁ی ▁ئه ▁وه ▁ی ▁ئه ▁وه ▁ی ▁ئه ▁وه ▁ی ▁ئه ▁وه ▁ی ▁ئه ▁وه ▁ی ▁ئه ▁وه ▁ی ▁ئه ▁وه ▁ی ▁ئه ▁وه ▁ی ▁ئه ▁وه ▁ی ▁ئه ▁وه ▁ی ▁ئه ▁وه ▁ی ▁ئه ▁و ▁ئه ▁و ▁ئه ▁وه ▁ی ▁ئه ▁وه ▁ی ▁ئه ▁وه ▁ی ▁ئه ▁وه ▁ی ▁ئه ▁وه ▁ی ▁ئه ▁وه ▁ی ▁ئه ▁وه ▁ی ▁ئه ▁و ▁ئه ▁و ▁ئه ▁و ▁ئه ▁وه ▁ی ▁ئه ▁وه ▁ی ▁ئه ▁وه ▁ی ▁ئه ▁وه ▁ی ▁ئه ▁و ▁ئه ▁و
[2026-03-17 21:15:05] Best translation 5 : ه ▁وه ▁ی ▁به ▁به ▁به ▁به ▁به ▁به ▁به ▁به ▁به ▁به ▁به ▁به ▁به ▁به ▁به ▁به ▁به ▁به ▁به ▁به ▁به ▁به ▁به ▁به ▁به ▁به ▁به ▁به ▁به ▁به ▁به ▁به ▁به ▁به ▁به ▁به ▁به ▁به ▁به ▁به ▁به ▁به ▁به ▁به ▁به ▁به ▁به ▁ی ▁ی ▁ی ▁ی ▁به ▁به ▁به ▁به ▁به ▁به ▁به ▁به ▁به ▁به ▁به ▁به ▁به ▁به ▁به ▁به ▁به ▁به ▁به ▁به ▁به ▁به ▁به ▁به ▁به ▁به ▁به ▁به ▁به ▁به ▁به ▁به ▁به ▁به ▁به ▁به ▁به ▁به ▁به ▁به ▁به ▁به ▁به ▁به ▁به ▁به ▁به ▁به ▁به ▁به ▁به ▁به ▁به ▁به ▁به ▁به ▁به ▁به ▁به ▁به ▁به ▁به ▁به ▁به ▁به ▁به ▁به ▁به ▁به ▁به ▁به ▁به ▁به ▁به ▁به ▁به ▁به ▁به ▁به ▁به ▁ی ▁ی ▁ی ▁ی ▁ی ▁ی ▁ی ▁ی ▁ی ▁ی ▁ی ▁ی ▁ی ▁ی ▁ی ▁ی ▁ی ▁ی ▁ی ▁ی ▁ی ▁ی ▁ی ▁ی ▁ی ▁ی ▁ی ▁ی ▁ئه ▁و ▁که ▁ی ▁ی ▁ی ▁ی ▁ی ▁ی ▁ی ▁ی ▁ی ▁ی ▁ی ▁ی ▁ی ▁ی ▁ی ▁ی ▁ئه ▁و ▁ئه ▁و ▁ئه ▁و ▁که ▁که ▁که ▁ی ▁ی ▁ی ▁ی ▁ی ▁ی ▁ی ▁ی ▁ی ▁ی ▁ی ▁ی ▁ی ▁به ▁به ▁به ▁به ▁به ▁به ▁به ▁به ▁به ▁به ▁به ▁به ▁به ▁به ▁به ▁به ▁به ▁به ▁به ▁به ▁به ▁به ▁به ▁به ▁به ▁به ▁به ▁به ▁به ▁به ▁به ▁به ▁به ▁به ▁به ▁به ▁به ▁به ▁به ▁به ▁به ▁به ▁به
[2026-03-17 21:15:05] Best translation 10 : ه ▁ی ▁ئه ▁وه ▁ی ▁ئه ▁وه ▁ی ▁ئه ▁وه ▁ی ▁ئه ▁وه ▁ی ▁ئه ▁وه ▁ی ▁ئه ▁و ▁ئه ▁وه ▁ی ▁ئه ▁وه ▁ی ▁ئه ▁وه ▁ی ▁ئه ▁وه ▁ی ▁ئه ▁وه ▁ی ▁ئه ▁وه ▁ی ▁ئه ▁وه ▁ی ▁ئه ▁وه ▁ی ▁ئه ▁وه ▁ی ▁ئه ▁وه ▁ی ▁ئه ▁وه ▁ی ▁ئه ▁وه ▁ی ▁ئه ▁وه ▁ی ▁ئه ▁وه ▁ی ▁ئه ▁و ▁ئه ▁وه ▁ی ▁ئه ▁وه ▁ی ▁ئه ▁وه ▁ی ▁ئه ▁وه ▁ی ▁ئه ▁وه ▁ی ▁ئه ▁وه ▁ی ▁ئه ▁وه ▁ی ▁ئه ▁وه ▁ی ▁ئه ▁و ▁ئه ▁وه ▁ی ▁ئه ▁وه ▁ی ▁ئه ▁وه ▁ی ▁ئه ▁وه ▁ی ▁ئه ▁وه ▁ی ▁ئه ▁وه ▁ی ▁ئه ▁وه ▁ی ▁ئه ▁وه ▁ی ▁ئه ▁وه ▁ی ▁ئه ▁و ▁ئه ▁و ▁ئه ▁وه ▁ی ▁ئه ▁وه ▁ی ▁ئه ▁وه ▁ی ▁ئه ▁و ▁ئه ▁و ▁ئه ▁وه ▁ی ▁ئه ▁وه ▁ی ▁ئه ▁وه ▁ی ▁ئه ▁وه ▁ی ▁ئه ▁وه ▁ی ▁ئه ▁وه ▁ی ▁ئه ▁وه ▁ی ▁ئه ▁وه ▁ی ▁ئه ▁وه ▁ی ▁ئه ▁وه ▁ی ▁ئه ▁وه ▁ی ▁ئه ▁وه ▁ی .
[2026-03-17 21:15:05] Best translation 20 : ه ▁وه ▁ی ▁به ▁به ▁به ▁به ▁به ▁به ▁به ▁به ▁به ▁به ▁به ▁به ▁به ▁به ▁به ▁به ▁به ▁به ▁به ▁به ▁به ▁به ▁به ▁به ▁به ▁به ▁به ▁به ▁به ▁به ▁به ▁به ▁به ▁به ▁به ▁به ▁به ▁به ▁به ▁به ▁به ▁به ▁به ▁به ▁به ▁به ▁به ▁به ▁به ▁به ▁به ▁به ▁به ▁به ▁به ▁به ▁به ▁به ▁به ▁به ▁به ▁به ▁به ▁به ▁به ▁به ▁به ▁به ▁به ▁به ▁به ▁به ▁به ▁به ▁به ▁به ▁به ▁به ▁به ▁به ▁به ▁به ▁به ▁به ▁به ▁به ▁به ▁به ▁به ▁به ▁به ▁به ▁به ▁به ▁به ▁به ▁به ▁به ▁به ▁به ▁به ▁به ▁به ▁به ▁به ▁به ▁به ▁به ▁به ▁به ▁به ▁به ▁به ▁به ▁به ▁به ▁به ▁به ▁به ▁به ▁به ▁به ▁به ▁به ▁به ▁به ▁به ▁به ▁به ▁به ▁به ▁و ▁و ▁و ▁و ▁و ▁و ▁و ▁و ▁و ▁و ▁و ▁و ▁و ▁و ▁و ▁و ▁و ▁و ▁و ▁به ▁به ▁به ▁به ▁به ▁به ▁به ▁به ▁به ▁به ▁به ▁به ▁به ▁به ▁به ▁به ▁به ▁به ▁به ▁به ▁به ▁به ▁به ▁به ▁به ▁به ▁به ▁به ▁به ▁به ▁به ▁به ▁به ▁به ▁به ▁به ▁به ▁به ▁به ▁به ▁به ▁به ▁به ▁به ▁به ▁به ▁به ▁به ▁به ▁به ▁به ▁به ▁به ▁به ▁به ▁به ▁به ▁به ▁به ▁به ▁به ▁به ▁به ▁به ▁به ▁به ▁به ▁به ▁به ▁به ▁به ▁به ▁به ▁به ▁به ▁به ▁به ▁به ▁به ▁به ▁به ▁به ▁به ▁و ▁و ▁و ▁و ▁و ▁و ▁و ▁و ▁و ▁و
[2026-03-17 21:15:05] Best translation 40 : ه ▁ی ▁ئه ▁وه ▁ی ▁ئه ▁وه ▁ی ه ▁ی ▁ئه ▁وه ▁ی ▁ئه ▁وه ▁ی ▁ئه ▁وه ▁ی ▁ئه ▁وه ▁ی ▁ئه ▁وه ▁ی ▁ئه ▁وه ▁ی ▁ئه ▁وه ▁ی ▁ئه ▁وه ▁ی ▁ئه ▁وه ▁ی ▁ئه ▁وه ▁ی ▁ئه ▁وه ▁ی ▁ئه ▁وه ▁ی ▁ئه ▁وه ▁ی ▁ئه ▁وه ▁ی ▁ئه ▁وه ▁ی ▁ئه ▁وه ▁ی ▁ئه ▁وه ▁ی ▁ئه ▁و ▁ئه ▁وه ▁ی ▁ئه ▁وه ▁ی ▁ئه ▁وه ▁ی ▁ئه ▁وه ▁ی ▁ئه ▁وه ▁ی ▁ئه ▁وه ▁ی ▁ئه ▁وه ▁ی ▁ئه ▁وه ▁ی ▁ئه ▁وه ▁ی ▁ئه ▁وه ▁ی ▁ئه ▁وه ▁ی ▁ئه ▁وه ▁ی ▁ئه ▁وه ▁ی ▁ئه ▁وه ▁ی ▁ئه ▁وه ▁ی ▁ئه ▁وه ▁ی ▁ئه ▁وه ▁ی ▁ئه ▁وه ▁ی ▁ئه ▁وه ▁ی ▁ئه ▁وه ▁ی ▁ئه ▁وه ▁ی ▁ئه ▁وه ▁ی ▁ئه ▁وه ▁ی ▁ئه ▁وه ▁ی ▁ئه ▁وه ▁ی ▁ئه ▁وه ▁ی ▁ئه ▁وه ▁ی ▁ئه ▁وه ▁ی ▁ئه ▁وه ▁ی ▁ئه ▁وه ▁ی ▁ئه ▁وه ▁ی ▁ئه ▁وه ▁ی ▁ئه ▁وه ▁ی ▁ئه ▁وه ▁ی ▁ئه ▁وه ▁ی ▁ئه ▁وه ▁ی ▁ئه ▁وه ▁ی ▁ئه ▁وه ▁ی ▁ئه ▁وه ▁ی ▁ئه ▁وه ▁ی ▁ئه ▁وه ▁ی ▁ئه ▁وه ▁ی ▁ئه ▁وه ▁ی ▁ئه ▁وه ▁ی
[2026-03-17 21:15:07] Best translation 80 : ه ▁ی ▁ئه ▁وه ▁ی ▁ئه ▁وه ▁ی ▁ئه ▁وه ▁ی ▁ئه ▁وه ▁ی ▁ئه ▁وه ▁ی ▁ئه ▁وه ▁ی ▁ئه ▁وه ▁ی ▁ئه ▁وه ▁ی ▁ئه ▁وه ▁ی ▁ئه ▁وه ▁ی ▁ئه ▁وه ▁ی ▁ئه ▁و ▁ئه ▁وه ▁ی ▁ئه ▁وه ▁ی ▁ئه ▁وه ▁ی ▁ئه ▁وه ▁ی ▁ئه ▁وه ▁ی ▁ئه ▁وه ▁ی ▁ئه ▁وه ▁ی ▁ئه ▁وه ▁ی ▁ئه ▁وه ▁ی ▁ئه ▁وه ▁ی ▁ئه ▁وه ▁ی ▁ئه ▁وه ▁ی ▁ئه ▁وه ▁ی ▁ئه ▁وه ▁ی ▁ئه ▁وه ▁ی ▁ئه ▁وه ▁ی ▁ئه ▁وه ▁ی ▁ئه ▁وه ▁ی ▁ئه ▁وه ▁ی ▁ئه ▁وه ▁ی ▁ئه ▁وه ▁ی ▁ئه ▁وه ▁ی ▁ئه ▁وه ▁ی ▁ئه ▁وه ▁ی ▁ئه ▁وه ▁ی ▁ئه ▁وه ▁ی ▁ئه ▁وه ▁ی ▁ئه ▁وه ▁ی ▁ئه ▁وه ▁ی ▁ئه ▁وه ▁ی ▁ئه ▁وه ▁ی ▁ئه ▁و ▁ئه ▁وه ▁ی ▁ئه ▁وه ▁ی ▁ئه ▁وه ▁ی ▁ئه ▁وه ▁ی ▁ئه ▁وه ▁ی ▁ئه ▁وه ▁ی ▁ئه ▁وه ▁ی ▁ئه ▁وه ▁ی ▁ئه ▁وه ▁ی ▁ئه ▁وه ▁ی ▁ئه ▁وه ▁ی ▁ئه ▁وه ▁ی ▁ئه ▁وه ▁ی ▁ئه ▁وه ▁ی ▁ئه ▁وه ▁ی ▁ئه ▁وه ▁ی ▁ئه ▁وه ▁ی ▁ئه ▁وه ▁ی ▁ئه ▁وه ▁ی ▁ئه ▁وه ▁ی
[2026-03-17 21:15:14] Best translation 160 : ه ▁ی ▁ئه ▁وه ▁ی ▁ئه ▁وه ▁ی ▁ئه ▁وه ▁ی ▁ئه ▁وه ▁ی ▁ئه ▁وه ▁ی ▁ئه ▁وه ▁ی ▁ئه ▁وه ▁ی ▁ئه ▁و ▁ئه ▁وه ▁ی ▁ئه ▁وه ▁ی ▁ئه ▁وه ▁ی ▁ئه ▁وه ▁ی ▁ئه ▁وه ▁ی ▁ئه ▁وه ▁ی ▁ئه ▁وه ▁ی ▁ئه ▁وه ▁ی ▁ئه ▁وه ▁ی ▁ئه ▁وه ▁ی ▁ئه ▁وه ▁ی .
[2026-03-17 21:15:23] Best translation 320 : ه ▁ی ▁ئه ▁وه ▁ی ▁ئه ▁وه ▁ی ▁ئه ▁وه ▁ی ▁ئه ▁وه ▁ی ▁ئه ▁وه ▁ی ▁ئه ▁وه ▁ی ▁ئه ▁وه ▁ی ▁ئه ▁وه ▁ی ▁ئه ▁وه ▁ی ▁ئه ▁وه ▁ی ▁ئه ▁وه ▁ی ▁ئه ▁وه ▁ی ▁ئه ▁وه ▁ی .
[2026-03-17 21:15:39] Best translation 640 : ه ▁ی ▁ئه ▁وه ▁ی ▁ئه ▁وه ▁ی ▁ئه ▁وه ▁ی ▁ئه ▁وه ▁ی ▁ئه ▁وه ▁ی ▁ئه ▁و ▁ئه ▁وه ▁ی ▁ئه ▁وه ▁ی ▁ئه ▁وه ▁ی ▁ئه ▁وه ▁ی ▁ئه ▁وه ▁ی ▁ئه ▁وه ▁ی ▁ئه ▁وه ▁ی ▁ئه ▁وه ▁ی ▁ئه ▁وه ▁ی ▁ئه ▁وه ▁ی ▁ئه ▁وه ▁ی ▁ئه ▁وه ▁ی ▁ئه ▁وه ▁ی ▁ئه ▁وه ▁ی ▁ئه ▁وه ▁ی ▁ئه ▁وه ▁ی ▁ئه ▁وه ▁ی ▁ئه ▁وه ▁ی ▁ئه ▁وه ▁ی ▁ئه ▁وه ▁ی .
[2026-03-17 21:16:12] Best translation 1280 : ه ▁ی ▁ئه ▁وه ▁ی ▁ئه ▁وه ▁ی ▁ئه ▁وه ▁ی ▁ئه ▁وه ▁ی ▁ئه ▁و ▁ئه ▁وه ▁ی ▁ئه ▁وه ▁ی ▁ئه ▁وه ▁ی ▁ئه ▁وه ▁ی ▁ئه ▁وه ▁ی ▁ئه ▁وه ▁ی ▁ئه ▁و ▁ئه ▁وه ▁ی ▁ئه ▁وه ▁ی ▁ئه ▁وه ▁ی ▁ئه ▁وه ▁ی ▁ئه ▁وه ▁ی ▁ئه ▁وه ▁ی ▁ئه ▁وه ▁ی ▁ئه ▁وه ▁ی ▁ئه ▁و ▁ئه ▁و ▁ئه ▁وه ▁ی ▁ئه ▁وه ▁ی ▁ئه ▁وه ▁ی ▁ئه ▁وه ▁ی ▁ئه ▁وه ▁ی ▁ئه ▁وه ▁ی ▁ئه ▁وه ▁ی ▁ئه ▁و ▁ئه ▁و ▁ئه ▁و ▁ئه ▁و ▁ئه ▁وه ▁ی ▁ئه ▁وه ▁ی ▁ئه ▁وه ▁ی ▁ئه ▁وه ▁ی ▁ئه ▁و ▁ئه ▁و ▁ئه ▁وه ▁ی ▁ئه ▁وه ▁ی ▁ئه ▁و ▁ئه ▁و ▁ئه ▁و ▁ئه ▁و ▁ئه ▁و ▁ئه ▁وه ▁ی ▁ئه ▁و ▁ئه ▁و ▁ئه ▁وه ▁ی ▁ئه ▁وه ▁ی ▁ئه ▁وه ▁ی ▁ئه ▁وه ▁ی ▁ئه ▁وه ▁ی ▁ئه ▁وه ▁ی ▁ئه ▁و ▁ئه ▁وه ▁ی ▁ئه ▁وه ▁ی ▁ئه ▁وه ▁ی ▁ئه ▁وه ▁ی ▁ئه ▁وه ▁ی ▁ئه ▁وه ▁ی ▁ئه ▁و ▁ئه ▁وه ▁ی ▁ئه ▁وه ▁ی ▁ئه ▁وه ▁ی ▁ئه ▁وه ▁ی ▁ئه ▁وه ▁ی ▁ئه ▁وه ▁ی ▁ئه ▁وه ▁ی ▁ئه ▁وه ▁ی ▁ئه ▁وه ▁ی ▁ئه ▁وه ▁ی ▁ئه ▁و ▁ئه ▁و ▁ئه ▁و ▁ئه ▁و ▁ئه ▁و ▁ئه ▁و ▁ئه ▁وه ▁ی ▁ئه ▁وه ▁ی ▁ئه ▁وه ▁ی ▁ئه ▁وه ▁ی ▁ئه ▁وه ▁ی ▁ئه ▁وه ▁ی ▁ئه ▁و ▁ئه ▁وه ▁ی ▁ئه ▁وه ▁ی ▁ئه ▁و ▁ئه ▁و ▁ئه ▁و ▁ئه ▁و ▁ئه ▁وه ▁ی ▁ئه ▁وه ▁ی ▁ئه ▁وه ▁ی ▁ئه ▁وه ▁ی ▁ئه ▁وه ▁ی ▁ئه ▁وه ▁ی ▁ئه ▁وه ▁ی ▁ئه ▁وه ▁ی ▁ئه ▁وه ▁ی ▁ئه ▁وه ▁ی ▁ئه ▁وه ▁ی ▁ئه ▁وه ▁ی ▁ئه ▁و ▁ئه ▁و ▁ئه ▁و ▁ئه ▁وه ▁ی ▁ئه ▁و ▁ئه ▁وه ▁ی ▁ئه ▁و
[2026-03-17 21:16:52] Total translation time: 111.20480s
[2026-03-17 21:16:52] Saving model weights and runtime parameters to /workspace/OPUS-MT-train/work/en-ckb/curated-floresdev.spm4k-spm4k.transformer.model1.npz.best-bleu.npz
[2026-03-17 21:16:53] [valid] Ep. 1 : Up. 1000 : bleu : 0.025227 : new best
[2026-03-17 21:16:53] Translating validation set...
[2026-03-17 21:16:56] Best translation 0 : ه ▁ی ▁ئه ▁وه ▁ی ▁ئه ▁وه ▁ی ▁ئه ▁وه ▁ی ▁ئه ▁وه ▁ی ▁ئه ▁وه ▁ی ▁ئه ▁وه ▁ی ▁ئه ▁وه ▁ی ▁ئه ▁وه ▁ی ▁ئه ▁وه ▁ی ▁ئه ▁وه ▁ی ▁ئه ▁وه ▁ی ▁ئه ▁وه ▁ی ▁ئه ▁وه ▁ی ▁ئه ▁وه ▁ی ▁ئه ▁وه ▁ی ▁ئه ▁وه ▁ی ▁ئه ▁وه ▁ی ▁ئه ▁وه ▁ی ▁ئه ▁وه ▁ی ▁ئه ▁وه ▁ی ▁ئه ▁وه ▁ی ▁ئه ▁وه ▁ی ▁ئه ▁وه ▁ی ▁ئه ▁وه ▁ی ▁ئه ▁وه ▁ی ▁ئه ▁وه ▁ی ▁ئه ▁وه ▁ی ▁ئه ▁وه ▁ی ▁ئه ▁وه ▁ی ▁ئه ▁وه ▁ی ▁ئه ▁وه ▁ی ▁ئه ▁وه ▁ی ▁ئه ▁وه ▁ی ▁ئه ▁وه ▁ی ▁ئه ▁وه ▁ی ▁ئه ▁وه ▁ی ▁ئه ▁وه ▁ی ▁ئه ▁وه ▁ی ▁ئه ▁وه ▁ی .
[2026-03-17 21:16:56] Best translation 1 : ی ی ی ی ی ی ی ی ی ی ی ی ی ی ی ی ی ی ی ی ی ی ی ی ی ی ی ی ی ی ی ی ی ی ی ی ی ی ی ی ی ی ی ی ی ی ی ی ی ی ی ی ی ی ی ی ی ی ی ی ی ی ی ی ی ی ی ی ی ی ی ی ی ی ی ی ی ی ی ی ی ی ی ی ی ی ی ی ی ی ی ی ی ی ی ی ی ی ی ی ی ی ی ی ی ی ی ی ی ی ی ی ی ی ی ی ی ی ی ی ی ی ی ی ی ی ی ی ی ی ی ی ی ی ی ی ی ی ی ی ی ی ی ی ی ی ی ی ی ی ی ی ی ی ی ی ی ی ی ی ی ی ی ی ی ی ی ی ی ی ی ی ی ی ی ی ی ی ی ی ی ی ی ی ی ی ی ی ی ی ی ی ی ی ی ی ی ی ی ی ی ی ی ی ی ی ی ی ی ی ی ی ی ی ی ی ی ی ی ی ی ی ی ی ی ی ی ی ی ی ی ی ی ی ی ی ی ی ی ی ی ی ی ی ی ی
[2026-03-17 21:16:57] Best translation 2 : ه ▁ی ▁ئه ▁وه ▁ی ▁ئه ▁وه ▁ی ▁ئه ▁وه ▁ی ▁ئه ▁وه ▁ی ▁ئه ▁و ▁ئه ▁وه ▁ی ▁ئه ▁وه ▁ی ▁ئه ▁وه ▁ی ▁ئه ▁وه ▁ی ▁ئه ▁وه ▁ی ▁ئه ▁وه ▁ی ▁ئه ▁وه ▁ی ▁ئه ▁وه ▁ی ▁ئه ▁وه ▁ی ▁ئه ▁وه ▁ی ▁ئه ▁وه ▁ی ▁ئه ▁وه ▁ی ▁ئه ▁وه ▁ی ▁ئه ▁وه ▁ی ▁ئه ▁وه ▁ی ▁ئه ▁وه ▁ی ▁ئه ▁وه ▁.
[2026-03-17 21:16:57] Best translation 3 : ه ▁ی ▁ئه ▁وه ▁ی ▁ئه ▁وه ▁ی ▁ئه ▁وه ▁ی ▁ئه ▁وه ▁ی ▁ئه ▁وه ▁ی ▁ئه ▁وه ▁ی ▁ئه ▁وه ▁ی ▁ئه ▁وه ▁ی ▁ئه ▁وه ▁ی ▁ئه ▁وه ▁ی ▁ئه ▁وه ▁ی ▁ئه ▁وه ▁ی ▁ئه ▁وه ▁ی ▁ئه ▁وه ▁ی ▁ئه ▁وه ▁ی ▁ئه ▁وه ▁ی ▁ئه ▁وه ▁ی ▁ئه ▁وه ▁ی ▁ئه ▁وه ▁ی ▁ئه ▁وه ▁ی ▁ئه ▁وه ▁ی ▁ئه ▁وه ▁ی ▁ئه ▁وه ▁ی ▁ئه ▁وه ▁ی ▁ئه ▁وه ▁ی ▁ئه ▁وه ▁ی ▁ئه ▁وه ▁ی ▁ئه ▁وه ▁ی ▁ئه ▁وه ▁ی ▁ئه ▁وه ▁ی ▁ئه ▁وه ▁ی ▁ئه ▁وه ▁ی ▁ئه ▁وه ▁ی ▁ئه ▁وه ▁ی ▁ئه ▁وه ▁ی ▁ئه ▁وه ▁ی ▁ئه ▁وه ▁ی ▁ئه ▁وه ▁ی ▁ئه ▁وه ▁ی ▁ئه ▁وه ▁ی ▁ئه ▁وه ▁ی ▁ئه ▁وه ▁ی ▁ئه ▁وه ▁ی ▁ئه ▁وه ▁ی ▁ئه ▁وه ▁ی ▁ئه ▁وه ▁ی ▁ئه ▁وه ▁ی ▁ئه ▁وه ▁ی ▁ئه ▁وه ▁ی ▁ئه ▁وه ▁ی ▁ئه ▁وه ▁ی ▁ئه ▁وه ▁ی ▁ئه ▁وه ▁ی ▁ئه ▁وه ▁ی ▁ئه ▁وه ▁ی ▁ئه ▁وه ▁ی ▁ئه ▁وه ▁ی ▁ئه ▁وه ▁ی ▁ئه ▁وه ▁ی ▁ئه ▁وه ▁ی ▁ئه ▁وه ▁ی ▁ئه ▁وه ▁ی ▁ئه ▁وه ▁ی ▁ئه ▁وه ▁ی ▁ئه ▁وه ▁ی ▁ئه ▁وه ▁ی ▁ئه ▁وه ▁ی ▁ئه ▁وه ▁ی ▁ئه ▁وه ▁ی ▁ئه ▁وه ▁ی ▁ئه ▁وه ▁ی ▁ئه ▁وه ▁ی ▁ئه ▁وه ▁ی ▁ئه ▁وه ▁ی ▁ئه ▁وه ▁ی ▁ئه ▁وه ▁ی ▁ئه ▁وه ▁ی ▁ئه ▁وه ▁ی ▁ئه ▁وه ▁ی ▁ئه ▁وه ▁ی ▁ئه ▁وه ▁ی ▁ئه
[2026-03-17 21:16:57] Best translation 4 : ه ▁ی ▁ئه ▁وه ▁ی ▁ئه ▁وه ▁ی ▁ئه ▁وه ▁ی ▁ئه ▁وه ▁ی ▁ئه ▁و ▁ئه ▁وه ▁ی ▁ئه ▁وه ▁ی ▁ئه ▁وه ▁ی ▁ئه ▁وه ▁ی ▁ئه ▁وه ▁ی ▁ئه ▁وه ▁ی ▁ئه ▁وه ▁ی ▁ئه ▁وه ▁ی ▁ئه ▁وه ▁ی ▁ئه ▁وه ▁ی ▁ئه ▁وه ▁ی ▁ئه ▁وه ▁ی ▁ئه ▁وه ▁ی ▁ئه ▁وه ▁ی ▁ئه ▁وه ▁ی ▁ئه ▁و ▁ئه ▁و ▁ئه ▁وه ▁ی ▁ئه ▁وه ▁ی ▁ئه ▁وه ▁ی ▁ئه ▁وه ▁ی ▁ئه ▁وه ▁ی ▁ئه ▁وه ▁ی ▁ئه ▁وه ▁ی ▁ئه ▁و ▁ئه ▁و ▁ئه ▁و ▁ئه ▁وه ▁ی ▁ئه ▁وه ▁ی ▁ئه ▁وه ▁ی ▁ئه ▁وه ▁ی ▁ئه ▁و ▁ئه ▁و
[2026-03-17 21:16:57] Best translation 5 : ه ▁وه ▁ی ▁به ▁به ▁به ▁به ▁به ▁به ▁به ▁به ▁به ▁به ▁به ▁به ▁به ▁به ▁به ▁به ▁به ▁به ▁به ▁به ▁به ▁به ▁به ▁به ▁به ▁به ▁به ▁به ▁به ▁به ▁به ▁به ▁به ▁به ▁به ▁به ▁به ▁به ▁به ▁به ▁به ▁به ▁به ▁به ▁به ▁به ▁به ▁ی ▁ی ▁ی ▁ی ▁به ▁به ▁به ▁به ▁به ▁به ▁به ▁به ▁به ▁به ▁به ▁به ▁به ▁به ▁به ▁به ▁به ▁به ▁به ▁به ▁به ▁به ▁به ▁به ▁به ▁به ▁به ▁به ▁به ▁به ▁به ▁به ▁به ▁به ▁به ▁به ▁به ▁به ▁به ▁به ▁به ▁به ▁به ▁به ▁به ▁به ▁به ▁به ▁به ▁به ▁به ▁به ▁به ▁به ▁به ▁به ▁به ▁به ▁به ▁به ▁به ▁به ▁به ▁به ▁به ▁به ▁به ▁به ▁به ▁به ▁به ▁به ▁به ▁به ▁به ▁به ▁به ▁به ▁به ▁به ▁ی ▁ی ▁ی ▁ی ▁ی ▁ی ▁ی ▁ی ▁ی ▁ی ▁ی ▁ی ▁ی ▁ی ▁ی ▁ی ▁ی ▁ی ▁ی ▁ی ▁ی ▁ی ▁ی ▁ی ▁ی ▁ی ▁ی ▁ی ▁ئه ▁و ▁که ▁ی ▁ی ▁ی ▁ی ▁ی ▁ی ▁ی ▁ی ▁ی ▁ی ▁ی ▁ی ▁ی ▁ی ▁ی ▁ی ▁ئه ▁و ▁ئه ▁و ▁ئه ▁و ▁که ▁که ▁که ▁ی ▁ی ▁ی ▁ی ▁ی ▁ی ▁ی ▁ی ▁ی ▁ی ▁ی ▁ی ▁ی ▁به ▁به ▁به ▁به ▁به ▁به ▁به ▁به ▁به ▁به ▁به ▁به ▁به ▁به ▁به ▁به ▁به ▁به ▁به ▁به ▁به ▁به ▁به ▁به ▁به ▁به ▁به ▁به ▁به ▁به ▁به ▁به ▁به ▁به ▁به ▁به ▁به ▁به ▁به ▁به ▁به ▁به ▁به
[2026-03-17 21:16:58] Best translation 10 : ه ▁ی ▁ئه ▁وه ▁ی ▁ئه ▁وه ▁ی ▁ئه ▁وه ▁ی ▁ئه ▁وه ▁ی ▁ئه ▁وه ▁ی ▁ئه ▁و ▁ئه ▁وه ▁ی ▁ئه ▁وه ▁ی ▁ئه ▁وه ▁ی ▁ئه ▁وه ▁ی ▁ئه ▁وه ▁ی ▁ئه ▁وه ▁ی ▁ئه ▁وه ▁ی ▁ئه ▁وه ▁ی ▁ئه ▁وه ▁ی ▁ئه ▁وه ▁ی ▁ئه ▁وه ▁ی ▁ئه ▁وه ▁ی ▁ئه ▁وه ▁ی ▁ئه ▁وه ▁ی ▁ئه ▁و ▁ئه ▁وه ▁ی ▁ئه ▁وه ▁ی ▁ئه ▁وه ▁ی ▁ئه ▁وه ▁ی ▁ئه ▁وه ▁ی ▁ئه ▁وه ▁ی ▁ئه ▁وه ▁ی ▁ئه ▁وه ▁ی ▁ئه ▁و ▁ئه ▁وه ▁ی ▁ئه ▁وه ▁ی ▁ئه ▁وه ▁ی ▁ئه ▁وه ▁ی ▁ئه ▁وه ▁ی ▁ئه ▁وه ▁ی ▁ئه ▁وه ▁ی ▁ئه ▁وه ▁ی ▁ئه ▁وه ▁ی ▁ئه ▁و ▁ئه ▁و ▁ئه ▁وه ▁ی ▁ئه ▁وه ▁ی ▁ئه ▁وه ▁ی ▁ئه ▁و ▁ئه ▁و ▁ئه ▁وه ▁ی ▁ئه ▁وه ▁ی ▁ئه ▁وه ▁ی ▁ئه ▁وه ▁ی ▁ئه ▁وه ▁ی ▁ئه ▁وه ▁ی ▁ئه ▁وه ▁ی ▁ئه ▁وه ▁ی ▁ئه ▁وه ▁ی ▁ئه ▁وه ▁ی ▁ئه ▁وه ▁ی ▁ئه ▁وه ▁ی .
[2026-03-17 21:16:58] Best translation 20 : ه ▁وه ▁ی ▁به ▁به ▁به ▁به ▁به ▁به ▁به ▁به ▁به ▁به ▁به ▁به ▁به ▁به ▁به ▁به ▁به ▁به ▁به ▁به ▁به ▁به ▁به ▁به ▁به ▁به ▁به ▁به ▁به ▁به ▁به ▁به ▁به ▁به ▁به ▁به ▁به ▁به ▁به ▁به ▁به ▁به ▁به ▁به ▁به ▁به ▁به ▁به ▁به ▁به ▁به ▁به ▁به ▁به ▁به ▁به ▁به ▁به ▁به ▁به ▁به ▁به ▁به ▁به ▁به ▁به ▁به ▁به ▁به ▁به ▁به ▁به ▁به ▁به ▁به ▁به ▁به ▁به ▁به ▁به ▁به ▁به ▁به ▁به ▁به ▁به ▁به ▁به ▁به ▁به ▁به ▁به ▁به ▁به ▁به ▁به ▁به ▁به ▁به ▁به ▁به ▁به ▁به ▁به ▁به ▁به ▁به ▁به ▁به ▁به ▁به ▁به ▁به ▁به ▁به ▁به ▁به ▁به ▁به ▁به ▁به ▁به ▁به ▁به ▁به ▁به ▁به ▁به ▁به ▁به ▁به ▁و ▁و ▁و ▁و ▁و ▁و ▁و ▁و ▁و ▁و ▁و ▁و ▁و ▁و ▁و ▁و ▁و ▁و ▁و ▁به ▁به ▁به ▁به ▁به ▁به ▁به ▁به ▁به ▁به ▁به ▁به ▁به ▁به ▁به ▁به ▁به ▁به ▁به ▁به ▁به ▁به ▁به ▁به ▁به ▁به ▁به ▁به ▁به ▁به ▁به ▁به ▁به ▁به ▁به ▁به ▁به ▁به ▁به ▁به ▁به ▁به ▁به ▁به ▁به ▁به ▁به ▁به ▁به ▁به ▁به ▁به ▁به ▁به ▁به ▁به ▁به ▁به ▁به ▁به ▁به ▁به ▁به ▁به ▁به ▁به ▁به ▁به ▁به ▁به ▁به ▁به ▁به ▁به ▁به ▁به ▁به ▁به ▁به ▁به ▁به ▁به ▁به ▁و ▁و ▁و ▁و ▁و ▁و ▁و ▁و ▁و ▁و
[2026-03-17 21:16:58] Best translation 40 : ه ▁ی ▁ئه ▁وه ▁ی ▁ئه ▁وه ▁ی ه ▁ی ▁ئه ▁وه ▁ی ▁ئه ▁وه ▁ی ▁ئه ▁وه ▁ی ▁ئه ▁وه ▁ی ▁ئه ▁وه ▁ی ▁ئه ▁وه ▁ی ▁ئه ▁وه ▁ی ▁ئه ▁وه ▁ی ▁ئه ▁وه ▁ی ▁ئه ▁وه ▁ی ▁ئه ▁وه ▁ی ▁ئه ▁وه ▁ی ▁ئه ▁وه ▁ی ▁ئه ▁وه ▁ی ▁ئه ▁وه ▁ی ▁ئه ▁وه ▁ی ▁ئه ▁وه ▁ی ▁ئه ▁و ▁ئه ▁وه ▁ی ▁ئه ▁وه ▁ی ▁ئه ▁وه ▁ی ▁ئه ▁وه ▁ی ▁ئه ▁وه ▁ی ▁ئه ▁وه ▁ی ▁ئه ▁وه ▁ی ▁ئه ▁وه ▁ی ▁ئه ▁وه ▁ی ▁ئه ▁وه ▁ی ▁ئه ▁وه ▁ی ▁ئه ▁وه ▁ی ▁ئه ▁وه ▁ی ▁ئه ▁وه ▁ی ▁ئه ▁وه ▁ی ▁ئه ▁وه ▁ی ▁ئه ▁وه ▁ی ▁ئه ▁وه ▁ی ▁ئه ▁وه ▁ی ▁ئه ▁وه ▁ی ▁ئه ▁وه ▁ی ▁ئه ▁وه ▁ی ▁ئه ▁وه ▁ی ▁ئه ▁وه ▁ی ▁ئه ▁وه ▁ی ▁ئه ▁وه ▁ی ▁ئه ▁وه ▁ی ▁ئه ▁وه ▁ی ▁ئه ▁وه ▁ی ▁ئه ▁وه ▁ی ▁ئه ▁وه ▁ی ▁ئه ▁وه ▁ی ▁ئه ▁وه ▁ی ▁ئه ▁وه ▁ی ▁ئه ▁وه ▁ی ▁ئه ▁وه ▁ی ▁ئه ▁وه ▁ی ▁ئه ▁وه ▁ی ▁ئه ▁وه ▁ی ▁ئه ▁وه ▁ی ▁ئه ▁وه ▁ی ▁ئه ▁وه ▁ی ▁ئه ▁وه ▁ی ▁ئه ▁وه ▁ی
[2026-03-17 21:16:59] Best translation 80 : ه ▁ی ▁ئه ▁وه ▁ی ▁ئه ▁وه ▁ی ▁ئه ▁وه ▁ی ▁ئه ▁وه ▁ی ▁ئه ▁وه ▁ی ▁ئه ▁وه ▁ی ▁ئه ▁وه ▁ی ▁ئه ▁وه ▁ی ▁ئه ▁وه ▁ی ▁ئه ▁وه ▁ی ▁ئه ▁وه ▁ی ▁ئه ▁و ▁ئه ▁وه ▁ی ▁ئه ▁وه ▁ی ▁ئه ▁وه ▁ی ▁ئه ▁وه ▁ی ▁ئه ▁وه ▁ی ▁ئه ▁وه ▁ی ▁ئه ▁وه ▁ی ▁ئه ▁وه ▁ی ▁ئه ▁وه ▁ی ▁ئه ▁وه ▁ی ▁ئه ▁وه ▁ی ▁ئه ▁وه ▁ی ▁ئه ▁وه ▁ی ▁ئه ▁وه ▁ی ▁ئه ▁وه ▁ی ▁ئه ▁وه ▁ی ▁ئه ▁وه ▁ی ▁ئه ▁وه ▁ی ▁ئه ▁وه ▁ی ▁ئه ▁وه ▁ی ▁ئه ▁وه ▁ی ▁ئه ▁وه ▁ی ▁ئه ▁وه ▁ی ▁ئه ▁وه ▁ی ▁ئه ▁وه ▁ی ▁ئه ▁وه ▁ی ▁ئه ▁وه ▁ی ▁ئه ▁وه ▁ی ▁ئه ▁وه ▁ی ▁ئه ▁وه ▁ی ▁ئه ▁وه ▁ی ▁ئه ▁و ▁ئه ▁وه ▁ی ▁ئه ▁وه ▁ی ▁ئه ▁وه ▁ی ▁ئه ▁وه ▁ی ▁ئه ▁وه ▁ی ▁ئه ▁وه ▁ی ▁ئه ▁وه ▁ی ▁ئه ▁وه ▁ی ▁ئه ▁وه ▁ی ▁ئه ▁وه ▁ی ▁ئه ▁وه ▁ی ▁ئه ▁وه ▁ی ▁ئه ▁وه ▁ی ▁ئه ▁وه ▁ی ▁ئه ▁وه ▁ی ▁ئه ▁وه ▁ی ▁ئه ▁وه ▁ی ▁ئه ▁وه ▁ی ▁ئه ▁وه ▁ی ▁ئه ▁وه ▁ی
[2026-03-17 21:17:07] Best translation 160 : ه ▁ی ▁ئه ▁وه ▁ی ▁ئه ▁وه ▁ی ▁ئه ▁وه ▁ی ▁ئه ▁وه ▁ی ▁ئه ▁وه ▁ی ▁ئه ▁وه ▁ی ▁ئه ▁وه ▁ی ▁ئه ▁و ▁ئه ▁وه ▁ی ▁ئه ▁وه ▁ی ▁ئه ▁وه ▁ی ▁ئه ▁وه ▁ی ▁ئه ▁وه ▁ی ▁ئه ▁وه ▁ی ▁ئه ▁وه ▁ی ▁ئه ▁وه ▁ی ▁ئه ▁وه ▁ی ▁ئه ▁وه ▁ی ▁ئه ▁وه ▁ی .
[2026-03-17 21:17:16] Best translation 320 : ه ▁ی ▁ئه ▁وه ▁ی ▁ئه ▁وه ▁ی ▁ئه ▁وه ▁ی ▁ئه ▁وه ▁ی ▁ئه ▁وه ▁ی ▁ئه ▁وه ▁ی ▁ئه ▁وه ▁ی ▁ئه ▁وه ▁ی ▁ئه ▁وه ▁ی ▁ئه ▁وه ▁ی ▁ئه ▁وه ▁ی ▁ئه ▁وه ▁ی ▁ئه ▁وه ▁ی .
[2026-03-17 21:17:33] Best translation 640 : ه ▁ی ▁ئه ▁وه ▁ی ▁ئه ▁وه ▁ی ▁ئه ▁وه ▁ی ▁ئه ▁وه ▁ی ▁ئه ▁وه ▁ی ▁ئه ▁و ▁ئه ▁وه ▁ی ▁ئه ▁وه ▁ی ▁ئه ▁وه ▁ی ▁ئه ▁وه ▁ی ▁ئه ▁وه ▁ی ▁ئه ▁وه ▁ی ▁ئه ▁وه ▁ی ▁ئه ▁وه ▁ی ▁ئه ▁وه ▁ی ▁ئه ▁وه ▁ی ▁ئه ▁وه ▁ی ▁ئه ▁وه ▁ی ▁ئه ▁وه ▁ی ▁ئه ▁وه ▁ی ▁ئه ▁وه ▁ی ▁ئه ▁وه ▁ی ▁ئه ▁وه ▁ی ▁ئه ▁وه ▁ی ▁ئه ▁وه ▁ی ▁ئه ▁وه ▁ی .
[2026-03-17 21:18:06] Best translation 1280 : ه ▁ی ▁ئه ▁وه ▁ی ▁ئه ▁وه ▁ی ▁ئه ▁وه ▁ی ▁ئه ▁وه ▁ی ▁ئه ▁و ▁ئه ▁وه ▁ی ▁ئه ▁وه ▁ی ▁ئه ▁وه ▁ی ▁ئه ▁وه ▁ی ▁ئه ▁وه ▁ی ▁ئه ▁وه ▁ی ▁ئه ▁و ▁ئه ▁وه ▁ی ▁ئه ▁وه ▁ی ▁ئه ▁وه ▁ی ▁ئه ▁وه ▁ی ▁ئه ▁وه ▁ی ▁ئه ▁وه ▁ی ▁ئه ▁وه ▁ی ▁ئه ▁وه ▁ی ▁ئه ▁و ▁ئه ▁و ▁ئه ▁وه ▁ی ▁ئه ▁وه ▁ی ▁ئه ▁وه ▁ی ▁ئه ▁وه ▁ی ▁ئه ▁وه ▁ی ▁ئه ▁وه ▁ی ▁ئه ▁وه ▁ی ▁ئه ▁و ▁ئه ▁و ▁ئه ▁و ▁ئه ▁و ▁ئه ▁وه ▁ی ▁ئه ▁وه ▁ی ▁ئه ▁وه ▁ی ▁ئه ▁وه ▁ی ▁ئه ▁و ▁ئه ▁و ▁ئه ▁وه ▁ی ▁ئه ▁وه ▁ی ▁ئه ▁و ▁ئه ▁و ▁ئه ▁و ▁ئه ▁و ▁ئه ▁و ▁ئه ▁وه ▁ی ▁ئه ▁و ▁ئه ▁و ▁ئه ▁وه ▁ی ▁ئه ▁وه ▁ی ▁ئه ▁وه ▁ی ▁ئه ▁وه ▁ی ▁ئه ▁وه ▁ی ▁ئه ▁وه ▁ی ▁ئه ▁و ▁ئه ▁وه ▁ی ▁ئه ▁وه ▁ی ▁ئه ▁وه ▁ی ▁ئه ▁وه ▁ی ▁ئه ▁وه ▁ی ▁ئه ▁وه ▁ی ▁ئه ▁و ▁ئه ▁وه ▁ی ▁ئه ▁وه ▁ی ▁ئه ▁وه ▁ی ▁ئه ▁وه ▁ی ▁ئه ▁وه ▁ی ▁ئه ▁وه ▁ی ▁ئه ▁وه ▁ی ▁ئه ▁وه ▁ی ▁ئه ▁وه ▁ی ▁ئه ▁وه ▁ی ▁ئه ▁و ▁ئه ▁و ▁ئه ▁و ▁ئه ▁و ▁ئه ▁و ▁ئه ▁و ▁ئه ▁وه ▁ی ▁ئه ▁وه ▁ی ▁ئه ▁وه ▁ی ▁ئه ▁وه ▁ی ▁ئه ▁وه ▁ی ▁ئه ▁وه ▁ی ▁ئه ▁و ▁ئه ▁وه ▁ی ▁ئه ▁وه ▁ی ▁ئه ▁و ▁ئه ▁و ▁ئه ▁و ▁ئه ▁و ▁ئه ▁وه ▁ی ▁ئه ▁وه ▁ی ▁ئه ▁وه ▁ی ▁ئه ▁وه ▁ی ▁ئه ▁وه ▁ی ▁ئه ▁وه ▁ی ▁ئه ▁وه ▁ی ▁ئه ▁وه ▁ی ▁ئه ▁وه ▁ی ▁ئه ▁وه ▁ی ▁ئه ▁وه ▁ی ▁ئه ▁وه ▁ی ▁ئه ▁و ▁ئه ▁و ▁ئه ▁و ▁ئه ▁وه ▁ی ▁ئه ▁و ▁ئه ▁وه ▁ی ▁ئه ▁و
[2026-03-17 21:18:46] Total translation time: 112.68098s
[2026-03-17 21:18:46] Saving model weights and runtime parameters to /workspace/OPUS-MT-train/work/en-ckb/curated-floresdev.spm4k-spm4k.transformer.model1.npz.best-chrf.npz
[2026-03-17 21:18:47] [valid] Ep. 1 : Up. 1000 : chrf : 5.35988 : new best
[2026-03-17 21:18:49] Saving model weights and runtime parameters to /workspace/OPUS-MT-train/work/en-ckb/curated-floresdev.spm4k-spm4k.transformer.model1.npz.best-perplexity.npz
[2026-03-17 21:18:50] [valid] Ep. 1 : Up. 1000 : perplexity : 1018.99 : new best
[2026-03-17 21:19:46] Seen 310,206 samples
[2026-03-17 21:19:46] Starting data epoch 2 in logical epoch 2
[2026-03-17 21:21:41] Ep. 2 : Up. 2000 : Sen. 155,501 : Cost 6.06609964 * 13,414,329 @ 16,418 after 26,845,362 : Time 406.89s : 32968.29 words/s : gNorm 2.1082 : L.r. 3.7500e-05
[2026-03-17 21:21:41] Saving model weights and runtime parameters to /workspace/OPUS-MT-train/work/en-ckb/curated-floresdev.spm4k-spm4k.transformer.model1.npz
[2026-03-17 21:21:42] Saving Adam parameters
[2026-03-17 21:21:44] [training] Saving training checkpoint to /workspace/OPUS-MT-train/work/en-ckb/curated-floresdev.spm4k-spm4k.transformer.model1.npz and /workspace/OPUS-MT-train/work/en-ckb/curated-floresdev.spm4k-spm4k.transformer.model1.npz.optimizer.npz
[2026-03-17 21:21:48] Translating validation set...
[2026-03-17 21:21:50] Best translation 0 : ▁به ▁گوێر ه ▁ی ▁هه ▁واڵی ▁په ▁رل ه ▁ی ▁هه ▁واڵی ▁په ▁یامنێری ▁ڕاگه ▁یاند ، ▁له ▁گه ▁ڵ ▁ئه ▁وه ▁ی ▁ئه ▁و ▁.، ه ▁ی ▁ئه ▁وه ▁ی ▁ئه ▁وه ▁ی ▁ئه ▁وه ▁ی ▁ئه ▁وه ▁ی ▁ئه ▁وه ▁ی ▁ئه ▁وه ▁ی ▁ئه ▁وه ▁ی ▁ئه ▁وه ▁ی ▁ئه ▁وه ▁ی ▁ئه ▁وه ▁ی ▁ئه ▁وه ▁ی ▁ئه ▁وه ▁ی ▁ئه ▁وه ▁ی ▁ئه ▁وه ▁ی ▁ئه ▁وه ▁ی ▁ئه ▁وه ▁ی ▁ئه ▁وه ▁ی ▁ئه ▁وه ▁ی ▁ئه ▁وه ▁ی ▁ئه ▁وه ▁ی ▁ئه ▁وه ▁ی ▁ئه ▁وه ▁ی ▁ئه ▁وه ▁ی ▁ئه ▁وه ▁ی ▁ئه ▁وه ▁ی ▁ئه ▁وه ▁ی ▁ئه ▁وه ▁ی ▁ئه ▁وه ▁ی ▁ئه ▁وه ▁ی ▁ئه ▁وه ▁ی ▁ئه ▁وه ▁ی ▁ئه ▁وه ▁ی ▁ئه ▁و ▁ئه ▁وه ▁ی ▁ئه ▁وه ▁ی ▁ئه ▁وه ▁ی ▁ئه ▁وه ▁ی ▁ئه ▁وه ▁ی ▁ئه ▁وه ▁ی ▁ئه ▁وه ▁ی ▁ئه ▁وه ▁ی ▁ئه ▁وه ▁ی
[2026-03-17 21:21:50] Best translation 1 : ▁به ▁پێی ▁هه ▁واڵی ▁په ▁یامنێری ▁ڕاگه ▁یاند ، ▁له ▁گه ▁ڵ ▁ئه ▁و ▁.، ه ▁وه ▁ی ▁ئه ▁و ▁.، ه ▁وه ▁ی ▁که ▁له ▁گه ▁ڵ ▁ئه ▁و ▁.، ه ▁وه ▁ی ▁ئه ▁و ▁.، ه ▁وه ▁ی ▁ئه ▁و ▁.، ه ▁وه ▁ی ▁ئه ▁و ▁.، ه ▁وه ▁ی ▁ئه ▁و ▁.، ه ▁وه ▁ی ▁ئه ▁و ▁.، ه ▁وه ▁ی ▁ئه ▁و ▁.، ه ▁وه ▁ی ▁ئه ▁و ▁.، ه ▁وه ▁ی ▁ئه ▁و ▁.، ه ▁ی ▁ئه ▁و ▁.، ه ▁وه ▁ی ▁ئه ▁و ▁ئه ▁و ▁.، ه ▁وه ▁ی ▁ئه ▁و ▁.، ه ▁ی ▁ئه ▁و ▁.، ه ▁ی ▁ئه ▁مه ▁ریکا ▁له ▁سه ▁ر ِ ه ▁ی ▁ئه ▁و ▁ئه ▁و ▁.، ه ▁ی ▁ئه ▁و ▁.، ه ▁ی ▁ئه ▁وه ▁ی ▁ئه ▁و ▁.، ه ▁وه ▁ی ▁ئه ▁و ▁.، ه ▁ی ▁ئه ▁و ▁.، ه ▁ی ▁ئه ▁و ▁.، ه ▁وه ▁ی ▁ئه ▁مه ▁ریکا ▁له ▁سه ▁ر ِ ه ▁ی ▁ئه ▁وه ▁ی ▁ئه ▁و ▁ئه ▁و ▁.، ه ▁وه ▁ی ▁ئه ▁و ▁ئه ▁مه ▁ریکا ▁له ▁سه ▁ر ▁ئه ▁وه ▁ی ▁ئه ▁و ▁.، ه ▁ی ▁ئه ▁و ▁.، ه ▁ی ▁ئه ▁و ▁.، ه ▁وه ▁ی ▁ئه ▁و ▁.، ه ▁ی ▁ئه ▁و ▁.، ه ▁ی ▁ئه ▁و ▁ئه ▁و ▁ئه ▁و ▁ئه ▁و ▁.، ه ▁ی ▁ئه ▁و ▁.، ه ▁ی ▁ئه ▁و ▁.، ه ▁وه ▁ی ▁ئه ▁و ▁.، ه ▁وه ▁ی ▁ئه ▁و ▁.، ه ▁ی ▁ئه ▁و ▁.، ه ▁ی
[2026-03-17 21:21:51] Best translation 2 : ▁به ▁پێی ▁هه ▁واڵی ▁په ▁یامنێری ▁ڕاگه ▁یاند ، ▁ئه ▁و ▁.، ه ▁وه ▁ی ▁ئه ▁و ▁.، ه ▁وه ▁ی ▁ئه ▁و ▁.، ه ▁وه ▁ی ▁ئه ▁و ▁.، ه ▁ی ▁ئه ▁و ▁.، ه ▁وه ▁ی ▁ئه ▁و ▁.، ه ▁وه ▁.
[2026-03-17 21:21:51] Best translation 3 : ▁به ▁پێی ▁هه ▁واڵی ▁په ▁یامنێری ▁ڕاگه ▁یاند ، ▁هه ▁واڵی ▁په ▁رل ه ▁وه ▁ی ▁ئه ▁و ▁.، ه ▁وه ▁ی ▁ئه ▁وه ▁ی ▁ئه ▁و ▁.، ه ▁ی ▁ئه ▁و ▁.، ه ▁ی ▁ئه ▁و ▁.، ه ▁ی ▁ئه ▁وه ▁ی ▁ئه ▁وه ▁ی ▁ئه ▁وه ▁ی ▁ئه ▁وه ▁ی ▁ئه ▁وه ▁ی ▁ئه ▁وه ▁ی ▁ئه ▁وه ▁ی ▁ئه ▁وه ▁ی ▁ئه ▁وه ▁ی ▁ئه ▁وه ▁ی ▁ئه ▁وه ▁ی ▁ئه ▁وه ▁ی ▁ئه ▁وه ▁ی ▁ئه ▁وه ▁ی ▁ئه ▁وه ▁ی ▁ئه ▁وه ▁ی ▁ئه ▁وه ▁ی ▁ئه ▁وه ▁ی ▁ئه ▁وه ▁ی ▁ئه ▁وه ▁ی ▁ئه ▁وه ▁ی ▁ئه ▁وه ▁ی ▁ئه ▁وه ▁ی ▁ئه ▁وه ▁ی ▁ئه ▁وه ▁ی ▁ئه ▁و ▁ئه ▁وه ▁ی ▁ئه ▁و ▁.، ه ▁ی ▁ئه ▁وه ▁ی ▁ئه ▁وه ▁ی ▁ئه ▁وه ▁ی ▁ئه ▁وه ▁ی ▁ئه ▁وه ▁ی ▁ئه ▁وه ▁ی ▁ئه ▁وه ▁ی ▁ئه ▁وه ▁ی ▁ئه ▁وه ▁ی ▁ئه ▁وه ▁ی ▁ئه ▁وه ▁ی ▁ئه ▁وه ▁ی ▁ئه ▁وه ▁ی ▁ئه ▁وه ▁ی ▁ئه ▁وه ▁ی ▁ئه ▁و ▁ئه ▁و ▁ئه ▁وه ▁ی ▁ئه ▁وه ▁ی ▁ئه ▁وه ▁ی ▁ئه ▁وه ▁ی ▁ئه ▁وه ▁ی ▁ئه ▁وه ▁ی ▁ئه ▁وه ▁ی ▁ئه ▁وه ▁ی ▁ئه ▁وه ▁ی ▁ئه ▁وه ▁ی ▁ئه ▁و ▁ئه ▁و ▁ئه ▁و ▁ئه ▁و ▁ئه ▁و ▁ئه ▁وه ▁ی ▁ئه ▁وه ▁ی ▁ئه ▁وه ▁ی ▁ئه ▁وه ▁ی ▁ئه ▁وه ▁ی ▁ئه ▁وه ▁ی ▁ئه ▁وه ▁ی ▁ئه ▁وه ▁ی ▁ئه ▁وه ▁ی ▁ئه ▁وه ▁ی ▁ئه ▁و
[2026-03-17 21:21:51] Best translation 4 : ▁به ▁پێی ▁هه ▁واڵی ▁په ▁یامنێری ▁ڕاگه ▁یاند ، ▁ئه ▁و ▁.، ه ▁وه ▁ی ▁ئه ▁و ▁.، ه ▁وه ▁ی ▁ئه ▁و ▁.، ه ▁وه ▁ی ▁ئه ▁و ▁.، ه ▁وه ▁ی ▁ئه ▁و ▁.، ه ▁وه ▁ی ▁ئه ▁و ▁.، ه ▁وه ▁ی ▁ئه ▁و ▁.، ه ▁ی ▁ئه ▁و ▁ئه ▁و ▁.، ه ▁وه ▁ی ▁ئه ▁و ▁.، ه ▁ی ▁ئه ▁و ▁.، ه ▁ی ▁ئه ▁و ▁.، ه ▁ی ▁ئه ▁و ▁.، ه ▁ی ▁ئه ▁و ▁.، ه ▁ی ▁ئه ▁و ▁.، ه ▁ی ▁ئه ▁و ▁ئه ▁و ▁ئه ▁و ▁.، ه ▁وه ▁ی ▁ئه ▁و ▁.، ه ▁ی ▁ئه ▁و ▁.، ه ▁ی
[2026-03-17 21:21:51] Best translation 5 : ▁به ▁گوێر ه ▁ی ▁هه ▁واڵی ▁په ▁رل ه ▁ی ▁هه ▁واڵی ▁په ▁یامنێری ▁ڕاگه ▁یاند ، ▁هه ▁واڵی ▁په ▁رل ه ▁ی ▁ئه ▁وه ▁ی ▁ئه ▁و ▁.، ه ▁ی ▁ئه ▁و ▁.، ه ▁ی ▁ئه ▁مه ▁ریکا ▁له ▁سه ▁ر ▁ئه ▁مه ▁ریکا ▁ئه ▁مه ▁ریکا ، ▁ئه ▁مه ▁ریکا ▁له ▁گه ▁ڵ ▁ئه ▁مه ▁ریکا ▁له ▁گه ▁ڵ ▁ئه ▁و ▁.، ه ▁ی ▁ئه ▁و ▁ئه ▁مه ▁ریکا ▁ئه ▁مه ▁ریکا ▁له ▁سه ▁ر ▁ئه ▁مه ▁ریکا ▁له ▁گه ▁ڵ ▁ئه ▁مه ▁ریکا ▁له ▁گه ▁ڵ ▁ئه ▁مه ▁ریکا ▁له ▁گه ▁ڵ ▁ئه ▁مه ▁ریکا ▁له ▁گه ▁ڵ ▁ئه ▁مه ▁ریکا ▁له ▁گه ▁ڵ ▁ئه ▁مه ▁ریکا .
[2026-03-17 21:21:52] Best translation 10 : ▁به ▁پێی ▁هه ▁واڵی ▁په ▁یامنێری ▁ڕاگه ▁یاند ، ▁هه ▁واڵی ▁په ▁رل ه ▁وه ▁ی ▁ئه ▁و ▁.، ه ▁وه ▁ی ▁ئه ▁و ▁.، ه ▁ی ▁ئه ▁و ▁.، ه ▁ی ▁ئه ▁و ▁.، ه ▁ی ▁ئه ▁و ▁.، ه ▁ی ▁ئه ▁و ▁.، ه ▁ی ▁ئه ▁و ▁.، ه ▁ی ▁ئه ▁و ▁.، ه ▁ی ▁ئه ▁و ▁.، ه ▁ی ▁ئه ▁و ▁.، ه ▁ی ▁ئه ▁و ▁.، ه ▁ی ▁ئه ▁و ▁.، ه ▁ی ▁ئه ▁و ▁.، ه ▁ی ▁ئه ▁و ▁.، ه ▁ی ▁ئه ▁و ▁.، ه ▁ی ▁ئه ▁و ▁.، ه ▁ی ▁ئه ▁و ▁.، ه ▁ی ▁ئه ▁و ▁.، ه ▁ی ▁ئه ▁و ▁.، ه ▁ی ▁ئه ▁و ▁.، ه ▁ی ▁ئه ▁و ▁.، ه ▁ی ▁ئه ▁و ▁.، ه ▁ی ▁ئه ▁و ▁.، ه ▁ی ▁ئه ▁و ▁.، ه ▁ی ▁ئه ▁و ▁.، ه ▁ی ▁ئه ▁و ▁.، ه ▁ی ▁ئه ▁و ▁.، ه ▁ی ▁ئه ▁و ▁.، ه ▁ی ▁ئه ▁و ▁.، ه ▁ی ▁ئه ▁و ▁.، ه ▁ی ▁ئه ▁و ▁.، ه ▁ی ▁ئه ▁و
[2026-03-17 21:21:52] Best translation 20 : ▁به ▁پێی ▁هه ▁واڵی ▁په ▁یامنێری ▁ڕاگه ▁یاند ، ▁له ▁گه ▁ڵ ▁ئه ▁و ▁.، ه ▁وه ▁ی ▁ئه ▁و ▁.، ه ▁ی ▁ئه ▁و ▁.، ه ▁ی ▁ئه ▁و ▁.، ه ▁ی ▁ئه ▁و ▁.، ه ▁ی ▁ئه ▁و ▁.، ه ▁ی ▁ئه ▁و ▁.، ه ▁ی ▁ئه ▁و ▁.، ه ▁ی ▁ئه ▁و ▁.، ه ▁ی ▁ئه ▁و ▁.، ه ▁ی ▁ئه ▁و ▁.، ه ▁ی ▁ئه ▁و ▁.، ه ▁ی ▁ئه ▁و ▁.، ه ▁ی ▁ئه ▁و ▁.، ه ▁ی ▁ئه ▁و ▁.، ه ▁ی ▁ئه ▁و ▁.، ه ▁ی ▁ئه ▁و ▁.، ه ▁ی ▁ئه ▁و ▁.، ه ▁ی ▁ئه ▁و ▁.، ه ▁ی ▁ئه ▁و ▁.، ه ▁ی ▁ئه ▁و ▁.، ه ▁ی ▁ئه ▁و ▁.، ه ▁ی ▁ئه ▁و ▁.، ه ▁ی ▁ئه ▁و ▁ئه ▁و ▁.، ه ▁ی ▁ئه ▁و ▁.، ه ▁ی ▁ئه ▁و ▁.، ه ▁ی ▁ئه ▁و ▁.، ه ▁ی ▁ئه ▁و ▁.، ه ▁ی ▁ئه ▁و ▁.، ه ▁ی ▁ئه ▁و ▁.، ه ▁ی ▁ئه ▁و ▁.، ه ▁ی ▁ئه ▁و ▁ئه ▁و ▁ئه ▁و ▁.، ه ▁ی ▁ئه ▁و ▁.، ه ▁ی ▁ئه ▁و ▁.، ه ▁ی ▁ئه ▁و ▁.، ه ▁ی ▁ئه ▁و ▁.، ه ▁ی ▁ئه ▁و ▁.، ه ▁ی ▁ئه ▁و ▁ئه ▁و ▁ئه ▁و ▁ئه ▁و ▁ئه ▁و ▁ئه ▁و ▁.، ه ▁ی ▁ئه ▁و ▁.، ه ▁ی ▁ئه ▁و ▁.، ه ▁ی ▁ئه ▁و ▁.، ه ▁ی ▁ئه ▁و ▁.، ه ▁ی ▁ئه ▁و ▁.، ه ▁ی ▁ئه ▁و
[2026-03-17 21:21:52] Best translation 40 : ▁به ▁پێی ▁هه ▁واڵی ▁په ▁یامنێری ▁ڕاگه ▁یاند ، ▁هه ▁واڵی ▁په ▁یامنێری ▁ڕاگه ▁یاند ، ▁هه ▁واڵی ▁په ▁یامنێری ▁ڕاگه ▁یاند ، ▁ئه ▁مه ▁ریکا ▁له ▁گه ▁ڵ ▁ئه ▁مه ▁ریکا ▁له ▁سه ▁ر ▁ئه ▁مه ▁ریکا ▁له ▁گه ▁ڵ ▁ئه ▁مه ▁ریکا ▁له ▁گه ▁ڵ ▁ئه ▁مه ▁ریکا ▁له ▁گه ▁ڵ ▁ئه ▁مه ▁ریکا ▁له ▁گه ▁ڵ ▁ئه ▁مه ▁ریکا ▁له ▁گه ▁ڵ ▁ئه ▁مه ▁ریکا ▁له ▁سه ▁ر ِ ه ▁وه ▁ی ▁ئه ▁مه ▁ریکا ▁له ▁گه ▁ڵ ▁ئه ▁مه ▁ریکا ▁له ▁گه ▁ڵ ▁ئه ▁مه ▁ریکا ▁له ▁گه ▁ڵ ▁ئه ▁مه ▁ریکا ▁له ▁گه ▁ڵ ▁ئه ▁مه ▁ریکا ▁له ▁گه ▁ڵ ▁ئه ▁مه ▁ریکا .
[2026-03-17 21:21:53] Best translation 80 : ▁به ▁پێی ▁هه ▁واڵی ▁په ▁یامنێری ▁ڕاگه ▁یاند ، ▁هه ▁واڵی ▁په ▁یوه ▁ندییه ▁کانی ▁ئه ▁و ▁.، ه ▁وه ▁ی ▁ئه ▁و ▁.، ه ▁وه ▁ی ▁ئه ▁و ▁.، ه ▁وه ▁ی ▁ئه ▁و ▁.، ه ▁وه ▁ی ▁ئه ▁و ▁.، ه ▁وه ▁ی ▁ئه ▁و ▁.، ه ▁وه ▁ی ▁ئه ▁و ▁.، ه ▁وه ▁ی ▁ئه ▁و ▁.، ه ▁وه ▁ی ▁ئه ▁و ▁.، ه ▁وه ▁ی ▁ئه ▁و ▁.، ه ▁وه ▁ی ▁ئه ▁و ▁.، ه ▁وه ▁ی ▁ئه ▁و ▁.، ه ▁وه ▁ی ▁ئه ▁و ▁.، ه ▁وه ▁ی ▁ئه ▁و ▁.، ه ▁وه ▁ی ▁ئه ▁و ▁.، ه ▁وه ▁ی ▁ئه ▁وه ▁ی ▁ئه ▁و ▁.، ه ▁وه ▁ی ▁ئه ▁و ▁ئه ▁و ▁.، ه ▁ی ▁ئه ▁و ▁.، ه ▁ی ▁ئه ▁وه ▁ی ▁ئه ▁وه ▁ی ▁ئه ▁وه ▁ی ▁ئه ▁وه ▁ی ▁ئه ▁و ▁.، ه ▁وه ▁ی ▁ئه ▁وه ▁ی ▁ئه ▁وه ▁ی ▁ئه ▁وه ▁ی ▁ئه ▁وه ▁ی ▁ئه ▁وه ▁ی ▁ئه ▁وه ▁ی ▁ئه ▁وه ▁ی ▁ئه ▁وه ▁ی ▁ئه ▁و ▁ئه ▁و ▁ئه ▁و ▁ئه ▁و ▁ئه ▁و ▁ئه ▁وه ▁ی ▁ئه ▁و ▁.، ه ▁ی ▁ئه ▁و ▁ئه ▁و ▁.، ه
[2026-03-17 21:22:01] Best translation 160 : ▁به ▁پێی ▁هه ▁واڵی ▁په ▁یامنێری ▁ڕاگه ▁یاند ، ▁ئه ▁و ▁.، ه ▁وه ▁ی ▁ئه ▁و ▁.، ه ▁وه ▁ی ▁ئه ▁و ▁.، ه ▁ی ▁ئه ▁و ▁.، ه ▁ی ▁ئه ▁و ▁.، ه ▁ی ▁ئه ▁و ▁.، ه ▁ی ▁ئه ▁و ▁.، ه ▁ی ▁ئه ▁و ▁.، ه ▁ی ▁ئه ▁و ▁.، ه ▁ی ▁ئه ▁و ▁.، ه ▁ی ▁ئه ▁و ▁.، ه ▁ی ▁ئه ▁و ▁.، ه ▁وه ▁.
[2026-03-17 21:22:10] Best translation 320 : ▁به ▁پێی ▁هه ▁واڵی ▁په ▁یامنێری ▁ڕاگه ▁یاند ، ▁ئه ▁و ▁.، ه ▁وه ▁ی ▁ئه ▁و ▁.، ه ▁وه ▁.
[2026-03-17 21:22:26] Best translation 640 : ▁به ▁گوێر ه ▁ی ▁هه ▁واڵی ▁په ▁یامنێری ▁ڕاگه ▁یاند ، ▁ئه ▁و ▁.، ه ▁ی ▁ئه ▁و ▁.، ه ▁ی ▁ئه ▁و ▁.، ه ▁ی ▁ئه ▁و ▁.، ه ▁ی ▁ئه ▁و ▁.، ه ▁ی ▁ئه ▁و ▁.، ه ▁ی ▁ئه ▁و ▁.، ه ▁ی ▁ئه ▁و ▁.، ه ▁ی ▁ئه ▁و ▁.، ه ▁ی ▁ئه ▁و ▁.، ه ▁ی ▁ئه ▁و ▁.، ه ▁ی ▁ئه ▁و ▁.، ه ▁ی ▁ئه ▁و ▁.، ه ▁ی ▁ئه ▁و ▁.، ه ▁ی ▁ئه ▁و ▁.، ه ▁ی ▁ئه ▁و ▁ئه ▁و ▁ئه ▁و ▁.، ه ▁ی ▁ئه ▁و ▁.، ه ▁ی ▁ئه ▁و ▁.، ه ▁ی ▁ئه ▁و ▁ئه ▁و ▁ئه ▁و
[2026-03-17 21:23:00] Best translation 1280 : ▁به ▁پێی ▁هه ▁واڵی ▁په ▁یامنێری ▁ڕاگه ▁یاند ، ▁هه ▁واڵی ▁په ▁رل ه ▁وه ▁ی ▁ئه ▁و ▁.، ه ▁وه ▁ی ▁ئه ▁و ▁.، ه ▁وه ▁ی ▁ئه ▁و ▁.، ه ▁ی ▁ئه ▁و ▁.، ه ▁ی ▁ئه ▁و ▁.، ه ▁ی ▁ئه ▁و ▁.، ه ▁ی ▁ئه ▁و ▁.، ه ▁ی ▁ئه ▁و ▁.، ه ▁ی ▁ئه ▁و ▁.، ه ▁ی ▁ئه ▁و ▁.، ه ▁ی ▁ئه ▁و ▁.، ه ▁ی ▁ئه ▁و ▁.، ه ▁ی ▁ئه ▁و ▁.، ه ▁ی ▁ئه ▁و ▁.، ه ▁ی ▁ئه ▁و ▁ئه ▁و ▁.، ه ▁ی ▁ئه ▁و ▁.، ه ▁ی ▁ئه ▁و ▁.، ه ▁ی ▁ئه ▁و ▁.، ه ▁ی ▁ئه ▁و ▁.، ه ▁ی ▁ئه ▁و ▁ئه ▁و ▁.، ه ▁ی ▁ئه ▁و ▁ئه ▁و ▁ئه ▁و ▁ئه ▁و ▁ئه ▁و ▁ئه ▁و ▁ئه ▁و ▁ئه ▁و ▁ئه ▁و ▁.، ه ▁ی ▁ئه ▁و ▁ئه ▁و ▁ئه ▁و ▁ئه ▁و ▁ئه ▁و ▁ئه ▁و ▁ئه ▁و ▁.، ه ▁ی ▁ئه ▁و ▁ئه ▁و ▁ئه ▁و ▁ئه ▁و ▁ئه ▁و ▁ئه ▁و ▁ئه ▁و ▁ئه ▁و ▁ئه ▁و ▁ئه ▁و ▁ئه ▁و ▁ئه ▁و ▁.، ه ▁ی ▁ئه ▁و ▁.، ه ▁ی ▁ئه ▁و ▁.، ه ▁ی ▁ئه ▁و ▁ئه ▁و ▁ئه ▁و ▁ئه ▁و ▁ئه ▁و ▁ئه ▁و ▁ئه ▁و ▁ئه ▁و ▁ئه ▁و ▁ئه ▁و ▁ئه ▁و ▁.، ه ▁ی ▁ئه ▁و ▁.، ه ▁ی ▁ئه ▁و ▁ئه ▁و ▁.، ه ▁ی ▁ئه ▁و ▁ئه ▁و ▁ئه ▁و ▁.، ه ▁ی ▁ئه ▁و ▁ئه ▁و ▁ئه ▁و ▁.، ه ▁ی ▁ئه ▁و ▁.، ه ▁ی ▁ئه ▁و ▁.، ه ▁ی ▁ئه ▁و ▁.، ه ▁ی ▁ئه ▁و ▁ئه ▁و ▁.، ه ▁ی ▁ئه ▁و ▁ئه ▁و ▁ئه ▁و ▁ئه ▁و ▁ئه ▁و ▁ئه ▁و ▁ئه ▁و ▁ئه ▁و ▁ئه ▁و ▁ئه ▁و ▁ئه ▁و ▁ئه ▁و ▁ئه ▁و
[2026-03-17 21:23:40] Total translation time: 112.69161s
[2026-03-17 21:23:40] Saving model weights and runtime parameters to /workspace/OPUS-MT-train/work/en-ckb/curated-floresdev.spm4k-spm4k.transformer.model1.npz.best-bleu.npz
[2026-03-17 21:23:42] [valid] Ep. 2 : Up. 2000 : bleu : 0.0456747 : new best
[2026-03-17 21:23:42] Translating validation set...
[2026-03-17 21:23:44] Best translation 0 : ▁به ▁گوێر ه ▁ی ▁هه ▁واڵی ▁په ▁رل ه ▁ی ▁هه ▁واڵی ▁په ▁یامنێری ▁ڕاگه ▁یاند ، ▁له ▁گه ▁ڵ ▁ئه ▁وه ▁ی ▁ئه ▁و ▁.، ه ▁ی ▁ئه ▁وه ▁ی ▁ئه ▁وه ▁ی ▁ئه ▁وه ▁ی ▁ئه ▁وه ▁ی ▁ئه ▁وه ▁ی ▁ئه ▁وه ▁ی ▁ئه ▁وه ▁ی ▁ئه ▁وه ▁ی ▁ئه ▁وه ▁ی ▁ئه ▁وه ▁ی ▁ئه ▁وه ▁ی ▁ئه ▁وه ▁ی ▁ئه ▁وه ▁ی ▁ئه ▁وه ▁ی ▁ئه ▁وه ▁ی ▁ئه ▁وه ▁ی ▁ئه ▁وه ▁ی ▁ئه ▁وه ▁ی ▁ئه ▁وه ▁ی ▁ئه ▁وه ▁ی ▁ئه ▁وه ▁ی ▁ئه ▁وه ▁ی ▁ئه ▁وه ▁ی ▁ئه ▁وه ▁ی ▁ئه ▁وه ▁ی ▁ئه ▁وه ▁ی ▁ئه ▁وه ▁ی ▁ئه ▁وه ▁ی ▁ئه ▁وه ▁ی ▁ئه ▁وه ▁ی ▁ئه ▁وه ▁ی ▁ئه ▁وه ▁ی ▁ئه ▁و ▁ئه ▁وه ▁ی ▁ئه ▁وه ▁ی ▁ئه ▁وه ▁ی ▁ئه ▁وه ▁ی ▁ئه ▁وه ▁ی ▁ئه ▁وه ▁ی ▁ئه ▁وه ▁ی ▁ئه ▁وه ▁ی ▁ئه ▁وه ▁ی
[2026-03-17 21:23:44] Best translation 1 : ▁به ▁پێی ▁هه ▁واڵی ▁په ▁یامنێری ▁ڕاگه ▁یاند ، ▁له ▁گه ▁ڵ ▁ئه ▁و ▁.، ه ▁وه ▁ی ▁ئه ▁و ▁.، ه ▁وه ▁ی ▁که ▁له ▁گه ▁ڵ ▁ئه ▁و ▁.، ه ▁وه ▁ی ▁ئه ▁و ▁.، ه ▁وه ▁ی ▁ئه ▁و ▁.، ه ▁وه ▁ی ▁ئه ▁و ▁.، ه ▁وه ▁ی ▁ئه ▁و ▁.، ه ▁وه ▁ی ▁ئه ▁و ▁.، ه ▁وه ▁ی ▁ئه ▁و ▁.، ه ▁وه ▁ی ▁ئه ▁و ▁.، ه ▁وه ▁ی ▁ئه ▁و ▁.، ه ▁ی ▁ئه ▁و ▁.، ه ▁وه ▁ی ▁ئه ▁و ▁ئه ▁و ▁.، ه ▁وه ▁ی ▁ئه ▁و ▁.، ه ▁ی ▁ئه ▁و ▁.، ه ▁ی ▁ئه ▁مه ▁ریکا ▁له ▁سه ▁ر ِ ه ▁ی ▁ئه ▁و ▁ئه ▁و ▁.، ه ▁ی ▁ئه ▁و ▁.، ه ▁ی ▁ئه ▁وه ▁ی ▁ئه ▁و ▁.، ه ▁وه ▁ی ▁ئه ▁و ▁.، ه ▁ی ▁ئه ▁و ▁.، ه ▁ی ▁ئه ▁و ▁.، ه ▁وه ▁ی ▁ئه ▁مه ▁ریکا ▁له ▁سه ▁ر ِ ه ▁ی ▁ئه ▁وه ▁ی ▁ئه ▁و ▁ئه ▁و ▁.، ه ▁وه ▁ی ▁ئه ▁و ▁ئه ▁مه ▁ریکا ▁له ▁سه ▁ر ▁ئه ▁وه ▁ی ▁ئه ▁و ▁.، ه ▁ی ▁ئه ▁و ▁.، ه ▁ی ▁ئه ▁و ▁.، ه ▁وه ▁ی ▁ئه ▁و ▁.، ه ▁ی ▁ئه ▁و ▁.، ه ▁ی ▁ئه ▁و ▁ئه ▁و ▁ئه ▁و ▁ئه ▁و ▁.، ه ▁ی ▁ئه ▁و ▁.، ه ▁ی ▁ئه ▁و ▁.، ه ▁وه ▁ی ▁ئه ▁و ▁.، ه ▁وه ▁ی ▁ئه ▁و ▁.، ه ▁ی ▁ئه ▁و ▁.، ه ▁ی
[2026-03-17 21:23:45] Best translation 2 : ▁به ▁پێی ▁هه ▁واڵی ▁په ▁یامنێری ▁ڕاگه ▁یاند ، ▁ئه ▁و ▁.، ه ▁وه ▁ی ▁ئه ▁و ▁.، ه ▁وه ▁ی ▁ئه ▁و ▁.، ه ▁وه ▁ی ▁ئه ▁و ▁.، ه ▁ی ▁ئه ▁و ▁.، ه ▁وه ▁ی ▁ئه ▁و ▁.، ه ▁وه ▁.
[2026-03-17 21:23:45] Best translation 3 : ▁به ▁پێی ▁هه ▁واڵی ▁په ▁یامنێری ▁ڕاگه ▁یاند ، ▁هه ▁واڵی ▁په ▁رل ه ▁وه ▁ی ▁ئه ▁و ▁.، ه ▁وه ▁ی ▁ئه ▁وه ▁ی ▁ئه ▁و ▁.، ه ▁ی ▁ئه ▁و ▁.، ه ▁ی ▁ئه ▁و ▁.، ه ▁ی ▁ئه ▁وه ▁ی ▁ئه ▁وه ▁ی ▁ئه ▁وه ▁ی ▁ئه ▁وه ▁ی ▁ئه ▁وه ▁ی ▁ئه ▁وه ▁ی ▁ئه ▁وه ▁ی ▁ئه ▁وه ▁ی ▁ئه ▁وه ▁ی ▁ئه ▁وه ▁ی ▁ئه ▁وه ▁ی ▁ئه ▁وه ▁ی ▁ئه ▁وه ▁ی ▁ئه ▁وه ▁ی ▁ئه ▁وه ▁ی ▁ئه ▁وه ▁ی ▁ئه ▁وه ▁ی ▁ئه ▁وه ▁ی ▁ئه ▁وه ▁ی ▁ئه ▁وه ▁ی ▁ئه ▁وه ▁ی ▁ئه ▁وه ▁ی ▁ئه ▁وه ▁ی ▁ئه ▁وه ▁ی ▁ئه ▁وه ▁ی ▁ئه ▁و ▁ئه ▁وه ▁ی ▁ئه ▁و ▁.، ه ▁ی ▁ئه ▁وه ▁ی ▁ئه ▁وه ▁ی ▁ئه ▁وه ▁ی ▁ئه ▁وه ▁ی ▁ئه ▁وه ▁ی ▁ئه ▁وه ▁ی ▁ئه ▁وه ▁ی ▁ئه ▁وه ▁ی ▁ئه ▁وه ▁ی ▁ئه ▁وه ▁ی ▁ئه ▁وه ▁ی ▁ئه ▁وه ▁ی ▁ئه ▁وه ▁ی ▁ئه ▁وه ▁ی ▁ئه ▁وه ▁ی ▁ئه ▁و ▁ئه ▁و ▁ئه ▁وه ▁ی ▁ئه ▁وه ▁ی ▁ئه ▁وه ▁ی ▁ئه ▁وه ▁ی ▁ئه ▁وه ▁ی ▁ئه ▁وه ▁ی ▁ئه ▁وه ▁ی ▁ئه ▁وه ▁ی ▁ئه ▁وه ▁ی ▁ئه ▁وه ▁ی ▁ئه ▁و ▁ئه ▁و ▁ئه ▁و ▁ئه ▁و ▁ئه ▁و ▁ئه ▁وه ▁ی ▁ئه ▁وه ▁ی ▁ئه ▁وه ▁ی ▁ئه ▁وه ▁ی ▁ئه ▁وه ▁ی ▁ئه ▁وه ▁ی ▁ئه ▁وه ▁ی ▁ئه ▁وه ▁ی ▁ئه ▁وه ▁ی ▁ئه ▁وه ▁ی ▁ئه ▁و
[2026-03-17 21:23:45] Best translation 4 : ▁به ▁پێی ▁هه ▁واڵی ▁په ▁یامنێری ▁ڕاگه ▁یاند ، ▁ئه ▁و ▁.، ه ▁وه ▁ی ▁ئه ▁و ▁.، ه ▁وه ▁ی ▁ئه ▁و ▁.، ه ▁وه ▁ی ▁ئه ▁و ▁.، ه ▁وه ▁ی ▁ئه ▁و ▁.، ه ▁وه ▁ی ▁ئه ▁و ▁.، ه ▁وه ▁ی ▁ئه ▁و ▁.، ه ▁ی ▁ئه ▁و ▁ئه ▁و ▁.، ه ▁وه ▁ی ▁ئه ▁و ▁.، ه ▁ی ▁ئه ▁و ▁.، ه ▁ی ▁ئه ▁و ▁.، ه ▁ی ▁ئه ▁و ▁.، ه ▁ی ▁ئه ▁و ▁.، ه ▁ی ▁ئه ▁و ▁.، ه ▁ی ▁ئه ▁و ▁ئه ▁و ▁ئه ▁و ▁.، ه ▁وه ▁ی ▁ئه ▁و ▁.، ه ▁ی ▁ئه ▁و ▁.، ه ▁ی
[2026-03-17 21:23:45] Best translation 5 : ▁به ▁گوێر ه ▁ی ▁هه ▁واڵی ▁په ▁رل ه ▁ی ▁هه ▁واڵی ▁په ▁یامنێری ▁ڕاگه ▁یاند ، ▁هه ▁واڵی ▁په ▁رل ه ▁ی ▁ئه ▁وه ▁ی ▁ئه ▁و ▁.، ه ▁ی ▁ئه ▁و ▁.، ه ▁ی ▁ئه ▁مه ▁ریکا ▁له ▁سه ▁ر ▁ئه ▁مه ▁ریکا ▁ئه ▁مه ▁ریکا ، ▁ئه ▁مه ▁ریکا ▁له ▁گه ▁ڵ ▁ئه ▁مه ▁ریکا ▁له ▁گه ▁ڵ ▁ئه ▁و ▁.، ه ▁ی ▁ئه ▁و ▁ئه ▁مه ▁ریکا ▁ئه ▁مه ▁ریکا ▁له ▁سه ▁ر ▁ئه ▁مه ▁ریکا ▁له ▁گه ▁ڵ ▁ئه ▁مه ▁ریکا ▁له ▁گه ▁ڵ ▁ئه ▁مه ▁ریکا ▁له ▁گه ▁ڵ ▁ئه ▁مه ▁ریکا ▁له ▁گه ▁ڵ ▁ئه ▁مه ▁ریکا ▁له ▁گه ▁ڵ ▁ئه ▁مه ▁ریکا .
[2026-03-17 21:23:46] Best translation 10 : ▁به ▁پێی ▁هه ▁واڵی ▁په ▁یامنێری ▁ڕاگه ▁یاند ، ▁هه ▁واڵی ▁په ▁رل ه ▁وه ▁ی ▁ئه ▁و ▁.، ه ▁وه ▁ی ▁ئه ▁و ▁.، ه ▁ی ▁ئه ▁و ▁.، ه ▁ی ▁ئه ▁و ▁.، ه ▁ی ▁ئه ▁و ▁.، ه ▁ی ▁ئه ▁و ▁.، ه ▁ی ▁ئه ▁و ▁.، ه ▁ی ▁ئه ▁و ▁.، ه ▁ی ▁ئه ▁و ▁.، ه ▁ی ▁ئه ▁و ▁.، ه ▁ی ▁ئه ▁و ▁.، ه ▁ی ▁ئه ▁و ▁.، ه ▁ی ▁ئه ▁و ▁.، ه ▁ی ▁ئه ▁و ▁.، ه ▁ی ▁ئه ▁و ▁.، ه ▁ی ▁ئه ▁و ▁.، ه ▁ی ▁ئه ▁و ▁.، ه ▁ی ▁ئه ▁و ▁.، ه ▁ی ▁ئه ▁و ▁.، ه ▁ی ▁ئه ▁و ▁.، ه ▁ی ▁ئه ▁و ▁.، ه ▁ی ▁ئه ▁و ▁.، ه ▁ی ▁ئه ▁و ▁.، ه ▁ی ▁ئه ▁و ▁.، ه ▁ی ▁ئه ▁و ▁.، ه ▁ی ▁ئه ▁و ▁.، ه ▁ی ▁ئه ▁و ▁.، ه ▁ی ▁ئه ▁و ▁.، ه ▁ی ▁ئه ▁و ▁.، ه ▁ی ▁ئه ▁و ▁.، ه ▁ی ▁ئه ▁و ▁.، ه ▁ی ▁ئه ▁و
[2026-03-17 21:23:46] Best translation 20 : ▁به ▁پێی ▁هه ▁واڵی ▁په ▁یامنێری ▁ڕاگه ▁یاند ، ▁له ▁گه ▁ڵ ▁ئه ▁و ▁.، ه ▁وه ▁ی ▁ئه ▁و ▁.، ه ▁ی ▁ئه ▁و ▁.، ه ▁ی ▁ئه ▁و ▁.، ه ▁ی ▁ئه ▁و ▁.، ه ▁ی ▁ئه ▁و ▁.، ه ▁ی ▁ئه ▁و ▁.، ه ▁ی ▁ئه ▁و ▁.، ه ▁ی ▁ئه ▁و ▁.، ه ▁ی ▁ئه ▁و ▁.، ه ▁ی ▁ئه ▁و ▁.، ه ▁ی ▁ئه ▁و ▁.، ه ▁ی ▁ئه ▁و ▁.، ه ▁ی ▁ئه ▁و ▁.، ه ▁ی ▁ئه ▁و ▁.، ه ▁ی ▁ئه ▁و ▁.، ه ▁ی ▁ئه ▁و ▁.، ه ▁ی ▁ئه ▁و ▁.، ه ▁ی ▁ئه ▁و ▁.، ه ▁ی ▁ئه ▁و ▁.، ه ▁ی ▁ئه ▁و ▁.، ه ▁ی ▁ئه ▁و ▁.، ه ▁ی ▁ئه ▁و ▁.، ه ▁ی ▁ئه ▁و ▁ئه ▁و ▁.، ه ▁ی ▁ئه ▁و ▁.، ه ▁ی ▁ئه ▁و ▁.، ه ▁ی ▁ئه ▁و ▁.، ه ▁ی ▁ئه ▁و ▁.، ه ▁ی ▁ئه ▁و ▁.، ه ▁ی ▁ئه ▁و ▁.، ه ▁ی ▁ئه ▁و ▁.، ه ▁ی ▁ئه ▁و ▁ئه ▁و ▁ئه ▁و ▁.، ه ▁ی ▁ئه ▁و ▁.، ه ▁ی ▁ئه ▁و ▁.، ه ▁ی ▁ئه ▁و ▁.، ه ▁ی ▁ئه ▁و ▁.، ه ▁ی ▁ئه ▁و ▁.، ه ▁ی ▁ئه ▁و ▁ئه ▁و ▁ئه ▁و ▁ئه ▁و ▁ئه ▁و ▁ئه ▁و ▁.، ه ▁ی ▁ئه ▁و ▁.، ه ▁ی ▁ئه ▁و ▁.، ه ▁ی ▁ئه ▁و ▁.، ه ▁ی ▁ئه ▁و ▁.، ه ▁ی ▁ئه ▁و ▁.، ه ▁ی ▁ئه ▁و
[2026-03-17 21:23:46] Best translation 40 : ▁به ▁پێی ▁هه ▁واڵی ▁په ▁یامنێری ▁ڕاگه ▁یاند ، ▁هه ▁واڵی ▁په ▁یامنێری ▁ڕاگه ▁یاند ، ▁هه ▁واڵی ▁په ▁یامنێری ▁ڕاگه ▁یاند ، ▁ئه ▁مه ▁ریکا ▁له ▁گه ▁ڵ ▁ئه ▁مه ▁ریکا ▁له ▁سه ▁ر ▁ئه ▁مه ▁ریکا ▁له ▁گه ▁ڵ ▁ئه ▁مه ▁ریکا ▁له ▁گه ▁ڵ ▁ئه ▁مه ▁ریکا ▁له ▁گه ▁ڵ ▁ئه ▁مه ▁ریکا ▁له ▁گه ▁ڵ ▁ئه ▁مه ▁ریکا ▁له ▁گه ▁ڵ ▁ئه ▁مه ▁ریکا ▁له ▁سه ▁ر ِ ه ▁وه ▁ی ▁ئه ▁مه ▁ریکا ▁له ▁گه ▁ڵ ▁ئه ▁مه ▁ریکا ▁له ▁گه ▁ڵ ▁ئه ▁مه ▁ریکا ▁له ▁گه ▁ڵ ▁ئه ▁مه ▁ریکا ▁له ▁گه ▁ڵ ▁ئه ▁مه ▁ریکا ▁له ▁گه ▁ڵ ▁ئه ▁مه ▁ریکا .
[2026-03-17 21:23:47] Best translation 80 : ▁به ▁پێی ▁هه ▁واڵی ▁په ▁یامنێری ▁ڕاگه ▁یاند ، ▁هه ▁واڵی ▁په ▁یوه ▁ندییه ▁کانی ▁ئه ▁و ▁.، ه ▁وه ▁ی ▁ئه ▁و ▁.، ه ▁وه ▁ی ▁ئه ▁و ▁.، ه ▁وه ▁ی ▁ئه ▁و ▁.، ه ▁وه ▁ی ▁ئه ▁و ▁.، ه ▁وه ▁ی ▁ئه ▁و ▁.، ه ▁وه ▁ی ▁ئه ▁و ▁.، ه ▁وه ▁ی ▁ئه ▁و ▁.، ه ▁وه ▁ی ▁ئه ▁و ▁.، ه ▁وه ▁ی ▁ئه ▁و ▁.، ه ▁وه ▁ی ▁ئه ▁و ▁.، ه ▁وه ▁ی ▁ئه ▁و ▁.، ه ▁وه ▁ی ▁ئه ▁و ▁.، ه ▁وه ▁ی ▁ئه ▁و ▁.، ه ▁وه ▁ی ▁ئه ▁و ▁.، ه ▁وه ▁ی ▁ئه ▁وه ▁ی ▁ئه ▁و ▁.، ه ▁وه ▁ی ▁ئه ▁و ▁ئه ▁و ▁.، ه ▁ی ▁ئه ▁و ▁.، ه ▁ی ▁ئه ▁وه ▁ی ▁ئه ▁وه ▁ی ▁ئه ▁وه ▁ی ▁ئه ▁وه ▁ی ▁ئه ▁و ▁.، ه ▁وه ▁ی ▁ئه ▁وه ▁ی ▁ئه ▁وه ▁ی ▁ئه ▁وه ▁ی ▁ئه ▁وه ▁ی ▁ئه ▁وه ▁ی ▁ئه ▁وه ▁ی ▁ئه ▁وه ▁ی ▁ئه ▁وه ▁ی ▁ئه ▁و ▁ئه ▁و ▁ئه ▁و ▁ئه ▁و ▁ئه ▁و ▁ئه ▁وه ▁ی ▁ئه ▁و ▁.، ه ▁ی ▁ئه ▁و ▁ئه ▁و ▁.، ه
[2026-03-17 21:23:55] Best translation 160 : ▁به ▁پێی ▁هه ▁واڵی ▁په ▁یامنێری ▁ڕاگه ▁یاند ، ▁ئه ▁و ▁.، ه ▁وه ▁ی ▁ئه ▁و ▁.، ه ▁وه ▁ی ▁ئه ▁و ▁.، ه ▁ی ▁ئه ▁و ▁.، ه ▁ی ▁ئه ▁و ▁.، ه ▁ی ▁ئه ▁و ▁.، ه ▁ی ▁ئه ▁و ▁.، ه ▁ی ▁ئه ▁و ▁.، ه ▁ی ▁ئه ▁و ▁.، ه ▁ی ▁ئه ▁و ▁.، ه ▁ی ▁ئه ▁و ▁.، ه ▁ی ▁ئه ▁و ▁.، ه ▁وه ▁.
[2026-03-17 21:24:04] Best translation 320 : ▁به ▁پێی ▁هه ▁واڵی ▁په ▁یامنێری ▁ڕاگه ▁یاند ، ▁ئه ▁و ▁.، ه ▁وه ▁ی ▁ئه ▁و ▁.، ه ▁وه ▁.
[2026-03-17 21:24:20] Best translation 640 : ▁به ▁گوێر ه ▁ی ▁هه ▁واڵی ▁په ▁یامنێری ▁ڕاگه ▁یاند ، ▁ئه ▁و ▁.، ه ▁ی ▁ئه ▁و ▁.، ه ▁ی ▁ئه ▁و ▁.، ه ▁ی ▁ئه ▁و ▁.، ه ▁ی ▁ئه ▁و ▁.، ه ▁ی ▁ئه ▁و ▁.، ه ▁ی ▁ئه ▁و ▁.، ه ▁ی ▁ئه ▁و ▁.، ه ▁ی ▁ئه ▁و ▁.، ه ▁ی ▁ئه ▁و ▁.، ه ▁ی ▁ئه ▁و ▁.، ه ▁ی ▁ئه ▁و ▁.، ه ▁ی ▁ئه ▁و ▁.، ه ▁ی ▁ئه ▁و ▁.، ه ▁ی ▁ئه ▁و ▁.، ه ▁ی ▁ئه ▁و ▁ئه ▁و ▁ئه ▁و ▁.، ه ▁ی ▁ئه ▁و ▁.، ه ▁ی ▁ئه ▁و ▁.، ه ▁ی ▁ئه ▁و ▁ئه ▁و ▁ئه ▁و
[2026-03-17 21:24:54] Best translation 1280 : ▁به ▁پێی ▁هه ▁واڵی ▁په ▁یامنێری ▁ڕاگه ▁یاند ، ▁هه ▁واڵی ▁په ▁رل ه ▁وه ▁ی ▁ئه ▁و ▁.، ه ▁وه ▁ی ▁ئه ▁و ▁.، ه ▁وه ▁ی ▁ئه ▁و ▁.، ه ▁ی ▁ئه ▁و ▁.، ه ▁ی ▁ئه ▁و ▁.، ه ▁ی ▁ئه ▁و ▁.، ه ▁ی ▁ئه ▁و ▁.، ه ▁ی ▁ئه ▁و ▁.، ه ▁ی ▁ئه ▁و ▁.، ه ▁ی ▁ئه ▁و ▁.، ه ▁ی ▁ئه ▁و ▁.، ه ▁ی ▁ئه ▁و ▁.، ه ▁ی ▁ئه ▁و ▁.، ه ▁ی ▁ئه ▁و ▁.، ه ▁ی ▁ئه ▁و ▁ئه ▁و ▁.، ه ▁ی ▁ئه ▁و ▁.، ه ▁ی ▁ئه ▁و ▁.، ه ▁ی ▁ئه ▁و ▁.، ه ▁ی ▁ئه ▁و ▁.، ه ▁ی ▁ئه ▁و ▁ئه ▁و ▁.، ه ▁ی ▁ئه ▁و ▁ئه ▁و ▁ئه ▁و ▁ئه ▁و ▁ئه ▁و ▁ئه ▁و ▁ئه ▁و ▁ئه ▁و ▁ئه ▁و ▁.، ه ▁ی ▁ئه ▁و ▁ئه ▁و ▁ئه ▁و ▁ئه ▁و ▁ئه ▁و ▁ئه ▁و ▁ئه ▁و ▁.، ه ▁ی ▁ئه ▁و ▁ئه ▁و ▁ئه ▁و ▁ئه ▁و ▁ئه ▁و ▁ئه ▁و ▁ئه ▁و ▁ئه ▁و ▁ئه ▁و ▁ئه ▁و ▁ئه ▁و ▁ئه ▁و ▁.، ه ▁ی ▁ئه ▁و ▁.، ه ▁ی ▁ئه ▁و ▁.، ه ▁ی ▁ئه ▁و ▁ئه ▁و ▁ئه ▁و ▁ئه ▁و ▁ئه ▁و ▁ئه ▁و ▁ئه ▁و ▁ئه ▁و ▁ئه ▁و ▁ئه ▁و ▁ئه ▁و ▁.، ه ▁ی ▁ئه ▁و ▁.، ه ▁ی ▁ئه ▁و ▁ئه ▁و ▁.، ه ▁ی ▁ئه ▁و ▁ئه ▁و ▁ئه ▁و ▁.، ه ▁ی ▁ئه ▁و ▁ئه ▁و ▁ئه ▁و ▁.، ه ▁ی ▁ئه ▁و ▁.، ه ▁ی ▁ئه ▁و ▁.، ه ▁ی ▁ئه ▁و ▁.، ه ▁ی ▁ئه ▁و ▁ئه ▁و ▁.، ه ▁ی ▁ئه ▁و ▁ئه ▁و ▁ئه ▁و ▁ئه ▁و ▁ئه ▁و ▁ئه ▁و ▁ئه ▁و ▁ئه ▁و ▁ئه ▁و ▁ئه ▁و ▁ئه ▁و ▁ئه ▁و ▁ئه ▁و
[2026-03-17 21:25:35] Total translation time: 113.40305s
[2026-03-17 21:25:35] Saving model weights and runtime parameters to /workspace/OPUS-MT-train/work/en-ckb/curated-floresdev.spm4k-spm4k.transformer.model1.npz.best-chrf.npz
[2026-03-17 21:25:36] [valid] Ep. 2 : Up. 2000 : chrf : 9.05106 : new best
[2026-03-17 21:25:38] Saving model weights and runtime parameters to /workspace/OPUS-MT-train/work/en-ckb/curated-floresdev.spm4k-spm4k.transformer.model1.npz.best-perplexity.npz
[2026-03-17 21:25:39] [valid] Ep. 2 : Up. 2000 : perplexity : 602.984 : new best
[2026-03-17 21:27:32] Seen 310,206 samples
[2026-03-17 21:27:32] Starting data epoch 3 in logical epoch 3
[2026-03-17 21:28:31] Ep. 3 : Up. 3000 : Sen. 80,621 : Cost 5.47713470 * 13,455,497 @ 15,718 after 40,300,859 : Time 409.96s : 32821.83 words/s : gNorm 1.5689 : L.r. 5.6250e-05
[2026-03-17 21:28:31] Saving model weights and runtime parameters to /workspace/OPUS-MT-train/work/en-ckb/curated-floresdev.spm4k-spm4k.transformer.model1.npz
[2026-03-17 21:28:32] Saving Adam parameters
[2026-03-17 21:28:34] [training] Saving training checkpoint to /workspace/OPUS-MT-train/work/en-ckb/curated-floresdev.spm4k-spm4k.transformer.model1.npz and /workspace/OPUS-MT-train/work/en-ckb/curated-floresdev.spm4k-spm4k.transformer.model1.npz.optimizer.npz
[2026-03-17 21:28:38] Translating validation set...
[2026-03-17 21:28:41] Best translation 0 : ▁به ▁گوێر ه ▁ی ▁هه ▁واڵی ▁ماڵپ ه ▁ر ِ ه ▁ر ِ ێوه ▁ده ▁کات ▁که ▁ن ، ▁له ▁گه ▁ڵ ▁به ▁ر ِ ێوه ▁به ▁ر ِ ێوه ▁به ▁ر ِ ێوه ▁به ▁ر ِ ێوه ▁به ▁ر ِ ێوه ▁به ▁ر ِ ێوه ▁به ▁ر ِ ێوه ▁به ▁ر ِ ێوه ▁به ▁رای ه ▁تی ▁به ▁رای ه ▁تی ▁هه ▁ر ِ ێوه ▁چوو .
[2026-03-17 21:28:41] Best translation 1 : ▁به ▁گوێر ه ▁ی ▁هه ▁واڵی ▁ماڵپ ه ▁ر ِ ه ▁ر ِ ه ▁ر ِ ه ▁ر ِ ه ▁ر ِ ۆ ، ▁به ▁ر ِ ێوه ▁به ▁ر ِ ێوه ▁به ▁ر ِ ێوه ▁به ▁ر ِ ێوه ▁به ▁ر ِ ێوه ▁به ▁ر ِ ێوه ▁به ▁ر ِ ێوه ▁به ▁ر ِ ێوه ▁به ▁ر ِ ێوه ▁به ▁ر ِ ێوه ▁به ▁ر ِ ێوه ▁به ▁ری ▁سه ▁ر ِ ێوه ▁به ▁رای ه ▁تی ▁به ▁رای ه ▁تی ▁هه ▁ر ِ ێوه ▁به ▁ر ِ ێوه ▁به ▁ر ِ ێوه ▁به ▁ر ِ ێوه ▁به ▁ر ِ ێوه ▁به ▁ر ِ ێوه ▁به ▁رای ه ▁تی ▁به ▁ر ِ ێوه ▁به ▁ر ِ ێوه ▁به ▁ر ِ ێوه ▁به ▁ر ِ ێوه ▁به ▁ر ِ ێوه ▁به ▁ر ِ ێوه ▁به ▁ر ِ ێوه ▁به ▁رای ه ▁تی ▁به ▁ر ِ ێوه ▁به ▁ر ِ ێوه ▁به ▁ر ِ ێوه ▁به ▁ر ِ ێوه ▁به ▁ر ِ ێوه ▁به ▁ر ِ ێوه ▁به ▁ر ِ ێوه ▁به ▁ر ِ ێوه ▁به ▁ر ِ ێوه ▁به ▁ر ِ ێوه ▁به ▁ر ِ ێوه ▁چوو .
[2026-03-17 21:28:42] Best translation 2 : ▁به ▁گوێر ه ▁ی ▁هه ▁واڵی ▁ماڵپ ه ▁ر ِ ه ▁ر ِ ی ▁ئه ▁وه ▁ی ▁ئه ▁و ▁.، ه ه ه ه ه ه ▁له ▁سه ▁ر ▁ئه ▁و ▁.، ه ه ه ه ه ه ه ه ▁وه ▁.
[2026-03-17 21:28:42] Best translation 3 : ▁جێی ▁ئاماژ ه ▁یه ▁، ▁ئه ▁وه ▁ی ▁به ▁وه ▁ی ▁ئه ▁وه ▁ی ▁به ▁وه ▁ی ▁ئه ▁وه ▁ی ▁که ▁ئه ▁وه ▁ی ▁که ▁له ▁گه ▁ڵ ▁ئه ▁وه ▁ی ▁ئه ▁وه ▁ی ▁که ▁سانه ▁ی ▁ئه ▁وه ▁ی ▁ئه ▁وه ▁ی ▁که ▁سانه ▁ی ▁ئه ▁وه ▁ی ▁ئه ▁وه ▁ی ▁ئه ▁وه ▁ی ▁ئه ▁وه ▁ی ▁ئه ▁وه ▁ی ▁ئه ▁وه ▁ی ▁ئه ▁وه ▁ی ▁ئه ▁و ▁ئه ▁وه ▁ی ▁که ▁سانه ▁ی ▁که ▁سانه ▁ی ▁ئه ▁وه ▁ی ▁که ▁سانه ▁ی ▁که ▁سانه ▁ی ▁که ▁سانه ▁ی ▁ئه ▁وه ▁ی ▁که ▁له ▁سه ▁ر ▁ئه ▁وه ▁ی ▁ئه ▁وه ▁ی ▁ئه ▁وه ▁ی ▁ئه ▁وه ▁ی ▁ئه ▁و ▁ئه ▁و ▁ئه ▁وه ▁ی ▁که ▁سانه ▁ی ▁که ▁سانه ▁ی ▁که ▁سانه ▁ی ▁ئه ▁وه ▁ی ▁ئه ▁و ▁ئه ▁و ▁ئه ▁و ▁ئه ▁وه ▁ی ▁که ▁سانه ▁ی ▁که ▁سانه ▁ی ▁ئه ▁و ▁ئه ▁وه ▁ی ▁که ▁سانه ▁ی ▁ئه ▁و ▁ئه ▁و ▁که ▁سانه ▁ی ▁که ▁سانه ▁ی ▁که ▁سانه ▁ی ▁ئه ▁وه ▁ی ▁ئه ▁و ▁.، له ▁ئه ▁و ▁ئه ▁و ▁ئه ▁وه ▁ی ▁ئه ▁وه ▁ی ▁ئه ▁و ▁ئه ▁و ▁ئه ▁وه ▁ی ▁ئه ▁وه ▁ی ▁که ▁سانه ▁ی ▁که ▁سانه ▁ی ▁ئه ▁وه ▁ی ▁ئه ▁وه ▁ی ▁ئه ▁و ▁ئه ▁و ▁ئه ▁و ▁ئه ▁و ▁ئه ▁وه ▁ی ▁که ▁سانه ▁ی ▁که ▁سانه ▁ی ▁که ▁سانه ▁ی ▁که ▁سانه ▁ی ▁که ▁سانه ▁ی ▁ئه ▁وه ▁ی ▁که ▁سانه ▁ی ▁ئه ▁وه ▁ی ▁که ▁سانه ▁ی ▁که ▁سانه ▁ی ▁ئه ▁و
[2026-03-17 21:28:42] Best translation 4 : ▁به ▁پێی ▁هه ▁واڵی ▁" ئه ▁و ▁ئه ▁وه ▁ی ▁ئه ▁و ▁ئه ▁و ▁ئه ▁وه ▁ش انه ▁ی ▁که ▁له ▁سه ▁ر ▁ئه ▁و ▁.، به ▁ر ▁ئه ▁و ▁ئه ▁و ▁ئه ▁و ▁ئه ▁و ▁ئه ▁و ▁ئه ▁وه ▁ش انه ▁ی ▁ئه ▁و ▁که ▁له ▁سه ▁ر ▁ئه ▁و ▁ئه ▁و ▁ئه ▁و ▁ئه ▁و ▁ئه ▁و ▁ئه ▁و ▁ئه ▁و ▁ئه ▁و ▁ئه ▁و ▁ئه ▁وه ▁ش انه ▁ی ▁ئه ▁و ▁ئه ▁و ▁ئه ▁و ▁ئه ▁و ▁ئه ▁و ▁ئه ▁و ▁ئه ▁وه ▁ش انه ▁ی ▁ئه ▁و ▁هه ▁یه ▁ش انه ▁ی ▁ئه ▁و ▁ئه ▁و ▁ئه ▁و ▁ئه ▁و ▁ئه ▁و ▁ئه ▁و
[2026-03-17 21:28:42] Best translation 5 : ▁به ▁گوێر ه ▁ی ▁هه ▁واڵی ▁ماڵپ ه ▁ر ِ ه ▁ر ِ ێوه ▁به ▁ر ِ ێوه ▁به ▁ر ِ ێوه ▁به ▁ر ِ ێوه ▁به ▁ر ِ ێوه ▁به ▁ر ِ ێوه ▁به ▁ر ِ ێوه ▁به ▁ر ِ ێوه ▁به ▁ر ِ ێوه ▁به ▁ر ِ ێوه ▁به ▁ر ِ ێوه ▁به ▁ر ِ ێوه ▁به ▁ر ِ ێوه ▁به ▁ر ِ ێوه ▁چوو .
[2026-03-17 21:28:42] Best translation 10 : ▁به ▁گوێر ه ▁ی ▁هه ▁واڵی ▁ماڵپ ه ▁ر ِ ه ▁ر ِ ێوه ▁به ▁ر ِ ێوه ▁به ▁ر ِ ێوه ▁به ▁رای ه ▁تی ▁هه ▁رێمی ▁کوردستان ▁له ▁گه ▁ڵ ▁به ▁ر ِ ێوه ▁به ▁ر ِ ێوه ▁به ▁ر ِ ێوه ▁به ▁ر ِ ێوه ▁به ▁ر ِ ێوه ▁به ▁ر ِ ێوه ▁به ▁ر ِ ێوه ▁به ▁ر ِ ێوه ▁به ▁ر ِ ێوه ▁به ▁ر ِ ێوه ▁به ▁ر ِ ێوه ▁به ▁ر ِ ێوه ▁به ▁ر ِ ێوه ▁به ▁ر ِ ێوه ▁چوو .
[2026-03-17 21:28:42] Best translation 20 : ▁به ▁گوێر ه ▁ی ▁هه ▁واڵی ▁ماڵپ ه ▁ر ِ ه ▁ر ِ ه ▁ر ِ ێوه ▁به ▁ر ِ ێوه ▁به ▁رای ه ▁تی ▁هه ▁ر ِ ێوه ▁به ▁رای ه ▁تی ▁هه ▁ر ِ ێوه ▁به ▁رای ه ▁تی ▁هه ▁ر ِ ێوه ▁به ▁ر ِ ێوه ▁به ▁رای ه ▁تی ▁هه ▁ر ِ ێوه ▁ده ▁که ▁ن .
[2026-03-17 21:28:42] Best translation 40 : ▁به ▁گوێر ه ▁ی ▁هه ▁واڵی ▁ماڵپ ه ▁ر ِ ه ▁ر ِ ێوه ▁به ▁رای ه ▁تی ▁هه ▁واڵی ▁په ▁یامنێری ▁ڕاگه ▁یاند ، ▁له ▁سه ▁ر ِ ێوه ▁به ▁رای ه ▁تی ▁هه ▁واڵی ▁په ▁رل ه ▁مانی ▁کوردستان ▁له ▁سه ▁ر ِ ێوه ▁چوو .
[2026-03-17 21:28:44] Best translation 80 : ▁به ▁گوێر ه ▁ی ▁هه ▁واڵی ▁ماڵپ ه ▁ر ِ ه ▁ر ِ ه ▁ر ِ ی ▁ئه ▁وه ▁ی ▁که ▁له ▁گه ▁ڵ ▁به ▁ر ِ ێوه ▁به ▁ر ِ ێوه ▁به ▁ر ِ ێوه ▁به ▁رای ه ▁تی ▁ئه ▁وه ▁ی ▁که ▁له ▁گه ▁ڵ ▁ئه ▁وه ▁ی ▁ئه ▁وه ▁ی ▁به ▁ر ِ ێوه ▁چوو .
[2026-03-17 21:28:51] Best translation 160 : ▁به ▁گوێر ه ▁ی ▁هه ▁واڵی ▁ماڵپ ه ▁ر ِ ه ▁ر ِ ێوه ▁به ▁ر ِ ێوه ▁به ▁ر ِ ێوه ▁به ▁ر ِ ێوه ▁به ▁ر ِ ێوه ▁به ▁ر ِ ێوه ▁به ▁ر ِ ێوه ▁به ▁ر ِ ێوه ▁به ▁ر ِ ێوه ▁به ▁ر ِ ێوه ▁به ▁ر ِ ێوه ▁به ▁ر ِ ێوه ▁به ▁ر ِ ێوه ▁ده ▁که ▁ن .
[2026-03-17 21:29:00] Best translation 320 : ▁به ▁گوێر ه ▁ی ▁هه ▁واڵی ▁ماڵپ ه ▁ر ِ ه ▁ر ِ ی ▁ئه ▁مه ▁ریکا ▁له ▁گه ▁ڵ ▁ئه ▁و ▁.، به ▁ر ِ ێوه ▁ده ▁که ▁ن .
[2026-03-17 21:29:15] Best translation 640 : ▁هه ▁روه ▁ها ▁ئاماژ ه ▁ی ▁به ▁وه ▁ی ▁به ▁وه ▁ی ▁ئه ▁مه ▁ریکا ▁له ▁هه ▁فته ▁یه ▁که ▁م ▁هه ▁فته ▁یه ▁که ▁م ▁ده ▁کات .
[2026-03-17 21:29:47] Best translation 1280 : ▁به ▁گوێر ه ▁ی ▁هه ▁واڵی ▁ماڵپ ه ▁ر ِ ه ▁ر ِ ه ▁ر ِ ێوه ▁به ▁ر ِ ێوه ▁به ▁رای ه ▁تی ▁هه ▁واڵی ▁په ▁یامنێری ▁ڕاگه ▁یاند ، ▁ئه ▁و ▁.، ه ه ه ه ه ه ه ه ▁و ▁.، ه ه ه ه ه ه ه ه ه ه ه ه ه ▁کان ▁و ▁.، ه ه ه ه ه ه ه ه ه ه ه ▁کان ▁و ▁.، ه ه ه ه ه ه ▁و ▁.، ه ه ه ه ه ه ه ▁و ▁.، ه ه ه ه ه ه ه ه ه ▁و ▁.، ه ه ه ه ه ه ه ه ه ه ه ه ه ه ه ه ه ه ه ه ه ه ه ه ه ه ه ه ه ه ه ه ه ▁کان ▁و ▁.، ه ه ه ه ه ه ه ه ه ه ه ه ه ه ه ه ▁کان ▁و ▁.، ه ه ه ه ه ه ه ه ه ه ه ه ه ه ه ه ▁کان .
[2026-03-17 21:30:26] Total translation time: 107.75485s
[2026-03-17 21:30:26] Saving model weights and runtime parameters to /workspace/OPUS-MT-train/work/en-ckb/curated-floresdev.spm4k-spm4k.transformer.model1.npz.best-bleu.npz
[2026-03-17 21:30:27] [valid] Ep. 3 : Up. 3000 : bleu : 0.06129 : new best
[2026-03-17 21:30:27] Translating validation set...
[2026-03-17 21:30:30] Best translation 0 : ▁به ▁گوێر ه ▁ی ▁هه ▁واڵی ▁ماڵپ ه ▁ر ِ ه ▁ر ِ ێوه ▁ده ▁کات ▁که ▁ن ، ▁له ▁گه ▁ڵ ▁به ▁ر ِ ێوه ▁به ▁ر ِ ێوه ▁به ▁ر ِ ێوه ▁به ▁ر ِ ێوه ▁به ▁ر ِ ێوه ▁به ▁ر ِ ێوه ▁به ▁ر ِ ێوه ▁به ▁ر ِ ێوه ▁به ▁رای ه ▁تی ▁به ▁رای ه ▁تی ▁هه ▁ر ِ ێوه ▁چوو .
[2026-03-17 21:30:30] Best translation 1 : ▁به ▁گوێر ه ▁ی ▁هه ▁واڵی ▁ماڵپ ه ▁ر ِ ه ▁ر ِ ه ▁ر ِ ه ▁ر ِ ه ▁ر ِ ۆ ، ▁به ▁ر ِ ێوه ▁به ▁ر ِ ێوه ▁به ▁ر ِ ێوه ▁به ▁ر ِ ێوه ▁به ▁ر ِ ێوه ▁به ▁ر ِ ێوه ▁به ▁ر ِ ێوه ▁به ▁ر ِ ێوه ▁به ▁ر ِ ێوه ▁به ▁ر ِ ێوه ▁به ▁ر ِ ێوه ▁به ▁ری ▁سه ▁ر ِ ێوه ▁به ▁رای ه ▁تی ▁به ▁رای ه ▁تی ▁هه ▁ر ِ ێوه ▁به ▁ر ِ ێوه ▁به ▁ر ِ ێوه ▁به ▁ر ِ ێوه ▁به ▁ر ِ ێوه ▁به ▁ر ِ ێوه ▁به ▁رای ه ▁تی ▁به ▁ر ِ ێوه ▁به ▁ر ِ ێوه ▁به ▁ر ِ ێوه ▁به ▁ر ِ ێوه ▁به ▁ر ِ ێوه ▁به ▁ر ِ ێوه ▁به ▁ر ِ ێوه ▁به ▁رای ه ▁تی ▁به ▁ر ِ ێوه ▁به ▁ر ِ ێوه ▁به ▁ر ِ ێوه ▁به ▁ر ِ ێوه ▁به ▁ر ِ ێوه ▁به ▁ر ِ ێوه ▁به ▁ر ِ ێوه ▁به ▁ر ِ ێوه ▁به ▁ر ِ ێوه ▁به ▁ر ِ ێوه ▁به ▁ر ِ ێوه ▁چوو .
[2026-03-17 21:30:31] Best translation 2 : ▁به ▁گوێر ه ▁ی ▁هه ▁واڵی ▁ماڵپ ه ▁ر ِ ه ▁ر ِ ی ▁ئه ▁وه ▁ی ▁ئه ▁و ▁.، ه ه ه ه ه ه ▁له ▁سه ▁ر ▁ئه ▁و ▁.، ه ه ه ه ه ه ه ه ▁وه ▁.
[2026-03-17 21:30:31] Best translation 3 : ▁جێی ▁ئاماژ ه ▁یه ▁، ▁ئه ▁وه ▁ی ▁به ▁وه ▁ی ▁ئه ▁وه ▁ی ▁به ▁وه ▁ی ▁ئه ▁وه ▁ی ▁که ▁ئه ▁وه ▁ی ▁که ▁له ▁گه ▁ڵ ▁ئه ▁وه ▁ی ▁ئه ▁وه ▁ی ▁که ▁سانه ▁ی ▁ئه ▁وه ▁ی ▁ئه ▁وه ▁ی ▁که ▁سانه ▁ی ▁ئه ▁وه ▁ی ▁ئه ▁وه ▁ی ▁ئه ▁وه ▁ی ▁ئه ▁وه ▁ی ▁ئه ▁وه ▁ی ▁ئه ▁وه ▁ی ▁ئه ▁وه ▁ی ▁ئه ▁و ▁ئه ▁وه ▁ی ▁که ▁سانه ▁ی ▁که ▁سانه ▁ی ▁ئه ▁وه ▁ی ▁که ▁سانه ▁ی ▁که ▁سانه ▁ی ▁که ▁سانه ▁ی ▁ئه ▁وه ▁ی ▁که ▁له ▁سه ▁ر ▁ئه ▁وه ▁ی ▁ئه ▁وه ▁ی ▁ئه ▁وه ▁ی ▁ئه ▁وه ▁ی ▁ئه ▁و ▁ئه ▁و ▁ئه ▁وه ▁ی ▁که ▁سانه ▁ی ▁که ▁سانه ▁ی ▁که ▁سانه ▁ی ▁ئه ▁وه ▁ی ▁ئه ▁و ▁ئه ▁و ▁ئه ▁و ▁ئه ▁وه ▁ی ▁که ▁سانه ▁ی ▁که ▁سانه ▁ی ▁ئه ▁و ▁ئه ▁وه ▁ی ▁که ▁سانه ▁ی ▁ئه ▁و ▁ئه ▁و ▁که ▁سانه ▁ی ▁که ▁سانه ▁ی ▁که ▁سانه ▁ی ▁ئه ▁وه ▁ی ▁ئه ▁و ▁.، له ▁ئه ▁و ▁ئه ▁و ▁ئه ▁وه ▁ی ▁ئه ▁وه ▁ی ▁ئه ▁و ▁ئه ▁و ▁ئه ▁وه ▁ی ▁ئه ▁وه ▁ی ▁که ▁سانه ▁ی ▁که ▁سانه ▁ی ▁ئه ▁وه ▁ی ▁ئه ▁وه ▁ی ▁ئه ▁و ▁ئه ▁و ▁ئه ▁و ▁ئه ▁و ▁ئه ▁وه ▁ی ▁که ▁سانه ▁ی ▁که ▁سانه ▁ی ▁که ▁سانه ▁ی ▁که ▁سانه ▁ی ▁که ▁سانه ▁ی ▁ئه ▁وه ▁ی ▁که ▁سانه ▁ی ▁ئه ▁وه ▁ی ▁که ▁سانه ▁ی ▁که ▁سانه ▁ی ▁ئه ▁و
[2026-03-17 21:30:31] Best translation 4 : ▁به ▁پێی ▁هه ▁واڵی ▁" ئه ▁و ▁ئه ▁وه ▁ی ▁ئه ▁و ▁ئه ▁و ▁ئه ▁وه ▁ش انه ▁ی ▁که ▁له ▁سه ▁ر ▁ئه ▁و ▁.، به ▁ر ▁ئه ▁و ▁ئه ▁و ▁ئه ▁و ▁ئه ▁و ▁ئه ▁و ▁ئه ▁وه ▁ش انه ▁ی ▁ئه ▁و ▁که ▁له ▁سه ▁ر ▁ئه ▁و ▁ئه ▁و ▁ئه ▁و ▁ئه ▁و ▁ئه ▁و ▁ئه ▁و ▁ئه ▁و ▁ئه ▁و ▁ئه ▁و ▁ئه ▁وه ▁ش انه ▁ی ▁ئه ▁و ▁ئه ▁و ▁ئه ▁و ▁ئه ▁و ▁ئه ▁و ▁ئه ▁و ▁ئه ▁وه ▁ش انه ▁ی ▁ئه ▁و ▁هه ▁یه ▁ش انه ▁ی ▁ئه ▁و ▁ئه ▁و ▁ئه ▁و ▁ئه ▁و ▁ئه ▁و ▁ئه ▁و
[2026-03-17 21:30:31] Best translation 5 : ▁به ▁گوێر ه ▁ی ▁هه ▁واڵی ▁ماڵپ ه ▁ر ِ ه ▁ر ِ ێوه ▁به ▁ر ِ ێوه ▁به ▁ر ِ ێوه ▁به ▁ر ِ ێوه ▁به ▁ر ِ ێوه ▁به ▁ر ِ ێوه ▁به ▁ر ِ ێوه ▁به ▁ر ِ ێوه ▁به ▁ر ِ ێوه ▁به ▁ر ِ ێوه ▁به ▁ر ِ ێوه ▁به ▁ر ِ ێوه ▁به ▁ر ِ ێوه ▁به ▁ر ِ ێوه ▁چوو .
[2026-03-17 21:30:31] Best translation 10 : ▁به ▁گوێر ه ▁ی ▁هه ▁واڵی ▁ماڵپ ه ▁ر ِ ه ▁ر ِ ێوه ▁به ▁ر ِ ێوه ▁به ▁ر ِ ێوه ▁به ▁رای ه ▁تی ▁هه ▁رێمی ▁کوردستان ▁له ▁گه ▁ڵ ▁به ▁ر ِ ێوه ▁به ▁ر ِ ێوه ▁به ▁ر ِ ێوه ▁به ▁ر ِ ێوه ▁به ▁ر ِ ێوه ▁به ▁ر ِ ێوه ▁به ▁ر ِ ێوه ▁به ▁ر ِ ێوه ▁به ▁ر ِ ێوه ▁به ▁ر ِ ێوه ▁به ▁ر ِ ێوه ▁به ▁ر ِ ێوه ▁به ▁ر ِ ێوه ▁به ▁ر ِ ێوه ▁چوو .
[2026-03-17 21:30:31] Best translation 20 : ▁به ▁گوێر ه ▁ی ▁هه ▁واڵی ▁ماڵپ ه ▁ر ِ ه ▁ر ِ ه ▁ر ِ ێوه ▁به ▁ر ِ ێوه ▁به ▁رای ه ▁تی ▁هه ▁ر ِ ێوه ▁به ▁رای ه ▁تی ▁هه ▁ر ِ ێوه ▁به ▁رای ه ▁تی ▁هه ▁ر ِ ێوه ▁به ▁ر ِ ێوه ▁به ▁رای ه ▁تی ▁هه ▁ر ِ ێوه ▁ده ▁که ▁ن .
[2026-03-17 21:30:31] Best translation 40 : ▁به ▁گوێر ه ▁ی ▁هه ▁واڵی ▁ماڵپ ه ▁ر ِ ه ▁ر ِ ێوه ▁به ▁رای ه ▁تی ▁هه ▁واڵی ▁په ▁یامنێری ▁ڕاگه ▁یاند ، ▁له ▁سه ▁ر ِ ێوه ▁به ▁رای ه ▁تی ▁هه ▁واڵی ▁په ▁رل ه ▁مانی ▁کوردستان ▁له ▁سه ▁ر ِ ێوه ▁چوو .
[2026-03-17 21:30:33] Best translation 80 : ▁به ▁گوێر ه ▁ی ▁هه ▁واڵی ▁ماڵپ ه ▁ر ِ ه ▁ر ِ ه ▁ر ِ ی ▁ئه ▁وه ▁ی ▁که ▁له ▁گه ▁ڵ ▁به ▁ر ِ ێوه ▁به ▁ر ِ ێوه ▁به ▁ر ِ ێوه ▁به ▁رای ه ▁تی ▁ئه ▁وه ▁ی ▁که ▁له ▁گه ▁ڵ ▁ئه ▁وه ▁ی ▁ئه ▁وه ▁ی ▁به ▁ر ِ ێوه ▁چوو .
[2026-03-17 21:30:40] Best translation 160 : ▁به ▁گوێر ه ▁ی ▁هه ▁واڵی ▁ماڵپ ه ▁ر ِ ه ▁ر ِ ێوه ▁به ▁ر ِ ێوه ▁به ▁ر ِ ێوه ▁به ▁ر ِ ێوه ▁به ▁ر ِ ێوه ▁به ▁ر ِ ێوه ▁به ▁ر ِ ێوه ▁به ▁ر ِ ێوه ▁به ▁ر ِ ێوه ▁به ▁ر ِ ێوه ▁به ▁ر ِ ێوه ▁به ▁ر ِ ێوه ▁به ▁ر ِ ێوه ▁ده ▁که ▁ن .
[2026-03-17 21:30:49] Best translation 320 : ▁به ▁گوێر ه ▁ی ▁هه ▁واڵی ▁ماڵپ ه ▁ر ِ ه ▁ر ِ ی ▁ئه ▁مه ▁ریکا ▁له ▁گه ▁ڵ ▁ئه ▁و ▁.، به ▁ر ِ ێوه ▁ده ▁که ▁ن .
[2026-03-17 21:31:04] Best translation 640 : ▁هه ▁روه ▁ها ▁ئاماژ ه ▁ی ▁به ▁وه ▁ی ▁به ▁وه ▁ی ▁ئه ▁مه ▁ریکا ▁له ▁هه ▁فته ▁یه ▁که ▁م ▁هه ▁فته ▁یه ▁که ▁م ▁ده ▁کات .
[2026-03-17 21:31:36] Best translation 1280 : ▁به ▁گوێر ه ▁ی ▁هه ▁واڵی ▁ماڵپ ه ▁ر ِ ه ▁ر ِ ه ▁ر ِ ێوه ▁به ▁ر ِ ێوه ▁به ▁رای ه ▁تی ▁هه ▁واڵی ▁په ▁یامنێری ▁ڕاگه ▁یاند ، ▁ئه ▁و ▁.، ه ه ه ه ه ه ه ه ▁و ▁.، ه ه ه ه ه ه ه ه ه ه ه ه ه ▁کان ▁و ▁.، ه ه ه ه ه ه ه ه ه ه ه ▁کان ▁و ▁.، ه ه ه ه ه ه ▁و ▁.، ه ه ه ه ه ه ه ▁و ▁.، ه ه ه ه ه ه ه ه ه ▁و ▁.، ه ه ه ه ه ه ه ه ه ه ه ه ه ه ه ه ه ه ه ه ه ه ه ه ه ه ه ه ه ه ه ه ه ▁کان ▁و ▁.، ه ه ه ه ه ه ه ه ه ه ه ه ه ه ه ه ▁کان ▁و ▁.، ه ه ه ه ه ه ه ه ه ه ه ه ه ه ه ه ▁کان .
[2026-03-17 21:32:15] Total translation time: 108.24422s
[2026-03-17 21:32:15] Saving model weights and runtime parameters to /workspace/OPUS-MT-train/work/en-ckb/curated-floresdev.spm4k-spm4k.transformer.model1.npz.best-chrf.npz
[2026-03-17 21:32:17] [valid] Ep. 3 : Up. 3000 : chrf : 10.7964 : new best
[2026-03-17 21:32:19] Saving model weights and runtime parameters to /workspace/OPUS-MT-train/work/en-ckb/curated-floresdev.spm4k-spm4k.transformer.model1.npz.best-perplexity.npz
[2026-03-17 21:32:20] [valid] Ep. 3 : Up. 3000 : perplexity : 351.628 : new best
[2026-03-17 21:35:08] Seen 310,206 samples
[2026-03-17 21:35:08] Starting data epoch 4 in logical epoch 4
[2026-03-17 21:35:11] Ep. 4 : Up. 4000 : Sen. 3,291 : Cost 5.07765913 * 13,459,919 @ 11,533 after 53,760,778 : Time 399.93s : 33655.81 words/s : gNorm 1.5946 : L.r. 7.5000e-05
[2026-03-17 21:35:11] Saving model weights and runtime parameters to /workspace/OPUS-MT-train/work/en-ckb/curated-floresdev.spm4k-spm4k.transformer.model1.npz
[2026-03-17 21:35:12] Saving Adam parameters
[2026-03-17 21:35:14] [training] Saving training checkpoint to /workspace/OPUS-MT-train/work/en-ckb/curated-floresdev.spm4k-spm4k.transformer.model1.npz and /workspace/OPUS-MT-train/work/en-ckb/curated-floresdev.spm4k-spm4k.transformer.model1.npz.optimizer.npz
[2026-03-17 21:35:18] Translating validation set...
[2026-03-17 21:35:20] Best translation 0 : ▁به ▁گوێر ه ▁ی ▁هه ▁واڵی ▁ماڵپ ه ▁ر ِ ه ▁ر ِ ه ▁ر ِ ی ▁ئه ▁وه ▁ی ▁ئه ▁و ▁که ▁سانه ▁ی ▁که ▁له ▁گه ▁ڵ ▁به ▁ر ِ ێوه ▁به ▁ر ِ ێوه ▁به ▁رای ه ▁تی ▁هه ▁یه ▁.
[2026-03-17 21:35:20] Best translation 1 : ▁به ▁گوێر ه ▁ی ▁هه ▁واڵی ▁ماڵپ ه ▁ر ِ ه ▁ر ِ ه ▁ر ِ ه ▁ر ِ ی ▁" ه ه ه ی " ▁و ▁" ه ه ه ه ه ه ه ه ه ی " ▁و ▁.، ه ه ه ه ه ه ه ▁روه ▁ها ▁" ه ه ه ه ه ه ه ی " ▁و ▁.، ه ه ه ه ه ه ه ه ه ه ه ه ه ه ه ه ه ▁وه ▁و ▁.، ه ه ه ه ه ه ه ه ه ه ه ه ه ه ه ه ه ه ▁وه ▁و ▁.، ▁و ▁.، ه ه ه ه ه ه ه ه ه ه ه ه ه ه ه ه ه ه ه ه ه ه ه ه ه ه ه ه ه ▁وه ▁و ▁.، ▁و ▁.، ه ه ه ه ه ه ه ه ه ه ه ه ه ه ه ه ه ه ه ه ه ه ه ه ▁وه ▁.
[2026-03-17 21:35:21] Best translation 2 : ▁به ▁گوێر ه ▁ی ▁هه ▁واڵی ▁ماڵپ ه ▁ر ِ ه ▁ر ِ ه ▁ر ِ ی ▁ئه ▁و ▁که ▁سانه ▁ی ▁که ▁له ▁گه ▁ڵ ▁ئه ▁و ▁که ▁سانه ▁ی ▁که ▁س یان ه ▁وه ▁.
[2026-03-17 21:35:21] Best translation 3 : ▁به ▁گوێر ه ▁ی ▁هه ▁واڵی ▁ماڵپ ه ▁ر ِ ه ▁ر ِ ه ▁ر ِ ه ▁ر ِ ی ▁ئه ▁وه ▁ی ▁ئه ▁و ▁که ▁سانه ▁ی ▁که ▁له ▁گه ▁ڵ ▁ئه ▁و ▁که ▁سانه ▁ی ▁که ▁سانه ▁ی ▁له ▁گه ▁ڵ ▁ئه ▁و ▁که ▁سانه ▁ی ▁که ▁سانه ▁ی ▁له ▁لایه ▁ن ▁خۆی ه ▁وه ▁، ▁به ▁هۆی ▁ئه ▁وه ▁ی ▁له ▁گه ▁ڵ ▁ئه ▁وه ▁ی ▁که ▁سانه ▁ی ▁ئه ▁و ▁که ▁سانه ▁ی ▁که ▁سانه ▁ی ▁که ▁سانه ▁ی ▁که ▁له ▁لایه ▁ن ▁خۆی ه ▁وه ▁.
[2026-03-17 21:35:21] Best translation 4 : ▁به ▁پێی ▁هه ▁واڵێکی ▁بی ▁بی ▁بی ▁بی ▁بی ▁بی ▁بی ▁بی ▁بی ▁بی ▁بی ▁بی ▁بی ▁بی ▁بی ▁بی ▁بی ▁سی ، ▁ئه ▁و ▁که ▁سانه ▁ی ▁له ▁گه ▁ڵ ▁ئه ▁و ▁که ▁سانه ▁ی ▁که ▁س ▁له ▁گه ▁ڵ ▁ئه ▁و ▁که ▁سانه ▁ی ▁که ▁سانه ▁ی ▁له ▁گه ▁ڵ ▁هه ▁یه ▁.
[2026-03-17 21:35:21] Best translation 5 : ▁به ▁پێی ▁هه ▁واڵی ▁ماڵپ ه ▁ر ِ ه ▁ر ِ ی ▁یانه ▁ی ▁هه ▁ڵبژارد ه ▁ی ▁هه ▁ڵبژارد ه ▁ی ▁هه ▁ڵبژارد ه ▁ی ▁هه ▁ڵبژارد ه ▁ی ▁هه ▁ڵبژارد ه ▁ی ▁هه ▁ڵبژارد ه ▁ی ▁هه ▁ڵبژارد ه ▁ی ▁هه ▁ڵبژارد ه ▁ی ▁هه ▁ڵبژارد ه ▁ی ▁هه ▁ڵبژارد ه ▁ی ▁هه ▁ڵبژارد ه ▁ی ▁هه ▁ڵبژارد ه ▁ی ▁هه ▁ڵبژارد ه ▁ی ▁هه ▁ڵبژارد ه ▁ی ▁هه ▁ڵبژارد ه ▁ی ▁هه ▁ڵبژارد ه ▁ی ▁هه ▁ڵبژارد ه ▁ی ▁ئه ▁مه ▁ریکا ▁له ▁خول ه ▁که ▁ی ▁به ▁ده ▁ست ▁هێنا .
[2026-03-17 21:35:22] Best translation 10 : ▁به ▁گوێر ه ▁ی ▁هه ▁واڵی ▁ماڵپ ه ▁ر ِ ه ▁ر ِ ه ▁ر ِ ی ▁ئه ▁وه ▁ی ▁ئه ▁و ▁که ▁سانه ▁ی ▁که ▁له ▁گه ▁ڵ ▁ئه ▁و ▁که ▁سانه ▁ی ▁که ▁سانه ▁ی ▁که ▁له ▁به ▁ر ِ ێوه ▁به ▁ر ِ ێوه ▁به ▁رای ه ▁تی ▁به ▁رای ه ▁تی ▁به ▁رای ه ▁تی ▁ئه ▁مه ▁ریکا ▁له ▁گه ▁ڵ ▁ئه ▁و ▁که ▁سانه ▁ی ▁که ▁سانه ▁ی ▁که ▁له ▁به ▁ر ِ ێوه ▁چوو .
[2026-03-17 21:35:22] Best translation 20 : ▁به ▁گوێر ه ▁ی ▁هه ▁واڵی ▁ماڵپ ه ▁ر ِ ه ▁ر ِ ه ▁ر ِ ی ▁هه ▁یه ▁، ▁به ▁ڵام ▁ئه ▁وه ▁ی ▁له ▁گه ▁ڵ ▁ئه ▁وه ▁ی ▁که ▁سانه ▁ی ▁هه ▁یه ▁، ▁به ▁ڵام ▁له ▁گه ▁ڵ ▁ئه ▁و ▁که ▁سانه ▁ی ▁که ▁سانه ▁ی ▁هه ▁یه ▁، ▁هه ▁یه ▁، ▁به ▁ڵام ▁به ▁ڵام ▁به ▁ڵام ▁ئه ▁وه ▁ی ▁هه ▁یه ▁، ▁به ▁ڵام ▁ئه ▁و ▁.، ه ه ه ه ه ه ه ه ه ه ه ه ه ▁وه ▁، ▁به ▁ڵام ▁ئه ▁و ▁.، ه ه ه ه ه ه ه ه ه ه ه ه ه ه ه ه ه ه ه ه ه ه ه ه ه ه ▁وه ▁.
[2026-03-17 21:35:22] Best translation 40 : ▁به ▁گوێر ه ▁ی ▁هه ▁واڵی ▁ماڵپ ه ▁ڕی ▁فارسی ی ▁سه ▁رچاوه ▁یه ▁ک ▁له ▁گه ▁ڵ ▁سه ▁رچاوه ▁یه ▁ک ▁له ▁گه ▁ڵ ▁سه ▁رچاوه ▁یه ▁ک ▁له ▁سه ▁رچاوه ▁یه ▁ک ▁له ▁گه ▁ڵ ▁وه ▁زیری ▁ده ▁ره ▁وه ▁ی ▁ئه ▁مه ▁ریکا ▁له ▁سه ▁رچاوه ▁یه ▁ک ▁له ▁ده ▁ره ▁وه ▁ی ▁ئه ▁مه ▁ریکا ▁له ▁گه ▁ڵ ▁ئه ▁و ▁که ▁سانه ▁ی ▁که ▁له ▁سه ▁ره ▁کی یه ▁وه ▁.
[2026-03-17 21:35:23] Best translation 80 : ▁به ▁پێی ▁هه ▁واڵێکی ▁بی ▁بی ▁بی ▁بی ▁بی ▁بی ▁بی ▁بی ▁بی ▁بی ▁بی ▁بی ▁بی ▁بی ▁بی ▁بی ▁بی ▁بی ▁بی ▁بی ▁بی ▁بی ▁بی ▁بی ▁بی ▁بی ▁بی ▁بی ▁بی ▁بی ▁بی ▁بی ▁بی ▁بی ▁بی ▁بی ▁بی ▁بی ▁بی ▁بی ▁بی ▁بی ▁بی ▁بی ▁بی ▁بی ▁بی ▁بی ▁بی ▁بی ▁بی ▁بی ▁بی ▁سی ن .
[2026-03-17 21:35:29] Best translation 160 : ▁به ▁گوێر ه ▁ی ▁هه ▁واڵی ▁ماڵپ ه ▁ر ِ ه ▁ر ِ ێوه ▁به ▁رای ه ▁تی ▁به ▁ر ِ ێوه ▁به ▁ر ِ ێوه ▁به ▁رای ه ▁تی ▁به ▁رای ه ▁تی ▁ئه ▁وه ▁ی ▁له ▁گه ▁ڵ ▁به ▁ر ِ ێوه ▁به ▁ر ِ ێوه ▁به ▁رای ه ▁تی ▁به ▁رای ه ▁تی ▁به ▁رای ه ▁تی .
[2026-03-17 21:35:37] Best translation 320 : ▁به ▁گوێر ه ▁ی ▁هه ▁واڵی ▁ماڵپ ه ▁ر ِ ه ▁ر ِ ه ▁ر ِ ی ▁ئه ▁و ▁که ▁سانه ▁ی ▁که ▁له ▁لایه ▁ن ▁به ▁ر ِ ێوه ▁چوو .
[2026-03-17 21:35:51] Best translation 640 : ▁هه ▁روه ▁ها ▁ئاماژ ه ▁ی ▁به ▁وه ▁ش ▁کرد ▁که ▁ئه ▁م ▁هه ▁فته ▁یه ▁له ▁ساڵی ▁ڕابردوو ▁له ▁هه ▁فته ▁یه ▁که ▁م ▁هه ▁فته ▁یه ▁دا ▁هه ▁فته ▁یه ▁ک ▁له ▁هه ▁فته ▁یه ▁ک ▁له ▁سه ▁ر ▁ئه ▁مه ▁ریکا ▁ده ▁کات .
[2026-03-17 21:36:20] Best translation 1280 : ▁به ▁گوێر ه ▁ی ▁هه ▁واڵی ▁ماڵپ ه ▁ر ِ ه ▁ر ِ ه ▁ر ِ ێوه ▁به ▁رای ه ▁تی ▁هه ▁واڵی ▁په ▁یوه ▁ندی ه ▁کانی ▁نێوان ▁هه ▁فته ▁یه ▁و ▁.، ه ه ه ه ه ▁روه ▁ها ی ▁و ▁.، له ▁و ▁.، ه ه ه ه ه ه ه ه ه ه ه ه ه ه ه ▁وه ▁و ▁.، ه ه ه ه ه ه ه ه ه ه ه ه ه ه ه ▁وه ▁و ▁.، ه ه ه ه ه ه ه ه ه ه ه ه ه ه ه ه ه ه ▁وه ▁و ▁.، یه ▁کان ▁و ▁.، ه ه ه ه ه ه ه ه ه ه ه ه ه ه ه ه ه ه ▁وه ▁.
[2026-03-17 21:36:55] Total translation time: 97.44327s
[2026-03-17 21:36:55] Saving model weights and runtime parameters to /workspace/OPUS-MT-train/work/en-ckb/curated-floresdev.spm4k-spm4k.transformer.model1.npz.best-bleu.npz
[2026-03-17 21:36:57] [valid] Ep. 4 : Up. 4000 : bleu : 0.115474 : new best
[2026-03-17 21:36:57] Translating validation set...
[2026-03-17 21:36:59] Best translation 0 : ▁به ▁گوێر ه ▁ی ▁هه ▁واڵی ▁ماڵپ ه ▁ر ِ ه ▁ر ِ ه ▁ر ِ ی ▁ئه ▁وه ▁ی ▁ئه ▁و ▁که ▁سانه ▁ی ▁که ▁له ▁گه ▁ڵ ▁به ▁ر ِ ێوه ▁به ▁ر ِ ێوه ▁به ▁رای ه ▁تی ▁هه ▁یه ▁.
[2026-03-17 21:36:59] Best translation 1 : ▁به ▁گوێر ه ▁ی ▁هه ▁واڵی ▁ماڵپ ه ▁ر ِ ه ▁ر ِ ه ▁ر ِ ه ▁ر ِ ی ▁" ه ه ه ی " ▁و ▁" ه ه ه ه ه ه ه ه ه ی " ▁و ▁.، ه ه ه ه ه ه ه ▁روه ▁ها ▁" ه ه ه ه ه ه ه ی " ▁و ▁.، ه ه ه ه ه ه ه ه ه ه ه ه ه ه ه ه ه ▁وه ▁و ▁.، ه ه ه ه ه ه ه ه ه ه ه ه ه ه ه ه ه ه ▁وه ▁و ▁.، ▁و ▁.، ه ه ه ه ه ه ه ه ه ه ه ه ه ه ه ه ه ه ه ه ه ه ه ه ه ه ه ه ه ▁وه ▁و ▁.، ▁و ▁.، ه ه ه ه ه ه ه ه ه ه ه ه ه ه ه ه ه ه ه ه ه ه ه ه ▁وه ▁.
[2026-03-17 21:37:00] Best translation 2 : ▁به ▁گوێر ه ▁ی ▁هه ▁واڵی ▁ماڵپ ه ▁ر ِ ه ▁ر ِ ه ▁ر ِ ی ▁ئه ▁و ▁که ▁سانه ▁ی ▁که ▁له ▁گه ▁ڵ ▁ئه ▁و ▁که ▁سانه ▁ی ▁که ▁س یان ه ▁وه ▁.
[2026-03-17 21:37:00] Best translation 3 : ▁به ▁گوێر ه ▁ی ▁هه ▁واڵی ▁ماڵپ ه ▁ر ِ ه ▁ر ِ ه ▁ر ِ ه ▁ر ِ ی ▁ئه ▁وه ▁ی ▁ئه ▁و ▁که ▁سانه ▁ی ▁که ▁له ▁گه ▁ڵ ▁ئه ▁و ▁که ▁سانه ▁ی ▁که ▁سانه ▁ی ▁له ▁گه ▁ڵ ▁ئه ▁و ▁که ▁سانه ▁ی ▁که ▁سانه ▁ی ▁له ▁لایه ▁ن ▁خۆی ه ▁وه ▁، ▁به ▁هۆی ▁ئه ▁وه ▁ی ▁له ▁گه ▁ڵ ▁ئه ▁وه ▁ی ▁که ▁سانه ▁ی ▁ئه ▁و ▁که ▁سانه ▁ی ▁که ▁سانه ▁ی ▁که ▁سانه ▁ی ▁که ▁له ▁لایه ▁ن ▁خۆی ه ▁وه ▁.
[2026-03-17 21:37:00] Best translation 4 : ▁به ▁پێی ▁هه ▁واڵێکی ▁بی ▁بی ▁بی ▁بی ▁بی ▁بی ▁بی ▁بی ▁بی ▁بی ▁بی ▁بی ▁بی ▁بی ▁بی ▁بی ▁بی ▁سی ، ▁ئه ▁و ▁که ▁سانه ▁ی ▁له ▁گه ▁ڵ ▁ئه ▁و ▁که ▁سانه ▁ی ▁که ▁س ▁له ▁گه ▁ڵ ▁ئه ▁و ▁که ▁سانه ▁ی ▁که ▁سانه ▁ی ▁له ▁گه ▁ڵ ▁هه ▁یه ▁.
[2026-03-17 21:37:00] Best translation 5 : ▁به ▁پێی ▁هه ▁واڵی ▁ماڵپ ه ▁ر ِ ه ▁ر ِ ی ▁یانه ▁ی ▁هه ▁ڵبژارد ه ▁ی ▁هه ▁ڵبژارد ه ▁ی ▁هه ▁ڵبژارد ه ▁ی ▁هه ▁ڵبژارد ه ▁ی ▁هه ▁ڵبژارد ه ▁ی ▁هه ▁ڵبژارد ه ▁ی ▁هه ▁ڵبژارد ه ▁ی ▁هه ▁ڵبژارد ه ▁ی ▁هه ▁ڵبژارد ه ▁ی ▁هه ▁ڵبژارد ه ▁ی ▁هه ▁ڵبژارد ه ▁ی ▁هه ▁ڵبژارد ه ▁ی ▁هه ▁ڵبژارد ه ▁ی ▁هه ▁ڵبژارد ه ▁ی ▁هه ▁ڵبژارد ه ▁ی ▁هه ▁ڵبژارد ه ▁ی ▁هه ▁ڵبژارد ه ▁ی ▁ئه ▁مه ▁ریکا ▁له ▁خول ه ▁که ▁ی ▁به ▁ده ▁ست ▁هێنا .
[2026-03-17 21:37:00] Best translation 10 : ▁به ▁گوێر ه ▁ی ▁هه ▁واڵی ▁ماڵپ ه ▁ر ِ ه ▁ر ِ ه ▁ر ِ ی ▁ئه ▁وه ▁ی ▁ئه ▁و ▁که ▁سانه ▁ی ▁که ▁له ▁گه ▁ڵ ▁ئه ▁و ▁که ▁سانه ▁ی ▁که ▁سانه ▁ی ▁که ▁له ▁به ▁ر ِ ێوه ▁به ▁ر ِ ێوه ▁به ▁رای ه ▁تی ▁به ▁رای ه ▁تی ▁به ▁رای ه ▁تی ▁ئه ▁مه ▁ریکا ▁له ▁گه ▁ڵ ▁ئه ▁و ▁که ▁سانه ▁ی ▁که ▁سانه ▁ی ▁که ▁له ▁به ▁ر ِ ێوه ▁چوو .
[2026-03-17 21:37:00] Best translation 20 : ▁به ▁گوێر ه ▁ی ▁هه ▁واڵی ▁ماڵپ ه ▁ر ِ ه ▁ر ِ ه ▁ر ِ ی ▁هه ▁یه ▁، ▁به ▁ڵام ▁ئه ▁وه ▁ی ▁له ▁گه ▁ڵ ▁ئه ▁وه ▁ی ▁که ▁سانه ▁ی ▁هه ▁یه ▁، ▁به ▁ڵام ▁له ▁گه ▁ڵ ▁ئه ▁و ▁که ▁سانه ▁ی ▁که ▁سانه ▁ی ▁هه ▁یه ▁، ▁هه ▁یه ▁، ▁به ▁ڵام ▁به ▁ڵام ▁به ▁ڵام ▁ئه ▁وه ▁ی ▁هه ▁یه ▁، ▁به ▁ڵام ▁ئه ▁و ▁.، ه ه ه ه ه ه ه ه ه ه ه ه ه ▁وه ▁، ▁به ▁ڵام ▁ئه ▁و ▁.، ه ه ه ه ه ه ه ه ه ه ه ه ه ه ه ه ه ه ه ه ه ه ه ه ه ه ▁وه ▁.
[2026-03-17 21:37:00] Best translation 40 : ▁به ▁گوێر ه ▁ی ▁هه ▁واڵی ▁ماڵپ ه ▁ڕی ▁فارسی ی ▁سه ▁رچاوه ▁یه ▁ک ▁له ▁گه ▁ڵ ▁سه ▁رچاوه ▁یه ▁ک ▁له ▁گه ▁ڵ ▁سه ▁رچاوه ▁یه ▁ک ▁له ▁سه ▁رچاوه ▁یه ▁ک ▁له ▁گه ▁ڵ ▁وه ▁زیری ▁ده ▁ره ▁وه ▁ی ▁ئه ▁مه ▁ریکا ▁له ▁سه ▁رچاوه ▁یه ▁ک ▁له ▁ده ▁ره ▁وه ▁ی ▁ئه ▁مه ▁ریکا ▁له ▁گه ▁ڵ ▁ئه ▁و ▁که ▁سانه ▁ی ▁که ▁له ▁سه ▁ره ▁کی یه ▁وه ▁.
[2026-03-17 21:37:02] Best translation 80 : ▁به ▁پێی ▁هه ▁واڵێکی ▁بی ▁بی ▁بی ▁بی ▁بی ▁بی ▁بی ▁بی ▁بی ▁بی ▁بی ▁بی ▁بی ▁بی ▁بی ▁بی ▁بی ▁بی ▁بی ▁بی ▁بی ▁بی ▁بی ▁بی ▁بی ▁بی ▁بی ▁بی ▁بی ▁بی ▁بی ▁بی ▁بی ▁بی ▁بی ▁بی ▁بی ▁بی ▁بی ▁بی ▁بی ▁بی ▁بی ▁بی ▁بی ▁بی ▁بی ▁بی ▁بی ▁بی ▁بی ▁بی ▁بی ▁سی ن .
[2026-03-17 21:37:08] Best translation 160 : ▁به ▁گوێر ه ▁ی ▁هه ▁واڵی ▁ماڵپ ه ▁ر ِ ه ▁ر ِ ێوه ▁به ▁رای ه ▁تی ▁به ▁ر ِ ێوه ▁به ▁ر ِ ێوه ▁به ▁رای ه ▁تی ▁به ▁رای ه ▁تی ▁ئه ▁وه ▁ی ▁له ▁گه ▁ڵ ▁به ▁ر ِ ێوه ▁به ▁ر ِ ێوه ▁به ▁رای ه ▁تی ▁به ▁رای ه ▁تی ▁به ▁رای ه ▁تی .
[2026-03-17 21:37:15] Best translation 320 : ▁به ▁گوێر ه ▁ی ▁هه ▁واڵی ▁ماڵپ ه ▁ر ِ ه ▁ر ِ ه ▁ر ِ ی ▁ئه ▁و ▁که ▁سانه ▁ی ▁که ▁له ▁لایه ▁ن ▁به ▁ر ِ ێوه ▁چوو .
[2026-03-17 21:37:29] Best translation 640 : ▁هه ▁روه ▁ها ▁ئاماژ ه ▁ی ▁به ▁وه ▁ش ▁کرد ▁که ▁ئه ▁م ▁هه ▁فته ▁یه ▁له ▁ساڵی ▁ڕابردوو ▁له ▁هه ▁فته ▁یه ▁که ▁م ▁هه ▁فته ▁یه ▁دا ▁هه ▁فته ▁یه ▁ک ▁له ▁هه ▁فته ▁یه ▁ک ▁له ▁سه ▁ر ▁ئه ▁مه ▁ریکا ▁ده ▁کات .
[2026-03-17 21:37:59] Best translation 1280 : ▁به ▁گوێر ه ▁ی ▁هه ▁واڵی ▁ماڵپ ه ▁ر ِ ه ▁ر ِ ه ▁ر ِ ێوه ▁به ▁رای ه ▁تی ▁هه ▁واڵی ▁په ▁یوه ▁ندی ه ▁کانی ▁نێوان ▁هه ▁فته ▁یه ▁و ▁.، ه ه ه ه ه ▁روه ▁ها ی ▁و ▁.، له ▁و ▁.، ه ه ه ه ه ه ه ه ه ه ه ه ه ه ه ▁وه ▁و ▁.، ه ه ه ه ه ه ه ه ه ه ه ه ه ه ه ▁وه ▁و ▁.، ه ه ه ه ه ه ه ه ه ه ه ه ه ه ه ه ه ه ▁وه ▁و ▁.، یه ▁کان ▁و ▁.، ه ه ه ه ه ه ه ه ه ه ه ه ه ه ه ه ه ه ▁وه ▁.
[2026-03-17 21:38:34] Total translation time: 97.33567s
[2026-03-17 21:38:34] Saving model weights and runtime parameters to /workspace/OPUS-MT-train/work/en-ckb/curated-floresdev.spm4k-spm4k.transformer.model1.npz.best-chrf.npz
[2026-03-17 21:38:35] [valid] Ep. 4 : Up. 4000 : chrf : 12.8272 : new best
[2026-03-17 21:38:37] Saving model weights and runtime parameters to /workspace/OPUS-MT-train/work/en-ckb/curated-floresdev.spm4k-spm4k.transformer.model1.npz.best-perplexity.npz
[2026-03-17 21:38:38] [valid] Ep. 4 : Up. 4000 : perplexity : 242.436 : new best
[2026-03-17 21:41:28] Ep. 4 : Up. 5000 : Sen. 236,173 : Cost 4.79638433 * 13,425,696 @ 15,761 after 67,186,474 : Time 377.51s : 35564.09 words/s : gNorm 1.3874 : L.r. 9.3750e-05
[2026-03-17 21:41:28] Saving model weights and runtime parameters to /workspace/OPUS-MT-train/work/en-ckb/curated-floresdev.spm4k-spm4k.transformer.model1.npz
[2026-03-17 21:41:30] Saving Adam parameters
[2026-03-17 21:41:32] [training] Saving training checkpoint to /workspace/OPUS-MT-train/work/en-ckb/curated-floresdev.spm4k-spm4k.transformer.model1.npz and /workspace/OPUS-MT-train/work/en-ckb/curated-floresdev.spm4k-spm4k.transformer.model1.npz.optimizer.npz
[2026-03-17 21:41:35] Translating validation set...
[2026-03-17 21:41:37] Best translation 0 : ▁به ▁گوێر ه ▁ی ▁هه ▁واڵی ▁ماڵپ ه ▁ڕی ▁فارسی ی ▁" ئیس نا "، ▁ئه ▁و ▁که ▁سانه ▁ی ▁که ▁له ▁سه ▁ر ▁ئه ▁و ▁که ▁سانه ▁ی ▁که ▁له ▁گه ▁ڵ ▁ئه ▁و ▁که ▁سانه ▁ی ▁که ▁له ▁گه ▁ڵ ▁ئه ▁و ▁که ▁سانه ▁ی ▁که ▁سانه ▁ی ▁که ▁له ▁سه ▁ر ▁بن ه ▁ماڵه ▁وه ▁.
[2026-03-17 21:41:37] Best translation 1 : ▁به ▁گوێر ه ▁ی ▁هه ▁واڵی ▁ماڵپ ه ▁ڕی ▁فارسی ی ▁" ئه ▁حمه ▁د " ی ▁" ه ه ه ه ه ه ی " ▁و ▁" ه ه ه ه ه ه ه ه ی " ▁و ▁" ه ه ه ه ه ه ه ی " ▁و ▁" ه ه ه ه ه ه ه ی " ▁و ▁" ه ه ه ه ه ه ه ه ه ی " ▁و ▁" ه ه ه ه ه ه ه ه ه ی " ▁و ▁" ه ه ه ه ه ه ه ه ه ه ه ه ی " ▁و ▁" ه ه ه ه ه ه ه ه ه ه ه ه ه ه ه ه ه ه ه ه ه ه ▁" " ▁و ▁" ه ه ه ه ه ه ه ه ه ه ه ه ه ه ه ه ه ه ه ه ه ه ه ه ه ه ه ه ه ه ه ▁" ▁و ▁.، " ▁له ▁ده ▁ست ▁به ▁سه ▁ر ▁به ▁سه ▁ر ▁به ▁ده ▁ست ▁هێنا .
[2026-03-17 21:41:38] Best translation 2 : ▁هه ▁روه ▁ها ▁ئاماژ ه ▁ی ▁به ▁وه ▁کرد ▁که ▁ئه ▁و ▁که ▁سانه ▁ی ▁که ▁له ▁گه ▁ڵ ▁ئه ▁و ▁که ▁سانه ▁ی ▁که ▁س یان ▁کردووه ▁.
[2026-03-17 21:41:38] Best translation 3 : ▁به ▁گوێر ه ▁ی ▁هه ▁واڵی ▁ماڵپ ه ▁ڕی ▁فارسی ی ▁" ئیس نا "، ▁ئه ▁و ▁که ▁سانه ▁ی ▁له ▁سه ▁ر ▁ئه ▁و ▁که ▁سانه ▁ی ▁که ▁له ▁لایه ▁ن ▁خۆی ه ▁وه ▁، ▁به ▁هۆی ▁ئه ▁وه ▁ی ▁ئه ▁و ▁که ▁سانه ▁ی ▁که ▁سانه ▁ی ▁له ▁لایه ▁ن ▁ئه ▁و ▁که ▁سانه ▁ی ▁که ▁سانه ▁ی ▁له ▁لایه ▁ن ▁خۆی ه ▁وه ▁، ▁ئه ▁و ▁که ▁سانه ▁ی ▁له ▁سه ▁ر ▁ئه ▁و ▁که ▁سانه ▁ی ▁که ▁سانه ▁ی ▁له ▁لایه ▁ن ▁خۆی ه ▁وه ▁.
[2026-03-17 21:41:38] Best translation 4 : ▁هه ▁روه ▁ها ▁ئه ▁وه ▁شی ▁ڕوونکرد ه ▁وه ▁، ▁که ▁ئه ▁و ▁که ▁سانه ▁ی ▁که ▁به ▁شێوه ▁یه ▁کی ▁زۆر ▁هه ▁یه ▁و ▁.، ه ه ه ه ▁روه ▁ها ▁هه ▁یه ▁و ▁.، ه ه ه ▁روه ▁ها ▁ئه ▁و ▁که ▁سانه ▁ی ▁که ▁به ▁شێوه ▁یه ▁کی ▁زۆر ه ▁و ▁.، ه ه ه ه ه ه ه ه ه ه ه ه ▁وه ▁.
[2026-03-17 21:41:38] Best translation 5 : ▁گۆل ه ▁کانی ▁یانه ▁ی ▁ڕیال ▁مه ▁درید ▁له ▁خول ه ▁که ▁کانی ▁یانه ▁ی ▁هه ▁ڵبژارد ه ▁ی ▁هه ▁ڵبژارد ه ▁ی ▁هه ▁ڵبژارد ه ▁ی ▁هه ▁ڵبژارد ه ▁ی ▁هه ▁ڵبژارد ه ▁ی ▁هه ▁ڵبژارد ه ▁ی ▁هه ▁ڵبژارد ه ▁ی ▁هه ▁ڵبژارد ه ▁ی ▁هه ▁ڵبژارد ه ▁ی ▁هه ▁ڵبژارد ه ▁ی ▁هه ▁ڵبژارد ه ▁ی ▁به ▁ده ▁ست ▁هێنا .
[2026-03-17 21:41:39] Best translation 10 : ▁به ▁گوێر ه ▁ی ▁هه ▁واڵی ▁ماڵپ ه ▁ڕی ▁فارسی ی ▁" ئیس نا "، ▁ئه ▁و ▁که ▁سانه ▁ی ▁که ▁به ▁شێوه ▁یه ▁کی ▁به ▁رهه ▁مه ێنه ▁ره ▁و ▁.، ه ه ه ه ه ▁روه ▁ها ▁به ▁رهه ▁مه ▁کانی ▁ئه ▁و ▁که ▁سانه ▁ی ▁که ▁له ▁به ▁رهه ▁مه ▁کانی ▁ئه ▁و ▁که ▁سانه ▁ی ▁که ▁سانه ▁ی ▁که ▁له ▁سه ▁ر ▁بن ه ▁ماڵه ▁که ▁ی ▁به ▁رهه ▁مه ێنه ▁وه ▁.
[2026-03-17 21:41:39] Best translation 20 : ▁به ▁گوێر ه ▁ی ▁هه ▁واڵی ▁ماڵپ ه ▁ڕی ▁فارسی ی ▁" ئیس نا "، ▁ئه ▁و ▁به ▁رهه ▁مه ▁به ▁رهه ▁مه ێنه ▁ره ▁و ▁.، ه ه ه ه ▁روه ▁ها ▁به ▁رهه ▁مه ێنه ▁ره ▁و ▁.، ه ه ه ه ه ▁روه ▁ها ▁هه ▁یه ▁، ▁به ▁ڵام ▁ئه ▁و ▁که ▁سانه ▁ی ▁که ▁به ▁شێوه ▁یه ▁کی ▁به ▁شێوه ▁یه ▁کی ▁زۆر ▁هه ▁یه ▁.
[2026-03-17 21:41:39] Best translation 40 : ▁به ▁گوێر ه ▁ی ▁هه ▁واڵی ▁ماڵپ ه ▁ڕی ▁فارسی ی ▁" ئه ▁سوات ▁عێراق " ▁سه ▁رچاوه ▁یه ▁ک ▁له ▁وه ▁زاره ▁تی ▁ده ▁ره ▁وه ▁ی ▁هه ▁رێمی ▁کوردستان ، ▁به ▁هۆی ▁ئه ▁وه ▁ی ▁له ▁سه ▁ره ▁تای ▁ئه ▁م ▁مانگه ▁دا ، ▁به ▁هۆی ه ▁وه ▁یه ▁ک ▁له ▁سه ▁ر ▁ئه ▁وه ▁ی ▁له ▁سه ▁ره ▁تای ▁مانگی ▁ڕابردوودا ، ▁له ▁سه ▁ر ▁ئه ▁م ▁مانگه ▁دا .
[2026-03-17 21:41:40] Best translation 80 : ▁به ▁گوێر ه ▁ی ▁هه ▁واڵی ▁ماڵپ ه ▁ڕی ▁فارسی ی ▁" ئه ▁حمه ▁د " ی ▁ڕاگه ▁یاند ، ▁ئه ▁و ▁که ▁سانه ▁ی ▁که ▁له ▁گه ▁ڵ ▁ئه ▁و ▁که ▁سانه ▁ی ▁که ▁له ▁گه ▁ڵ ▁ئه ▁و ▁که ▁سانه ▁ی ▁که ▁له ▁گه ▁ڵ ▁ئه ▁و ▁که ▁سانه ▁ی ▁که ▁له ▁گه ▁ڵ ▁ئه ▁و ▁که ▁سانه ▁ی ▁که ▁س یان ه ▁.
[2026-03-17 21:41:47] Best translation 160 : ▁له ▁به ▁رامب ه ▁ر ▁ئه ▁وه ▁ی ▁به ▁رامب ه ▁ر ▁به ▁رامب ه ▁ر ▁به ▁رامب ه ▁ر ▁به ▁رامب ه ▁ر ▁به ▁رامب ه ▁ر ▁به ▁رامب ه ▁ر ▁به ▁رامب ه ▁ر ▁به ▁رامب ه ▁ر ▁به ▁رامب ه ▁ر ▁به ▁رامب ه ▁ر ▁به ▁رامب ه ▁ر ▁، ▁به ▁ڵام ▁به ▁ڵام ▁به ▁هۆی ▁ئه ▁وه ▁ی ▁به ▁رامب ه ▁ر ▁به ▁رامب ه ▁ر ▁به ▁رامب ه ▁ر ▁به ▁رامب ه ▁ر .
[2026-03-17 21:41:54] Best translation 320 : ▁به ▁پێی ▁هه ▁واڵێکی ▁بی ▁بی ▁بی ▁بی ▁سی ، ▁ئه ▁و ▁که ▁سانه ▁ی ▁که ▁له ▁لایه ▁ن ▁ئه ▁و ▁که ▁سانه ▁ی ▁که ▁له ▁لایه ▁ن ▁خۆی ه ▁وه ▁ده ▁که ▁ن .
[2026-03-17 21:42:07] Best translation 640 : ▁جیهان ▁( بە ▁ئینگلیزی : ▁ : ▁ : ▁ <0xE2> <0x80> <0xA2> : ▁ <0xE2> <0x80> <0xA2> : ▁ <0xE2> <0x80> <0xA2> : ▁ <0xE2> <0x80> <0xA2> : ▁ <0xE2> <0x80> <0xA2> : ▁ <0xE2> <0x80> <0xA2> : ▁ <0xE2> <0x80> <0xA2> : ▁ <0xE2> <0x80> <0xA2> : ▁ <0xE2> <0x80> <0x9D> .
[2026-03-17 21:42:35] Best translation 1280 : ▁به ▁گوێر ه ▁ی ▁هه ▁واڵی ▁ماڵپ ه ▁ڕی ▁فارسی ی ▁" ئه ▁حمه ▁د " ی ▁ڕاگه ▁یاند ، ▁ئه ▁و ▁که ▁سانه ▁ی ▁که ▁له ▁سه ▁ر ▁زه ▁و ی ▁و ی ▁و ی ▁و ی ▁و ی ▁و ی ▁و ی ▁و ی ▁دیکه ▁ش ▁ده ▁بێته ▁هۆی ه ▁وه ▁.
[2026-03-17 21:43:09] Total translation time: 94.03748s
[2026-03-17 21:43:09] Saving model weights and runtime parameters to /workspace/OPUS-MT-train/work/en-ckb/curated-floresdev.spm4k-spm4k.transformer.model1.npz.best-bleu.npz
[2026-03-17 21:43:11] [valid] Ep. 4 : Up. 5000 : bleu : 0.150225 : new best
[2026-03-17 21:43:11] Translating validation set...
[2026-03-17 21:43:13] Best translation 0 : ▁به ▁گوێر ه ▁ی ▁هه ▁واڵی ▁ماڵپ ه ▁ڕی ▁فارسی ی ▁" ئیس نا "، ▁ئه ▁و ▁که ▁سانه ▁ی ▁که ▁له ▁سه ▁ر ▁ئه ▁و ▁که ▁سانه ▁ی ▁که ▁له ▁گه ▁ڵ ▁ئه ▁و ▁که ▁سانه ▁ی ▁که ▁له ▁گه ▁ڵ ▁ئه ▁و ▁که ▁سانه ▁ی ▁که ▁سانه ▁ی ▁که ▁له ▁سه ▁ر ▁بن ه ▁ماڵه ▁وه ▁.
[2026-03-17 21:43:13] Best translation 1 : ▁به ▁گوێر ه ▁ی ▁هه ▁واڵی ▁ماڵپ ه ▁ڕی ▁فارسی ی ▁" ئه ▁حمه ▁د " ی ▁" ه ه ه ه ه ه ی " ▁و ▁" ه ه ه ه ه ه ه ه ی " ▁و ▁" ه ه ه ه ه ه ه ی " ▁و ▁" ه ه ه ه ه ه ه ی " ▁و ▁" ه ه ه ه ه ه ه ه ه ی " ▁و ▁" ه ه ه ه ه ه ه ه ه ی " ▁و ▁" ه ه ه ه ه ه ه ه ه ه ه ه ی " ▁و ▁" ه ه ه ه ه ه ه ه ه ه ه ه ه ه ه ه ه ه ه ه ه ه ▁" " ▁و ▁" ه ه ه ه ه ه ه ه ه ه ه ه ه ه ه ه ه ه ه ه ه ه ه ه ه ه ه ه ه ه ه ▁" ▁و ▁.، " ▁له ▁ده ▁ست ▁به ▁سه ▁ر ▁به ▁سه ▁ر ▁به ▁ده ▁ست ▁هێنا .
[2026-03-17 21:43:14] Best translation 2 : ▁هه ▁روه ▁ها ▁ئاماژ ه ▁ی ▁به ▁وه ▁کرد ▁که ▁ئه ▁و ▁که ▁سانه ▁ی ▁که ▁له ▁گه ▁ڵ ▁ئه ▁و ▁که ▁سانه ▁ی ▁که ▁س یان ▁کردووه ▁.
[2026-03-17 21:43:14] Best translation 3 : ▁به ▁گوێر ه ▁ی ▁هه ▁واڵی ▁ماڵپ ه ▁ڕی ▁فارسی ی ▁" ئیس نا "، ▁ئه ▁و ▁که ▁سانه ▁ی ▁له ▁سه ▁ر ▁ئه ▁و ▁که ▁سانه ▁ی ▁که ▁له ▁لایه ▁ن ▁خۆی ه ▁وه ▁، ▁به ▁هۆی ▁ئه ▁وه ▁ی ▁ئه ▁و ▁که ▁سانه ▁ی ▁که ▁سانه ▁ی ▁له ▁لایه ▁ن ▁ئه ▁و ▁که ▁سانه ▁ی ▁که ▁سانه ▁ی ▁له ▁لایه ▁ن ▁خۆی ه ▁وه ▁، ▁ئه ▁و ▁که ▁سانه ▁ی ▁له ▁سه ▁ر ▁ئه ▁و ▁که ▁سانه ▁ی ▁که ▁سانه ▁ی ▁له ▁لایه ▁ن ▁خۆی ه ▁وه ▁.
[2026-03-17 21:43:14] Best translation 4 : ▁هه ▁روه ▁ها ▁ئه ▁وه ▁شی ▁ڕوونکرد ه ▁وه ▁، ▁که ▁ئه ▁و ▁که ▁سانه ▁ی ▁که ▁به ▁شێوه ▁یه ▁کی ▁زۆر ▁هه ▁یه ▁و ▁.، ه ه ه ه ▁روه ▁ها ▁هه ▁یه ▁و ▁.، ه ه ه ▁روه ▁ها ▁ئه ▁و ▁که ▁سانه ▁ی ▁که ▁به ▁شێوه ▁یه ▁کی ▁زۆر ه ▁و ▁.، ه ه ه ه ه ه ه ه ه ه ه ه ▁وه ▁.
[2026-03-17 21:43:14] Best translation 5 : ▁گۆل ه ▁کانی ▁یانه ▁ی ▁ڕیال ▁مه ▁درید ▁له ▁خول ه ▁که ▁کانی ▁یانه ▁ی ▁هه ▁ڵبژارد ه ▁ی ▁هه ▁ڵبژارد ه ▁ی ▁هه ▁ڵبژارد ه ▁ی ▁هه ▁ڵبژارد ه ▁ی ▁هه ▁ڵبژارد ه ▁ی ▁هه ▁ڵبژارد ه ▁ی ▁هه ▁ڵبژارد ه ▁ی ▁هه ▁ڵبژارد ه ▁ی ▁هه ▁ڵبژارد ه ▁ی ▁هه ▁ڵبژارد ه ▁ی ▁هه ▁ڵبژارد ه ▁ی ▁به ▁ده ▁ست ▁هێنا .
[2026-03-17 21:43:14] Best translation 10 : ▁به ▁گوێر ه ▁ی ▁هه ▁واڵی ▁ماڵپ ه ▁ڕی ▁فارسی ی ▁" ئیس نا "، ▁ئه ▁و ▁که ▁سانه ▁ی ▁که ▁به ▁شێوه ▁یه ▁کی ▁به ▁رهه ▁مه ێنه ▁ره ▁و ▁.، ه ه ه ه ه ▁روه ▁ها ▁به ▁رهه ▁مه ▁کانی ▁ئه ▁و ▁که ▁سانه ▁ی ▁که ▁له ▁به ▁رهه ▁مه ▁کانی ▁ئه ▁و ▁که ▁سانه ▁ی ▁که ▁سانه ▁ی ▁که ▁له ▁سه ▁ر ▁بن ه ▁ماڵه ▁که ▁ی ▁به ▁رهه ▁مه ێنه ▁وه ▁.
[2026-03-17 21:43:14] Best translation 20 : ▁به ▁گوێر ه ▁ی ▁هه ▁واڵی ▁ماڵپ ه ▁ڕی ▁فارسی ی ▁" ئیس نا "، ▁ئه ▁و ▁به ▁رهه ▁مه ▁به ▁رهه ▁مه ێنه ▁ره ▁و ▁.، ه ه ه ه ▁روه ▁ها ▁به ▁رهه ▁مه ێنه ▁ره ▁و ▁.، ه ه ه ه ه ▁روه ▁ها ▁هه ▁یه ▁، ▁به ▁ڵام ▁ئه ▁و ▁که ▁سانه ▁ی ▁که ▁به ▁شێوه ▁یه ▁کی ▁به ▁شێوه ▁یه ▁کی ▁زۆر ▁هه ▁یه ▁.
[2026-03-17 21:43:14] Best translation 40 : ▁به ▁گوێر ه ▁ی ▁هه ▁واڵی ▁ماڵپ ه ▁ڕی ▁فارسی ی ▁" ئه ▁سوات ▁عێراق " ▁سه ▁رچاوه ▁یه ▁ک ▁له ▁وه ▁زاره ▁تی ▁ده ▁ره ▁وه ▁ی ▁هه ▁رێمی ▁کوردستان ، ▁به ▁هۆی ▁ئه ▁وه ▁ی ▁له ▁سه ▁ره ▁تای ▁ئه ▁م ▁مانگه ▁دا ، ▁به ▁هۆی ه ▁وه ▁یه ▁ک ▁له ▁سه ▁ر ▁ئه ▁وه ▁ی ▁له ▁سه ▁ره ▁تای ▁مانگی ▁ڕابردوودا ، ▁له ▁سه ▁ر ▁ئه ▁م ▁مانگه ▁دا .
[2026-03-17 21:43:16] Best translation 80 : ▁به ▁گوێر ه ▁ی ▁هه ▁واڵی ▁ماڵپ ه ▁ڕی ▁فارسی ی ▁" ئه ▁حمه ▁د " ی ▁ڕاگه ▁یاند ، ▁ئه ▁و ▁که ▁سانه ▁ی ▁که ▁له ▁گه ▁ڵ ▁ئه ▁و ▁که ▁سانه ▁ی ▁که ▁له ▁گه ▁ڵ ▁ئه ▁و ▁که ▁سانه ▁ی ▁که ▁له ▁گه ▁ڵ ▁ئه ▁و ▁که ▁سانه ▁ی ▁که ▁له ▁گه ▁ڵ ▁ئه ▁و ▁که ▁سانه ▁ی ▁که ▁س یان ه ▁.
[2026-03-17 21:43:22] Best translation 160 : ▁له ▁به ▁رامب ه ▁ر ▁ئه ▁وه ▁ی ▁به ▁رامب ه ▁ر ▁به ▁رامب ه ▁ر ▁به ▁رامب ه ▁ر ▁به ▁رامب ه ▁ر ▁به ▁رامب ه ▁ر ▁به ▁رامب ه ▁ر ▁به ▁رامب ه ▁ر ▁به ▁رامب ه ▁ر ▁به ▁رامب ه ▁ر ▁به ▁رامب ه ▁ر ▁به ▁رامب ه ▁ر ▁، ▁به ▁ڵام ▁به ▁ڵام ▁به ▁هۆی ▁ئه ▁وه ▁ی ▁به ▁رامب ه ▁ر ▁به ▁رامب ه ▁ر ▁به ▁رامب ه ▁ر ▁به ▁رامب ه ▁ر .
[2026-03-17 21:43:30] Best translation 320 : ▁به ▁پێی ▁هه ▁واڵێکی ▁بی ▁بی ▁بی ▁بی ▁سی ، ▁ئه ▁و ▁که ▁سانه ▁ی ▁که ▁له ▁لایه ▁ن ▁ئه ▁و ▁که ▁سانه ▁ی ▁که ▁له ▁لایه ▁ن ▁خۆی ه ▁وه ▁ده ▁که ▁ن .
[2026-03-17 21:43:43] Best translation 640 : ▁جیهان ▁( بە ▁ئینگلیزی : ▁ : ▁ : ▁ <0xE2> <0x80> <0xA2> : ▁ <0xE2> <0x80> <0xA2> : ▁ <0xE2> <0x80> <0xA2> : ▁ <0xE2> <0x80> <0xA2> : ▁ <0xE2> <0x80> <0xA2> : ▁ <0xE2> <0x80> <0xA2> : ▁ <0xE2> <0x80> <0xA2> : ▁ <0xE2> <0x80> <0xA2> : ▁ <0xE2> <0x80> <0x9D> .
[2026-03-17 21:44:11] Best translation 1280 : ▁به ▁گوێر ه ▁ی ▁هه ▁واڵی ▁ماڵپ ه ▁ڕی ▁فارسی ی ▁" ئه ▁حمه ▁د " ی ▁ڕاگه ▁یاند ، ▁ئه ▁و ▁که ▁سانه ▁ی ▁که ▁له ▁سه ▁ر ▁زه ▁و ی ▁و ی ▁و ی ▁و ی ▁و ی ▁و ی ▁و ی ▁و ی ▁دیکه ▁ش ▁ده ▁بێته ▁هۆی ه ▁وه ▁.
[2026-03-17 21:44:46] Total translation time: 95.19332s
[2026-03-17 21:44:46] Saving model weights and runtime parameters to /workspace/OPUS-MT-train/work/en-ckb/curated-floresdev.spm4k-spm4k.transformer.model1.npz.best-chrf.npz
[2026-03-17 21:44:47] [valid] Ep. 4 : Up. 5000 : chrf : 13.8841 : new best
[2026-03-17 21:44:49] Saving model weights and runtime parameters to /workspace/OPUS-MT-train/work/en-ckb/curated-floresdev.spm4k-spm4k.transformer.model1.npz.best-perplexity.npz
[2026-03-17 21:44:50] [valid] Ep. 4 : Up. 5000 : perplexity : 179.402 : new best
[2026-03-17 21:45:43] Seen 310,206 samples
[2026-03-17 21:45:43] Starting data epoch 5 in logical epoch 5
[2026-03-17 21:47:40] Ep. 5 : Up. 6000 : Sen. 160,549 : Cost 4.56745195 * 13,416,978 @ 16,238 after 80,603,452 : Time 372.19s : 36048.94 words/s : gNorm 1.2895 : L.r. 1.1250e-04
[2026-03-17 21:47:40] Saving model weights and runtime parameters to /workspace/OPUS-MT-train/work/en-ckb/curated-floresdev.spm4k-spm4k.transformer.model1.npz
[2026-03-17 21:47:42] Saving Adam parameters
[2026-03-17 21:47:44] [training] Saving training checkpoint to /workspace/OPUS-MT-train/work/en-ckb/curated-floresdev.spm4k-spm4k.transformer.model1.npz and /workspace/OPUS-MT-train/work/en-ckb/curated-floresdev.spm4k-spm4k.transformer.model1.npz.optimizer.npz
[2026-03-17 21:47:48] Translating validation set...
[2026-03-17 21:47:49] Best translation 0 : ▁ئه ▁م ▁توێژین ه ▁وه ▁یه ▁له ▁گه ▁ڵ ▁ئه ▁و ▁که ▁سانه ▁ی ▁که ▁له ▁سه ▁ر ▁بن ه ▁ماڵه ▁یه ▁کی ▁ئه ▁و ▁که ▁سانه ▁ی ▁که ▁له ▁گه ▁ڵ ▁ئه ▁و ▁که ▁سانه ▁ی ▁که ▁له ▁سه ▁ر ▁بن ه ▁ماڵه ▁که ▁ی ▁ئه ▁و ▁که ▁سانه ▁ی ▁که ▁له ▁سه ▁ر ▁بن ه ▁ماڵه ▁وه ▁.
[2026-03-17 21:47:49] Best translation 1 : ▁به ▁گوێر ه ▁ی ▁هه ▁واڵی ▁ماڵپ ه ▁ڕی ▁فارسی ی ▁" ئیس نا "، ▁ئه ▁و ▁که ▁سانه ▁ی ▁که ▁له ▁لایه ▁ن ▁چه ▁ند ▁ڕۆژی ▁ڕابردوو ه ▁وه ▁ده ▁ستی ▁پێکردووه ▁و ▁.، ه ه ه ه ▁روه ▁ها ▁چه ▁ند ▁چه ▁ندین ▁که ▁س یان ▁به ▁سه ▁ر ▁زه ▁و ی ▁و ی ▁و ی ▁سه ▁ر ▁زه ▁و ی ▁و ی ▁و ی ▁سه ▁ر ▁زه ▁و ی ▁و ی ▁و ی ▁به ▁ده ▁ست ▁هێنا .
[2026-03-17 21:47:50] Best translation 2 : ▁هه ▁روه ▁ها ▁ئاماژ ه ▁ی ▁بۆ ▁ئه ▁وه ▁کرد ▁که ▁ئه ▁و ▁که ▁سانه ▁ی ▁که ▁له ▁گه ▁ڵ ▁ئه ▁و ▁که ▁سانه ▁ی ▁که ▁له ▁گه ▁ڵ ▁ئه ▁و ▁که ▁سانه ▁ی ▁ئه ▁و ▁که ▁سانه ▁ی ▁که ▁له ▁گه ▁ڵ ▁ئه ▁و ▁که ▁سانه ▁ی ▁که ▁س ▁بووه ▁.
[2026-03-17 21:47:50] Best translation 3 : ▁به ▁گوێر ه ▁ی ▁هه ▁واڵی ▁ماڵپ ه ▁ڕی ▁فارسی ی ▁" ئیس نا "، ▁به ▁گوێر ه ▁ی ▁هه ▁واڵی ▁ماڵپ ه ▁ڕی ▁فارسی ی ▁" ئیس نا "، ▁به ▁گوێر ه ▁ی ▁هه ▁واڵی ▁ماڵپ ه ▁ڕی ▁ماڵپ ه ▁ڕی ▁فارسی ی ▁" ئیس نا "، ▁ئه ▁و ▁که ▁سانه ▁ی ▁که ▁له ▁سه ▁ر ▁بن ه ▁مای ▁ئه ▁و ▁که ▁سانه ▁ی ▁که ▁له ▁سه ▁ر ▁بن ه ▁مای ▁ئه ▁و ▁که ▁سانه ▁ی ▁که ▁له ▁سه ▁ر ▁بن ه ▁مای ▁ئه ▁و ▁که ▁سانه ▁ی ▁که ▁له ▁سه ▁ر ▁بن ه ▁مای ▁ئه ▁و ▁په ▁یوه ▁ندی ه ▁کان ه ▁.
[2026-03-17 21:47:50] Best translation 4 : ▁هه ▁روه ▁ها ▁ئه ▁وه ▁شی ▁ڕوونکرد ه ▁وه ▁، ▁که ▁ئه ▁و ▁که ▁سانه ▁ی ▁که ▁به ▁شێوه ▁یه ▁کی ▁زۆر ▁هه ▁ڵ ب ژێر دراو ن ، ▁به ▁ڵام ▁ئه ▁و ▁که ▁سانه ▁ی ▁که ▁هه ▁ڵ ب ژێر دراو ن .
[2026-03-17 21:47:50] Best translation 5 : ▁گۆل ه ▁کانی ▁یانه ▁ی ▁ڕیال ▁مه ▁درید ▁له ▁ڕێگای ▁یاریزانی ▁یانه ▁ی ▁ڕیال ▁مه ▁درید ▁له ▁خول ه ▁که ▁کانی ▁، ▁تۆمارکرا ▁، ▁له ▁ڕێگای ▁یاریزانی ▁یانه ▁ی ▁ڕیال ▁مه ▁درید ▁له ▁خول ه ▁که ▁کانی ▁، ▁تۆمارکرا .
[2026-03-17 21:47:51] Best translation 10 : ▁به ▁پێی ▁هه ▁واڵێکی ▁بی ▁بی ▁بی ▁بی ▁سی ، ▁ئه ▁و ▁که ▁سانه ▁ی ▁که ▁له ▁ده ▁ره ▁وه ▁ی ▁ئه ▁و ▁که ▁سانه ▁ی ▁که ▁ئه ▁و ▁که ▁سانه ▁ی ▁که ▁به ▁شێوه ▁یه ▁کی ▁زۆر ▁له ▁ده ▁ست هێناوه ▁و ▁.، ئه ▁و ▁که ▁سانه ▁ی ▁که ▁به ▁شێوه ▁یه ▁کی ▁زۆر ▁له ▁ده ▁ست ▁هێنا .
[2026-03-17 21:47:51] Best translation 20 : ▁به ▁گوێر ه ▁ی ▁هه ▁واڵی ▁ماڵپ ه ▁ڕی ▁فارسی ی ▁" ئیس نا "، ▁ئه ▁و ▁به ▁رهه ▁مه ▁به ▁رهه ▁مه ێنه ▁ره ▁و ▁.، ه ه ه ▁روه ▁ها ▁به ▁رهه ▁مه ێنه ▁ری ▁به ▁رهه ▁مه ێنه ▁ره ▁و ▁.، به ▁رهه ▁مه ▁کانی ▁دیکه ▁ی ▁هه ▁یه ▁، ▁به ▁ڵام ▁ئه ▁و ▁که ▁سانه ▁ی ▁که ▁هه ▁یه ▁.
[2026-03-17 21:47:51] Best translation 40 : ▁به ▁گوێر ه ▁ی ▁هه ▁واڵی ▁ماڵپ ه ▁ڕی ▁فارسی ی ▁" ئیس نا "، ▁سه ▁رۆک ▁وه ▁زیرانی ▁پێشووی ▁ئه ▁مه ▁ریکا ▁له ▁به ▁ر ِ ێوه ▁به ▁رای ه ▁تی ▁پۆلیسی ▁قه ▁ره ▁بوو کردنه ▁وه ▁ی ▁سه ▁رۆک ▁وه ▁زیرانی ▁هه ▁رێمی ▁کوردستان ▁ده ▁ستی ▁پێکرد .
[2026-03-17 21:47:52] Best translation 80 : ▁هەر چ ەند ە ▁بە ش ێوە یەکی ▁زۆر ▁بە ش ێوە ی ▁بە ش ێوە یەکی ▁زۆر ▁بە ش ێوە ی ▁نە بێت ▁.
[2026-03-17 21:47:59] Best translation 160 : ▁له ▁به ▁رامب ه ▁ر ▁به ▁رامب ه ▁ر ▁به ▁رامب ه ▁ر ▁به ▁رامب ه ▁ر ▁به ▁رامب ه ▁ر ▁به ▁رامب ه ▁ر ▁به ▁رامب ه ▁ر ▁به ▁رامب ه ▁ر ▁به ▁رامب ه ▁ر ▁به ▁ده ▁ست ▁هێنا .
[2026-03-17 21:48:06] Best translation 320 : ▁ <0xC2> <0xAB> ▁ <0xC2> <0xAB> ▁ <0xC2> <0xAB> ▁ <0xC2> <0xBB> ▁ <0xC2> <0xBB> ▁ <0xC2> <0xBB> ▁ <0xC2> <0xBB> ▁ <0xC2> <0xBB> ▁ <0xC2> <0xBB> ▁ <0xC2> <0xBB> ▁ <0xC2> <0xBB> ▁ <0xC2> <0xBB> ▁ <0xC2> <0xBB> ▁ <0xC2> <0xBB> ▁ <0xC2> <0xBB> ▁ <0xC2> <0xBB> ▁ <0xC2> <0xBB> ▁ <0xC2> <0xBB> ▁ <0xC2> <0xBB> ▁ <0xC2> <0xBB> ▁ <0xC2> <0xBB> ▁ <0xC2> <0xBB> ▁ <0xC2> <0xBB> ▁ <0xC2> <0xBB> ▁ <0xC2> <0xBB> ▁ <0xC2> <0xBB> ▁ <0xC2> <0xBB>
[2026-03-17 21:48:20] Best translation 640 : ▁جیهان ▁( بە ▁ئینگلیزی : ▁ : ▁ : ▁ <0x4A> o g e ▁ : ▁ : ▁ <0xE2> <0x80> <0xA2> : ▁ <0xE2> <0x80> <0xA2> : ▁ <0xE2> <0x80> <0xA2> : ▁ <0xE2> <0x80> <0xA2> : ▁ <0xE2> <0x80> <0xA2> : ▁ <0xE2> <0x80> <0xA2> : ▁ <0xE2> <0x80> <0xA2> : ▁ <0xE2> <0x80> <0xA2> ▁ <0xE2> <0x80> <0xA2> ▁ <0xE2> <0x80> <0xA2> : ▁ <0xE2> <0x80> <0xA2> ▁ <0xE2> <0x80> <0xA2> ▁ <0xE2> <0x80> <0xA2> ▁ <0xE2> <0x80> <0xA2> ▁ <0xE2> <0x80> <0xA2> ▁ <0xE2> <0x80> <0xA2> ▁ <0xE2> <0x80> <0xA2> ▁ <0xE2> <0x80> <0xA2> ▁ <0xE2> <0x80> <0xA2> ▁ <0xE2> <0x80> <0xA2> ▁ <0xE2> <0x80> <0xA2> ▁
[2026-03-17 21:48:47] Best translation 1280 : ▁به ▁گوێر ه ▁ی ▁هه ▁واڵی ▁ماڵپ ه ▁ڕی ▁فارسی ی ▁" ئیس نا "، ▁ئه ▁و ▁هه ▁فته ▁یه ▁ی ▁ڕابردوو ▁له ▁سه ▁ر ▁زه ▁و ی ▁و ی ▁و ی ▁سه ▁ره ▁کی یه ▁کان ، ▁به ▁هۆی ▁ئه ▁وه ▁ی ▁ئه ▁و ▁زه ▁و ی ▁و ی انه ▁ی ▁که ▁له ▁سه ▁ر ▁زه ▁و ی ▁و ی ▁و ی ▁و ی ▁و ی ▁دیکه ▁ش ▁ده ▁که ▁ن .
[2026-03-17 21:49:21] Total translation time: 93.33056s
[2026-03-17 21:49:21] Saving model weights and runtime parameters to /workspace/OPUS-MT-train/work/en-ckb/curated-floresdev.spm4k-spm4k.transformer.model1.npz.best-bleu.npz
[2026-03-17 21:49:22] [valid] Ep. 5 : Up. 6000 : bleu : 0.16039 : new best
[2026-03-17 21:49:22] Translating validation set...
[2026-03-17 21:49:24] Best translation 0 : ▁ئه ▁م ▁توێژین ه ▁وه ▁یه ▁له ▁گه ▁ڵ ▁ئه ▁و ▁که ▁سانه ▁ی ▁که ▁له ▁سه ▁ر ▁بن ه ▁ماڵه ▁یه ▁کی ▁ئه ▁و ▁که ▁سانه ▁ی ▁که ▁له ▁گه ▁ڵ ▁ئه ▁و ▁که ▁سانه ▁ی ▁که ▁له ▁سه ▁ر ▁بن ه ▁ماڵه ▁که ▁ی ▁ئه ▁و ▁که ▁سانه ▁ی ▁که ▁له ▁سه ▁ر ▁بن ه ▁ماڵه ▁وه ▁.
[2026-03-17 21:49:24] Best translation 1 : ▁به ▁گوێر ه ▁ی ▁هه ▁واڵی ▁ماڵپ ه ▁ڕی ▁فارسی ی ▁" ئیس نا "، ▁ئه ▁و ▁که ▁سانه ▁ی ▁که ▁له ▁لایه ▁ن ▁چه ▁ند ▁ڕۆژی ▁ڕابردوو ه ▁وه ▁ده ▁ستی ▁پێکردووه ▁و ▁.، ه ه ه ه ▁روه ▁ها ▁چه ▁ند ▁چه ▁ندین ▁که ▁س یان ▁به ▁سه ▁ر ▁زه ▁و ی ▁و ی ▁و ی ▁سه ▁ر ▁زه ▁و ی ▁و ی ▁و ی ▁سه ▁ر ▁زه ▁و ی ▁و ی ▁و ی ▁به ▁ده ▁ست ▁هێنا .
[2026-03-17 21:49:25] Best translation 2 : ▁هه ▁روه ▁ها ▁ئاماژ ه ▁ی ▁بۆ ▁ئه ▁وه ▁کرد ▁که ▁ئه ▁و ▁که ▁سانه ▁ی ▁که ▁له ▁گه ▁ڵ ▁ئه ▁و ▁که ▁سانه ▁ی ▁که ▁له ▁گه ▁ڵ ▁ئه ▁و ▁که ▁سانه ▁ی ▁ئه ▁و ▁که ▁سانه ▁ی ▁که ▁له ▁گه ▁ڵ ▁ئه ▁و ▁که ▁سانه ▁ی ▁که ▁س ▁بووه ▁.
[2026-03-17 21:49:25] Best translation 3 : ▁به ▁گوێر ه ▁ی ▁هه ▁واڵی ▁ماڵپ ه ▁ڕی ▁فارسی ی ▁" ئیس نا "، ▁به ▁گوێر ه ▁ی ▁هه ▁واڵی ▁ماڵپ ه ▁ڕی ▁فارسی ی ▁" ئیس نا "، ▁به ▁گوێر ه ▁ی ▁هه ▁واڵی ▁ماڵپ ه ▁ڕی ▁ماڵپ ه ▁ڕی ▁فارسی ی ▁" ئیس نا "، ▁ئه ▁و ▁که ▁سانه ▁ی ▁که ▁له ▁سه ▁ر ▁بن ه ▁مای ▁ئه ▁و ▁که ▁سانه ▁ی ▁که ▁له ▁سه ▁ر ▁بن ه ▁مای ▁ئه ▁و ▁که ▁سانه ▁ی ▁که ▁له ▁سه ▁ر ▁بن ه ▁مای ▁ئه ▁و ▁که ▁سانه ▁ی ▁که ▁له ▁سه ▁ر ▁بن ه ▁مای ▁ئه ▁و ▁په ▁یوه ▁ندی ه ▁کان ه ▁.
[2026-03-17 21:49:25] Best translation 4 : ▁هه ▁روه ▁ها ▁ئه ▁وه ▁شی ▁ڕوونکرد ه ▁وه ▁، ▁که ▁ئه ▁و ▁که ▁سانه ▁ی ▁که ▁به ▁شێوه ▁یه ▁کی ▁زۆر ▁هه ▁ڵ ب ژێر دراو ن ، ▁به ▁ڵام ▁ئه ▁و ▁که ▁سانه ▁ی ▁که ▁هه ▁ڵ ب ژێر دراو ن .
[2026-03-17 21:49:25] Best translation 5 : ▁گۆل ه ▁کانی ▁یانه ▁ی ▁ڕیال ▁مه ▁درید ▁له ▁ڕێگای ▁یاریزانی ▁یانه ▁ی ▁ڕیال ▁مه ▁درید ▁له ▁خول ه ▁که ▁کانی ▁، ▁تۆمارکرا ▁، ▁له ▁ڕێگای ▁یاریزانی ▁یانه ▁ی ▁ڕیال ▁مه ▁درید ▁له ▁خول ه ▁که ▁کانی ▁، ▁تۆمارکرا .
[2026-03-17 21:49:25] Best translation 10 : ▁به ▁پێی ▁هه ▁واڵێکی ▁بی ▁بی ▁بی ▁بی ▁سی ، ▁ئه ▁و ▁که ▁سانه ▁ی ▁که ▁له ▁ده ▁ره ▁وه ▁ی ▁ئه ▁و ▁که ▁سانه ▁ی ▁که ▁ئه ▁و ▁که ▁سانه ▁ی ▁که ▁به ▁شێوه ▁یه ▁کی ▁زۆر ▁له ▁ده ▁ست هێناوه ▁و ▁.، ئه ▁و ▁که ▁سانه ▁ی ▁که ▁به ▁شێوه ▁یه ▁کی ▁زۆر ▁له ▁ده ▁ست ▁هێنا .
[2026-03-17 21:49:25] Best translation 20 : ▁به ▁گوێر ه ▁ی ▁هه ▁واڵی ▁ماڵپ ه ▁ڕی ▁فارسی ی ▁" ئیس نا "، ▁ئه ▁و ▁به ▁رهه ▁مه ▁به ▁رهه ▁مه ێنه ▁ره ▁و ▁.، ه ه ه ▁روه ▁ها ▁به ▁رهه ▁مه ێنه ▁ری ▁به ▁رهه ▁مه ێنه ▁ره ▁و ▁.، به ▁رهه ▁مه ▁کانی ▁دیکه ▁ی ▁هه ▁یه ▁، ▁به ▁ڵام ▁ئه ▁و ▁که ▁سانه ▁ی ▁که ▁هه ▁یه ▁.
[2026-03-17 21:49:25] Best translation 40 : ▁به ▁گوێر ه ▁ی ▁هه ▁واڵی ▁ماڵپ ه ▁ڕی ▁فارسی ی ▁" ئیس نا "، ▁سه ▁رۆک ▁وه ▁زیرانی ▁پێشووی ▁ئه ▁مه ▁ریکا ▁له ▁به ▁ر ِ ێوه ▁به ▁رای ه ▁تی ▁پۆلیسی ▁قه ▁ره ▁بوو کردنه ▁وه ▁ی ▁سه ▁رۆک ▁وه ▁زیرانی ▁هه ▁رێمی ▁کوردستان ▁ده ▁ستی ▁پێکرد .
[2026-03-17 21:49:27] Best translation 80 : ▁هەر چ ەند ە ▁بە ش ێوە یەکی ▁زۆر ▁بە ش ێوە ی ▁بە ش ێوە یەکی ▁زۆر ▁بە ش ێوە ی ▁نە بێت ▁.
[2026-03-17 21:49:33] Best translation 160 : ▁له ▁به ▁رامب ه ▁ر ▁به ▁رامب ه ▁ر ▁به ▁رامب ه ▁ر ▁به ▁رامب ه ▁ر ▁به ▁رامب ه ▁ر ▁به ▁رامب ه ▁ر ▁به ▁رامب ه ▁ر ▁به ▁رامب ه ▁ر ▁به ▁رامب ه ▁ر ▁به ▁ده ▁ست ▁هێنا .
[2026-03-17 21:49:41] Best translation 320 : ▁ <0xC2> <0xAB> ▁ <0xC2> <0xAB> ▁ <0xC2> <0xAB> ▁ <0xC2> <0xBB> ▁ <0xC2> <0xBB> ▁ <0xC2> <0xBB> ▁ <0xC2> <0xBB> ▁ <0xC2> <0xBB> ▁ <0xC2> <0xBB> ▁ <0xC2> <0xBB> ▁ <0xC2> <0xBB> ▁ <0xC2> <0xBB> ▁ <0xC2> <0xBB> ▁ <0xC2> <0xBB> ▁ <0xC2> <0xBB> ▁ <0xC2> <0xBB> ▁ <0xC2> <0xBB> ▁ <0xC2> <0xBB> ▁ <0xC2> <0xBB> ▁ <0xC2> <0xBB> ▁ <0xC2> <0xBB> ▁ <0xC2> <0xBB> ▁ <0xC2> <0xBB> ▁ <0xC2> <0xBB> ▁ <0xC2> <0xBB> ▁ <0xC2> <0xBB> ▁ <0xC2> <0xBB>
[2026-03-17 21:49:55] Best translation 640 : ▁جیهان ▁( بە ▁ئینگلیزی : ▁ : ▁ : ▁ <0x4A> o g e ▁ : ▁ : ▁ <0xE2> <0x80> <0xA2> : ▁ <0xE2> <0x80> <0xA2> : ▁ <0xE2> <0x80> <0xA2> : ▁ <0xE2> <0x80> <0xA2> : ▁ <0xE2> <0x80> <0xA2> : ▁ <0xE2> <0x80> <0xA2> : ▁ <0xE2> <0x80> <0xA2> : ▁ <0xE2> <0x80> <0xA2> ▁ <0xE2> <0x80> <0xA2> ▁ <0xE2> <0x80> <0xA2> : ▁ <0xE2> <0x80> <0xA2> ▁ <0xE2> <0x80> <0xA2> ▁ <0xE2> <0x80> <0xA2> ▁ <0xE2> <0x80> <0xA2> ▁ <0xE2> <0x80> <0xA2> ▁ <0xE2> <0x80> <0xA2> ▁ <0xE2> <0x80> <0xA2> ▁ <0xE2> <0x80> <0xA2> ▁ <0xE2> <0x80> <0xA2> ▁ <0xE2> <0x80> <0xA2> ▁ <0xE2> <0x80> <0xA2> ▁
[2026-03-17 21:50:22] Best translation 1280 : ▁به ▁گوێر ه ▁ی ▁هه ▁واڵی ▁ماڵپ ه ▁ڕی ▁فارسی ی ▁" ئیس نا "، ▁ئه ▁و ▁هه ▁فته ▁یه ▁ی ▁ڕابردوو ▁له ▁سه ▁ر ▁زه ▁و ی ▁و ی ▁و ی ▁سه ▁ره ▁کی یه ▁کان ، ▁به ▁هۆی ▁ئه ▁وه ▁ی ▁ئه ▁و ▁زه ▁و ی ▁و ی انه ▁ی ▁که ▁له ▁سه ▁ر ▁زه ▁و ی ▁و ی ▁و ی ▁و ی ▁و ی ▁دیکه ▁ش ▁ده ▁که ▁ن .
[2026-03-17 21:50:57] Total translation time: 94.85459s
[2026-03-17 21:50:57] Saving model weights and runtime parameters to /workspace/OPUS-MT-train/work/en-ckb/curated-floresdev.spm4k-spm4k.transformer.model1.npz.best-chrf.npz
[2026-03-17 21:50:58] [valid] Ep. 5 : Up. 6000 : chrf : 14.466 : new best
[2026-03-17 21:51:00] Saving model weights and runtime parameters to /workspace/OPUS-MT-train/work/en-ckb/curated-floresdev.spm4k-spm4k.transformer.model1.npz.best-perplexity.npz
[2026-03-17 21:51:01] [valid] Ep. 5 : Up. 6000 : perplexity : 140.688 : new best
[2026-03-17 21:52:50] Seen 310,206 samples
[2026-03-17 21:52:50] Starting data epoch 6 in logical epoch 6
[2026-03-17 21:53:52] Ep. 6 : Up. 7000 : Sen. 82,409 : Cost 4.38457918 * 13,431,578 @ 16,940 after 94,035,030 : Time 371.64s : 36141.61 words/s : gNorm 1.1580 : L.r. 1.3125e-04
[2026-03-17 21:53:52] Saving model weights and runtime parameters to /workspace/OPUS-MT-train/work/en-ckb/curated-floresdev.spm4k-spm4k.transformer.model1.npz
[2026-03-17 21:53:54] Saving Adam parameters
[2026-03-17 21:53:56] [training] Saving training checkpoint to /workspace/OPUS-MT-train/work/en-ckb/curated-floresdev.spm4k-spm4k.transformer.model1.npz and /workspace/OPUS-MT-train/work/en-ckb/curated-floresdev.spm4k-spm4k.transformer.model1.npz.optimizer.npz
[2026-03-17 21:53:59] Translating validation set...
[2026-03-17 21:54:01] Best translation 0 : ▁ئەو ▁کەس انەی ▁کە ▁بە ش ێوە یەکی ▁گەورە ی ی ی ی ی ▁کە ن اڵ ەکان ▁دە گرێت ەوە ▁.
[2026-03-17 21:54:01] Best translation 1 : ▁به ▁گوێر ه ▁ی ▁هه ▁واڵی ▁ماڵپ ه ▁ڕی ▁فارسی ی ▁" ئیس نا "، ▁ئه ▁و ▁که ▁سانه ▁ی ▁که ▁له ▁لایه ▁ن ▁چه ▁ند ▁چه ▁کدار ێکی ▁نه ▁ناسراو ه ▁وه ▁و ▁.، ه ه ▁روه ▁ها ▁گه ▁وره ▁ترین ▁فڕۆک ه ▁خانه ▁یه ▁کی ▁گه ▁وره ▁و ▁.، ه ه ه ه ▁روه ▁ها ▁چه ▁ندین ▁که ▁س یان ▁له ▁سه ▁ر ▁بن ه ▁ماڵه ▁که ▁ی ▁به ▁ده ▁ست ▁هێنا .
[2026-03-17 21:54:02] Best translation 2 : ▁هه ▁روه ▁ها ▁دوای ▁ئه ▁وه ▁ی ▁ئه ▁و ▁که ▁سانه ▁ی ▁له ▁گه ▁ڵ ▁ئه ▁و ▁که ▁سانه ▁ی ▁که ▁له ▁گه ▁ڵ ▁ئه ▁و ▁که ▁سانه ▁ی ▁که ▁ئه ▁و ▁زه ▁و ی یان ه ▁بووه ▁.
[2026-03-17 21:54:02] Best translation 3 : ▁به ▁گوێر ه ▁ی ▁هه ▁واڵی ▁ماڵپ ه ▁ڕی ▁فارسی ی ▁" ئیس نا "، ▁به ▁گوێر ه ▁ی ▁هه ▁واڵی ▁ماڵپ ه ▁ڕی ▁ماڵپ ه ▁ڕی ▁فارسی ی ▁" ئیس نا "، ▁ئه ▁و ▁که ▁سانه ▁ی ▁که ▁له ▁سه ▁ر ▁بن ه ▁مای ▁ئه ▁و ▁که ▁سانه ▁ی ▁که ▁له ▁سه ▁ر ▁بن ه ▁مای ▁ئه ▁و ▁که ▁سانه ▁ی ▁که ▁له ▁سه ▁ر ▁بن ه ▁مای ▁ئه ▁و ▁که ▁سانه ▁ی ▁که ▁له ▁سه ▁ر ▁بن ه ▁مای ▁ئه ▁و ▁که ▁سانه ▁ی ▁که ▁له ▁سه ▁ر ▁بن ی ات ن راوه ▁.
[2026-03-17 21:54:02] Best translation 4 : ▁هه ▁روه ▁ها ▁ئه ▁وه ▁شی ▁ڕوونکرد ه ▁وه ▁، ▁که ▁ئه ▁و ▁که ▁سانه ▁ی ▁که ▁به ▁شێوه ▁یه ▁کی ▁زۆر ▁هه ▁یه ▁و ▁.، ه ه ▁روه ▁ها ▁ئه ▁و ▁که ▁سانه ▁ی ▁که ▁به ▁شێوه ▁یه ▁کی ▁به ▁رچاو ی ▁هه ▁یه ▁.
[2026-03-17 21:54:02] Best translation 5 : ▁گۆل ه ▁کانی ▁یانه ▁ی ▁مانچست ه ▁رسیتی ▁له ▁ڕێگای ▁یاریزانی ▁یانه ▁ی ▁ڕیال ▁مه ▁درید ▁له ▁خول ه ▁که ▁کانی ▁، ▁، ▁تۆمارکرا ▁، ▁له ▁ڕێگای ▁یاریزانی ▁یانه ▁ی ▁ڕیال ▁مه ▁درید ▁له ▁خول ه ▁کی ▁تۆمارکرا .
[2026-03-17 21:54:03] Best translation 10 : ▁ئه ▁وه ▁شی ▁خست ه ▁ڕوو ▁که ▁ئه ▁و ▁که ▁سانه ▁ی ▁که ▁به ▁شێوه ▁یه ▁کی ▁زۆر ▁له ▁دڵ ه ▁وه ▁ده ▁بن ه ▁مایه ▁ی ▁دڵ ه ▁وه ▁و ▁.، ده ▁بێته ▁هۆی ▁ئه ▁وه ▁ی ▁ئه ▁و ▁که ▁سانه ▁ی ▁که ▁له ▁سه ▁ر ▁بن ه ▁ماڵه ▁ی ▁دڵ ی اد ه ▁ی ▁دڵ ه ▁وه ▁ده ▁بن ه ▁وه ▁.
[2026-03-17 21:54:03] Best translation 20 : ▁به ▁گوێر ه ▁ی ▁هه ▁واڵی ▁ماڵپ ه ▁ڕی ▁فارسی ی ▁" ئیس نا "، ▁ئه ▁و ▁که ▁سانه ▁ی ▁که ▁به ▁شێوه ▁یه ▁کی ▁به ▁رچاو ی ▁هه ▁یه ▁و ▁.، ه ه ه ▁روه ▁ها ▁به ▁رهه ▁مه ێنه ▁ری ▁ئه ▁و ▁که ▁سانه ▁ی ▁که ▁به ▁شێوه ▁یه ▁کی ▁به ▁رچاو ی ▁هه ▁یه ▁.
[2026-03-17 21:54:03] Best translation 40 : ▁به ▁گوێر ه ▁ی ▁هه ▁واڵی ▁ماڵپ ه ▁ڕی ▁فارسی ی ▁" ئیس نا "، ▁وه ▁زیری ▁ده ▁ره ▁وه ▁ی ▁وڵاته ▁یه ▁کگرتووه ▁کانی ▁ئه ▁مه ▁ریکا ، ▁له ▁ماوه ▁ی ▁چه ▁ند ▁ڕۆژی ▁ڕابردوودا ، ▁سه ▁رۆک ▁وه ▁زیرانی ▁حکوم ه ▁تی ▁هه ▁رێمی ▁کوردستان ، ▁سه ▁رۆک ▁وه ▁زیرانی ▁پێشووی ▁ئه ▁و ▁وڵاته ▁ی ▁به ▁سه ▁رۆکای ه ▁تی ▁ده ▁ستی ▁پێکرد .
[2026-03-17 21:54:04] Best translation 80 : ▁بە ش ێوە یەکی ▁زۆر ▁بە ش ێوە ی ▁بە ش ێوە یەکی ▁زۆر ▁بە ش ێوە ی ▁بە ش ێوە ی ▁بە ش ێوە ی ی ی ی ی ی ی ی ی ی ی ی ی ی ی ی ی ی ی ی ی ▁کرد ەوە ▁و ▁بە ش ێوە ی ی ▁بە ش ێوە ی ی ی ی ی ی ی ی ی ی ی ی ی ی ی ی ی ی ی ی ی ی ی ی ی ▁کرد ەوە ▁.
[2026-03-17 21:54:10] Best translation 160 : ▁به ▁ڵام ▁ئه ▁و ▁که ▁سانه ▁ی ▁که ▁به ▁ده ▁ست ▁هێنا بوو ، ▁به ▁ڵام ▁به ▁هۆی ▁ئه ▁وه ▁ی ▁ئه ▁و ▁که ▁سانه ▁ی ▁به ▁ده ▁ست ▁هێنا .
[2026-03-17 21:54:17] Best translation 320 : ▁ <0xC2> <0xAB> ▁ <0xC2> <0xAB> ▁ <0xC2> <0xAB> ▁ <0xC2> <0xBB> ▁ <0xC2> <0xBB> ▁ <0xC2> <0xBB> ▁ <0xC2> <0xBB> ▁ <0xC2> <0xBB> ▁ <0xC2> <0xBB> ▁ <0xC2> <0xBB> ▁ <0xC2> <0xBB> ▁ <0xC2> <0xBB> ▁ <0xC2> <0xBB> ▁ <0xC2> <0xBB> ▁ <0xC2> <0xBB> ▁ <0xC2> <0xBB> ▁ <0xC2> <0xBB> ▁ <0xC2> <0xBB> ▁ <0xC2> <0xBB> ▁ <0xC2> <0xBB> ▁ <0xC2> <0xBB> ▁ <0xC2> <0xBB> ▁ <0xC2> <0xBB> ▁ <0xC2> <0xBB> ▁ <0xC2> <0xBB> ▁ <0xC2> <0xBB> ▁ <0xC2> <0xBB>
[2026-03-17 21:54:31] Best translation 640 : ▁جیهان ▁( بە ▁ئینگلیزی : ▁ <0x4A> o g e ▁ <0x4A> o g e ▁ <0x4A> o g e ▁ <0x4A> o g e ▁ <0x4A> o g e ▁ <0x4A> o g e ▁ <0x4A> o g e ▁ <0x4A> o g e ▁ <0x4A> o g e ▁ <0x4A> o g e ▁ <0x4A> i on ▁ <0x4A> i on ▁ <0x4A> o g e ▁ <0x4A> i on ▁ <0x4A> i on ▁ <0x4A> i on ▁ <0x4A> o g e ▁ <0x4A> o g e ▁ <0x4A> o g e ▁ <0x4A> i on ▁ <0x4A> o g e ▁ <0x4A> i on ▁ <0x4A> i
[2026-03-17 21:54:59] Best translation 1280 : ▁به ▁گوێر ه ▁ی ▁هه ▁واڵی ▁ماڵپ ه ▁ڕی ▁فارسی ی ▁" ئیس نا "، ▁ئه ▁و ▁سه ▁رباز انه ▁ی ▁که ▁له ▁سه ▁ر ▁زه ▁و ی ▁و ی ▁و ▁زه ▁و ی ▁به ▁سه ▁ر ▁زه ▁و ی ▁ده ▁که ▁ن ، ▁ئه ▁و ▁که ▁سانه ▁ی ▁که ▁له ▁سه ▁ر ▁زه ▁و ی ▁ده ▁که ▁ن .
[2026-03-17 21:55:33] Total translation time: 93.66899s
[2026-03-17 21:55:33] Saving model weights and runtime parameters to /workspace/OPUS-MT-train/work/en-ckb/curated-floresdev.spm4k-spm4k.transformer.model1.npz.best-bleu.npz
[2026-03-17 21:55:34] [valid] Ep. 6 : Up. 7000 : bleu : 0.257943 : new best
[2026-03-17 21:55:34] Translating validation set...
[2026-03-17 21:55:36] Best translation 0 : ▁ئەو ▁کەس انەی ▁کە ▁بە ش ێوە یەکی ▁گەورە ی ی ی ی ی ▁کە ن اڵ ەکان ▁دە گرێت ەوە ▁.
[2026-03-17 21:55:36] Best translation 1 : ▁به ▁گوێر ه ▁ی ▁هه ▁واڵی ▁ماڵپ ه ▁ڕی ▁فارسی ی ▁" ئیس نا "، ▁ئه ▁و ▁که ▁سانه ▁ی ▁که ▁له ▁لایه ▁ن ▁چه ▁ند ▁چه ▁کدار ێکی ▁نه ▁ناسراو ه ▁وه ▁و ▁.، ه ه ▁روه ▁ها ▁گه ▁وره ▁ترین ▁فڕۆک ه ▁خانه ▁یه ▁کی ▁گه ▁وره ▁و ▁.، ه ه ه ه ▁روه ▁ها ▁چه ▁ندین ▁که ▁س یان ▁له ▁سه ▁ر ▁بن ه ▁ماڵه ▁که ▁ی ▁به ▁ده ▁ست ▁هێنا .
[2026-03-17 21:55:37] Best translation 2 : ▁هه ▁روه ▁ها ▁دوای ▁ئه ▁وه ▁ی ▁ئه ▁و ▁که ▁سانه ▁ی ▁له ▁گه ▁ڵ ▁ئه ▁و ▁که ▁سانه ▁ی ▁که ▁له ▁گه ▁ڵ ▁ئه ▁و ▁که ▁سانه ▁ی ▁که ▁ئه ▁و ▁زه ▁و ی یان ه ▁بووه ▁.
[2026-03-17 21:55:37] Best translation 3 : ▁به ▁گوێر ه ▁ی ▁هه ▁واڵی ▁ماڵپ ه ▁ڕی ▁فارسی ی ▁" ئیس نا "، ▁به ▁گوێر ه ▁ی ▁هه ▁واڵی ▁ماڵپ ه ▁ڕی ▁ماڵپ ه ▁ڕی ▁فارسی ی ▁" ئیس نا "، ▁ئه ▁و ▁که ▁سانه ▁ی ▁که ▁له ▁سه ▁ر ▁بن ه ▁مای ▁ئه ▁و ▁که ▁سانه ▁ی ▁که ▁له ▁سه ▁ر ▁بن ه ▁مای ▁ئه ▁و ▁که ▁سانه ▁ی ▁که ▁له ▁سه ▁ر ▁بن ه ▁مای ▁ئه ▁و ▁که ▁سانه ▁ی ▁که ▁له ▁سه ▁ر ▁بن ه ▁مای ▁ئه ▁و ▁که ▁سانه ▁ی ▁که ▁له ▁سه ▁ر ▁بن ی ات ن راوه ▁.
[2026-03-17 21:55:37] Best translation 4 : ▁هه ▁روه ▁ها ▁ئه ▁وه ▁شی ▁ڕوونکرد ه ▁وه ▁، ▁که ▁ئه ▁و ▁که ▁سانه ▁ی ▁که ▁به ▁شێوه ▁یه ▁کی ▁زۆر ▁هه ▁یه ▁و ▁.، ه ه ▁روه ▁ها ▁ئه ▁و ▁که ▁سانه ▁ی ▁که ▁به ▁شێوه ▁یه ▁کی ▁به ▁رچاو ی ▁هه ▁یه ▁.
[2026-03-17 21:55:37] Best translation 5 : ▁گۆل ه ▁کانی ▁یانه ▁ی ▁مانچست ه ▁رسیتی ▁له ▁ڕێگای ▁یاریزانی ▁یانه ▁ی ▁ڕیال ▁مه ▁درید ▁له ▁خول ه ▁که ▁کانی ▁، ▁، ▁تۆمارکرا ▁، ▁له ▁ڕێگای ▁یاریزانی ▁یانه ▁ی ▁ڕیال ▁مه ▁درید ▁له ▁خول ه ▁کی ▁تۆمارکرا .
[2026-03-17 21:55:37] Best translation 10 : ▁ئه ▁وه ▁شی ▁خست ه ▁ڕوو ▁که ▁ئه ▁و ▁که ▁سانه ▁ی ▁که ▁به ▁شێوه ▁یه ▁کی ▁زۆر ▁له ▁دڵ ه ▁وه ▁ده ▁بن ه ▁مایه ▁ی ▁دڵ ه ▁وه ▁و ▁.، ده ▁بێته ▁هۆی ▁ئه ▁وه ▁ی ▁ئه ▁و ▁که ▁سانه ▁ی ▁که ▁له ▁سه ▁ر ▁بن ه ▁ماڵه ▁ی ▁دڵ ی اد ه ▁ی ▁دڵ ه ▁وه ▁ده ▁بن ه ▁وه ▁.
[2026-03-17 21:55:37] Best translation 20 : ▁به ▁گوێر ه ▁ی ▁هه ▁واڵی ▁ماڵپ ه ▁ڕی ▁فارسی ی ▁" ئیس نا "، ▁ئه ▁و ▁که ▁سانه ▁ی ▁که ▁به ▁شێوه ▁یه ▁کی ▁به ▁رچاو ی ▁هه ▁یه ▁و ▁.، ه ه ه ▁روه ▁ها ▁به ▁رهه ▁مه ێنه ▁ری ▁ئه ▁و ▁که ▁سانه ▁ی ▁که ▁به ▁شێوه ▁یه ▁کی ▁به ▁رچاو ی ▁هه ▁یه ▁.
[2026-03-17 21:55:37] Best translation 40 : ▁به ▁گوێر ه ▁ی ▁هه ▁واڵی ▁ماڵپ ه ▁ڕی ▁فارسی ی ▁" ئیس نا "، ▁وه ▁زیری ▁ده ▁ره ▁وه ▁ی ▁وڵاته ▁یه ▁کگرتووه ▁کانی ▁ئه ▁مه ▁ریکا ، ▁له ▁ماوه ▁ی ▁چه ▁ند ▁ڕۆژی ▁ڕابردوودا ، ▁سه ▁رۆک ▁وه ▁زیرانی ▁حکوم ه ▁تی ▁هه ▁رێمی ▁کوردستان ، ▁سه ▁رۆک ▁وه ▁زیرانی ▁پێشووی ▁ئه ▁و ▁وڵاته ▁ی ▁به ▁سه ▁رۆکای ه ▁تی ▁ده ▁ستی ▁پێکرد .
[2026-03-17 21:55:39] Best translation 80 : ▁بە ش ێوە یەکی ▁زۆر ▁بە ش ێوە ی ▁بە ش ێوە یەکی ▁زۆر ▁بە ش ێوە ی ▁بە ش ێوە ی ▁بە ش ێوە ی ی ی ی ی ی ی ی ی ی ی ی ی ی ی ی ی ی ی ی ی ▁کرد ەوە ▁و ▁بە ش ێوە ی ی ▁بە ش ێوە ی ی ی ی ی ی ی ی ی ی ی ی ی ی ی ی ی ی ی ی ی ی ی ی ی ▁کرد ەوە ▁.
[2026-03-17 21:55:45] Best translation 160 : ▁به ▁ڵام ▁ئه ▁و ▁که ▁سانه ▁ی ▁که ▁به ▁ده ▁ست ▁هێنا بوو ، ▁به ▁ڵام ▁به ▁هۆی ▁ئه ▁وه ▁ی ▁ئه ▁و ▁که ▁سانه ▁ی ▁به ▁ده ▁ست ▁هێنا .
[2026-03-17 21:55:53] Best translation 320 : ▁ <0xC2> <0xAB> ▁ <0xC2> <0xAB> ▁ <0xC2> <0xAB> ▁ <0xC2> <0xBB> ▁ <0xC2> <0xBB> ▁ <0xC2> <0xBB> ▁ <0xC2> <0xBB> ▁ <0xC2> <0xBB> ▁ <0xC2> <0xBB> ▁ <0xC2> <0xBB> ▁ <0xC2> <0xBB> ▁ <0xC2> <0xBB> ▁ <0xC2> <0xBB> ▁ <0xC2> <0xBB> ▁ <0xC2> <0xBB> ▁ <0xC2> <0xBB> ▁ <0xC2> <0xBB> ▁ <0xC2> <0xBB> ▁ <0xC2> <0xBB> ▁ <0xC2> <0xBB> ▁ <0xC2> <0xBB> ▁ <0xC2> <0xBB> ▁ <0xC2> <0xBB> ▁ <0xC2> <0xBB> ▁ <0xC2> <0xBB> ▁ <0xC2> <0xBB> ▁ <0xC2> <0xBB>
[2026-03-17 21:56:06] Best translation 640 : ▁جیهان ▁( بە ▁ئینگلیزی : ▁ <0x4A> o g e ▁ <0x4A> o g e ▁ <0x4A> o g e ▁ <0x4A> o g e ▁ <0x4A> o g e ▁ <0x4A> o g e ▁ <0x4A> o g e ▁ <0x4A> o g e ▁ <0x4A> o g e ▁ <0x4A> o g e ▁ <0x4A> i on ▁ <0x4A> i on ▁ <0x4A> o g e ▁ <0x4A> i on ▁ <0x4A> i on ▁ <0x4A> i on ▁ <0x4A> o g e ▁ <0x4A> o g e ▁ <0x4A> o g e ▁ <0x4A> i on ▁ <0x4A> o g e ▁ <0x4A> i on ▁ <0x4A> i
[2026-03-17 21:56:34] Best translation 1280 : ▁به ▁گوێر ه ▁ی ▁هه ▁واڵی ▁ماڵپ ه ▁ڕی ▁فارسی ی ▁" ئیس نا "، ▁ئه ▁و ▁سه ▁رباز انه ▁ی ▁که ▁له ▁سه ▁ر ▁زه ▁و ی ▁و ی ▁و ▁زه ▁و ی ▁به ▁سه ▁ر ▁زه ▁و ی ▁ده ▁که ▁ن ، ▁ئه ▁و ▁که ▁سانه ▁ی ▁که ▁له ▁سه ▁ر ▁زه ▁و ی ▁ده ▁که ▁ن .
[2026-03-17 21:57:09] Total translation time: 94.61850s
[2026-03-17 21:57:09] Saving model weights and runtime parameters to /workspace/OPUS-MT-train/work/en-ckb/curated-floresdev.spm4k-spm4k.transformer.model1.npz.best-chrf.npz
[2026-03-17 21:57:10] [valid] Ep. 6 : Up. 7000 : chrf : 14.9849 : new best
[2026-03-17 21:57:12] Saving model weights and runtime parameters to /workspace/OPUS-MT-train/work/en-ckb/curated-floresdev.spm4k-spm4k.transformer.model1.npz.best-perplexity.npz
[2026-03-17 21:57:13] [valid] Ep. 6 : Up. 7000 : perplexity : 115.126 : new best
[2026-03-17 21:59:58] Seen 310,206 samples
[2026-03-17 21:59:58] Starting data epoch 7 in logical epoch 7
[2026-03-17 22:00:04] Ep. 7 : Up. 8000 : Sen. 7,160 : Cost 4.22806263 * 13,467,040 @ 12,958 after 107,502,070 : Time 371.73s : 36227.85 words/s : gNorm 1.2436 : L.r. 1.5000e-04
[2026-03-17 22:00:04] Saving model weights and runtime parameters to /workspace/OPUS-MT-train/work/en-ckb/curated-floresdev.spm4k-spm4k.transformer.model1.npz
[2026-03-17 22:00:05] Saving Adam parameters
[2026-03-17 22:00:07] [training] Saving training checkpoint to /workspace/OPUS-MT-train/work/en-ckb/curated-floresdev.spm4k-spm4k.transformer.model1.npz and /workspace/OPUS-MT-train/work/en-ckb/curated-floresdev.spm4k-spm4k.transformer.model1.npz.optimizer.npz
[2026-03-17 22:00:11] Translating validation set...
[2026-03-17 22:00:13] Best translation 0 : ▁بە ش ێوە یەکی ▁زۆر ▁بە ش ێوە یەکی ▁زۆر ▁بە ش ێوە ی ▁بە ش ێوە یەکی ▁زۆر ▁بە ش ێوە ی ▁کە ▁بە ش ێوە یەکی ▁زۆر ▁بە ش ێوە ی ▁بە ش ێوە یە .
[2026-03-17 22:00:13] Best translation 1 : ▁به ▁گوێر ه ▁ی ▁هه ▁واڵی ▁ماڵپ ه ▁ڕی ▁فارسی ی ▁" ئیس نا "، ▁ئه ▁و ▁که ▁سانه ▁ی ▁که ▁له ▁لایه ▁ن ▁چه ▁ند ▁چه ▁کدار ێکی ▁نه ▁ناسراو ه ▁وه ▁و ▁.، ه ه ▁روه ▁ها ▁گه ▁وره ▁ترین ▁فڕۆک ه ▁خانه ▁یه ▁کی ▁گه ▁وره ▁و ▁.، ه ه ▁روه ▁ها ▁ئه ▁و ▁که ▁سانه ▁ی ▁که ▁له ▁لایه ▁ن ▁هێزه ▁کانی ▁ئه ▁مه ▁ریکا وه ▁و ▁.، ه ه ▁روه ▁ها ▁گه ▁وره ▁ترین ▁فڕۆک ه ▁خانه ▁یه ▁کی ▁گه ▁وره ▁و ▁.، ه ه ▁روه ▁ها ▁گه ▁وره ▁ترین ▁فڕۆک ه ▁خانه ▁ی ▁مه ▁ک که ▁ره ▁وه ▁و ▁.، ه ه ▁روه ▁ها ▁گه ▁وره ▁ترین ▁فڕۆک ه ▁خانه ▁ی ▁چه ▁ک ▁و ▁چه ▁ند ▁که ▁س یان ▁له ▁لایه ▁ن ▁هێزه ▁کانی ▁ئه ▁مه ▁ریکا وه ▁.
[2026-03-17 22:00:13] Best translation 2 : ▁دوای ▁ئه ▁وه ▁ی ▁ئه ▁و ▁زه ▁و ی یان ه ▁ی ▁ئه ▁و ▁زه ▁و ی یان ه ▁ی ▁له ▁گه ▁ڵ ▁زه ▁و ی ▁هه ▁بووه ▁.
[2026-03-17 22:00:13] Best translation 3 : ▁به ▁گوێر ه ▁ی ▁هه ▁واڵی ▁ماڵپ ه ▁ڕی ▁ماڵپ ه ▁ڕی ▁فارسی ی ▁" ئیس نا "، ▁ماڵپ ه ▁ڕی ▁فارسی ی ▁" ئیس نا "، ▁ئه ▁و ▁که ▁سانه ▁ی ▁که ▁له ▁سه ▁ر ▁بن ه ▁مای ▁ئه ▁و ▁په ▁یوه ▁ندی یان ه ▁ی ▁که ▁له ▁سه ▁ر ▁بن ه ▁مای ▁ئه ▁و ▁که ▁سانه ▁ی ▁که ▁له ▁سه ▁ر ▁بن ه ▁مای ▁ئه ▁و ▁که ▁سانه ▁ی ▁که ▁له ▁سه ▁ر ▁بن ه ▁مای ▁ئه ▁و ▁که ▁سانه ▁ی ▁که ▁له ▁سه ▁ر ▁بن ه ▁مای ▁ئه ▁و ▁که ▁سانه ▁ی ▁که ▁له ▁سه ▁ر ▁بن ه ▁مای ▁ئه ▁و ▁که ▁سانه ▁ی ▁که ▁له ▁سه ▁ر ▁بن ه ▁مای ▁ئه ▁و ▁که ▁سانه ▁ی ▁که ▁نه ▁بووه ▁.
[2026-03-17 22:00:13] Best translation 4 : ▁هه ▁روه ▁ها ▁ئه ▁وه ▁شی ▁خست ه ▁ڕوو ▁که ▁ئه ▁و ▁که ▁سانه ▁ی ▁که ▁به ▁شێوه ▁یه ▁کی ▁به ▁رچاو ی ▁هه ▁یه ▁و ▁.، ه ه ▁روه ▁ها ▁ئه ▁وه ▁یه ▁که ▁چه ▁ند ▁که ▁سای ه ▁تی ه ▁کی ▁نوێ ▁دروست ▁بووه ▁.
[2026-03-17 22:00:13] Best translation 5 : ▁گۆل ه ▁کانی ▁یانه ▁ی ▁مانچست ه ▁رسیتی ▁له ▁ڕێگای ▁یاریزانی ▁یانه ▁ی ▁ئه ▁ت له ▁تی کۆم ه ▁درید ▁له ▁خول ه ▁که ▁کانی ▁، ▁تۆمارکرا ▁، ▁تاک ه ▁گۆلی ▁یانه ▁ی ▁ڕیال ▁مه ▁درید ▁له ▁ڕێگای ▁یاریزانی ▁یانه ▁ی ▁ئه ▁ت له ▁تی کۆم ه ▁درید ▁له ▁خول ه ▁کی ▁تۆمارکرا .
[2026-03-17 22:00:14] Best translation 10 : ▁ئه ▁وه ▁شی ▁خست ه ▁ڕوو ▁که ▁ئه ▁و ▁که ▁سانه ▁ی ▁به ▁شێوه ▁یه ▁کی ▁به ▁رچاو ▁له ▁دڵ ه ▁وه ▁ده ▁که ▁ن ، ▁ئه ▁و ▁که ▁سانه ▁ی ▁که ▁له ▁ناو ▁دڵ ه ▁وه ▁ده ▁بن ه ▁وه ▁.
[2026-03-17 22:00:14] Best translation 20 : ▁به ▁گوێر ه ▁ی ▁هه ▁واڵی ▁ماڵپ ه ▁ڕی ▁فارسی ی ▁" ئیس نا "، ▁ئه ▁و ▁که ▁سانه ▁ی ▁که ▁به ▁شێوه ▁یه ▁کی ▁به ▁رچاو ی ▁هه ▁یه ▁و ▁.، ه ه ▁روه ▁ها ▁له ▁گه ▁ڵ ▁ئه ▁و ▁ئامێر ه ▁دا ▁هه ▁یه ▁، ▁به ▁ڵام ▁ئه ▁و ▁که ▁سانه ▁ی ▁که ▁به ▁شێوه ▁یه ▁کی ▁به ▁رچاو ی ▁هه ▁یه ▁.
[2026-03-17 22:00:14] Best translation 40 : ▁به ▁گوێر ه ▁ی ▁هه ▁واڵی ▁ماڵپ ه ▁ڕی ▁فارسی ی ▁" ئیس نا "، ▁سه ▁رۆک ▁وه ▁زیرانی ▁پێشووی ▁ئه ▁مه ▁ریکا ▁به ▁ڕێوه ▁به ▁رای ه ▁تی ▁گشتی ▁پۆلیسی ▁دارستان ی ▁سه ▁ر ▁به ▁وه ▁زاره ▁تی ▁ده ▁ره ▁وه ▁ی ▁وڵاته ▁که ▁ی ▁به ▁سه ▁رۆکای ه ▁تی ▁ئه ▁نجوم ه ▁نی ▁وه ▁زیران ▁ده ▁ستی ▁پێکرد .
[2026-03-17 22:00:15] Best translation 80 : ▁هەر چ ەند ە ▁بە ش ێوە یەکی ▁زۆر ▁بە ش ێوە یەکی ▁زۆر ▁بە ش دار بوو ە ▁، ▁و ▁بە ش ێوە یەکی ▁زۆر ▁بە ش دار ▁بوو ▁.
[2026-03-17 22:00:21] Best translation 160 : ▁به ▁ڵام ▁ئه ▁و ▁که ▁سانه ▁ی ▁به ▁ده ▁ست ▁هێنا بوو ، ▁به ▁ڵام ▁له ▁گه ▁ڵ ▁ئه ▁و ▁که ▁سانه ▁ی ▁به ▁ده ▁ست ▁هێنا .
[2026-03-17 22:00:28] Best translation 320 : ▁ <0xC2> <0xAB> ▁ <0xC2> <0xBB> ▁ <0xC2> <0xAB> ▁ <0xC2> <0xBB> ▁ <0xC2> <0xBB> ▁ <0xC2> <0xBB> ▁ <0xC2> <0xBB> ▁ <0xC2> <0xAB> ▁ <0xC2> <0xBB> ▁ <0xC2> <0xBB> ▁ <0xC2> <0xBB> ▁ <0xC2> <0xBB> ▁ <0xC2> <0xBB> ▁ <0xC2> <0xAB> ▁ <0xC2> <0xBB> ▁ <0xC2> <0xBB> ▁ <0xC2> <0xBB> ▁ <0xC2> <0xBB> ▁ <0xC2> <0xBB> ▁ <0xC2> <0xBB> ▁ <0xC2> <0xBB> ▁ <0xC2> <0xBB> ▁.
[2026-03-17 22:00:42] Best translation 640 : ▁جیهان ▁( بە ▁ع ەرە بی : ▁ <0xD0> <0xB0> <0xD0> <0xB0> <0xD0> <0xB0> <0xD0> <0xB0> <0xD0> <0xB8> <0xD0> <0xB0> <0xD0> <0xB8> <0xD0> <0xB0> <0xD0> <0xB0> <0xD0> <0xB0> <0xD0> <0xB0> <0xD0> <0xB0> <0xD0> <0xB0> <0xD0> <0xB0> <0xD0> <0xB0> <0xD0> <0xB0> <0xD0> <0xB0> <0xD0> <0xB0> <0xD0> <0xB0> <0xD0> <0xB0> <0xD0> <0xB0> <0xD0> <0xB0> <0xD0> <0xB0> <0xD0> <0xB0> <0xD0> <0xB0> <0xD0> <0xB0> <0xD0> <0xB0> <0xD0> <0xB0> <0xD0> <0xB0> <0xD0> <0xB0> <0xD0> <0xB0> <0xD0> <0xB0> <0xD0> <0xB0> <0xD0> <0xB0> <0xD0> <0xB0> <0xD0> <0xB0> <0xD0> <0xB0> <0xD0> <0xB0> <0xD0> <0xB0> <0xD0> <0xB0> <0xD0> <0xB0> <0xD0> <0xB0> <0xD0> <0xB0> <0xD0> <0xB0> <0xD0> <0xB0> <0xD0> <0xB0> <0xD0> <0xB0> <0xD0> <0xB0> <0xD0> <0xB0> <0xD0> <0xB0> <0xD0> <0xB0> <0xD0>
[2026-03-17 22:01:09] Best translation 1280 : ▁به ▁گوێر ه ▁ی ▁هه ▁واڵی ▁ماڵپ ه ▁ڕی ▁فارسی ی ▁" ئیس نا "، ▁ئه ▁و ▁سه ▁رباز انه ▁ی ▁که ▁له ▁سه ▁ر ▁زه ▁و ی ▁و ▁زه ▁و ی ▁به ▁سه ▁ر ▁زه ▁و ی ▁ده ▁که ▁ن ، ▁به ▁تایبه ▁تی ▁ئه ▁و ▁زه ▁و ی یان ه ▁ی ▁که ▁له ▁سه ▁ر ▁زه ▁و ی ▁و ▁زه ▁و ی ▁و ▁زه ▁و ی ▁به ▁سه ▁ر ▁زه ▁و ی ▁ده ▁که ▁ن .
[2026-03-17 22:01:42] Total translation time: 91.62055s
[2026-03-17 22:01:42] Saving model weights and runtime parameters to /workspace/OPUS-MT-train/work/en-ckb/curated-floresdev.spm4k-spm4k.transformer.model1.npz.best-bleu.npz
[2026-03-17 22:01:44] [valid] Ep. 7 : Up. 8000 : bleu : 0.328571 : new best
[2026-03-17 22:01:44] Translating validation set...
[2026-03-17 22:01:45] Best translation 0 : ▁بە ش ێوە یەکی ▁زۆر ▁بە ش ێوە یەکی ▁زۆر ▁بە ش ێوە ی ▁بە ش ێوە یەکی ▁زۆر ▁بە ش ێوە ی ▁کە ▁بە ش ێوە یەکی ▁زۆر ▁بە ش ێوە ی ▁بە ش ێوە یە .
[2026-03-17 22:01:45] Best translation 1 : ▁به ▁گوێر ه ▁ی ▁هه ▁واڵی ▁ماڵپ ه ▁ڕی ▁فارسی ی ▁" ئیس نا "، ▁ئه ▁و ▁که ▁سانه ▁ی ▁که ▁له ▁لایه ▁ن ▁چه ▁ند ▁چه ▁کدار ێکی ▁نه ▁ناسراو ه ▁وه ▁و ▁.، ه ه ▁روه ▁ها ▁گه ▁وره ▁ترین ▁فڕۆک ه ▁خانه ▁یه ▁کی ▁گه ▁وره ▁و ▁.، ه ه ▁روه ▁ها ▁ئه ▁و ▁که ▁سانه ▁ی ▁که ▁له ▁لایه ▁ن ▁هێزه ▁کانی ▁ئه ▁مه ▁ریکا وه ▁و ▁.، ه ه ▁روه ▁ها ▁گه ▁وره ▁ترین ▁فڕۆک ه ▁خانه ▁یه ▁کی ▁گه ▁وره ▁و ▁.، ه ه ▁روه ▁ها ▁گه ▁وره ▁ترین ▁فڕۆک ه ▁خانه ▁ی ▁مه ▁ک که ▁ره ▁وه ▁و ▁.، ه ه ▁روه ▁ها ▁گه ▁وره ▁ترین ▁فڕۆک ه ▁خانه ▁ی ▁چه ▁ک ▁و ▁چه ▁ند ▁که ▁س یان ▁له ▁لایه ▁ن ▁هێزه ▁کانی ▁ئه ▁مه ▁ریکا وه ▁.
[2026-03-17 22:01:46] Best translation 2 : ▁دوای ▁ئه ▁وه ▁ی ▁ئه ▁و ▁زه ▁و ی یان ه ▁ی ▁ئه ▁و ▁زه ▁و ی یان ه ▁ی ▁له ▁گه ▁ڵ ▁زه ▁و ی ▁هه ▁بووه ▁.
[2026-03-17 22:01:46] Best translation 3 : ▁به ▁گوێر ه ▁ی ▁هه ▁واڵی ▁ماڵپ ه ▁ڕی ▁ماڵپ ه ▁ڕی ▁فارسی ی ▁" ئیس نا "، ▁ماڵپ ه ▁ڕی ▁فارسی ی ▁" ئیس نا "، ▁ئه ▁و ▁که ▁سانه ▁ی ▁که ▁له ▁سه ▁ر ▁بن ه ▁مای ▁ئه ▁و ▁په ▁یوه ▁ندی یان ه ▁ی ▁که ▁له ▁سه ▁ر ▁بن ه ▁مای ▁ئه ▁و ▁که ▁سانه ▁ی ▁که ▁له ▁سه ▁ر ▁بن ه ▁مای ▁ئه ▁و ▁که ▁سانه ▁ی ▁که ▁له ▁سه ▁ر ▁بن ه ▁مای ▁ئه ▁و ▁که ▁سانه ▁ی ▁که ▁له ▁سه ▁ر ▁بن ه ▁مای ▁ئه ▁و ▁که ▁سانه ▁ی ▁که ▁له ▁سه ▁ر ▁بن ه ▁مای ▁ئه ▁و ▁که ▁سانه ▁ی ▁که ▁له ▁سه ▁ر ▁بن ه ▁مای ▁ئه ▁و ▁که ▁سانه ▁ی ▁که ▁نه ▁بووه ▁.
[2026-03-17 22:01:46] Best translation 4 : ▁هه ▁روه ▁ها ▁ئه ▁وه ▁شی ▁خست ه ▁ڕوو ▁که ▁ئه ▁و ▁که ▁سانه ▁ی ▁که ▁به ▁شێوه ▁یه ▁کی ▁به ▁رچاو ی ▁هه ▁یه ▁و ▁.، ه ه ▁روه ▁ها ▁ئه ▁وه ▁یه ▁که ▁چه ▁ند ▁که ▁سای ه ▁تی ه ▁کی ▁نوێ ▁دروست ▁بووه ▁.
[2026-03-17 22:01:46] Best translation 5 : ▁گۆل ه ▁کانی ▁یانه ▁ی ▁مانچست ه ▁رسیتی ▁له ▁ڕێگای ▁یاریزانی ▁یانه ▁ی ▁ئه ▁ت له ▁تی کۆم ه ▁درید ▁له ▁خول ه ▁که ▁کانی ▁، ▁تۆمارکرا ▁، ▁تاک ه ▁گۆلی ▁یانه ▁ی ▁ڕیال ▁مه ▁درید ▁له ▁ڕێگای ▁یاریزانی ▁یانه ▁ی ▁ئه ▁ت له ▁تی کۆم ه ▁درید ▁له ▁خول ه ▁کی ▁تۆمارکرا .
[2026-03-17 22:01:47] Best translation 10 : ▁ئه ▁وه ▁شی ▁خست ه ▁ڕوو ▁که ▁ئه ▁و ▁که ▁سانه ▁ی ▁به ▁شێوه ▁یه ▁کی ▁به ▁رچاو ▁له ▁دڵ ه ▁وه ▁ده ▁که ▁ن ، ▁ئه ▁و ▁که ▁سانه ▁ی ▁که ▁له ▁ناو ▁دڵ ه ▁وه ▁ده ▁بن ه ▁وه ▁.
[2026-03-17 22:01:47] Best translation 20 : ▁به ▁گوێر ه ▁ی ▁هه ▁واڵی ▁ماڵپ ه ▁ڕی ▁فارسی ی ▁" ئیس نا "، ▁ئه ▁و ▁که ▁سانه ▁ی ▁که ▁به ▁شێوه ▁یه ▁کی ▁به ▁رچاو ی ▁هه ▁یه ▁و ▁.، ه ه ▁روه ▁ها ▁له ▁گه ▁ڵ ▁ئه ▁و ▁ئامێر ه ▁دا ▁هه ▁یه ▁، ▁به ▁ڵام ▁ئه ▁و ▁که ▁سانه ▁ی ▁که ▁به ▁شێوه ▁یه ▁کی ▁به ▁رچاو ی ▁هه ▁یه ▁.
[2026-03-17 22:01:47] Best translation 40 : ▁به ▁گوێر ه ▁ی ▁هه ▁واڵی ▁ماڵپ ه ▁ڕی ▁فارسی ی ▁" ئیس نا "، ▁سه ▁رۆک ▁وه ▁زیرانی ▁پێشووی ▁ئه ▁مه ▁ریکا ▁به ▁ڕێوه ▁به ▁رای ه ▁تی ▁گشتی ▁پۆلیسی ▁دارستان ی ▁سه ▁ر ▁به ▁وه ▁زاره ▁تی ▁ده ▁ره ▁وه ▁ی ▁وڵاته ▁که ▁ی ▁به ▁سه ▁رۆکای ه ▁تی ▁ئه ▁نجوم ه ▁نی ▁وه ▁زیران ▁ده ▁ستی ▁پێکرد .
[2026-03-17 22:01:48] Best translation 80 : ▁هەر چ ەند ە ▁بە ش ێوە یەکی ▁زۆر ▁بە ش ێوە یەکی ▁زۆر ▁بە ش دار بوو ە ▁، ▁و ▁بە ش ێوە یەکی ▁زۆر ▁بە ش دار ▁بوو ▁.
[2026-03-17 22:01:54] Best translation 160 : ▁به ▁ڵام ▁ئه ▁و ▁که ▁سانه ▁ی ▁به ▁ده ▁ست ▁هێنا بوو ، ▁به ▁ڵام ▁له ▁گه ▁ڵ ▁ئه ▁و ▁که ▁سانه ▁ی ▁به ▁ده ▁ست ▁هێنا .
[2026-03-17 22:02:02] Best translation 320 : ▁ <0xC2> <0xAB> ▁ <0xC2> <0xBB> ▁ <0xC2> <0xAB> ▁ <0xC2> <0xBB> ▁ <0xC2> <0xBB> ▁ <0xC2> <0xBB> ▁ <0xC2> <0xBB> ▁ <0xC2> <0xAB> ▁ <0xC2> <0xBB> ▁ <0xC2> <0xBB> ▁ <0xC2> <0xBB> ▁ <0xC2> <0xBB> ▁ <0xC2> <0xBB> ▁ <0xC2> <0xAB> ▁ <0xC2> <0xBB> ▁ <0xC2> <0xBB> ▁ <0xC2> <0xBB> ▁ <0xC2> <0xBB> ▁ <0xC2> <0xBB> ▁ <0xC2> <0xBB> ▁ <0xC2> <0xBB> ▁ <0xC2> <0xBB> ▁.
[2026-03-17 22:02:15] Best translation 640 : ▁جیهان ▁( بە ▁ع ەرە بی : ▁ <0xD0> <0xB0> <0xD0> <0xB0> <0xD0> <0xB0> <0xD0> <0xB0> <0xD0> <0xB8> <0xD0> <0xB0> <0xD0> <0xB8> <0xD0> <0xB0> <0xD0> <0xB0> <0xD0> <0xB0> <0xD0> <0xB0> <0xD0> <0xB0> <0xD0> <0xB0> <0xD0> <0xB0> <0xD0> <0xB0> <0xD0> <0xB0> <0xD0> <0xB0> <0xD0> <0xB0> <0xD0> <0xB0> <0xD0> <0xB0> <0xD0> <0xB0> <0xD0> <0xB0> <0xD0> <0xB0> <0xD0> <0xB0> <0xD0> <0xB0> <0xD0> <0xB0> <0xD0> <0xB0> <0xD0> <0xB0> <0xD0> <0xB0> <0xD0> <0xB0> <0xD0> <0xB0> <0xD0> <0xB0> <0xD0> <0xB0> <0xD0> <0xB0> <0xD0> <0xB0> <0xD0> <0xB0> <0xD0> <0xB0> <0xD0> <0xB0> <0xD0> <0xB0> <0xD0> <0xB0> <0xD0> <0xB0> <0xD0> <0xB0> <0xD0> <0xB0> <0xD0> <0xB0> <0xD0> <0xB0> <0xD0> <0xB0> <0xD0> <0xB0> <0xD0> <0xB0> <0xD0> <0xB0> <0xD0> <0xB0> <0xD0> <0xB0> <0xD0>
[2026-03-17 22:02:42] Best translation 1280 : ▁به ▁گوێر ه ▁ی ▁هه ▁واڵی ▁ماڵپ ه ▁ڕی ▁فارسی ی ▁" ئیس نا "، ▁ئه ▁و ▁سه ▁رباز انه ▁ی ▁که ▁له ▁سه ▁ر ▁زه ▁و ی ▁و ▁زه ▁و ی ▁به ▁سه ▁ر ▁زه ▁و ی ▁ده ▁که ▁ن ، ▁به ▁تایبه ▁تی ▁ئه ▁و ▁زه ▁و ی یان ه ▁ی ▁که ▁له ▁سه ▁ر ▁زه ▁و ی ▁و ▁زه ▁و ی ▁و ▁زه ▁و ی ▁به ▁سه ▁ر ▁زه ▁و ی ▁ده ▁که ▁ن .
[2026-03-17 22:03:17] Total translation time: 92.92693s
[2026-03-17 22:03:17] Saving model weights and runtime parameters to /workspace/OPUS-MT-train/work/en-ckb/curated-floresdev.spm4k-spm4k.transformer.model1.npz.best-chrf.npz
[2026-03-17 22:03:18] [valid] Ep. 7 : Up. 8000 : chrf : 15.7451 : new best
[2026-03-17 22:03:19] Saving model weights and runtime parameters to /workspace/OPUS-MT-train/work/en-ckb/curated-floresdev.spm4k-spm4k.transformer.model1.npz.best-perplexity.npz
[2026-03-17 22:03:21] [valid] Ep. 7 : Up. 8000 : perplexity : 97.3537 : new best
[2026-03-17 22:06:11] Ep. 7 : Up. 9000 : Sen. 241,707 : Cost 4.09712219 * 13,462,221 @ 18,407 after 120,964,291 : Time 366.79s : 36702.85 words/s : gNorm 1.0064 : L.r. 1.6875e-04
[2026-03-17 22:06:11] Saving model weights and runtime parameters to /workspace/OPUS-MT-train/work/en-ckb/curated-floresdev.spm4k-spm4k.transformer.model1.npz
[2026-03-17 22:06:12] Saving Adam parameters
[2026-03-17 22:06:14] [training] Saving training checkpoint to /workspace/OPUS-MT-train/work/en-ckb/curated-floresdev.spm4k-spm4k.transformer.model1.npz and /workspace/OPUS-MT-train/work/en-ckb/curated-floresdev.spm4k-spm4k.transformer.model1.npz.optimizer.npz
[2026-03-17 22:06:18] Translating validation set...
[2026-03-17 22:06:20] Best translation 0 : ▁ئەو ▁کەس انەی ▁کە ▁بە ش ێوە یەکی ▁زۆر ▁بە ش ێوە یەکی ▁زۆر ▁بە ش ێوە یە ، ▁کە ▁بە ش ێوە یەکی ▁زۆر ▁بە ش ێوە ی ▁مرۆڤ ەوە ▁دە گرێت ەوە .
[2026-03-17 22:06:20] Best translation 1 : ▁به ▁گوێر ه ▁ی ▁هه ▁واڵی ▁ماڵپ ه ▁ڕی ▁فارسی ی ▁" ئیس نا "، ▁ئه ▁و ▁که ▁سانه ▁ی ▁که ▁له ▁چه ▁ند ▁ڕۆژی ▁ڕابردوودا ▁له ▁گه ▁ڵ ▁فڕۆک ه ▁جه ▁نگی یه ▁کانی ▁ئه ▁مه ▁ریکا ▁و ▁چه ▁ند ▁که ▁شتی یه ▁کی ▁گه ▁وره ▁و ▁.، ه ه ▁روه ▁ها ▁گه ▁وره ▁ترین ▁فڕۆک ه ▁خانه ▁ی ▁مه ▁ک سی ک ▁و ▁چه ▁ک ▁و ▁ته ▁قه ▁مه ▁نی ▁له ▁ف زی ۆن ه ▁که ▁ی ▁مه ▁تر ه ▁وه ▁.
[2026-03-17 22:06:21] Best translation 2 : ▁دوای ▁ئه ▁وه ▁ی ▁ئه ▁و ▁زه ▁و ی یان ه ▁ی ▁له ▁گه ▁ڵ ▁ئه ▁و ▁زه ▁و ی یان ه ▁ی ▁ئه ▁و ▁زه ▁و ی یان ه ▁بووه ▁.
[2026-03-17 22:06:21] Best translation 3 : ▁به ▁گوێر ه ▁ی ▁هه ▁واڵی ▁ماڵپ ه ▁ڕی ▁فارسی ی ▁" ئیس نا "، ▁ئه ▁و ▁که ▁سانه ▁ی ▁له ▁سه ▁ر ▁بن ه ▁مای ▁بڵاوکردن ه ▁وه ▁ی ▁ئه ▁و ▁که ▁سانه ▁ی ▁که ▁له ▁سه ▁ر ▁بن ی ات ن انی ▁ئه ▁و ▁که ▁سانه ▁ی ▁که ▁له ▁سه ▁ر ▁بن ه ▁مای ▁ئه ▁و ▁که ▁سانه ▁ی ▁که ▁له ▁سه ▁ر ▁بن ه ▁مای ▁ئه ▁و ▁که ▁سانه ▁ی ▁که ▁له ▁سه ▁ر ▁بن ه ▁مای ▁ئه ▁و ▁که ▁سانه ▁ی ▁که ▁له ▁سه ▁ر ▁بن ه ▁مای ▁ئه ▁و ▁که ▁سانه ▁ی ▁له ▁سه ▁ر ▁بن ه ▁مای ▁ئه ▁و ▁که ▁سانه ▁ی ▁که ▁له ▁سه ▁ر ▁بن ه ▁مای ▁ئه ▁و ▁که ▁سانه ▁ی ▁که ▁له ▁سه ▁ر ▁بن ه ▁مای ▁ئه ▁و ▁به ▁رهه ▁ڵ ست کاری یه ▁.
[2026-03-17 22:06:21] Best translation 4 : ▁هه ▁روه ▁ها ▁ئه ▁وه ▁شی ▁خست ه ▁ڕوو ▁که ▁ئه ▁و ▁که ▁سانه ▁ی ▁له ▁سه ▁ر ▁بن ه ▁مای ▁ته ▁ک نه ▁لۆ ژی ای ▁نوێ دا ▁بوو ، ▁به ▁ڵام ▁ئه ▁و ▁که ▁سانه ▁ی ▁که ▁به ▁شێوه ▁یه ▁کی ▁نوێ ▁بوو بێت ه ▁وه ▁.
[2026-03-17 22:06:21] Best translation 5 : ▁لە ▁٢ ٥ ی ▁کانوونی ▁یەکەم ی ▁٢٠ ١ ٥ ، ▁گۆڵ ێکی ▁زۆر ▁بوو ▁لە ▁یاری ەکی ▁تۆمارکرد ▁لە ▁بردنەوەی ▁٣ - ١ ، ▁و ەرز ەکە ▁لە ▁بردنەوەی ▁٣ - ١ ، ▁گۆڵ ێکی ▁تۆمارکرد ▁لە ▁بردنەوەی ▁٣ - ١ ، ▁و ەرز ەکە ، ▁و ەرز ەکە ▁یاری ▁کرد . ▁لە ▁٢ - ١ ی ▁تشرین ی ▁یەکەم ی ▁یەکەم ▁گۆڵی ▁تۆمارکرد ▁لە ▁بردنەوەی ▁٣ - ١ ، ▁و ەرز ەکە دا ▁لە ▁بردنەوەی ▁٣ - ١ .
[2026-03-17 22:06:21] Best translation 10 : ▁ئه ▁وه ▁شی ▁خست ه ▁ڕوو ▁که ▁ئه ▁و ▁که ▁سانه ▁ی ▁که ▁به ▁شێوه ▁یه ▁کی ▁به ▁رچاو ▁له ▁دڵ ه ▁وه ▁ده ▁که ▁ن ، ▁ئه ▁و ▁که ▁سانه ▁ی ▁که ▁له ▁ناو ▁دڵ ه ▁وه ▁ده ▁بن ه ▁وه ▁.
[2026-03-17 22:06:21] Best translation 20 : ▁به ▁گوێر ه ▁ی ▁هه ▁واڵی ▁ماڵپ ه ▁ڕی ▁فارسی ی ▁" ئیس نا "، ▁ئه ▁و ▁که ▁سانه ▁ی ▁که ▁به ▁شێوه ▁یه ▁کی ▁به ▁رچاو ی ▁هه ▁یه ▁، ▁به ▁ڵام ▁له ▁گه ▁ڵ ▁ئه ▁و ▁ئامێر انه ▁ی ▁که ▁به ▁شێوه ▁یه ▁کی ▁به ▁رچاو ی ▁هه ▁یه ▁.
[2026-03-17 22:06:21] Best translation 40 : ▁به ▁گوێر ه ▁ی ▁هه ▁واڵی ▁ماڵپ ه ▁ڕی ▁فارسی ی ▁" ئیس نا "، ▁سه ▁رۆک ▁وه ▁زیرانی ▁پێشووی ▁ئه ▁مه ▁ریکا ، ▁ڕۆژی ▁یه ▁کشه ▁ممه ▁ی ▁ڕابردوو ، ▁له ▁سه ▁ره ▁تای ▁ئه ▁م ▁مانگه ▁دا ، ▁ده ▁ستی پێ کرد ▁به ▁سه ▁رۆکای ه ▁تی ▁وه ▁زیری ▁ده ▁ره ▁وه ▁ی ▁وڵاته ▁یه ▁کگرتووه ▁کانی ▁ئه ▁مه ▁ریکا ▁کرد .
[2026-03-17 22:06:22] Best translation 80 : ▁ <0xC2> <0xAB> ▁ <0xC2> <0xBB> ▁ <0xC2> <0xAB> ▁ <0xC2> <0xBB> ▁ <0xC2> <0xAB> ▁ <0xC2> <0xBB> ▁ <0xC2> <0xBB> ▁ <0xC2> <0xAB> ▁ <0xC2> <0xBB> ▁ <0xC2> <0xBB> ▁ <0xC2> <0xAB> ▁ <0xC2> <0xBB> ▁ <0xC2> <0xBB> ▁ <0xC2> <0xBB> ▁ <0xC2> <0xAB> ▁ <0xC2> <0xBB> ▁ <0xC2> <0xBB> ▁ <0xC2> <0xAB> ▁ <0xC2> <0xBB> ▁ <0xC2> <0xBB> ▁ <0xC2> <0xBB> ▁ <0xC2> <0xAB> ▁ <0xC2> <0xBB> ▁ <0xC2> <0xBB> ▁ <0xC2> <0xAB> ▁ <0xC2> <0xBB> ▁ <0xC2> <0xBB> ▁ <0xC2> <0xAB> ▁ <0xC2> <0xBB> ▁ <0xC2> <0xBB> ▁ <0xC2> <0xBB> ▁ <0xC2> <0xAB> ▁ <0xC2> <0xBB> ▁ <0xC2> <0xBB> ▁ <0xC2> <0xAB> ▁ <0xC2> <0xBB> ▁ <0xC2> <0xBB> ▁ <0xC2> <0xAB> ▁ <0xC2> <0xBB> ▁ <0xC2> <0xBB> ▁ <0xC2> <0xAB> ▁ <0xC2> <0xBB> ▁ <0xC2> <0xBB> ▁ <0xC2> <0xBB> ▁ <0xC2> <0xBB> ▁بوو ▁.
[2026-03-17 22:06:29] Best translation 160 : ▁به ▁ڵام ▁له ▁گه ▁ڵ ▁ئه ▁و ▁که ▁سانه ▁ی ▁که ▁له ▁سه ▁ر ▁بن ه ▁مای ▁سه ▁رک ه ▁وتوو ▁بوون ، ▁به ▁ڵام ▁ئه ▁و ▁که ▁سانه ▁ی ▁به ▁ده ▁ست ▁هێنا بوو .
[2026-03-17 22:06:35] Best translation 320 : ▁ <0xC2> <0xAB> ▁ <0xC2> <0xBB> ▁ <0xC2> <0xBB> ▁ <0xC2> <0xBB> ▁ <0xC2> <0xAB> ▁ <0xC2> <0xBB> ▁ <0xC2> <0xBB> ▁ <0xC2> <0xBB> ▁ <0xC2> <0xAB> ▁ <0xC2> <0xBB> ▁ <0xC2> <0xBB> ▁ <0xC2> <0xAB> ▁ <0xC2> <0xBB> ▁ <0xC2> <0xBB> ▁ <0xC2> <0xBB> ▁ <0xC2> <0xBB> ▁ <0xC2> <0xBB> ▁کرد ▁.
[2026-03-17 22:06:48] Best translation 640 : ▁ژاپۆن ▁( بە ▁ژاپۆن ی : ▁ <0xD0> <0xB0> <0xD0> <0xB0> <0xD0> <0xB0> <0xD0> <0xB0> <0xD0> <0xB0> <0xD0> <0xB0> <0xD0> <0xB0> <0xD0> <0xB0> <0xD0> <0xB0> <0xD0> <0xB0> <0xD0> <0xB0> <0xD0> <0xB0> <0xD0> <0xB0> <0xD0> <0xB0> <0xD0> <0xB0> <0xD0> <0xB0> <0xD0> <0xB0> <0xD0> <0xB0> <0xD0> <0xB0> <0xD0> <0xB0> <0xD0> <0xB0> <0xD0> <0xB0> <0xD0> <0xB0> <0xD0> <0xB0> <0xD0> <0xB0> ▁ <0xD0> <0xB0> <0xD0> <0xB0> <0xD0> <0xB0> <0xD0> <0xB0> ▁ <0xD0> <0xB0> <0xD0> <0xB0> <0xD0> <0xB0> <0xD0> <0xB0> <0xD0> <0xB0> <0xD0> <0xB0> ▁ <0xD0> <0xB0> <0xD0> <0xB0> <0xD0> <0xB0> <0xD0> <0xB0> ▁ <0xD0> <0xB0> <0xD0> <0xB0> <0xD0> <0xB0> <0xD0> <0xB0> <0xD0> <0xB0> ▁ <0xD0> <0xB0> <0xD0> <0xB0> ▁ <0xD0> <0xB0> <0xD0> <0xB0> <0xD0> <0xB0>
[2026-03-17 22:07:15] Best translation 1280 : ▁به ▁گوێر ه ▁ی ▁هه ▁واڵی ▁ماڵپ ه ▁ڕی ▁فارسی ی ▁" ئیس نا "، ▁ئه ▁و ▁سه ▁رباز انه ▁ی ▁که ▁له ▁سه ▁ر ▁زه ▁و ی ▁و ▁سه ▁ر ▁زه ▁و ی ▁ده ▁که ▁ن ، ▁به ▁تایبه ▁تی ▁ئه ▁و ▁زه ▁و ی یان ه ▁ی ▁که ▁له ▁سه ▁ر ▁زه ▁و ی ▁به ▁سه ▁ر ▁زه ▁و ی ▁ده ▁که ▁ن .
[2026-03-17 22:07:47] Total translation time: 88.88933s
[2026-03-17 22:07:47] Saving model weights and runtime parameters to /workspace/OPUS-MT-train/work/en-ckb/curated-floresdev.spm4k-spm4k.transformer.model1.npz.best-bleu.npz
[2026-03-17 22:07:48] [valid] Ep. 7 : Up. 9000 : bleu : 0.420027 : new best
[2026-03-17 22:07:48] Translating validation set...
[2026-03-17 22:07:50] Best translation 0 : ▁ئەو ▁کەس انەی ▁کە ▁بە ش ێوە یەکی ▁زۆر ▁بە ش ێوە یەکی ▁زۆر ▁بە ش ێوە یە ، ▁کە ▁بە ش ێوە یەکی ▁زۆر ▁بە ش ێوە ی ▁مرۆڤ ەوە ▁دە گرێت ەوە .
[2026-03-17 22:07:50] Best translation 1 : ▁به ▁گوێر ه ▁ی ▁هه ▁واڵی ▁ماڵپ ه ▁ڕی ▁فارسی ی ▁" ئیس نا "، ▁ئه ▁و ▁که ▁سانه ▁ی ▁که ▁له ▁چه ▁ند ▁ڕۆژی ▁ڕابردوودا ▁له ▁گه ▁ڵ ▁فڕۆک ه ▁جه ▁نگی یه ▁کانی ▁ئه ▁مه ▁ریکا ▁و ▁چه ▁ند ▁که ▁شتی یه ▁کی ▁گه ▁وره ▁و ▁.، ه ه ▁روه ▁ها ▁گه ▁وره ▁ترین ▁فڕۆک ه ▁خانه ▁ی ▁مه ▁ک سی ک ▁و ▁چه ▁ک ▁و ▁ته ▁قه ▁مه ▁نی ▁له ▁ف زی ۆن ه ▁که ▁ی ▁مه ▁تر ه ▁وه ▁.
[2026-03-17 22:07:51] Best translation 2 : ▁دوای ▁ئه ▁وه ▁ی ▁ئه ▁و ▁زه ▁و ی یان ه ▁ی ▁له ▁گه ▁ڵ ▁ئه ▁و ▁زه ▁و ی یان ه ▁ی ▁ئه ▁و ▁زه ▁و ی یان ه ▁بووه ▁.
[2026-03-17 22:07:51] Best translation 3 : ▁به ▁گوێر ه ▁ی ▁هه ▁واڵی ▁ماڵپ ه ▁ڕی ▁فارسی ی ▁" ئیس نا "، ▁ئه ▁و ▁که ▁سانه ▁ی ▁له ▁سه ▁ر ▁بن ه ▁مای ▁بڵاوکردن ه ▁وه ▁ی ▁ئه ▁و ▁که ▁سانه ▁ی ▁که ▁له ▁سه ▁ر ▁بن ی ات ن انی ▁ئه ▁و ▁که ▁سانه ▁ی ▁که ▁له ▁سه ▁ر ▁بن ه ▁مای ▁ئه ▁و ▁که ▁سانه ▁ی ▁که ▁له ▁سه ▁ر ▁بن ه ▁مای ▁ئه ▁و ▁که ▁سانه ▁ی ▁که ▁له ▁سه ▁ر ▁بن ه ▁مای ▁ئه ▁و ▁که ▁سانه ▁ی ▁که ▁له ▁سه ▁ر ▁بن ه ▁مای ▁ئه ▁و ▁که ▁سانه ▁ی ▁له ▁سه ▁ر ▁بن ه ▁مای ▁ئه ▁و ▁که ▁سانه ▁ی ▁که ▁له ▁سه ▁ر ▁بن ه ▁مای ▁ئه ▁و ▁که ▁سانه ▁ی ▁که ▁له ▁سه ▁ر ▁بن ه ▁مای ▁ئه ▁و ▁به ▁رهه ▁ڵ ست کاری یه ▁.
[2026-03-17 22:07:51] Best translation 4 : ▁هه ▁روه ▁ها ▁ئه ▁وه ▁شی ▁خست ه ▁ڕوو ▁که ▁ئه ▁و ▁که ▁سانه ▁ی ▁له ▁سه ▁ر ▁بن ه ▁مای ▁ته ▁ک نه ▁لۆ ژی ای ▁نوێ دا ▁بوو ، ▁به ▁ڵام ▁ئه ▁و ▁که ▁سانه ▁ی ▁که ▁به ▁شێوه ▁یه ▁کی ▁نوێ ▁بوو بێت ه ▁وه ▁.
[2026-03-17 22:07:51] Best translation 5 : ▁لە ▁٢ ٥ ی ▁کانوونی ▁یەکەم ی ▁٢٠ ١ ٥ ، ▁گۆڵ ێکی ▁زۆر ▁بوو ▁لە ▁یاری ەکی ▁تۆمارکرد ▁لە ▁بردنەوەی ▁٣ - ١ ، ▁و ەرز ەکە ▁لە ▁بردنەوەی ▁٣ - ١ ، ▁گۆڵ ێکی ▁تۆمارکرد ▁لە ▁بردنەوەی ▁٣ - ١ ، ▁و ەرز ەکە ، ▁و ەرز ەکە ▁یاری ▁کرد . ▁لە ▁٢ - ١ ی ▁تشرین ی ▁یەکەم ی ▁یەکەم ▁گۆڵی ▁تۆمارکرد ▁لە ▁بردنەوەی ▁٣ - ١ ، ▁و ەرز ەکە دا ▁لە ▁بردنەوەی ▁٣ - ١ .
[2026-03-17 22:07:51] Best translation 10 : ▁ئه ▁وه ▁شی ▁خست ه ▁ڕوو ▁که ▁ئه ▁و ▁که ▁سانه ▁ی ▁که ▁به ▁شێوه ▁یه ▁کی ▁به ▁رچاو ▁له ▁دڵ ه ▁وه ▁ده ▁که ▁ن ، ▁ئه ▁و ▁که ▁سانه ▁ی ▁که ▁له ▁ناو ▁دڵ ه ▁وه ▁ده ▁بن ه ▁وه ▁.
[2026-03-17 22:07:51] Best translation 20 : ▁به ▁گوێر ه ▁ی ▁هه ▁واڵی ▁ماڵپ ه ▁ڕی ▁فارسی ی ▁" ئیس نا "، ▁ئه ▁و ▁که ▁سانه ▁ی ▁که ▁به ▁شێوه ▁یه ▁کی ▁به ▁رچاو ی ▁هه ▁یه ▁، ▁به ▁ڵام ▁له ▁گه ▁ڵ ▁ئه ▁و ▁ئامێر انه ▁ی ▁که ▁به ▁شێوه ▁یه ▁کی ▁به ▁رچاو ی ▁هه ▁یه ▁.
[2026-03-17 22:07:51] Best translation 40 : ▁به ▁گوێر ه ▁ی ▁هه ▁واڵی ▁ماڵپ ه ▁ڕی ▁فارسی ی ▁" ئیس نا "، ▁سه ▁رۆک ▁وه ▁زیرانی ▁پێشووی ▁ئه ▁مه ▁ریکا ، ▁ڕۆژی ▁یه ▁کشه ▁ممه ▁ی ▁ڕابردوو ، ▁له ▁سه ▁ره ▁تای ▁ئه ▁م ▁مانگه ▁دا ، ▁ده ▁ستی پێ کرد ▁به ▁سه ▁رۆکای ه ▁تی ▁وه ▁زیری ▁ده ▁ره ▁وه ▁ی ▁وڵاته ▁یه ▁کگرتووه ▁کانی ▁ئه ▁مه ▁ریکا ▁کرد .
[2026-03-17 22:07:52] Best translation 80 : ▁ <0xC2> <0xAB> ▁ <0xC2> <0xBB> ▁ <0xC2> <0xAB> ▁ <0xC2> <0xBB> ▁ <0xC2> <0xAB> ▁ <0xC2> <0xBB> ▁ <0xC2> <0xBB> ▁ <0xC2> <0xAB> ▁ <0xC2> <0xBB> ▁ <0xC2> <0xBB> ▁ <0xC2> <0xAB> ▁ <0xC2> <0xBB> ▁ <0xC2> <0xBB> ▁ <0xC2> <0xBB> ▁ <0xC2> <0xAB> ▁ <0xC2> <0xBB> ▁ <0xC2> <0xBB> ▁ <0xC2> <0xAB> ▁ <0xC2> <0xBB> ▁ <0xC2> <0xBB> ▁ <0xC2> <0xBB> ▁ <0xC2> <0xAB> ▁ <0xC2> <0xBB> ▁ <0xC2> <0xBB> ▁ <0xC2> <0xAB> ▁ <0xC2> <0xBB> ▁ <0xC2> <0xBB> ▁ <0xC2> <0xAB> ▁ <0xC2> <0xBB> ▁ <0xC2> <0xBB> ▁ <0xC2> <0xBB> ▁ <0xC2> <0xAB> ▁ <0xC2> <0xBB> ▁ <0xC2> <0xBB> ▁ <0xC2> <0xAB> ▁ <0xC2> <0xBB> ▁ <0xC2> <0xBB> ▁ <0xC2> <0xAB> ▁ <0xC2> <0xBB> ▁ <0xC2> <0xBB> ▁ <0xC2> <0xAB> ▁ <0xC2> <0xBB> ▁ <0xC2> <0xBB> ▁ <0xC2> <0xBB> ▁ <0xC2> <0xBB> ▁بوو ▁.
[2026-03-17 22:07:59] Best translation 160 : ▁به ▁ڵام ▁له ▁گه ▁ڵ ▁ئه ▁و ▁که ▁سانه ▁ی ▁که ▁له ▁سه ▁ر ▁بن ه ▁مای ▁سه ▁رک ه ▁وتوو ▁بوون ، ▁به ▁ڵام ▁ئه ▁و ▁که ▁سانه ▁ی ▁به ▁ده ▁ست ▁هێنا بوو .
[2026-03-17 22:08:06] Best translation 320 : ▁ <0xC2> <0xAB> ▁ <0xC2> <0xBB> ▁ <0xC2> <0xBB> ▁ <0xC2> <0xBB> ▁ <0xC2> <0xAB> ▁ <0xC2> <0xBB> ▁ <0xC2> <0xBB> ▁ <0xC2> <0xBB> ▁ <0xC2> <0xAB> ▁ <0xC2> <0xBB> ▁ <0xC2> <0xBB> ▁ <0xC2> <0xAB> ▁ <0xC2> <0xBB> ▁ <0xC2> <0xBB> ▁ <0xC2> <0xBB> ▁ <0xC2> <0xBB> ▁ <0xC2> <0xBB> ▁کرد ▁.
[2026-03-17 22:08:19] Best translation 640 : ▁ژاپۆن ▁( بە ▁ژاپۆن ی : ▁ <0xD0> <0xB0> <0xD0> <0xB0> <0xD0> <0xB0> <0xD0> <0xB0> <0xD0> <0xB0> <0xD0> <0xB0> <0xD0> <0xB0> <0xD0> <0xB0> <0xD0> <0xB0> <0xD0> <0xB0> <0xD0> <0xB0> <0xD0> <0xB0> <0xD0> <0xB0> <0xD0> <0xB0> <0xD0> <0xB0> <0xD0> <0xB0> <0xD0> <0xB0> <0xD0> <0xB0> <0xD0> <0xB0> <0xD0> <0xB0> <0xD0> <0xB0> <0xD0> <0xB0> <0xD0> <0xB0> <0xD0> <0xB0> <0xD0> <0xB0> ▁ <0xD0> <0xB0> <0xD0> <0xB0> <0xD0> <0xB0> <0xD0> <0xB0> ▁ <0xD0> <0xB0> <0xD0> <0xB0> <0xD0> <0xB0> <0xD0> <0xB0> <0xD0> <0xB0> <0xD0> <0xB0> ▁ <0xD0> <0xB0> <0xD0> <0xB0> <0xD0> <0xB0> <0xD0> <0xB0> ▁ <0xD0> <0xB0> <0xD0> <0xB0> <0xD0> <0xB0> <0xD0> <0xB0> <0xD0> <0xB0> ▁ <0xD0> <0xB0> <0xD0> <0xB0> ▁ <0xD0> <0xB0> <0xD0> <0xB0> <0xD0> <0xB0>
[2026-03-17 22:08:46] Best translation 1280 : ▁به ▁گوێر ه ▁ی ▁هه ▁واڵی ▁ماڵپ ه ▁ڕی ▁فارسی ی ▁" ئیس نا "، ▁ئه ▁و ▁سه ▁رباز انه ▁ی ▁که ▁له ▁سه ▁ر ▁زه ▁و ی ▁و ▁سه ▁ر ▁زه ▁و ی ▁ده ▁که ▁ن ، ▁به ▁تایبه ▁تی ▁ئه ▁و ▁زه ▁و ی یان ه ▁ی ▁که ▁له ▁سه ▁ر ▁زه ▁و ی ▁به ▁سه ▁ر ▁زه ▁و ی ▁ده ▁که ▁ن .
[2026-03-17 22:09:17] Total translation time: 89.38565s
[2026-03-17 22:09:17] Saving model weights and runtime parameters to /workspace/OPUS-MT-train/work/en-ckb/curated-floresdev.spm4k-spm4k.transformer.model1.npz.best-chrf.npz
[2026-03-17 22:09:19] [valid] Ep. 7 : Up. 9000 : chrf : 16.5926 : new best
[2026-03-17 22:09:20] Saving model weights and runtime parameters to /workspace/OPUS-MT-train/work/en-ckb/curated-floresdev.spm4k-spm4k.transformer.model1.npz.best-perplexity.npz
[2026-03-17 22:09:22] [valid] Ep. 7 : Up. 9000 : perplexity : 84.1862 : new best
[2026-03-17 22:10:12] Seen 310,206 samples
[2026-03-17 22:10:12] Starting data epoch 8 in logical epoch 8
[2026-03-17 22:12:12] Ep. 8 : Up. 10000 : Sen. 163,839 : Cost 3.98305726 * 13,397,596 @ 15,301 after 134,361,887 : Time 361.40s : 37071.03 words/s : gNorm 1.0154 : L.r. 1.8750e-04
[2026-03-17 22:12:12] Saving model weights and runtime parameters to /workspace/OPUS-MT-train/work/en-ckb/curated-floresdev.spm4k-spm4k.transformer.model1.npz
[2026-03-17 22:12:14] Saving Adam parameters
[2026-03-17 22:12:15] [training] Saving training checkpoint to /workspace/OPUS-MT-train/work/en-ckb/curated-floresdev.spm4k-spm4k.transformer.model1.npz and /workspace/OPUS-MT-train/work/en-ckb/curated-floresdev.spm4k-spm4k.transformer.model1.npz.optimizer.npz
[2026-03-17 22:12:19] Translating validation set...
[2026-03-17 22:12:21] Best translation 0 : ▁بە ش ێوە یەکی ▁زۆر ▁بە ش ێوە یەکی ▁زۆر ▁لە ▁مرۆڤ ەوە ▁دە گرێت ەوە ▁کە ▁بە ش ێوە یەکی ▁زۆر ▁بە ش ێوە یەکی ▁زۆر ▁بە ش ێوە یە .
[2026-03-17 22:12:21] Best translation 1 : ▁ <0xC2> <0xAB> ▁ <0xC2> <0xBB> ▁ <0xC2> <0xAB> ▁ <0xC2> <0xBB> ▁ <0xC2> <0xBB> ▁ <0xC2> <0xAB> ▁ <0xC2> <0xBB> ▁ <0xC2> <0xBB> ▁ <0xC2> <0xBB> ▁ <0xC2> <0xAB> ▁ <0xC2> <0xBB> ▁ <0xC2> <0xBB> ▁ <0xC2> <0xBB> ▁ <0xC2> <0xAB> ▁ <0xC2> <0xBB> ▁ <0xC2> <0xBB> ▁ <0xC2> <0xBB> ▁ <0xC2> <0xAB> ▁ <0xC2> <0xBB> ▁ <0xC2> <0xBB> ▁ <0xC2> <0xBB> ▁ <0xC2> <0xAB> ▁ <0xC2> <0xBB> ▁ <0xC2> <0xBB> ▁ <0xC2> <0xBB> ▁ <0xC2> <0xAB> ▁ <0xC2> <0xBB> ▁ <0xC2> <0xBB> ▁ <0xC2> <0xBB> ▁ <0xC2> <0xAB> ▁ <0xC2> <0xBB> ▁ <0xC2> <0xBB> ▁ <0xC2> <0xBB> ▁ <0xC2> <0xBB> ▁ <0xC2> <0xAB> ▁ <0xC2> <0xBB> ▁ <0xC2> <0xBB> ▁ <0xC2> <0xBB> ▁ <0xC2> <0xAB> ▁ <0xC2> <0xBB> ▁ <0xC2> <0xBB> ▁ <0xC2> <0xBB> ▁ <0xC2> <0xBB> ▁ <0xC2> <0xAB> ▁ <0xC2> <0xBB> ▁ <0xC2> <0xBB> ▁ <0xC2> <0xBB> ▁ <0xC2> <0xAB> ▁ <0xC2> <0xBB> ▁ <0xC2> <0xBB> ▁ <0xC2> <0xBB> ▁ <0xC2> <0xBB> ▁ <0xC2> <0xAB> ▁ <0xC2> <0xBB> ▁ <0xC2> <0xBB> ▁ <0xC2> <0xBB> ▁ <0xC2> <0xBB> ▁ <0xC2> <0xAB> ▁ <0xC2> <0xBB> ▁ <0xC2> <0xBB> ▁ <0xC2> <0xBB> ▁ <0xC2> <0xBB> ▁ <0xC2> <0xBB> ▁ <0xC2> <0xAB> ▁ <0xC2> <0xBB> ▁ <0xC2> <0xBB> ▁ <0xC2> <0xBB> ▁ <0xC2> <0xBB> ▁ <0xC2> <0xBB> ▁ <0xC2> <0xBB> ▁ <0xC2> <0xAB> ▁ <0xC2> <0xBB> ▁ <0xC2> <0xBB> ▁ <0xC2> <0xBB> ▁ <0xC2> <0xBB> ▁ <0xC2> <0xBB> ▁ <0xC2> <0xAB> ▁ <0xC2> <0xBB> ▁ <0xC2> <0xBB> ▁ <0xC2> <0xBB> ▁ <0xC2> <0xBB> ▁ <0xC2> <0xBB>
[2026-03-17 22:12:22] Best translation 2 : ▁دوای ▁ئه ▁وه ▁ی ▁ئه ▁و ▁زه ▁و ی یان ه ▁ی ▁ئه ▁و ▁زه ▁و ی یان ه ▁بوو ▁که ▁ئه ▁و ▁زه ▁و ی یان ه ▁ی ▁که ▁له ▁سه ▁ر ▁زه ▁و ی ▁بووه ▁.
[2026-03-17 22:12:22] Best translation 3 : ▁به ▁گوێر ه ▁ی ▁هه ▁واڵی ▁ماڵپ ه ▁ڕی ▁فارسی ی ▁" ئیس نا "، ▁ئه ▁و ▁ماڵپ ه ▁ره ▁له ▁سه ▁ر ▁بن ه ▁مای ▁بڵاوکردن ه ▁وه ▁ی ▁ئه ▁و ▁که ▁سانه ▁ی ▁که ▁له ▁سه ▁ر ▁بن ه ▁مای ▁بڵاوکردن ه ▁وه ▁ی ▁ئه ▁و ▁ماڵپ ه ▁ره ▁بڵاو ▁کراوه ▁ته ▁وه ▁.
[2026-03-17 22:12:22] Best translation 4 : ▁هه ▁روه ▁ها ▁ئه ▁وه ▁شی ▁خست ه ▁ر ِ وو ▁که ▁ئه ▁و ▁که ▁سانه ▁ی ▁که ▁له ▁سه ▁ر ▁بن ه ▁مای ▁ته ▁ک نه ▁لۆ ژی ایه ▁کی ▁نوێ یان ▁هه ▁بوو ، ▁به ▁ڵام ▁ئه ▁و ▁که ▁سانه ▁ی ▁که ▁له ▁سه ▁ر ▁بن ه ▁مای ▁ته ▁ک نه ▁لۆ ژی ای ▁نوێ یان ▁هه ▁بوو .
[2026-03-17 22:12:22] Best translation 5 : ▁جێی ▁ئاماژ ه ▁یه ▁، ▁له ▁یاری ▁دووه ▁م دا ▁یانه ▁ی ▁بای ر ن ▁می ون خ ▁توانی ▁پله ▁ی ▁یه ▁که ▁م ▁به ▁ده ▁ست ▁بێنێت ▁و ▁له ▁پله ▁ی ▁یه ▁که ▁م دا ▁توانی ▁پله ▁ی ▁دووه ▁م ▁به ▁ده ▁ست ▁بێنێت ▁و ▁له ▁پله ▁ی ▁سێی ه ▁م ▁به ▁ده ▁ست ▁بێنێت .
[2026-03-17 22:12:22] Best translation 10 : ▁ئه ▁و ▁که ▁سانه ▁ی ▁له ▁دڵ ه ▁ڕاو کێ یه ▁کانی ▁دڵ ه ▁ڕاو کێ ▁ده ▁بن ه ▁وه ▁و ▁.، ئه ▁وه ▁ش ▁ده ▁بێته ▁هۆی ▁ئه ▁وه ▁ی ▁دڵ ه ▁ڕاو کێ ی ▁دڵ ه ▁ڕاو کێ ▁له ▁ناو ▁دڵ ه ▁کانی ▁دڵ ▁و ▁دڵ ه ▁ڕاو کێ ▁و ▁دڵ ه ▁ڕاو کێ یه ▁کان .
[2026-03-17 22:12:22] Best translation 20 : ▁به ▁گوێر ه ▁ی ▁هه ▁واڵی ▁ماڵپ ه ▁ڕی ▁فارسی ی ▁" ئیس نا "، ▁ئه ▁و ▁که ▁سانه ▁ی ▁که ▁به ▁شێوه ▁یه ▁کی ▁به ▁رچاو ی ▁هه ▁یه ▁و ▁.، ه ه ▁روه ▁ها ▁به ▁شێوه ▁یه ▁کی ▁به ▁رچاو ی ▁هه ▁یه ▁و ▁.، ه ه ▁روه ▁ها ▁له ▁گه ▁ڵ ▁ئه ▁و ▁ئامێر ه ▁دا ▁هه ▁یه ▁.
[2026-03-17 22:12:22] Best translation 40 : ▁به ▁گوێر ه ▁ی ▁هه ▁واڵی ▁ماڵپ ه ▁ڕی ▁فارسی ی ▁" ئیس نا "، ▁وه ▁زیری ▁ده ▁ره ▁وه ▁ی ▁ئه ▁مه ▁ریکا ، ▁ڕۆژی ▁یه ▁کشه ▁ممه ▁ی ▁ڕابردوو ▁به ▁سه ▁رۆکای ه ▁تی ▁وه ▁زیری ▁ده ▁ره ▁وه ▁ی ▁ویلای ه ▁ته ▁یه ▁کگرتووه ▁کانی ▁ئه ▁مه ▁ریکا ▁به ▁ڕێوه ▁چوو .
[2026-03-17 22:12:23] Best translation 80 : ▁ئەو ▁نیشان ەی ▁کە ▁نیشان ی ▁دا وە ▁بۆ ▁نیشان دانی ▁ئەو ▁کەس انەی ▁کە ▁نیشان ی ▁دا وە ▁بۆ ▁نیشان دانی ▁ش ە پ ۆل ەکان ▁و ▁نیشان دانی ▁نیشان ەکانی ▁بەر ی تانی ا .
[2026-03-17 22:12:29] Best translation 160 : ▁به ▁ڵام ▁له ▁گه ▁ڵ ▁ئه ▁و ▁که ▁سانه ▁ی ▁که ▁س یان ▁به ▁سه ▁ر ▁برد بوو ، ▁به ▁ڵام ▁به ▁بێ ▁ئه ▁وه ▁ی ▁ئه ▁و ▁که ▁سانه ▁ی ▁به ▁ده ▁ست ▁هێنا بوو .
[2026-03-17 22:12:36] Best translation 320 : ▁ <0xC2> <0xAB> ▁ <0xC2> <0xBB> ▁ <0xC2> <0xAB> ▁ <0xC2> <0xBB> ▁ <0xC2> <0xBB> ▁ <0xC2> <0xAB> ▁ <0xC2> <0xBB> ▁ <0xC2> <0xBB> ▁ <0xC2> <0xAB> ▁ <0xC2> <0xBB> ▁ <0xC2> <0xBB> ▁ <0xC2> <0xAB> ▁ <0xC2> <0xBB> ▁ <0xC2> <0xBB> ▁ <0xC2> <0xAB> ▁ <0xC2> <0xBB> ▁ <0xC2> <0xBB> ▁ <0xC2> <0xBB> ▁کرد ▁.
[2026-03-17 22:12:49] Best translation 640 : ▁ژاپۆن ▁( بە ▁ژاپۆن ی : ▁ <0xD0> <0xB0> <0xD0> <0xB0> <0xD0> <0xB0> <0xD0> <0xB0> <0xD0> <0xB0> <0xD0> <0xB0> <0xD0> <0xB0> <0xD0> <0xB0> <0xD0> <0xB0> <0xD0> <0xB0> <0xD0> <0xB0> <0xD0> <0xB0> <0xD0> <0xB0> <0xD0> <0xB0> ▁ <0xD0> <0xB0> <0xD0> <0xB0> <0xD0> <0xB0> ▁ <0xD0> <0xB0> <0xD0> <0xB0> <0xD0> <0xB0> ▁ <0xD0> <0xB0> <0xD0> <0xB0> <0xD0> <0xB0> ▁ <0xD0> <0xB0> <0xD0> <0xB0> ▁ <0xD0> <0xB0> <0xD0> <0xB0> <0xD0> <0xB0> ▁ <0xD0> <0xB0> <0xD0> <0xB0> <0xD0> <0xB0> ▁ <0xD0> <0xB0> <0xD0> <0xB0> <0xD0> <0xB0> ▁ <0xD0> <0xB0> <0xD0> <0xB0> ▁ <0xD0> <0xB0> <0xD0> <0xB0> ▁ <0xD0> <0xB0> <0xD0> <0xB0> ▁ <0xD0> <0xB0> <0xD0> <0xB0> ▁ <0xD0> <0xB0> ▁ <0xD0> <0xB0> ▁ <0xD0> <0xB0>
[2026-03-17 22:13:15] Best translation 1280 : ▁ <0xC2> <0xAB> ▁ <0xC2> <0xBB> ▁ <0xC2> <0xBB> ▁ <0xC2> <0xAB> ▁ <0xC2> <0xBB> ▁ <0xC2> <0xBB> ▁ <0xC2> <0xAB> ▁ <0xC2> <0xBB> ▁ <0xC2> <0xBB> ▁ <0xC2> <0xBB> ▁ <0xC2> <0xAB> ▁ <0xC2> <0xBB> ▁ <0xC2> <0xBB> ▁ <0xC2> <0xBB> ▁ <0xC2> <0xAB> ▁ <0xC2> <0xBB> ▁ <0xC2> <0xBB> ▁ <0xC2> <0xBB> ▁ <0xC2> <0xAB> ▁ <0xC2> <0xBB> ▁ <0xC2> <0xBB> ▁ <0xC2> <0xBB> ▁ <0xC2> <0xAB> ▁ <0xC2> <0xBB> ▁ <0xC2> <0xBB> ▁ <0xC2> <0xBB> ▁ <0xC2> <0xAB> ▁ <0xC2> <0xBB> ▁ <0xC2> <0xBB> ▁ <0xC2> <0xBB> ▁ <0xC2> <0xAB> ▁ <0xC2> <0xBB> ▁ <0xC2> <0xBB> ▁ <0xC2> <0xBB> ▁ <0xC2> <0xAB> ▁ <0xC2> <0xBB> ▁ <0xC2> <0xBB> ▁ <0xC2> <0xBB> ▁ <0xC2> <0xAB> ▁ <0xC2> <0xBB> ▁ <0xC2> <0xBB> ▁ <0xC2> <0xBB> ▁ <0xC2> <0xBB> ▁ <0xC2> <0xBB> ▁ <0xC2> <0xAB> ▁ <0xC2> <0xBB> ▁ <0xC2> <0xBB> ▁ <0xC2> <0xBB> ▁ <0xC2> <0xBB> ▁ <0xC2> <0xAB> ▁ <0xC2> <0xBB> ▁ <0xC2> <0xBB> ▁ <0xC2> <0xBB> ▁ <0xC2> <0xBB> ▁.
[2026-03-17 22:13:45] Total translation time: 86.23466s
[2026-03-17 22:13:45] Saving model weights and runtime parameters to /workspace/OPUS-MT-train/work/en-ckb/curated-floresdev.spm4k-spm4k.transformer.model1.npz.best-bleu.npz
[2026-03-17 22:13:46] [valid] Ep. 8 : Up. 10000 : bleu : 0.532604 : new best
[2026-03-17 22:13:46] Translating validation set...
[2026-03-17 22:13:48] Best translation 0 : ▁بە ش ێوە یەکی ▁زۆر ▁بە ش ێوە یەکی ▁زۆر ▁لە ▁مرۆڤ ەوە ▁دە گرێت ەوە ▁کە ▁بە ش ێوە یەکی ▁زۆر ▁بە ش ێوە یەکی ▁زۆر ▁بە ش ێوە یە .
[2026-03-17 22:13:48] Best translation 1 : ▁ <0xC2> <0xAB> ▁ <0xC2> <0xBB> ▁ <0xC2> <0xAB> ▁ <0xC2> <0xBB> ▁ <0xC2> <0xBB> ▁ <0xC2> <0xAB> ▁ <0xC2> <0xBB> ▁ <0xC2> <0xBB> ▁ <0xC2> <0xBB> ▁ <0xC2> <0xAB> ▁ <0xC2> <0xBB> ▁ <0xC2> <0xBB> ▁ <0xC2> <0xBB> ▁ <0xC2> <0xAB> ▁ <0xC2> <0xBB> ▁ <0xC2> <0xBB> ▁ <0xC2> <0xBB> ▁ <0xC2> <0xAB> ▁ <0xC2> <0xBB> ▁ <0xC2> <0xBB> ▁ <0xC2> <0xBB> ▁ <0xC2> <0xAB> ▁ <0xC2> <0xBB> ▁ <0xC2> <0xBB> ▁ <0xC2> <0xBB> ▁ <0xC2> <0xAB> ▁ <0xC2> <0xBB> ▁ <0xC2> <0xBB> ▁ <0xC2> <0xBB> ▁ <0xC2> <0xAB> ▁ <0xC2> <0xBB> ▁ <0xC2> <0xBB> ▁ <0xC2> <0xBB> ▁ <0xC2> <0xBB> ▁ <0xC2> <0xAB> ▁ <0xC2> <0xBB> ▁ <0xC2> <0xBB> ▁ <0xC2> <0xBB> ▁ <0xC2> <0xAB> ▁ <0xC2> <0xBB> ▁ <0xC2> <0xBB> ▁ <0xC2> <0xBB> ▁ <0xC2> <0xBB> ▁ <0xC2> <0xAB> ▁ <0xC2> <0xBB> ▁ <0xC2> <0xBB> ▁ <0xC2> <0xBB> ▁ <0xC2> <0xAB> ▁ <0xC2> <0xBB> ▁ <0xC2> <0xBB> ▁ <0xC2> <0xBB> ▁ <0xC2> <0xBB> ▁ <0xC2> <0xAB> ▁ <0xC2> <0xBB> ▁ <0xC2> <0xBB> ▁ <0xC2> <0xBB> ▁ <0xC2> <0xBB> ▁ <0xC2> <0xAB> ▁ <0xC2> <0xBB> ▁ <0xC2> <0xBB> ▁ <0xC2> <0xBB> ▁ <0xC2> <0xBB> ▁ <0xC2> <0xBB> ▁ <0xC2> <0xAB> ▁ <0xC2> <0xBB> ▁ <0xC2> <0xBB> ▁ <0xC2> <0xBB> ▁ <0xC2> <0xBB> ▁ <0xC2> <0xBB> ▁ <0xC2> <0xBB> ▁ <0xC2> <0xAB> ▁ <0xC2> <0xBB> ▁ <0xC2> <0xBB> ▁ <0xC2> <0xBB> ▁ <0xC2> <0xBB> ▁ <0xC2> <0xBB> ▁ <0xC2> <0xAB> ▁ <0xC2> <0xBB> ▁ <0xC2> <0xBB> ▁ <0xC2> <0xBB> ▁ <0xC2> <0xBB> ▁ <0xC2> <0xBB>
[2026-03-17 22:13:49] Best translation 2 : ▁دوای ▁ئه ▁وه ▁ی ▁ئه ▁و ▁زه ▁و ی یان ه ▁ی ▁ئه ▁و ▁زه ▁و ی یان ه ▁بوو ▁که ▁ئه ▁و ▁زه ▁و ی یان ه ▁ی ▁که ▁له ▁سه ▁ر ▁زه ▁و ی ▁بووه ▁.
[2026-03-17 22:13:49] Best translation 3 : ▁به ▁گوێر ه ▁ی ▁هه ▁واڵی ▁ماڵپ ه ▁ڕی ▁فارسی ی ▁" ئیس نا "، ▁ئه ▁و ▁ماڵپ ه ▁ره ▁له ▁سه ▁ر ▁بن ه ▁مای ▁بڵاوکردن ه ▁وه ▁ی ▁ئه ▁و ▁که ▁سانه ▁ی ▁که ▁له ▁سه ▁ر ▁بن ه ▁مای ▁بڵاوکردن ه ▁وه ▁ی ▁ئه ▁و ▁ماڵپ ه ▁ره ▁بڵاو ▁کراوه ▁ته ▁وه ▁.
[2026-03-17 22:13:49] Best translation 4 : ▁هه ▁روه ▁ها ▁ئه ▁وه ▁شی ▁خست ه ▁ر ِ وو ▁که ▁ئه ▁و ▁که ▁سانه ▁ی ▁که ▁له ▁سه ▁ر ▁بن ه ▁مای ▁ته ▁ک نه ▁لۆ ژی ایه ▁کی ▁نوێ یان ▁هه ▁بوو ، ▁به ▁ڵام ▁ئه ▁و ▁که ▁سانه ▁ی ▁که ▁له ▁سه ▁ر ▁بن ه ▁مای ▁ته ▁ک نه ▁لۆ ژی ای ▁نوێ یان ▁هه ▁بوو .
[2026-03-17 22:13:49] Best translation 5 : ▁جێی ▁ئاماژ ه ▁یه ▁، ▁له ▁یاری ▁دووه ▁م دا ▁یانه ▁ی ▁بای ر ن ▁می ون خ ▁توانی ▁پله ▁ی ▁یه ▁که ▁م ▁به ▁ده ▁ست ▁بێنێت ▁و ▁له ▁پله ▁ی ▁یه ▁که ▁م دا ▁توانی ▁پله ▁ی ▁دووه ▁م ▁به ▁ده ▁ست ▁بێنێت ▁و ▁له ▁پله ▁ی ▁سێی ه ▁م ▁به ▁ده ▁ست ▁بێنێت .
[2026-03-17 22:13:50] Best translation 10 : ▁ئه ▁و ▁که ▁سانه ▁ی ▁له ▁دڵ ه ▁ڕاو کێ یه ▁کانی ▁دڵ ه ▁ڕاو کێ ▁ده ▁بن ه ▁وه ▁و ▁.، ئه ▁وه ▁ش ▁ده ▁بێته ▁هۆی ▁ئه ▁وه ▁ی ▁دڵ ه ▁ڕاو کێ ی ▁دڵ ه ▁ڕاو کێ ▁له ▁ناو ▁دڵ ه ▁کانی ▁دڵ ▁و ▁دڵ ه ▁ڕاو کێ ▁و ▁دڵ ه ▁ڕاو کێ یه ▁کان .
[2026-03-17 22:13:50] Best translation 20 : ▁به ▁گوێر ه ▁ی ▁هه ▁واڵی ▁ماڵپ ه ▁ڕی ▁فارسی ی ▁" ئیس نا "، ▁ئه ▁و ▁که ▁سانه ▁ی ▁که ▁به ▁شێوه ▁یه ▁کی ▁به ▁رچاو ی ▁هه ▁یه ▁و ▁.، ه ه ▁روه ▁ها ▁به ▁شێوه ▁یه ▁کی ▁به ▁رچاو ی ▁هه ▁یه ▁و ▁.، ه ه ▁روه ▁ها ▁له ▁گه ▁ڵ ▁ئه ▁و ▁ئامێر ه ▁دا ▁هه ▁یه ▁.
[2026-03-17 22:13:50] Best translation 40 : ▁به ▁گوێر ه ▁ی ▁هه ▁واڵی ▁ماڵپ ه ▁ڕی ▁فارسی ی ▁" ئیس نا "، ▁وه ▁زیری ▁ده ▁ره ▁وه ▁ی ▁ئه ▁مه ▁ریکا ، ▁ڕۆژی ▁یه ▁کشه ▁ممه ▁ی ▁ڕابردوو ▁به ▁سه ▁رۆکای ه ▁تی ▁وه ▁زیری ▁ده ▁ره ▁وه ▁ی ▁ویلای ه ▁ته ▁یه ▁کگرتووه ▁کانی ▁ئه ▁مه ▁ریکا ▁به ▁ڕێوه ▁چوو .
[2026-03-17 22:13:51] Best translation 80 : ▁ئەو ▁نیشان ەی ▁کە ▁نیشان ی ▁دا وە ▁بۆ ▁نیشان دانی ▁ئەو ▁کەس انەی ▁کە ▁نیشان ی ▁دا وە ▁بۆ ▁نیشان دانی ▁ش ە پ ۆل ەکان ▁و ▁نیشان دانی ▁نیشان ەکانی ▁بەر ی تانی ا .
[2026-03-17 22:13:57] Best translation 160 : ▁به ▁ڵام ▁له ▁گه ▁ڵ ▁ئه ▁و ▁که ▁سانه ▁ی ▁که ▁س یان ▁به ▁سه ▁ر ▁برد بوو ، ▁به ▁ڵام ▁به ▁بێ ▁ئه ▁وه ▁ی ▁ئه ▁و ▁که ▁سانه ▁ی ▁به ▁ده ▁ست ▁هێنا بوو .
[2026-03-17 22:14:03] Best translation 320 : ▁ <0xC2> <0xAB> ▁ <0xC2> <0xBB> ▁ <0xC2> <0xAB> ▁ <0xC2> <0xBB> ▁ <0xC2> <0xBB> ▁ <0xC2> <0xAB> ▁ <0xC2> <0xBB> ▁ <0xC2> <0xBB> ▁ <0xC2> <0xAB> ▁ <0xC2> <0xBB> ▁ <0xC2> <0xBB> ▁ <0xC2> <0xAB> ▁ <0xC2> <0xBB> ▁ <0xC2> <0xBB> ▁ <0xC2> <0xAB> ▁ <0xC2> <0xBB> ▁ <0xC2> <0xBB> ▁ <0xC2> <0xBB> ▁کرد ▁.
[2026-03-17 22:14:16] Best translation 640 : ▁ژاپۆن ▁( بە ▁ژاپۆن ی : ▁ <0xD0> <0xB0> <0xD0> <0xB0> <0xD0> <0xB0> <0xD0> <0xB0> <0xD0> <0xB0> <0xD0> <0xB0> <0xD0> <0xB0> <0xD0> <0xB0> <0xD0> <0xB0> <0xD0> <0xB0> <0xD0> <0xB0> <0xD0> <0xB0> <0xD0> <0xB0> <0xD0> <0xB0> ▁ <0xD0> <0xB0> <0xD0> <0xB0> <0xD0> <0xB0> ▁ <0xD0> <0xB0> <0xD0> <0xB0> <0xD0> <0xB0> ▁ <0xD0> <0xB0> <0xD0> <0xB0> <0xD0> <0xB0> ▁ <0xD0> <0xB0> <0xD0> <0xB0> ▁ <0xD0> <0xB0> <0xD0> <0xB0> <0xD0> <0xB0> ▁ <0xD0> <0xB0> <0xD0> <0xB0> <0xD0> <0xB0> ▁ <0xD0> <0xB0> <0xD0> <0xB0> <0xD0> <0xB0> ▁ <0xD0> <0xB0> <0xD0> <0xB0> ▁ <0xD0> <0xB0> <0xD0> <0xB0> ▁ <0xD0> <0xB0> <0xD0> <0xB0> ▁ <0xD0> <0xB0> <0xD0> <0xB0> ▁ <0xD0> <0xB0> ▁ <0xD0> <0xB0> ▁ <0xD0> <0xB0>
[2026-03-17 22:14:43] Best translation 1280 : ▁ <0xC2> <0xAB> ▁ <0xC2> <0xBB> ▁ <0xC2> <0xBB> ▁ <0xC2> <0xAB> ▁ <0xC2> <0xBB> ▁ <0xC2> <0xBB> ▁ <0xC2> <0xAB> ▁ <0xC2> <0xBB> ▁ <0xC2> <0xBB> ▁ <0xC2> <0xBB> ▁ <0xC2> <0xAB> ▁ <0xC2> <0xBB> ▁ <0xC2> <0xBB> ▁ <0xC2> <0xBB> ▁ <0xC2> <0xAB> ▁ <0xC2> <0xBB> ▁ <0xC2> <0xBB> ▁ <0xC2> <0xBB> ▁ <0xC2> <0xAB> ▁ <0xC2> <0xBB> ▁ <0xC2> <0xBB> ▁ <0xC2> <0xBB> ▁ <0xC2> <0xAB> ▁ <0xC2> <0xBB> ▁ <0xC2> <0xBB> ▁ <0xC2> <0xBB> ▁ <0xC2> <0xAB> ▁ <0xC2> <0xBB> ▁ <0xC2> <0xBB> ▁ <0xC2> <0xBB> ▁ <0xC2> <0xAB> ▁ <0xC2> <0xBB> ▁ <0xC2> <0xBB> ▁ <0xC2> <0xBB> ▁ <0xC2> <0xAB> ▁ <0xC2> <0xBB> ▁ <0xC2> <0xBB> ▁ <0xC2> <0xBB> ▁ <0xC2> <0xAB> ▁ <0xC2> <0xBB> ▁ <0xC2> <0xBB> ▁ <0xC2> <0xBB> ▁ <0xC2> <0xBB> ▁ <0xC2> <0xBB> ▁ <0xC2> <0xAB> ▁ <0xC2> <0xBB> ▁ <0xC2> <0xBB> ▁ <0xC2> <0xBB> ▁ <0xC2> <0xBB> ▁ <0xC2> <0xAB> ▁ <0xC2> <0xBB> ▁ <0xC2> <0xBB> ▁ <0xC2> <0xBB> ▁ <0xC2> <0xBB> ▁.
[2026-03-17 22:15:13] Total translation time: 87.02904s
[2026-03-17 22:15:13] Saving model weights and runtime parameters to /workspace/OPUS-MT-train/work/en-ckb/curated-floresdev.spm4k-spm4k.transformer.model1.npz.best-chrf.npz
[2026-03-17 22:15:14] [valid] Ep. 8 : Up. 10000 : chrf : 17.1205 : new best
[2026-03-17 22:15:16] Saving model weights and runtime parameters to /workspace/OPUS-MT-train/work/en-ckb/curated-floresdev.spm4k-spm4k.transformer.model1.npz.best-perplexity.npz
[2026-03-17 22:15:17] [valid] Ep. 8 : Up. 10000 : perplexity : 73.9938 : new best
[2026-03-17 22:17:04] Seen 310,206 samples
[2026-03-17 22:17:04] Starting data epoch 9 in logical epoch 9
[2026-03-17 22:18:09] Ep. 9 : Up. 11000 : Sen. 87,325 : Cost 3.84864378 * 13,457,134 @ 13,307 after 147,819,021 : Time 356.56s : 37741.39 words/s : gNorm 1.0404 : L.r. 2.0625e-04
[2026-03-17 22:18:09] Saving model weights and runtime parameters to /workspace/OPUS-MT-train/work/en-ckb/curated-floresdev.spm4k-spm4k.transformer.model1.npz
[2026-03-17 22:18:10] Saving Adam parameters
[2026-03-17 22:18:12] [training] Saving training checkpoint to /workspace/OPUS-MT-train/work/en-ckb/curated-floresdev.spm4k-spm4k.transformer.model1.npz and /workspace/OPUS-MT-train/work/en-ckb/curated-floresdev.spm4k-spm4k.transformer.model1.npz.optimizer.npz
[2026-03-17 22:18:16] Translating validation set...
[2026-03-17 22:18:18] Best translation 0 : ▁ئەم ▁مرۆڤ ە ▁بە ش ێوە یەکی ▁زۆر ▁بە ش ێوە یەکی ▁زۆر ▁بە ش ێوە یەکی ▁زۆر ▁بە ش ێوە یەکی ▁مرۆڤ ەوە ▁دە گرێت ەوە ▁کە ▁لە ▁لایەن ▁مرۆڤ ەوە ▁دە گرێت ەوە .
[2026-03-17 22:18:18] Best translation 1 : ▁ <0xC2> <0xAB> ▁ <0xC2> <0xBB> ▁ <0xC2> <0xAB> ▁ <0xC2> <0xBB> ▁ <0xC2> <0xBB> ▁ <0xC2> <0xAB> ▁ <0xC2> <0xBB> ▁ <0xC2> <0xBB> ▁ <0xC2> <0xAB> ▁ <0xC2> <0xBB> ▁ <0xC2> <0xBB> ▁ <0xC2> <0xAB> ▁ <0xC2> <0xBB> ▁ <0xC2> <0xBB> ▁ <0xC2> <0xBB> ▁ <0xC2> <0xAB> ▁ <0xC2> <0xBB> ▁ <0xC2> <0xBB> ▁ <0xC2> <0xAB> ▁ <0xC2> <0xBB> ▁ <0xC2> <0xBB> ▁ <0xC2> <0xAB> ▁ <0xC2> <0xBB> ▁ <0xC2> <0xBB> ▁ <0xC2> <0xBB> ▁ <0xC2> <0xAB> ▁ <0xC2> <0xBB> ▁ <0xC2> <0xBB> ▁ <0xC2> <0xBB> ▁ <0xC2> <0xAB> ▁ <0xC2> <0xBB> ▁ <0xC2> <0xBB> ▁ <0xC2> <0xBB> ▁ <0xC2> <0xAB> ▁ <0xC2> <0xBB> ▁ <0xC2> <0xBB> ▁ <0xC2> <0xBB> ▁ <0xC2> <0xAB> ▁ <0xC2> <0xBB> ▁ <0xC2> <0xBB> ▁ <0xC2> <0xAB> ▁ <0xC2> <0xBB> ▁ <0xC2> <0xBB> ▁ <0xC2> <0xBB> ▁ <0xC2> <0xAB> ▁ <0xC2> <0xBB> ▁ <0xC2> <0xBB> ▁ <0xC2> <0xBB> ▁ <0xC2> <0xAB> ▁ <0xC2> <0xBB> ▁ <0xC2> <0xBB> ▁ <0xC2> <0xBB> ▁ <0xC2> <0xAB> ▁ <0xC2> <0xBB> ▁ <0xC2> <0xBB> ▁ <0xC2> <0xBB> ▁ <0xC2> <0xAB> ▁ <0xC2> <0xBB> ▁ <0xC2> <0xBB> ▁ <0xC2> <0xBB> ▁ <0xC2> <0xBB> ▁ <0xC2> <0xBB> ▁ <0xC2> <0xAB> ▁ <0xC2> <0xBB> ▁ <0xC2> <0xBB> ▁ <0xC2> <0xBB> ▁ <0xC2> <0xAB> ▁ <0xC2> <0xBB> ▁ <0xC2> <0xBB> ▁ <0xC2> <0xBB> ▁ <0xC2> <0xBB> ▁ <0xC2> <0xAB> ▁ <0xC2> <0xBB> ▁ <0xC2> <0xBB> ▁ <0xC2> <0xBB> ▁ <0xC2> <0xBB> ▁ <0xC2> <0xAB> ▁ <0xC2> <0xBB> ▁ <0xC2> <0xBB> ▁ <0xC2> <0xBB> ▁ <0xC2> <0xBB> ▁ <0xC2> <0xBB>
[2026-03-17 22:18:18] Best translation 2 : ▁هه ▁روه ▁ها ▁ئه ▁و ▁زه ▁و ی یان ه ▁ی ▁که ▁به ▁هۆی ▁ئه ▁و ▁زه ▁و ی یان ه ▁وه ▁بووه ▁هۆی ▁ئه ▁وه ▁ی ▁ئه ▁و ▁زه ▁و ی یان ه ▁ی ▁که ▁له ▁سه ▁ر ▁زه ▁و ی ▁زه ▁و ی ▁بووه ▁.
[2026-03-17 22:18:18] Best translation 3 : ▁هه ▁روه ▁ها ▁سه ▁رچاوه ▁که ▁ئاماژ ه ▁ی ▁به ▁وه ▁ش داوه ▁که ▁ئه ▁و ▁که ▁سانه ▁ی ▁که ▁له ▁سه ▁ر ▁بن ه ▁مای ▁بڵاوکردن ه ▁وه ▁ی ▁ئه ▁و ▁ماڵپ ه ▁ره ▁بڵاو ▁کراوه ▁ته ▁وه ▁، ▁ئه ▁گه ▁ر ▁له ▁سه ▁ر ▁بن ه ▁مای ▁بڵاوکردن ه ▁وه ▁ی ▁ئه ▁و ▁کۆمپانیای ه ▁له ▁سه ▁ر ▁بن ه ▁مای ▁ئه ▁و ▁کۆمپانیای ه ▁بڵاو ▁نه ▁کراوه ▁ته ▁وه ▁.
[2026-03-17 22:18:18] Best translation 4 : ▁ئه ▁و ▁مان ۆڕ ه ▁ی ▁که ▁له ▁سه ▁ر ▁بن ه ▁مای ▁چه ▁ک ▁و ▁ته ▁قه ▁مه ▁نی یان ▁هه ▁بوو ، ▁به ▁ڵام ▁ئه ▁و ▁که ▁شتی یان ه ▁مان ▁هه ▁بوو ، ▁به ▁ڵام ▁ئه ▁و ▁که ▁شتی یان ه ▁ی ▁که ▁له ▁سه ▁ر ▁بن ه ▁مای ▁ته ▁ک نه ▁لۆ ژی ایه ▁کی ▁نوێ یان ▁هه ▁بوو .
[2026-03-17 22:18:18] Best translation 5 : ▁گۆل ه ▁کانی ▁یانه ▁ی ▁ڕیال ▁مه ▁درید ▁له ▁ڕێگای ▁یاریزانان ▁کریس تیان ۆ ▁ڕۆ ن ال دۆ ▁له ▁خول ه ▁که ▁کانی ▁، ▁، ▁، ▁، ▁تۆمارکرا ▁، ▁تاک ه ▁گۆلی ▁یانه ▁ی ▁بای ر ن ▁می ون خ ▁له ▁ڕێگای ▁یاریزانی ▁یانه ▁ی ▁ڕیال ▁مه ▁درید ▁له ▁خول ه ▁کی ▁تۆمارکرا .
[2026-03-17 22:18:19] Best translation 10 : ▁ئه ▁و ▁به ▁رهه ▁مه ▁له ▁دڵ ه ▁ڕاو کێ یه ▁کانی ▁دڵ ه ▁ڕاو کێ ▁له ▁ناو ▁دڵ ی ▁دڵ ه ▁ڕاو کێ ▁ده ▁که ▁ن ▁و ▁ئه ▁وه ▁ش ▁ده ▁بێته ▁هۆی ▁ئه ▁وه ▁ی ▁دڵ ه ▁ڕاو کێ ی ▁دڵ ه ▁ڕاو کێ ▁له ▁ناو ▁دڵ ▁و ▁دڵ ه ▁ڕاو کێ ▁ده ▁کات .
[2026-03-17 22:18:19] Best translation 20 : ▁ت ەک نە لۆ ژی ا ▁( بە ▁ئینگلیزی : ▁ <0x47> o g e ) ▁جۆرێک ە ▁لە ▁و شە ی ▁سا دە ی ی ی ی ▁و زە ی ی ی ی ی ی ی ی یە ، ▁بەڵام ▁بە ش ێوە یەکی ▁سا دە ی ی ی یە .
[2026-03-17 22:18:19] Best translation 40 : ▁پ ـ ێ ـ نج شه ▁ممه ▁پ ـ ێ ـ نج شه ▁ممه ▁پ ـ ێ ـ نج شه ▁ممه ▁پ ـ ێ ـ نج شه ▁ممه ▁پ ـ ێ ـ نج شه ▁ممه ▁پ ـ ێ ـ نج شه ▁ممه ▁پ ـ ێ ـ نج شه ▁ممه ▁پ ـ ێ ـ نج شه ▁ممه ▁پ ـ ێ ـ نج شه ▁ممه ▁پ ـ ێ ـ نج شه ▁ممه ▁پ ـ ێ ـ نج شه ▁ممه ▁پ ـ ێش ـ که ▁ش ▁کرد .
[2026-03-17 22:18:20] Best translation 80 : ▁ئەو ▁نیشان ەی ▁کە ▁نیشان ی ▁دا وە ▁بۆ ▁نیشان دانی ▁ڕە خ نە گر ان ▁و ▁نیشان دانی ▁نیشان ە ▁و ▁نیشان ە دان ▁بۆ ▁نیشان دانی ▁ش ە پ ۆل ەکان .
[2026-03-17 22:18:26] Best translation 160 : ▁به ▁ڵام ▁له ▁گه ▁ڵ ▁ئه ▁وه ▁ی ▁ئه ▁و ▁که ▁سانه ▁ی ▁به ▁سه ▁رک ه ▁وتوو ▁نه ▁بوون ، ▁به ▁ڵام ▁به ▁بێ ▁ئه ▁وه ▁ی ▁به ▁سه ▁رک ه ▁وتوو ▁نه ▁بوو .
[2026-03-17 22:18:31] Best translation 320 : ▁ <0xC2> <0xAB> ▁ <0xC2> <0xBB> ▁ <0xC2> <0xAB> ▁ <0xC2> <0xBB> ▁ <0xC2> <0xBB> ▁ <0xC2> <0xAB> ▁ <0xC2> <0xBB> ▁ <0xC2> <0xBB> ▁ <0xC2> <0xAB> ▁ <0xC2> <0xBB> ▁ <0xC2> <0xBB> ▁ <0xC2> <0xAB> ▁ <0xC2> <0xBB> ▁ <0xC2> <0xBB> ▁ <0xC2> <0xAB> ▁ <0xC2> <0xBB> ▁ <0xC2> <0xBB> ▁ <0xC2> <0xBB> ▁.
[2026-03-17 22:18:44] Best translation 640 : ▁ژاپۆن ▁( بە ▁ژاپۆن ی : ▁ <0xD0> <0xB0> <0xD0> <0xB0> <0xD0> <0xB0> <0xD0> <0xB0> <0xD0> <0xB0> <0xD0> <0xB0> <0xD0> <0xB0> <0xD0> <0xB0> ▁ <0xD0> <0xB0> <0xD0> <0xB0> <0xD0> <0xB0> <0xD0> <0xB0> <0xD0> <0xB0> <0xD0> <0xB0> ▁ <0xD0> <0xB0> <0xD0> <0xB0> <0xD0> <0xB0> ▁ <0xD0> <0xB0> <0xD0> <0xB0> <0xD0> <0xB0> ▁ <0xD0> <0xB0> <0xD0> <0xB0> <0xD0> <0xB0> ▁ <0xD0> <0xB0> <0xD0> <0xB0> ▁ <0xD0> <0xB0> <0xD0> <0xB0> ▁ <0xD0> <0xB0> <0xD0> <0xB0> <0xD0> <0xB0> ▁ <0xD0> <0xB0> <0xD0> <0xB0> <0xD0> <0xB0> ▁ <0xD0> <0xB0> <0xD0> <0xB0> ▁ <0xD0> <0xB0> ▁ <0xD0> <0xB0> ▁ <0xD0> <0xB0> <0xD0> <0xB0> ▁ <0xD0> <0xB0> ▁ <0xD0> <0xB0> <0xD0> <0xB0> ▁ <0xD0> <0xB0> ▁ <0xD0> <0xB0>
[2026-03-17 22:19:09] Best translation 1280 : ▁ <0xC2> <0xAB> ▁ <0xC2> <0xBB> ▁( بە ▁ئینگلیزی : ▁ <0xC2> <0xBB> ▁ <0xC2> <0xAB> ▁ <0xC2> <0xBB> ▁ <0xC2> <0xBB> ▁ <0xC2> <0xBB> ▁ <0xC2> <0xAB> ▁ <0xC2> <0xBB> ▁ <0xC2> <0xBB> ▁ <0xC2> <0xBB> ▁ <0xC2> <0xAB> ▁ <0xC2> <0xBB> ▁ <0xC2> <0xBB> ▁ <0xC2> <0xBB> ▁ <0xC2> <0xAB> ▁ <0xC2> <0xBB> ▁ <0xC2> <0xBB> ▁ <0xC2> <0xBB> ▁ <0xC2> <0xBB> ▁ <0xC2> <0xAB> ▁ <0xC2> <0xBB> ▁ <0xC2> <0xBB> ▁ <0xC2> <0xBB> ▁ <0xC2> <0xAB> ▁ <0xC2> <0xBB> ▁ <0xC2> <0xBB> ▁ <0xC2> <0xBB> ▁ <0xC2> <0xAB> ▁ <0xC2> <0xBB> ▁ <0xC2> <0xBB> ▁ <0xC2> <0xBB> ▁ <0xC2> <0xAB> ▁ <0xC2> <0xBB> ▁ <0xC2> <0xBB> ▁ <0xC2> <0xBB> ▁ <0xC2> <0xAB> ▁ <0xC2> <0xBB> ▁ <0xC2> <0xBB> ▁ <0xC2> <0xAB> ▁ <0xC2> <0xBB> ▁ <0xC2> <0xBB> ▁ <0xC2> <0xBB> ▁ <0xC2> <0xAB> ▁ <0xC2> <0xBB> ▁ <0xC2> <0xBB> ▁ <0xC2> <0xBB> ▁ <0xC2> <0xAB> ▁ <0xC2> <0xBB> ▁ <0xC2> <0xBB> ▁ <0xC2> <0xBB> ▁ <0xC2> <0xBB> ▁ <0xC2> <0xAB> ▁ <0xC2> <0xBB> ▁ <0xC2> <0xBB> ▁ <0xC2> <0xBB> ▁ <0xC2> <0xAB> ▁ <0xC2> <0xBB> ▁ <0xC2> <0xBB> ▁ <0xC2> <0xBB> ▁ <0xC2> <0xBB> ▁ <0xC2> <0xAB> ▁ <0xC2> <0xBB> ▁ <0xC2> <0xBB> ▁ <0xC2> <0xBB> ▁ <0xC2> <0xBB> ▁ <0xC2> <0xBB> ▁.
[2026-03-17 22:19:39] Total translation time: 82.88209s
[2026-03-17 22:19:39] Saving model weights and runtime parameters to /workspace/OPUS-MT-train/work/en-ckb/curated-floresdev.spm4k-spm4k.transformer.model1.npz.best-bleu.npz
[2026-03-17 22:19:40] [valid] Ep. 9 : Up. 11000 : bleu : 0.663601 : new best
[2026-03-17 22:19:40] Translating validation set...
[2026-03-17 22:19:42] Best translation 0 : ▁ئەم ▁مرۆڤ ە ▁بە ش ێوە یەکی ▁زۆر ▁بە ش ێوە یەکی ▁زۆر ▁بە ش ێوە یەکی ▁زۆر ▁بە ش ێوە یەکی ▁مرۆڤ ەوە ▁دە گرێت ەوە ▁کە ▁لە ▁لایەن ▁مرۆڤ ەوە ▁دە گرێت ەوە .
[2026-03-17 22:19:42] Best translation 1 : ▁ <0xC2> <0xAB> ▁ <0xC2> <0xBB> ▁ <0xC2> <0xAB> ▁ <0xC2> <0xBB> ▁ <0xC2> <0xBB> ▁ <0xC2> <0xAB> ▁ <0xC2> <0xBB> ▁ <0xC2> <0xBB> ▁ <0xC2> <0xAB> ▁ <0xC2> <0xBB> ▁ <0xC2> <0xBB> ▁ <0xC2> <0xAB> ▁ <0xC2> <0xBB> ▁ <0xC2> <0xBB> ▁ <0xC2> <0xBB> ▁ <0xC2> <0xAB> ▁ <0xC2> <0xBB> ▁ <0xC2> <0xBB> ▁ <0xC2> <0xAB> ▁ <0xC2> <0xBB> ▁ <0xC2> <0xBB> ▁ <0xC2> <0xAB> ▁ <0xC2> <0xBB> ▁ <0xC2> <0xBB> ▁ <0xC2> <0xBB> ▁ <0xC2> <0xAB> ▁ <0xC2> <0xBB> ▁ <0xC2> <0xBB> ▁ <0xC2> <0xBB> ▁ <0xC2> <0xAB> ▁ <0xC2> <0xBB> ▁ <0xC2> <0xBB> ▁ <0xC2> <0xBB> ▁ <0xC2> <0xAB> ▁ <0xC2> <0xBB> ▁ <0xC2> <0xBB> ▁ <0xC2> <0xBB> ▁ <0xC2> <0xAB> ▁ <0xC2> <0xBB> ▁ <0xC2> <0xBB> ▁ <0xC2> <0xAB> ▁ <0xC2> <0xBB> ▁ <0xC2> <0xBB> ▁ <0xC2> <0xBB> ▁ <0xC2> <0xAB> ▁ <0xC2> <0xBB> ▁ <0xC2> <0xBB> ▁ <0xC2> <0xBB> ▁ <0xC2> <0xAB> ▁ <0xC2> <0xBB> ▁ <0xC2> <0xBB> ▁ <0xC2> <0xBB> ▁ <0xC2> <0xAB> ▁ <0xC2> <0xBB> ▁ <0xC2> <0xBB> ▁ <0xC2> <0xBB> ▁ <0xC2> <0xAB> ▁ <0xC2> <0xBB> ▁ <0xC2> <0xBB> ▁ <0xC2> <0xBB> ▁ <0xC2> <0xBB> ▁ <0xC2> <0xBB> ▁ <0xC2> <0xAB> ▁ <0xC2> <0xBB> ▁ <0xC2> <0xBB> ▁ <0xC2> <0xBB> ▁ <0xC2> <0xAB> ▁ <0xC2> <0xBB> ▁ <0xC2> <0xBB> ▁ <0xC2> <0xBB> ▁ <0xC2> <0xBB> ▁ <0xC2> <0xAB> ▁ <0xC2> <0xBB> ▁ <0xC2> <0xBB> ▁ <0xC2> <0xBB> ▁ <0xC2> <0xBB> ▁ <0xC2> <0xAB> ▁ <0xC2> <0xBB> ▁ <0xC2> <0xBB> ▁ <0xC2> <0xBB> ▁ <0xC2> <0xBB> ▁ <0xC2> <0xBB>
[2026-03-17 22:19:43] Best translation 2 : ▁هه ▁روه ▁ها ▁ئه ▁و ▁زه ▁و ی یان ه ▁ی ▁که ▁به ▁هۆی ▁ئه ▁و ▁زه ▁و ی یان ه ▁وه ▁بووه ▁هۆی ▁ئه ▁وه ▁ی ▁ئه ▁و ▁زه ▁و ی یان ه ▁ی ▁که ▁له ▁سه ▁ر ▁زه ▁و ی ▁زه ▁و ی ▁بووه ▁.
[2026-03-17 22:19:43] Best translation 3 : ▁هه ▁روه ▁ها ▁سه ▁رچاوه ▁که ▁ئاماژ ه ▁ی ▁به ▁وه ▁ش داوه ▁که ▁ئه ▁و ▁که ▁سانه ▁ی ▁که ▁له ▁سه ▁ر ▁بن ه ▁مای ▁بڵاوکردن ه ▁وه ▁ی ▁ئه ▁و ▁ماڵپ ه ▁ره ▁بڵاو ▁کراوه ▁ته ▁وه ▁، ▁ئه ▁گه ▁ر ▁له ▁سه ▁ر ▁بن ه ▁مای ▁بڵاوکردن ه ▁وه ▁ی ▁ئه ▁و ▁کۆمپانیای ه ▁له ▁سه ▁ر ▁بن ه ▁مای ▁ئه ▁و ▁کۆمپانیای ه ▁بڵاو ▁نه ▁کراوه ▁ته ▁وه ▁.
[2026-03-17 22:19:43] Best translation 4 : ▁ئه ▁و ▁مان ۆڕ ه ▁ی ▁که ▁له ▁سه ▁ر ▁بن ه ▁مای ▁چه ▁ک ▁و ▁ته ▁قه ▁مه ▁نی یان ▁هه ▁بوو ، ▁به ▁ڵام ▁ئه ▁و ▁که ▁شتی یان ه ▁مان ▁هه ▁بوو ، ▁به ▁ڵام ▁ئه ▁و ▁که ▁شتی یان ه ▁ی ▁که ▁له ▁سه ▁ر ▁بن ه ▁مای ▁ته ▁ک نه ▁لۆ ژی ایه ▁کی ▁نوێ یان ▁هه ▁بوو .
[2026-03-17 22:19:43] Best translation 5 : ▁گۆل ه ▁کانی ▁یانه ▁ی ▁ڕیال ▁مه ▁درید ▁له ▁ڕێگای ▁یاریزانان ▁کریس تیان ۆ ▁ڕۆ ن ال دۆ ▁له ▁خول ه ▁که ▁کانی ▁، ▁، ▁، ▁، ▁تۆمارکرا ▁، ▁تاک ه ▁گۆلی ▁یانه ▁ی ▁بای ر ن ▁می ون خ ▁له ▁ڕێگای ▁یاریزانی ▁یانه ▁ی ▁ڕیال ▁مه ▁درید ▁له ▁خول ه ▁کی ▁تۆمارکرا .
[2026-03-17 22:19:43] Best translation 10 : ▁ئه ▁و ▁به ▁رهه ▁مه ▁له ▁دڵ ه ▁ڕاو کێ یه ▁کانی ▁دڵ ه ▁ڕاو کێ ▁له ▁ناو ▁دڵ ی ▁دڵ ه ▁ڕاو کێ ▁ده ▁که ▁ن ▁و ▁ئه ▁وه ▁ش ▁ده ▁بێته ▁هۆی ▁ئه ▁وه ▁ی ▁دڵ ه ▁ڕاو کێ ی ▁دڵ ه ▁ڕاو کێ ▁له ▁ناو ▁دڵ ▁و ▁دڵ ه ▁ڕاو کێ ▁ده ▁کات .
[2026-03-17 22:19:43] Best translation 20 : ▁ت ەک نە لۆ ژی ا ▁( بە ▁ئینگلیزی : ▁ <0x47> o g e ) ▁جۆرێک ە ▁لە ▁و شە ی ▁سا دە ی ی ی ی ▁و زە ی ی ی ی ی ی ی ی یە ، ▁بەڵام ▁بە ش ێوە یەکی ▁سا دە ی ی ی یە .
[2026-03-17 22:19:43] Best translation 40 : ▁پ ـ ێ ـ نج شه ▁ممه ▁پ ـ ێ ـ نج شه ▁ممه ▁پ ـ ێ ـ نج شه ▁ممه ▁پ ـ ێ ـ نج شه ▁ممه ▁پ ـ ێ ـ نج شه ▁ممه ▁پ ـ ێ ـ نج شه ▁ممه ▁پ ـ ێ ـ نج شه ▁ممه ▁پ ـ ێ ـ نج شه ▁ممه ▁پ ـ ێ ـ نج شه ▁ممه ▁پ ـ ێ ـ نج شه ▁ممه ▁پ ـ ێ ـ نج شه ▁ممه ▁پ ـ ێش ـ که ▁ش ▁کرد .
[2026-03-17 22:19:45] Best translation 80 : ▁ئەو ▁نیشان ەی ▁کە ▁نیشان ی ▁دا وە ▁بۆ ▁نیشان دانی ▁ڕە خ نە گر ان ▁و ▁نیشان دانی ▁نیشان ە ▁و ▁نیشان ە دان ▁بۆ ▁نیشان دانی ▁ش ە پ ۆل ەکان .
[2026-03-17 22:19:50] Best translation 160 : ▁به ▁ڵام ▁له ▁گه ▁ڵ ▁ئه ▁وه ▁ی ▁ئه ▁و ▁که ▁سانه ▁ی ▁به ▁سه ▁رک ه ▁وتوو ▁نه ▁بوون ، ▁به ▁ڵام ▁به ▁بێ ▁ئه ▁وه ▁ی ▁به ▁سه ▁رک ه ▁وتوو ▁نه ▁بوو .
[2026-03-17 22:19:56] Best translation 320 : ▁ <0xC2> <0xAB> ▁ <0xC2> <0xBB> ▁ <0xC2> <0xAB> ▁ <0xC2> <0xBB> ▁ <0xC2> <0xBB> ▁ <0xC2> <0xAB> ▁ <0xC2> <0xBB> ▁ <0xC2> <0xBB> ▁ <0xC2> <0xAB> ▁ <0xC2> <0xBB> ▁ <0xC2> <0xBB> ▁ <0xC2> <0xAB> ▁ <0xC2> <0xBB> ▁ <0xC2> <0xBB> ▁ <0xC2> <0xAB> ▁ <0xC2> <0xBB> ▁ <0xC2> <0xBB> ▁ <0xC2> <0xBB> ▁.
[2026-03-17 22:20:08] Best translation 640 : ▁ژاپۆن ▁( بە ▁ژاپۆن ی : ▁ <0xD0> <0xB0> <0xD0> <0xB0> <0xD0> <0xB0> <0xD0> <0xB0> <0xD0> <0xB0> <0xD0> <0xB0> <0xD0> <0xB0> <0xD0> <0xB0> ▁ <0xD0> <0xB0> <0xD0> <0xB0> <0xD0> <0xB0> <0xD0> <0xB0> <0xD0> <0xB0> <0xD0> <0xB0> ▁ <0xD0> <0xB0> <0xD0> <0xB0> <0xD0> <0xB0> ▁ <0xD0> <0xB0> <0xD0> <0xB0> <0xD0> <0xB0> ▁ <0xD0> <0xB0> <0xD0> <0xB0> <0xD0> <0xB0> ▁ <0xD0> <0xB0> <0xD0> <0xB0> ▁ <0xD0> <0xB0> <0xD0> <0xB0> ▁ <0xD0> <0xB0> <0xD0> <0xB0> <0xD0> <0xB0> ▁ <0xD0> <0xB0> <0xD0> <0xB0> <0xD0> <0xB0> ▁ <0xD0> <0xB0> <0xD0> <0xB0> ▁ <0xD0> <0xB0> ▁ <0xD0> <0xB0> ▁ <0xD0> <0xB0> <0xD0> <0xB0> ▁ <0xD0> <0xB0> ▁ <0xD0> <0xB0> <0xD0> <0xB0> ▁ <0xD0> <0xB0> ▁ <0xD0> <0xB0>
[2026-03-17 22:20:34] Best translation 1280 : ▁ <0xC2> <0xAB> ▁ <0xC2> <0xBB> ▁( بە ▁ئینگلیزی : ▁ <0xC2> <0xBB> ▁ <0xC2> <0xAB> ▁ <0xC2> <0xBB> ▁ <0xC2> <0xBB> ▁ <0xC2> <0xBB> ▁ <0xC2> <0xAB> ▁ <0xC2> <0xBB> ▁ <0xC2> <0xBB> ▁ <0xC2> <0xBB> ▁ <0xC2> <0xAB> ▁ <0xC2> <0xBB> ▁ <0xC2> <0xBB> ▁ <0xC2> <0xBB> ▁ <0xC2> <0xAB> ▁ <0xC2> <0xBB> ▁ <0xC2> <0xBB> ▁ <0xC2> <0xBB> ▁ <0xC2> <0xBB> ▁ <0xC2> <0xAB> ▁ <0xC2> <0xBB> ▁ <0xC2> <0xBB> ▁ <0xC2> <0xBB> ▁ <0xC2> <0xAB> ▁ <0xC2> <0xBB> ▁ <0xC2> <0xBB> ▁ <0xC2> <0xBB> ▁ <0xC2> <0xAB> ▁ <0xC2> <0xBB> ▁ <0xC2> <0xBB> ▁ <0xC2> <0xBB> ▁ <0xC2> <0xAB> ▁ <0xC2> <0xBB> ▁ <0xC2> <0xBB> ▁ <0xC2> <0xBB> ▁ <0xC2> <0xAB> ▁ <0xC2> <0xBB> ▁ <0xC2> <0xBB> ▁ <0xC2> <0xAB> ▁ <0xC2> <0xBB> ▁ <0xC2> <0xBB> ▁ <0xC2> <0xBB> ▁ <0xC2> <0xAB> ▁ <0xC2> <0xBB> ▁ <0xC2> <0xBB> ▁ <0xC2> <0xBB> ▁ <0xC2> <0xAB> ▁ <0xC2> <0xBB> ▁ <0xC2> <0xBB> ▁ <0xC2> <0xBB> ▁ <0xC2> <0xBB> ▁ <0xC2> <0xAB> ▁ <0xC2> <0xBB> ▁ <0xC2> <0xBB> ▁ <0xC2> <0xBB> ▁ <0xC2> <0xAB> ▁ <0xC2> <0xBB> ▁ <0xC2> <0xBB> ▁ <0xC2> <0xBB> ▁ <0xC2> <0xBB> ▁ <0xC2> <0xAB> ▁ <0xC2> <0xBB> ▁ <0xC2> <0xBB> ▁ <0xC2> <0xBB> ▁ <0xC2> <0xBB> ▁ <0xC2> <0xBB> ▁.
[2026-03-17 22:21:04] Total translation time: 83.64741s
[2026-03-17 22:21:04] Saving model weights and runtime parameters to /workspace/OPUS-MT-train/work/en-ckb/curated-floresdev.spm4k-spm4k.transformer.model1.npz.best-chrf.npz
[2026-03-17 22:21:05] [valid] Ep. 9 : Up. 11000 : chrf : 18.5326 : new best
[2026-03-17 22:21:07] Saving model weights and runtime parameters to /workspace/OPUS-MT-train/work/en-ckb/curated-floresdev.spm4k-spm4k.transformer.model1.npz.best-perplexity.npz
[2026-03-17 22:21:08] [valid] Ep. 9 : Up. 11000 : perplexity : 64.2765 : new best
[2026-03-17 22:23:50] Seen 310,206 samples
[2026-03-17 22:23:50] Starting data epoch 10 in logical epoch 10
[2026-03-17 22:23:59] Ep. 10 : Up. 12000 : Sen. 12,959 : Cost 3.70794272 * 13,459,863 @ 11,629 after 161,278,884 : Time 350.15s : 38440.70 words/s : gNorm 1.1688 : L.r. 2.2500e-04
[2026-03-17 22:23:59] Saving model weights and runtime parameters to /workspace/OPUS-MT-train/work/en-ckb/curated-floresdev.spm4k-spm4k.transformer.model1.npz
[2026-03-17 22:24:00] Saving Adam parameters
[2026-03-17 22:24:02] [training] Saving training checkpoint to /workspace/OPUS-MT-train/work/en-ckb/curated-floresdev.spm4k-spm4k.transformer.model1.npz and /workspace/OPUS-MT-train/work/en-ckb/curated-floresdev.spm4k-spm4k.transformer.model1.npz.optimizer.npz
[2026-03-17 22:24:06] Translating validation set...
[2026-03-17 22:24:07] Best translation 0 : ▁ئەم ▁قورئان ە ▁بە ش ێوە یەکی ▁زۆر ▁بە ش ێوە یەکی ▁زۆر ▁لە ▁مرۆڤ ەوە ▁دە ناس رێت ▁کە ▁مرۆڤ ەکان ▁لە ▁مرۆڤ دا ▁دە گرێت ەوە .
[2026-03-17 22:24:07] Best translation 1 : ▁م ێز گر دێ ـ ک ▁گه ▁یشت ه ▁فڕۆک ه ▁جه ▁نگی ـ یه ▁کانی ▁س ـ ی اس ه ▁تی ▁س ـ ی اس ه ▁تی ▁س ـ ی اس ه ▁ت ێر ۆری س ـ تی ▁س ـ ی اس ه ▁ت ێر ۆری س ـ تی ▁س ـ ی اس ـ یه ▁کان ▁و ▁چه ▁ک ▁و ▁ته ▁قه ▁مه ▁نی ـ یه ▁کان ▁له ▁ش ـ اری ▁چه ▁م چه ▁ماڵ ▁س ـ از کرا .
[2026-03-17 22:24:08] Best translation 2 : ▁هه ▁روه ▁ها ▁ئه ▁و ▁گه ▁ڕه ▁که ▁له ▁لایه ▁ن ▁هێزه ▁کانی ▁ئه ▁و ▁ناوچه ▁یه ▁وه ▁بووه ▁هۆی ▁ئه ▁وه ▁ی ▁ئه ▁و ▁زه ▁و ی یان ه ▁ی ▁که ▁زه ▁و ی ▁زه ▁و ی ▁زه ▁و ی ▁بووه ▁.
[2026-03-17 22:24:08] Best translation 3 : ▁هه ▁روه ▁ها ▁ئه ▁و ▁هه ▁واڵ انه ▁ی ▁که ▁له ▁سه ▁ر ▁ماڵپ ه ▁ڕی ▁ئینته ▁رنێت ▁بڵاو یان کردۆت ه ▁وه ▁، ▁ئه ▁و ▁ڤیدیۆ یه ▁ی ▁که ▁له ▁سه ▁ر ▁ماڵپ ه ▁ڕی ▁" ئا ی ته ▁ر " ▁بڵاو ▁کراوه ▁ته ▁وه ▁، ▁له ▁سه ▁ر ▁بن ه ▁مای ▁بڵاوکردن ه ▁وه ▁ی ▁ئه ▁و ▁کۆمپانیای ه ▁له ▁سه ▁ر ▁بن ه ▁مای ▁بڵاوکردن ه ▁وه ▁ی ▁ئه ▁و ▁کۆمپانیای ه ▁له ▁سه ▁ر ▁بن ه ▁مای ▁بڵاوکردن ه ▁وه ▁ی ▁ئه ▁و ▁کۆمپانیای ه ▁بڵاو ▁کراوه ▁ته ▁وه ▁.
[2026-03-17 22:24:08] Best translation 4 : ▁ئه ▁و ▁سوپای یان ه ▁ی ▁که ▁له ▁سه ▁ر ▁بن ه ▁مای ▁ته ▁قه ▁مه ▁نی یان ▁هه ▁بوو ، ▁به ▁ڵام ▁ئه ▁و ▁چوار ▁که ▁شتی یان ه ▁مان ▁هه ▁بوو ، ▁به ▁ڵام ▁ئه ▁و ▁چوار ▁که ▁شتی یان ه ▁ی ▁که ▁شتی یه ▁کی ▁نوێ یان ▁هه ▁بوو ، ▁به ▁ڵام ▁ئه ▁و ▁چوار ▁که ▁شتی یان ه ▁ی ▁که ▁له ▁سه ▁ر ▁بن ه ▁مای ▁ته ▁قه ▁مه ▁نی ▁بوون .
[2026-03-17 22:24:08] Best translation 5 : ▁گۆل ه ▁کانی ▁یانه ▁ی ▁شه ▁و ی ▁ڕابردوو ▁له ▁ڕێگای ▁یاریزانان ▁کریس تیان ۆ ▁ڕۆ ن اڵ دۆ ▁له ▁خول ه ▁که ▁کانی ▁، ▁، ▁، ▁، ▁تۆمارکرا ▁، ▁گۆلی ▁یانه ▁ی ▁ڕیال ▁مه ▁درید ▁له ▁ڕێگای ▁یاریزانی ▁یانه ▁ی ▁ڕیال ▁مه ▁درید ی ▁ئیسپانی ▁فر ن ان دۆ ▁له ▁خول ه ▁کی ▁تۆمارکرا .
[2026-03-17 22:24:08] Best translation 10 : ▁له ▁ناو ▁دڵ ه ▁ڕاو کێ ی ▁دڵ ه ▁وه ▁دوور ▁ده ▁خات ه ▁وه ▁و ▁.، ئه ▁و ▁دڵ ه ▁ر او کێ یان ه ▁ی ▁که ▁له ▁ناو ▁دڵ ی ▁دڵ ه ▁ڕاو کێ ▁ده ▁بن ه ▁وه ▁و ▁.، ئه ▁وه ▁ش ▁ده ▁بێته ▁هۆی ▁ئه ▁وه ▁ی ▁ئه ▁و ▁دڵ ه ▁ڕاو کێ یان ه ▁ی ▁له ▁ناو ▁دوور گه ▁ی ▁دڵ ه ▁وه ▁دوور ▁ده ▁که ▁وێت ه ▁وه ▁.
[2026-03-17 22:24:08] Best translation 20 : ▁هه ▁روه ▁ها ▁ده ▁بێته ▁هۆی ▁ئه ▁وه ▁ی ▁که ▁هه ▁ردوو ک یان ▁هه ▁یه ▁و ▁.، ه ه ▁ردوو ک یان ▁هه ▁یه ▁، ▁به ▁ڵام ▁له ▁گه ▁ڵ ▁ئه ▁وه ▁شدا ▁به ▁شێوه ▁یه ▁کی ▁ڕاسته ▁وخۆ ی ▁هه ▁یه ▁و ▁.، ه ه ▁روه ▁ها ▁به ▁شێوه ▁یه ▁کی ▁به ▁رچاو ی ▁هه ▁یه ▁و ▁.، ه ه ▁روه ▁ها ▁به ▁شێوه ▁یه ▁کی ▁به ▁رچاو ی ▁هه ▁یه ▁، ▁به ▁ڵام ▁ئه ▁و ▁که ▁سانه ▁ی ▁که ▁به ▁شێوه ▁یه ▁کی ▁به ▁رچاو ی ▁هه ▁یه ▁.
[2026-03-17 22:24:08] Best translation 40 : ▁خۆپ ـ یش ـ اند ه ▁ران ▁ده ▁س ـ ت گیر کردنی ▁خۆپ ـ یش ـ اند ه ▁ران ▁ده ▁کات ▁له ▁لایه ▁ن ▁وه ▁زیری ▁ده ▁ره ▁وه ▁ی ▁ئه ▁مه ▁ریکا ▁پ ـ ێش ـ ووی ▁وڵاته ▁یه ▁کگرتووه ▁کانی ▁پ ـ ێش ـ ووی ▁وڵاته ▁یه ▁کگرتووه ▁کانی ▁پ ـ ێش ـ ووی ▁وڵاته ▁یه ▁کگرتووه ▁کانی ▁ئه ▁مه ▁ریکا ▁ده ▁س ـ ت گیر کرا .
[2026-03-17 22:24:10] Best translation 80 : ▁ئەو ▁نیشان ەی ▁کە ▁نیشان ی ▁دا بوو ؛ ▁زیان ێکی ▁زۆری ▁لێ بوو رد ن ▁بوو ▁بۆ ▁بڵاو کردنەوەی ▁ڕە خ نە ی ▁ڕە خ نە ی ی ▁و ەر گێڕ ان ▁بۆ ▁بڵاو کردنەوەی ▁ڕە خ نە گر ان .
[2026-03-17 22:24:15] Best translation 160 : ▁ئه ▁و ▁که ▁سانه ▁ی ▁به ▁سه ▁ر ▁چوو ، ▁به ▁ڵام ▁به ▁سه ▁رک ه ▁وتوو ▁نه ▁بوو ، ▁به ▁ڵام ▁به ▁بێ ▁ئه ▁وه ▁ی ▁به ▁سه ▁رک ه ▁وتوو ▁نه ▁بوو .
[2026-03-17 22:24:21] Best translation 320 : ▁دوای ▁بڵاوبوون ه ▁وه ▁ی ▁ده ▁رک ه ▁وت ▁ئه ▁و ▁نه ▁خۆشی ه ▁به ▁کار ▁هێنا .
[2026-03-17 22:24:34] Best translation 640 : ▁ژاپۆن ▁( بە ▁ژاپۆن ی : ▁ <0xD0> <0xB0> <0xD0> <0xB0> <0xD0> <0xB0> <0xD0> <0xB0> <0xD0> <0xB0> ▁ <0xD0> <0xB0> <0xD0> <0xB0> <0xD0> <0xB0> <0xD0> <0xB0> <0xD0> <0xB0> <0xD0> <0xB0> ▁ <0xD0> <0xB0> <0xD0> <0xB0> <0xD0> <0xB0> ▁ <0xD0> <0xB0> <0xD0> <0xB0> <0xD0> <0xB0> ▁ <0xD0> <0xB0> <0xD0> <0xB0> <0xD0> <0xB0> ▁ <0xD0> <0xB0> <0xD0> <0xB0> <0xD0> <0xB0> ▁ <0xD0> <0xB0> <0xD0> <0xB0> ▁ <0xD0> <0xB0> <0xD0> <0xB0> ▁ <0xD0> <0xB0> <0xD0> <0xB0> <0xD0> <0xB0> <0xD0> <0xB0> ▁ <0xD0> <0xB0> <0xD0> <0xB0> <0xD0> <0xB0> ▁ <0xD0> <0xB0> <0xD0> <0xB0> ▁ <0xD0> <0xB0> <0xD0> <0xB0> ▁ <0xD0> <0xB0> <0xD0> <0xB0> ▁ <0xD0> <0xB0> <0xD0> <0xB0> ▁ <0xD0> <0xB0> <0xD0> <0xB0> ▁ <0xD0>
[2026-03-17 22:24:59] Best translation 1280 : ▁ش ە پ ۆل ەکان ▁( بە ▁ئینگلیزی : ▁ <0x4A> o d i d i on ) ▁( بە ▁ئینگلیزی : ▁ d ri l l l i d ) ▁( بە ▁ئینگلیزی : ▁ d ri l l l ) ▁( بە ▁ئینگلیزی : ▁ d ri l l l l ▁ d e ▁ d ri l l l ) ▁( بە ▁ئینگلیزی : ▁ d ri l l l ▁ d e ▁ d ri l l l l ) ▁( بە ▁ئینگلیزی : ▁ d ri l l l ▁ d e ▁ d ri l l l l l l ) ▁( بە ▁ئینگلیزی : ▁ t h e ▁ d e ▁ d ri l l l l l u m ) ▁( بە ▁ئینگلیزی : ▁ t h e ▁ t h e ▁ t h e ▁ d ▁ d ri l l l l l u m ) ▁لە ▁نێوان ▁ڕۆژه ەڵات ی ▁ناوەڕاست ▁و ▁ڕۆژه ەڵات ی ▁ڕۆژ ھ ەڵات ی ▁ڕۆژ ھ ەڵات ی ▁ڕۆژ او ای ▁ڕۆژه ەڵات ی ▁ناوەڕاست دا .
[2026-03-17 22:25:29] Total translation time: 82.88005s
[2026-03-17 22:25:29] Saving model weights and runtime parameters to /workspace/OPUS-MT-train/work/en-ckb/curated-floresdev.spm4k-spm4k.transformer.model1.npz.best-bleu.npz
[2026-03-17 22:25:30] [valid] Ep. 10 : Up. 12000 : bleu : 0.918015 : new best
[2026-03-17 22:25:30] Translating validation set...
[2026-03-17 22:25:31] Best translation 0 : ▁ئەم ▁قورئان ە ▁بە ش ێوە یەکی ▁زۆر ▁بە ش ێوە یەکی ▁زۆر ▁لە ▁مرۆڤ ەوە ▁دە ناس رێت ▁کە ▁مرۆڤ ەکان ▁لە ▁مرۆڤ دا ▁دە گرێت ەوە .
[2026-03-17 22:25:31] Best translation 1 : ▁م ێز گر دێ ـ ک ▁گه ▁یشت ه ▁فڕۆک ه ▁جه ▁نگی ـ یه ▁کانی ▁س ـ ی اس ه ▁تی ▁س ـ ی اس ه ▁تی ▁س ـ ی اس ه ▁ت ێر ۆری س ـ تی ▁س ـ ی اس ه ▁ت ێر ۆری س ـ تی ▁س ـ ی اس ـ یه ▁کان ▁و ▁چه ▁ک ▁و ▁ته ▁قه ▁مه ▁نی ـ یه ▁کان ▁له ▁ش ـ اری ▁چه ▁م چه ▁ماڵ ▁س ـ از کرا .
[2026-03-17 22:25:32] Best translation 2 : ▁هه ▁روه ▁ها ▁ئه ▁و ▁گه ▁ڕه ▁که ▁له ▁لایه ▁ن ▁هێزه ▁کانی ▁ئه ▁و ▁ناوچه ▁یه ▁وه ▁بووه ▁هۆی ▁ئه ▁وه ▁ی ▁ئه ▁و ▁زه ▁و ی یان ه ▁ی ▁که ▁زه ▁و ی ▁زه ▁و ی ▁زه ▁و ی ▁بووه ▁.
[2026-03-17 22:25:32] Best translation 3 : ▁هه ▁روه ▁ها ▁ئه ▁و ▁هه ▁واڵ انه ▁ی ▁که ▁له ▁سه ▁ر ▁ماڵپ ه ▁ڕی ▁ئینته ▁رنێت ▁بڵاو یان کردۆت ه ▁وه ▁، ▁ئه ▁و ▁ڤیدیۆ یه ▁ی ▁که ▁له ▁سه ▁ر ▁ماڵپ ه ▁ڕی ▁" ئا ی ته ▁ر " ▁بڵاو ▁کراوه ▁ته ▁وه ▁، ▁له ▁سه ▁ر ▁بن ه ▁مای ▁بڵاوکردن ه ▁وه ▁ی ▁ئه ▁و ▁کۆمپانیای ه ▁له ▁سه ▁ر ▁بن ه ▁مای ▁بڵاوکردن ه ▁وه ▁ی ▁ئه ▁و ▁کۆمپانیای ه ▁له ▁سه ▁ر ▁بن ه ▁مای ▁بڵاوکردن ه ▁وه ▁ی ▁ئه ▁و ▁کۆمپانیای ه ▁بڵاو ▁کراوه ▁ته ▁وه ▁.
[2026-03-17 22:25:32] Best translation 4 : ▁ئه ▁و ▁سوپای یان ه ▁ی ▁که ▁له ▁سه ▁ر ▁بن ه ▁مای ▁ته ▁قه ▁مه ▁نی یان ▁هه ▁بوو ، ▁به ▁ڵام ▁ئه ▁و ▁چوار ▁که ▁شتی یان ه ▁مان ▁هه ▁بوو ، ▁به ▁ڵام ▁ئه ▁و ▁چوار ▁که ▁شتی یان ه ▁ی ▁که ▁شتی یه ▁کی ▁نوێ یان ▁هه ▁بوو ، ▁به ▁ڵام ▁ئه ▁و ▁چوار ▁که ▁شتی یان ه ▁ی ▁که ▁له ▁سه ▁ر ▁بن ه ▁مای ▁ته ▁قه ▁مه ▁نی ▁بوون .
[2026-03-17 22:25:32] Best translation 5 : ▁گۆل ه ▁کانی ▁یانه ▁ی ▁شه ▁و ی ▁ڕابردوو ▁له ▁ڕێگای ▁یاریزانان ▁کریس تیان ۆ ▁ڕۆ ن اڵ دۆ ▁له ▁خول ه ▁که ▁کانی ▁، ▁، ▁، ▁، ▁تۆمارکرا ▁، ▁گۆلی ▁یانه ▁ی ▁ڕیال ▁مه ▁درید ▁له ▁ڕێگای ▁یاریزانی ▁یانه ▁ی ▁ڕیال ▁مه ▁درید ی ▁ئیسپانی ▁فر ن ان دۆ ▁له ▁خول ه ▁کی ▁تۆمارکرا .
[2026-03-17 22:25:32] Best translation 10 : ▁له ▁ناو ▁دڵ ه ▁ڕاو کێ ی ▁دڵ ه ▁وه ▁دوور ▁ده ▁خات ه ▁وه ▁و ▁.، ئه ▁و ▁دڵ ه ▁ر او کێ یان ه ▁ی ▁که ▁له ▁ناو ▁دڵ ی ▁دڵ ه ▁ڕاو کێ ▁ده ▁بن ه ▁وه ▁و ▁.، ئه ▁وه ▁ش ▁ده ▁بێته ▁هۆی ▁ئه ▁وه ▁ی ▁ئه ▁و ▁دڵ ه ▁ڕاو کێ یان ه ▁ی ▁له ▁ناو ▁دوور گه ▁ی ▁دڵ ه ▁وه ▁دوور ▁ده ▁که ▁وێت ه ▁وه ▁.
[2026-03-17 22:25:32] Best translation 20 : ▁هه ▁روه ▁ها ▁ده ▁بێته ▁هۆی ▁ئه ▁وه ▁ی ▁که ▁هه ▁ردوو ک یان ▁هه ▁یه ▁و ▁.، ه ه ▁ردوو ک یان ▁هه ▁یه ▁، ▁به ▁ڵام ▁له ▁گه ▁ڵ ▁ئه ▁وه ▁شدا ▁به ▁شێوه ▁یه ▁کی ▁ڕاسته ▁وخۆ ی ▁هه ▁یه ▁و ▁.، ه ه ▁روه ▁ها ▁به ▁شێوه ▁یه ▁کی ▁به ▁رچاو ی ▁هه ▁یه ▁و ▁.، ه ه ▁روه ▁ها ▁به ▁شێوه ▁یه ▁کی ▁به ▁رچاو ی ▁هه ▁یه ▁، ▁به ▁ڵام ▁ئه ▁و ▁که ▁سانه ▁ی ▁که ▁به ▁شێوه ▁یه ▁کی ▁به ▁رچاو ی ▁هه ▁یه ▁.
[2026-03-17 22:25:32] Best translation 40 : ▁خۆپ ـ یش ـ اند ه ▁ران ▁ده ▁س ـ ت گیر کردنی ▁خۆپ ـ یش ـ اند ه ▁ران ▁ده ▁کات ▁له ▁لایه ▁ن ▁وه ▁زیری ▁ده ▁ره ▁وه ▁ی ▁ئه ▁مه ▁ریکا ▁پ ـ ێش ـ ووی ▁وڵاته ▁یه ▁کگرتووه ▁کانی ▁پ ـ ێش ـ ووی ▁وڵاته ▁یه ▁کگرتووه ▁کانی ▁پ ـ ێش ـ ووی ▁وڵاته ▁یه ▁کگرتووه ▁کانی ▁ئه ▁مه ▁ریکا ▁ده ▁س ـ ت گیر کرا .
[2026-03-17 22:25:34] Best translation 80 : ▁ئەو ▁نیشان ەی ▁کە ▁نیشان ی ▁دا بوو ؛ ▁زیان ێکی ▁زۆری ▁لێ بوو رد ن ▁بوو ▁بۆ ▁بڵاو کردنەوەی ▁ڕە خ نە ی ▁ڕە خ نە ی ی ▁و ەر گێڕ ان ▁بۆ ▁بڵاو کردنەوەی ▁ڕە خ نە گر ان .
[2026-03-17 22:25:39] Best translation 160 : ▁ئه ▁و ▁که ▁سانه ▁ی ▁به ▁سه ▁ر ▁چوو ، ▁به ▁ڵام ▁به ▁سه ▁رک ه ▁وتوو ▁نه ▁بوو ، ▁به ▁ڵام ▁به ▁بێ ▁ئه ▁وه ▁ی ▁به ▁سه ▁رک ه ▁وتوو ▁نه ▁بوو .
[2026-03-17 22:25:46] Best translation 320 : ▁دوای ▁بڵاوبوون ه ▁وه ▁ی ▁ده ▁رک ه ▁وت ▁ئه ▁و ▁نه ▁خۆشی ه ▁به ▁کار ▁هێنا .
[2026-03-17 22:25:59] Best translation 640 : ▁ژاپۆن ▁( بە ▁ژاپۆن ی : ▁ <0xD0> <0xB0> <0xD0> <0xB0> <0xD0> <0xB0> <0xD0> <0xB0> <0xD0> <0xB0> ▁ <0xD0> <0xB0> <0xD0> <0xB0> <0xD0> <0xB0> <0xD0> <0xB0> <0xD0> <0xB0> <0xD0> <0xB0> ▁ <0xD0> <0xB0> <0xD0> <0xB0> <0xD0> <0xB0> ▁ <0xD0> <0xB0> <0xD0> <0xB0> <0xD0> <0xB0> ▁ <0xD0> <0xB0> <0xD0> <0xB0> <0xD0> <0xB0> ▁ <0xD0> <0xB0> <0xD0> <0xB0> <0xD0> <0xB0> ▁ <0xD0> <0xB0> <0xD0> <0xB0> ▁ <0xD0> <0xB0> <0xD0> <0xB0> ▁ <0xD0> <0xB0> <0xD0> <0xB0> <0xD0> <0xB0> <0xD0> <0xB0> ▁ <0xD0> <0xB0> <0xD0> <0xB0> <0xD0> <0xB0> ▁ <0xD0> <0xB0> <0xD0> <0xB0> ▁ <0xD0> <0xB0> <0xD0> <0xB0> ▁ <0xD0> <0xB0> <0xD0> <0xB0> ▁ <0xD0> <0xB0> <0xD0> <0xB0> ▁ <0xD0> <0xB0> <0xD0> <0xB0> ▁ <0xD0>
[2026-03-17 22:26:24] Best translation 1280 : ▁ش ە پ ۆل ەکان ▁( بە ▁ئینگلیزی : ▁ <0x4A> o d i d i on ) ▁( بە ▁ئینگلیزی : ▁ d ri l l l i d ) ▁( بە ▁ئینگلیزی : ▁ d ri l l l ) ▁( بە ▁ئینگلیزی : ▁ d ri l l l l ▁ d e ▁ d ri l l l ) ▁( بە ▁ئینگلیزی : ▁ d ri l l l ▁ d e ▁ d ri l l l l ) ▁( بە ▁ئینگلیزی : ▁ d ri l l l ▁ d e ▁ d ri l l l l l l ) ▁( بە ▁ئینگلیزی : ▁ t h e ▁ d e ▁ d ri l l l l l u m ) ▁( بە ▁ئینگلیزی : ▁ t h e ▁ t h e ▁ t h e ▁ d ▁ d ri l l l l l u m ) ▁لە ▁نێوان ▁ڕۆژه ەڵات ی ▁ناوەڕاست ▁و ▁ڕۆژه ەڵات ی ▁ڕۆژ ھ ەڵات ی ▁ڕۆژ ھ ەڵات ی ▁ڕۆژ او ای ▁ڕۆژه ەڵات ی ▁ناوەڕاست دا .
[2026-03-17 22:26:54] Total translation time: 84.06130s
[2026-03-17 22:26:54] Saving model weights and runtime parameters to /workspace/OPUS-MT-train/work/en-ckb/curated-floresdev.spm4k-spm4k.transformer.model1.npz.best-chrf.npz
[2026-03-17 22:26:55] [valid] Ep. 10 : Up. 12000 : chrf : 20.7802 : new best
[2026-03-17 22:26:57] Saving model weights and runtime parameters to /workspace/OPUS-MT-train/work/en-ckb/curated-floresdev.spm4k-spm4k.transformer.model1.npz.best-perplexity.npz
[2026-03-17 22:26:58] [valid] Ep. 10 : Up. 12000 : perplexity : 53.5589 : new best
[2026-03-17 22:29:48] Ep. 10 : Up. 13000 : Sen. 244,859 : Cost 3.55125642 * 13,438,258 @ 14,526 after 174,717,142 : Time 349.46s : 38454.53 words/s : gNorm 0.9809 : L.r. 2.4375e-04
[2026-03-17 22:29:48] Saving model weights and runtime parameters to /workspace/OPUS-MT-train/work/en-ckb/curated-floresdev.spm4k-spm4k.transformer.model1.npz
[2026-03-17 22:29:50] Saving Adam parameters
[2026-03-17 22:29:52] [training] Saving training checkpoint to /workspace/OPUS-MT-train/work/en-ckb/curated-floresdev.spm4k-spm4k.transformer.model1.npz and /workspace/OPUS-MT-train/work/en-ckb/curated-floresdev.spm4k-spm4k.transformer.model1.npz.optimizer.npz
[2026-03-17 22:29:55] Translating validation set...
[2026-03-17 22:29:57] Best translation 0 : ▁ئەم ▁پ ە نا بەر انە ▁لە ▁قو وڵ ی ▁کۆن دا ▁دە وت رێت ▁کە ▁بە ▁شێوەیەکی ▁زۆر ▁لە ▁مرۆڤ ەکان ▁دە ناس رێن ەوە .
[2026-03-17 22:29:57] Best translation 1 : ▁م ێز گر دێ ـ ک ▁هێرش یان ▁کرده ▁سه ▁ر ▁بنک ه ▁ی ▁گه ▁ڕان ه ▁وه ▁ی ▁فڕۆک ه ▁جه ▁نگی ـ یه ▁کان ▁له ▁لایه ▁ن ▁چه ▁ند ▁که ▁س ـ اڵ ێ ـ کی ▁س ـ اڵ ه ▁وه ▁گه ▁ی ش ـ توو ه ▁و ▁.، ه ه ▁روه ▁ها ▁چه ▁ک ▁و ▁ته ▁قه ▁مه ▁نی ▁پ ـ ێش ـ ووی ▁چه ▁ک ▁و ▁ته ▁قه ▁مه ▁نی ـ یه ▁کان ▁به ▁چه ▁ک ▁و ▁ته ▁قه ▁مه ▁نی ـ یه ▁کان ه ▁وه ▁به ▁ره ▁و ▁پ ـ ێش ـ ووی ▁ته ▁قه ▁مه ▁نی ▁پ ـ ێش ـ ووی ▁ته ▁قه ▁مه ▁نی ـ یه ▁کان ▁به ▁ره ▁و ▁پ ـ ێش ـ ووی ▁ته ▁قه ▁مه ▁نی ـ یه ▁کان ▁به ▁ره ▁و ▁پ ـ ێش ـ ووی ▁ته ▁قه ▁مه ▁نی ـ یه ▁کان .
[2026-03-17 22:29:57] Best translation 2 : ▁ئه ▁و ▁گه ▁شتی اران ه ▁له ▁لایه ▁ن ▁که ▁شتی یه ▁که ▁وه ▁له ▁هه ▁مان ▁کات دا ▁بووه ▁و ▁.، به ▁هۆی ه ▁وه ▁زه ▁و ی ▁زه ▁و ی ▁زه ▁و ی ▁زه ▁و ی ▁زه ▁و ی ▁بووه ▁.
[2026-03-17 22:29:58] Best translation 3 : ▁هه ▁روه ▁ها ▁هه ▁روه ▁ها ▁ئه ▁و ▁هه ▁واڵه ▁ی ▁که ▁له ▁سه ▁ر ▁ماڵپ ه ▁ر ِ ی ▁ئینته ▁رنێت ▁بڵاو ی ▁کردووه ▁ته ▁وه ▁، ▁سه ▁ره ▁ر ِ ای ▁ئه ▁وه ▁ی ▁له ▁سه ▁ر ▁ماڵپ ه ▁ر ِ ی ▁" بی ▁بی ▁بی ▁سی " ▁له ▁سه ▁ر ▁ماڵپ ه ▁ر ِ ی ▁" بی ▁بی ▁سی " ▁له ▁سه ▁ر ▁بن ه ▁مای ▁بڵاوکردن ه ▁وه ▁ی ▁ئه ▁و ▁ماڵپ ه ▁ر ِ ه ▁له ▁سه ▁ر ▁ماڵپ ه ▁ر ِ ی ▁" بی ▁بی ▁سی " ▁بڵاو ▁کرا یه ▁وه ▁.
[2026-03-17 22:29:58] Best translation 4 : ▁ئه ▁و ▁سوپای ه ▁له ▁شکری یه ▁کی ▁سوپای مان ▁هه ▁بوو ، ▁به ▁ڵام ▁هه ▁رچ ه ▁نده ▁ئه ▁و ▁چوار ▁که ▁شتی یان ه ▁ی ▁که ▁پێشتر ▁چوار یان یان ▁له ▁سه ▁ر ▁بن ه ▁مای ▁ته ▁قه ▁مه ▁نی یان ▁هه ▁بوو ، ▁به ▁ڵام ▁ئه ▁و ▁چوار ▁که ▁شتی یان ه ▁ی ▁که ▁له ▁سه ▁ره ▁تای ▁شه ▁ڕی ▁نێوان یان ▁دروست کرد بوو .
[2026-03-17 22:29:58] Best translation 5 : ▁گێم ی ▁دووه ▁می ▁یاریی ه ▁که ▁شه ▁و ی ▁یه ▁که ▁می ▁خول ه ▁که ▁به ▁ده ▁ست ▁هێنا ، ▁گۆڵ ه ▁کانی ▁وه ▁رزی ▁یه ▁که ▁م ▁له ▁گه ▁ڵ ▁یانه ▁ی ▁ڕیال ▁مه ▁درید ▁له ▁وه ▁رزی ▁ڕابردوو ▁له ▁خول ه ▁کی ▁به ▁ده ▁ست ▁هێنا ، ▁و ▁له ▁وه ▁رزی ▁ڕابردوو ▁یانه ▁ی ▁بای ر ن ▁می ون خ ▁توانی ▁پله ▁ی ▁یه ▁که ▁م ▁به ▁ده ▁ست ▁بێنێت .
[2026-03-17 22:29:58] Best translation 10 : ▁به ▁هۆی ▁دڵ ه ▁ڕاو کێ یه ▁کان ه ▁وه ▁له ▁دڵ ه ▁ڕاو کێ ی ▁دڵ ه ▁وه ▁دوور ▁ده ▁که ▁وێت ه ▁وه ▁و ▁.، ئه ▁وه ▁ش ▁ده ▁بێته ▁هۆی ▁ئه ▁وه ▁ی ▁ئه ▁و ▁دڵ ه ▁ڕاو کێ یان ه ▁ی ▁که ▁له ▁دڵ ه ▁ڕاو کێ یه ▁کان ▁دوور ▁ده ▁که ▁وێت ه ▁وه ▁.
[2026-03-17 22:29:58] Best translation 20 : ▁هه ▁روه ▁ها ▁ده ▁بێته ▁هۆی ▁ئه ▁وه ▁ی ▁که ▁هه ▁ردوو ک یان ▁ده ▁بێته ▁هۆی ▁ئه ▁وه ▁ی ▁که ▁سێک ▁به ▁شێوه ▁یه ▁کی ▁ڕاسته ▁قینه ▁و ▁.، ه ه ▁روه ▁ها ▁به ▁شێوه ▁یه ▁کی ▁ڕاسته ▁وخۆ ی ▁هه ▁یه ▁، ▁به ▁ڵام ▁له ▁گه ▁ڵ ▁ئه ▁وه ▁شدا ▁به ▁شێوه ▁یه ▁کی ▁ڕاسته ▁قینه ▁یه ▁کی ▁به ▁رچاو ی ▁هه ▁یه ▁.
[2026-03-17 22:29:58] Best translation 40 : ▁خۆپ ـ یش ـ اند ه ▁ران ▁ده ▁س ـ تیان ▁به ▁سه ▁ر ▁ده ▁س ـ ت پ ـ ێ ـ ک دا دان ێ ـ کی ▁پ ـ ێ ـ نج شه ▁ممه ▁دا ▁ده ▁س ـ ت پ ـ ێ ـ ده ▁کات ▁له ▁لایه ▁ن ▁سه ▁رۆک ▁وه ▁زیری ▁پ ـ ێش ـ ووی ▁وڵاته ▁یه ▁کگرتووه ▁کانی ▁ئه ▁مریکا ▁پ ـ ێش ـ ووی ▁پ ـ ێ ـ نج شه ▁ممه ▁پ ـ ێ ـ نج شه ▁ممه ▁به ▁سه ▁رۆکای ه ▁تی ▁فه ▁رماند ه ▁ی ▁پ ـ ێش ـ ووی ▁پ ـ ێش ـ ووی ▁پ ـ ێش ـ ووی ▁سه ▁رۆک ▁وه ▁زیری ▁پ ـ ێش ـ ووی ▁وڵاته ▁یه ▁کگرتووه ▁کانی ▁ئه ▁مریکا ▁ده ▁س ـ ت گیر کرا .
[2026-03-17 22:29:59] Best translation 80 : ▁نیشان ە ؛ ▁زیان ەکانی ▁جەستە ی ی ی ▁بە ش دار بوو ؛ ▁زیان ێکی ▁زۆر ▁بە ش ێوە یەکی ▁بەر بڵ او ▁بوو ▁بۆ ▁بڵاو کردنەوەی ▁دڵ ەڕ او کێ .
[2026-03-17 22:30:04] Best translation 160 : ▁ئه ▁و ▁که ▁سانه ▁ی ▁به ▁سه ▁رۆکای ه ▁تی ▁به ▁سه ▁ر ▁چوو ، ▁به ▁ڵام ▁به ▁سه ▁رک ه ▁وتوو ▁نه ▁بوو ، ▁به ▁ڵام ▁به ▁بێ ▁ئه ▁وه ▁ی ▁به ▁سه ▁رک ه ▁وتوو ▁نه ▁بوو .
[2026-03-17 22:30:11] Best translation 320 : ▁دوای ▁بڵاوبوون ه ▁وه ▁ی ▁ده ▁رک ه ▁وت ▁ئه ▁م ▁نه ▁خۆشی ه ▁به ▁کار ▁هێن را .
[2026-03-17 22:30:23] Best translation 640 : ▁ژاپۆن ▁نزیکه ▁ی ▁حه ▁فت ا ▁نزیکه ▁ی ▁حه ▁فت ا ▁نزیکه ▁ی ▁حه ▁وت ▁هه ▁زار ▁گه ▁وره ▁ترین ▁گه ▁وره ▁ترین ▁ژاپۆن یه ▁که ▁له ▁جیهاندا ▁ده ▁ژی ن .
[2026-03-17 22:30:47] Best translation 1280 : ▁پاس ە وانی ▁ش ە ق ام ەکان ▁( بە ▁ئینگلیزی : ▁ <0x47> o d e ) ▁لە ▁ڕۆژه ەڵات ی ▁ناوەڕاست ی ▁ڕۆژ ھ ەڵات ی ▁ڕۆژ ھ ەڵات ی ▁ڕۆژه ەڵات ی ▁ڕۆژه ەڵات ی ▁ڕۆژه ەڵات ی ▁ڕۆژه ەڵات ی ▁ڕۆژه ەڵات ی ▁ڕۆژه ەڵات ی ▁ڕۆژه ەڵات ی ▁ڕۆژه ەڵات ی ▁ڕۆژه ەڵات ی ▁ڕۆژه ەڵات ی ▁ڕۆژه ەڵات ی ▁ڕۆژه ەڵات ی ▁ناوەڕاست ▁دە ک ەوێت ە ▁ڕۆژه ەڵات ی ▁ڕۆژه ەڵات ی ▁ناوەڕاست .
[2026-03-17 22:31:16] Total translation time: 80.57399s
[2026-03-17 22:31:16] Saving model weights and runtime parameters to /workspace/OPUS-MT-train/work/en-ckb/curated-floresdev.spm4k-spm4k.transformer.model1.npz.best-bleu.npz
[2026-03-17 22:31:17] [valid] Ep. 10 : Up. 13000 : bleu : 1.34423 : new best
[2026-03-17 22:31:17] Translating validation set...
[2026-03-17 22:31:18] Best translation 0 : ▁ئەم ▁پ ە نا بەر انە ▁لە ▁قو وڵ ی ▁کۆن دا ▁دە وت رێت ▁کە ▁بە ▁شێوەیەکی ▁زۆر ▁لە ▁مرۆڤ ەکان ▁دە ناس رێن ەوە .
[2026-03-17 22:31:18] Best translation 1 : ▁م ێز گر دێ ـ ک ▁هێرش یان ▁کرده ▁سه ▁ر ▁بنک ه ▁ی ▁گه ▁ڕان ه ▁وه ▁ی ▁فڕۆک ه ▁جه ▁نگی ـ یه ▁کان ▁له ▁لایه ▁ن ▁چه ▁ند ▁که ▁س ـ اڵ ێ ـ کی ▁س ـ اڵ ه ▁وه ▁گه ▁ی ش ـ توو ه ▁و ▁.، ه ه ▁روه ▁ها ▁چه ▁ک ▁و ▁ته ▁قه ▁مه ▁نی ▁پ ـ ێش ـ ووی ▁چه ▁ک ▁و ▁ته ▁قه ▁مه ▁نی ـ یه ▁کان ▁به ▁چه ▁ک ▁و ▁ته ▁قه ▁مه ▁نی ـ یه ▁کان ه ▁وه ▁به ▁ره ▁و ▁پ ـ ێش ـ ووی ▁ته ▁قه ▁مه ▁نی ▁پ ـ ێش ـ ووی ▁ته ▁قه ▁مه ▁نی ـ یه ▁کان ▁به ▁ره ▁و ▁پ ـ ێش ـ ووی ▁ته ▁قه ▁مه ▁نی ـ یه ▁کان ▁به ▁ره ▁و ▁پ ـ ێش ـ ووی ▁ته ▁قه ▁مه ▁نی ـ یه ▁کان .
[2026-03-17 22:31:19] Best translation 2 : ▁ئه ▁و ▁گه ▁شتی اران ه ▁له ▁لایه ▁ن ▁که ▁شتی یه ▁که ▁وه ▁له ▁هه ▁مان ▁کات دا ▁بووه ▁و ▁.، به ▁هۆی ه ▁وه ▁زه ▁و ی ▁زه ▁و ی ▁زه ▁و ی ▁زه ▁و ی ▁زه ▁و ی ▁بووه ▁.
[2026-03-17 22:31:19] Best translation 3 : ▁هه ▁روه ▁ها ▁هه ▁روه ▁ها ▁ئه ▁و ▁هه ▁واڵه ▁ی ▁که ▁له ▁سه ▁ر ▁ماڵپ ه ▁ر ِ ی ▁ئینته ▁رنێت ▁بڵاو ی ▁کردووه ▁ته ▁وه ▁، ▁سه ▁ره ▁ر ِ ای ▁ئه ▁وه ▁ی ▁له ▁سه ▁ر ▁ماڵپ ه ▁ر ِ ی ▁" بی ▁بی ▁بی ▁سی " ▁له ▁سه ▁ر ▁ماڵپ ه ▁ر ِ ی ▁" بی ▁بی ▁سی " ▁له ▁سه ▁ر ▁بن ه ▁مای ▁بڵاوکردن ه ▁وه ▁ی ▁ئه ▁و ▁ماڵپ ه ▁ر ِ ه ▁له ▁سه ▁ر ▁ماڵپ ه ▁ر ِ ی ▁" بی ▁بی ▁سی " ▁بڵاو ▁کرا یه ▁وه ▁.
[2026-03-17 22:31:19] Best translation 4 : ▁ئه ▁و ▁سوپای ه ▁له ▁شکری یه ▁کی ▁سوپای مان ▁هه ▁بوو ، ▁به ▁ڵام ▁هه ▁رچ ه ▁نده ▁ئه ▁و ▁چوار ▁که ▁شتی یان ه ▁ی ▁که ▁پێشتر ▁چوار یان یان ▁له ▁سه ▁ر ▁بن ه ▁مای ▁ته ▁قه ▁مه ▁نی یان ▁هه ▁بوو ، ▁به ▁ڵام ▁ئه ▁و ▁چوار ▁که ▁شتی یان ه ▁ی ▁که ▁له ▁سه ▁ره ▁تای ▁شه ▁ڕی ▁نێوان یان ▁دروست کرد بوو .
[2026-03-17 22:31:19] Best translation 5 : ▁گێم ی ▁دووه ▁می ▁یاریی ه ▁که ▁شه ▁و ی ▁یه ▁که ▁می ▁خول ه ▁که ▁به ▁ده ▁ست ▁هێنا ، ▁گۆڵ ه ▁کانی ▁وه ▁رزی ▁یه ▁که ▁م ▁له ▁گه ▁ڵ ▁یانه ▁ی ▁ڕیال ▁مه ▁درید ▁له ▁وه ▁رزی ▁ڕابردوو ▁له ▁خول ه ▁کی ▁به ▁ده ▁ست ▁هێنا ، ▁و ▁له ▁وه ▁رزی ▁ڕابردوو ▁یانه ▁ی ▁بای ر ن ▁می ون خ ▁توانی ▁پله ▁ی ▁یه ▁که ▁م ▁به ▁ده ▁ست ▁بێنێت .
[2026-03-17 22:31:20] Best translation 10 : ▁به ▁هۆی ▁دڵ ه ▁ڕاو کێ یه ▁کان ه ▁وه ▁له ▁دڵ ه ▁ڕاو کێ ی ▁دڵ ه ▁وه ▁دوور ▁ده ▁که ▁وێت ه ▁وه ▁و ▁.، ئه ▁وه ▁ش ▁ده ▁بێته ▁هۆی ▁ئه ▁وه ▁ی ▁ئه ▁و ▁دڵ ه ▁ڕاو کێ یان ه ▁ی ▁که ▁له ▁دڵ ه ▁ڕاو کێ یه ▁کان ▁دوور ▁ده ▁که ▁وێت ه ▁وه ▁.
[2026-03-17 22:31:20] Best translation 20 : ▁هه ▁روه ▁ها ▁ده ▁بێته ▁هۆی ▁ئه ▁وه ▁ی ▁که ▁هه ▁ردوو ک یان ▁ده ▁بێته ▁هۆی ▁ئه ▁وه ▁ی ▁که ▁سێک ▁به ▁شێوه ▁یه ▁کی ▁ڕاسته ▁قینه ▁و ▁.، ه ه ▁روه ▁ها ▁به ▁شێوه ▁یه ▁کی ▁ڕاسته ▁وخۆ ی ▁هه ▁یه ▁، ▁به ▁ڵام ▁له ▁گه ▁ڵ ▁ئه ▁وه ▁شدا ▁به ▁شێوه ▁یه ▁کی ▁ڕاسته ▁قینه ▁یه ▁کی ▁به ▁رچاو ی ▁هه ▁یه ▁.
[2026-03-17 22:31:20] Best translation 40 : ▁خۆپ ـ یش ـ اند ه ▁ران ▁ده ▁س ـ تیان ▁به ▁سه ▁ر ▁ده ▁س ـ ت پ ـ ێ ـ ک دا دان ێ ـ کی ▁پ ـ ێ ـ نج شه ▁ممه ▁دا ▁ده ▁س ـ ت پ ـ ێ ـ ده ▁کات ▁له ▁لایه ▁ن ▁سه ▁رۆک ▁وه ▁زیری ▁پ ـ ێش ـ ووی ▁وڵاته ▁یه ▁کگرتووه ▁کانی ▁ئه ▁مریکا ▁پ ـ ێش ـ ووی ▁پ ـ ێ ـ نج شه ▁ممه ▁پ ـ ێ ـ نج شه ▁ممه ▁به ▁سه ▁رۆکای ه ▁تی ▁فه ▁رماند ه ▁ی ▁پ ـ ێش ـ ووی ▁پ ـ ێش ـ ووی ▁پ ـ ێش ـ ووی ▁سه ▁رۆک ▁وه ▁زیری ▁پ ـ ێش ـ ووی ▁وڵاته ▁یه ▁کگرتووه ▁کانی ▁ئه ▁مریکا ▁ده ▁س ـ ت گیر کرا .
[2026-03-17 22:31:21] Best translation 80 : ▁نیشان ە ؛ ▁زیان ەکانی ▁جەستە ی ی ی ▁بە ش دار بوو ؛ ▁زیان ێکی ▁زۆر ▁بە ش ێوە یەکی ▁بەر بڵ او ▁بوو ▁بۆ ▁بڵاو کردنەوەی ▁دڵ ەڕ او کێ .
[2026-03-17 22:31:26] Best translation 160 : ▁ئه ▁و ▁که ▁سانه ▁ی ▁به ▁سه ▁رۆکای ه ▁تی ▁به ▁سه ▁ر ▁چوو ، ▁به ▁ڵام ▁به ▁سه ▁رک ه ▁وتوو ▁نه ▁بوو ، ▁به ▁ڵام ▁به ▁بێ ▁ئه ▁وه ▁ی ▁به ▁سه ▁رک ه ▁وتوو ▁نه ▁بوو .
[2026-03-17 22:31:32] Best translation 320 : ▁دوای ▁بڵاوبوون ه ▁وه ▁ی ▁ده ▁رک ه ▁وت ▁ئه ▁م ▁نه ▁خۆشی ه ▁به ▁کار ▁هێن را .
[2026-03-17 22:31:44] Best translation 640 : ▁ژاپۆن ▁نزیکه ▁ی ▁حه ▁فت ا ▁نزیکه ▁ی ▁حه ▁فت ا ▁نزیکه ▁ی ▁حه ▁وت ▁هه ▁زار ▁گه ▁وره ▁ترین ▁گه ▁وره ▁ترین ▁ژاپۆن یه ▁که ▁له ▁جیهاندا ▁ده ▁ژی ن .
[2026-03-17 22:32:09] Best translation 1280 : ▁پاس ە وانی ▁ش ە ق ام ەکان ▁( بە ▁ئینگلیزی : ▁ <0x47> o d e ) ▁لە ▁ڕۆژه ەڵات ی ▁ناوەڕاست ی ▁ڕۆژ ھ ەڵات ی ▁ڕۆژ ھ ەڵات ی ▁ڕۆژه ەڵات ی ▁ڕۆژه ەڵات ی ▁ڕۆژه ەڵات ی ▁ڕۆژه ەڵات ی ▁ڕۆژه ەڵات ی ▁ڕۆژه ەڵات ی ▁ڕۆژه ەڵات ی ▁ڕۆژه ەڵات ی ▁ڕۆژه ەڵات ی ▁ڕۆژه ەڵات ی ▁ڕۆژه ەڵات ی ▁ڕۆژه ەڵات ی ▁ناوەڕاست ▁دە ک ەوێت ە ▁ڕۆژه ەڵات ی ▁ڕۆژه ەڵات ی ▁ناوەڕاست .
[2026-03-17 22:32:38] Total translation time: 81.35458s
[2026-03-17 22:32:38] Saving model weights and runtime parameters to /workspace/OPUS-MT-train/work/en-ckb/curated-floresdev.spm4k-spm4k.transformer.model1.npz.best-chrf.npz
[2026-03-17 22:32:39] [valid] Ep. 10 : Up. 13000 : chrf : 23.0411 : new best
[2026-03-17 22:32:41] Saving model weights and runtime parameters to /workspace/OPUS-MT-train/work/en-ckb/curated-floresdev.spm4k-spm4k.transformer.model1.npz.best-perplexity.npz
[2026-03-17 22:32:42] [valid] Ep. 10 : Up. 13000 : perplexity : 44.348 : new best
[2026-03-17 22:33:30] Seen 310,206 samples
[2026-03-17 22:33:30] Starting data epoch 11 in logical epoch 11
[2026-03-17 22:35:33] Ep. 11 : Up. 14000 : Sen. 167,222 : Cost 3.40575743 * 13,386,659 @ 12,214 after 188,103,801 : Time 344.73s : 38832.62 words/s : gNorm 0.9918 : L.r. 2.6250e-04
[2026-03-17 22:35:33] Saving model weights and runtime parameters to /workspace/OPUS-MT-train/work/en-ckb/curated-floresdev.spm4k-spm4k.transformer.model1.npz
[2026-03-17 22:35:35] Saving Adam parameters
[2026-03-17 22:35:37] [training] Saving training checkpoint to /workspace/OPUS-MT-train/work/en-ckb/curated-floresdev.spm4k-spm4k.transformer.model1.npz and /workspace/OPUS-MT-train/work/en-ckb/curated-floresdev.spm4k-spm4k.transformer.model1.npz.optimizer.npz
[2026-03-17 22:35:40] Translating validation set...
[2026-03-17 22:35:42] Best translation 0 : ▁ئەم ▁دەست ەو اژ ەیە ▁کە ▁لە ▁کۆن دا ▁دە ژین ، ▁کە ▁بە ▁شێوەیەکی ▁بەر چاو ▁دە گرێت ەوە ▁بۆ ▁مرۆڤ ەکان .
[2026-03-17 22:35:42] Best translation 1 : ▁م ەو دا ی ▁مو جا ه ی دین ▁لە ▁٢ ٦ ی ▁حو زە ی رانی ▁٢٠ ١ ٦ ▁دا ▁گەیشت ە ▁٢ ٦ ی ▁حو زە ی رانی ▁٢٠ ١ ٦ ، ▁چە ک دار ێکی ▁چە ک دار ▁و ▁چە ک دار ▁و ▁چە ک دار ▁و ▁چە ک دار ▁و ▁چە ت ەکانی ▁چە ک دار ▁و ▁چە ت ەکانی ▁چە ت ەکانی ▁چە ک دار ▁و ▁چە ت ەکانی ▁چە ک دار ▁و ▁تە ق ەمە ن .
[2026-03-17 22:35:42] Best translation 2 : ▁ئه ▁و ▁گه ▁نجه ▁له ▁لایه ▁ن ▁هه ▁مان ▁که ▁ش وه ه ▁وا ▁به ▁هۆی ▁خراپ ی ▁باری ▁که ▁ش وه ه ▁وا ▁بووه ▁.
[2026-03-17 22:35:42] Best translation 3 : ▁هه ▁روه ▁ها ▁ئه ▁م ▁هه ▁واڵه ▁هه ▁روه ▁ها ▁ئاماژ ه ▁ی داوه ▁که ▁سه ▁ره ▁ر ِ ای ▁ئه ▁وه ▁ی ▁ئه ▁و ▁ڤیدیۆ یه ▁ی ▁که ▁له ▁سه ▁ر ▁ماڵپ ه ▁ر ِ ی ▁ئینته ▁رنێت ▁بڵاو ▁کراوه ▁ته ▁وه ▁، ▁له ▁سه ▁ر ▁ماڵپ ه ▁ر ِ ی ▁" بی ▁بی ▁بی ▁سی " ▁له ▁سه ▁ر ▁ماڵپ ه ▁ر ِ ی ▁" بی ▁بی ▁بی ▁سی " ▁له ▁سه ▁ر ▁ماڵپ ه ▁ر ِ ی ▁" بی ▁بی ▁بی ▁سی " ▁له ▁سه ▁ر ▁ماڵپ ه ▁ر ِ ی ▁" بی ▁بی ▁بی ▁سی " ▁له ▁سه ▁ر ▁ماڵپ ه ▁ر ِ ی ▁" بی ▁بی ▁بی ▁سی " ▁له ▁ماڵپ ه ▁ر ِ ی ▁" بی ▁بی ▁بی ▁سی " ▁له ▁سه ▁ر ▁ماڵپ ه ▁ر ِ ی ▁" بی ▁بی ▁بی ▁سی " ▁بڵاو ▁کرا یه ▁وه ▁.
[2026-03-17 22:35:42] Best translation 4 : ▁ئه ▁و ▁سوپای ه ▁له ▁شکری یه ▁کی ▁لاواز ▁و ▁لاواز ی ▁هه ▁بوو ، ▁هه ▁رچ ه ▁نده ▁چوار یان ▁چوار یان یان ▁چوار یان یان ▁دروست کرد بوو ، ▁به ▁ڵام ▁ئه ▁و ▁چوار ▁که ▁شتی ▁نوێ یان ▁دروست ▁کردووه ▁.
[2026-03-17 22:35:42] Best translation 5 : ▁گۆل ه ▁کانی ▁یانه ▁ی ▁شه ▁و ی ▁ڕابردوو ▁له ▁ڕێگای ▁یاریزانان ▁کریس تیان ۆ ▁ڕۆ ن ال دۆ ▁له ▁خول ه ▁که ▁کانی ▁، ▁، ▁، ▁، ▁، ▁، ▁تۆمارکرا ▁، ▁گۆلی ▁یانه ▁ی ▁ڕیال ▁مه ▁درید ▁له ▁ڕێگای ▁یاریزان ▁جه ▁و اد ▁له ▁خول ه ▁کی ▁٢ ٩ ▁تۆمارکرا .
[2026-03-17 22:35:43] Best translation 10 : ▁به ▁هۆی ▁دڵ ه ▁ڕاو کێ یه ▁کان ه ▁وه ▁دوور ▁ده ▁خات ه ▁وه ▁و ▁.، له ▁دڵ ه ▁ڕاو کێ ی ▁دڵ ه ▁وه ▁دوور ▁ده ▁خات ه ▁وه ▁و ▁.، له ▁دڵ ه ▁ڕاو کێ ی ▁دڵ ه ▁وه ▁دوور ▁ده ▁که ▁وێت ه ▁وه ▁.
[2026-03-17 22:35:43] Best translation 20 : ▁س ل ند ه ▁ر ▁ده ▁ت وان رێ ▁هه ▁ردوو ▁ڕه ▁گه ▁ز نامه ▁و ▁.، ه ه ▁ردوو ک یان ▁له ▁زمان ه ▁کانی ▁دیکه ▁دا ▁هه ▁بێت ، ▁به ▁ڵام ▁ئه ▁و ▁که ▁سانه ▁ی ▁که ▁به ▁شێوه ▁یه ▁کی ▁ڕاسته ▁قینه ▁یه ▁و ▁.، به ▁شێوه ▁یه ▁کی ▁ڕاسته ▁قینه ▁ی ▁که ▁م ته ▁رخ ه ▁می ▁به ▁رهه ▁م ▁ده ▁هێن رێت .
[2026-03-17 22:35:43] Best translation 40 : ▁خۆپ ـ یش ـ اند ه ▁ران ▁ده ▁س ـ تیان ▁به ▁سه ▁ر ▁ده ▁س ـ ت پ ـ ێ ـ کرد ▁له ▁سه ▁رانسه ▁ری ▁وڵاته ▁که ▁دا ▁ده ▁س ـ ت پ ـ ێ ـ کرد ▁له ▁سه ▁ر ▁شه ▁قام ێ ـ کی ▁پ ـ ێش ـ ووی ▁ش ـ اره ▁وانی ▁سه ▁رۆک ▁وه ▁زیری ▁پ ـ ێش ـ ووی ▁وڵاته ▁یه ▁کگرتووه ▁کانی ▁ئه ▁مریکا .
[2026-03-17 22:35:44] Best translation 80 : ▁نیشان ە ▁زیان ەکانی ▁جەستە ی ی ی ▁بە ▁کار ▁نە ه ێن را ؛ ▁بە ▁بەکارهێنانی ▁ڕە ش ەکانی ▁ڕە ش ▁بە ▁کار ▁دە ه ێنێت ▁بۆ ▁بڵاو کردنەوەی ▁ئاشتی ▁و ▁دڵ ەڕ او کێ .
[2026-03-17 22:35:49] Best translation 160 : ▁ئه ▁و ▁که ▁سانه ▁ی ▁که ▁به ▁سه ▁رۆکای ه ▁تی ▁به ▁سه ▁رۆکای ه ▁تی ▁به ▁سه ▁رۆکای ه ▁تی ▁ده ▁که ▁ن ، ▁به ▁ڵام ▁سه ▁رک ه ▁وتوو ▁نه ▁بوون .
[2026-03-17 22:35:55] Best translation 320 : ▁دوای ▁دەست پێ کردنی ▁م ەکی نە ی ▁ڤ اک سین ی ▁C <0x4F> <0x56> I D - 1 9 ▁دۆزرای ەوە .
[2026-03-17 22:36:06] Best translation 640 : ▁ژاپۆن ▁نزیکه ▁ی ▁حه ▁فت ا ▁نزیکه ▁ی ▁حه ▁فت ا ▁نزیکه ▁ی ▁حه ▁وت ▁هه ▁زار ▁که ▁س ▁له ▁ژاپۆن ه ▁وه ▁گه ▁وره ▁ترین ▁ژاپۆن یه ▁و ▁.، له ▁جیهان ه ▁وه ▁گه ▁وره ▁ترین ▁لوتک ه ▁ی ▁جیهان ه ▁.
[2026-03-17 22:36:29] Best translation 1280 : ▁باڵ ە خان ەی ▁پاس دار ان ▁( بە ▁ئینگلیزی : ▁ <0x47> o d e ) ▁پاس ە وانی ▁پاس دار ان ▁لە ▁ڕۆژه ەڵات ی ▁ڕۆژ ھ ەڵات ی ▁ڕۆژ ھ ەڵات ی ▁ڕۆژ ھ ەڵات ی ▁ڕۆژ ھ ەڵات ی ▁ناوەڕاست ، ▁بە تای بە ت ▁لە ▁ڕۆژ ھ ەڵات ی ▁ڕۆژ ھ ەڵات ی ▁ناوەڕاست ، ▁بە تای بە ت ▁بە تای بە ت ▁زۆربەی ▁ئەو ▁کەس انەی ▁کە ▁بە تای بە ت ▁لە ▁نێوان ▁ڕۆژه ەڵات ی ▁ڕۆژ ھ ەڵات ی ▁ناوەڕاست ▁و ▁ڕۆژه ەڵات ی ▁ڕۆژ او ا دا ▁دە ک ەوێت .
[2026-03-17 22:36:57] Total translation time: 76.82470s
[2026-03-17 22:36:57] Saving model weights and runtime parameters to /workspace/OPUS-MT-train/work/en-ckb/curated-floresdev.spm4k-spm4k.transformer.model1.npz.best-bleu.npz
[2026-03-17 22:36:58] [valid] Ep. 11 : Up. 14000 : bleu : 2.12247 : new best
[2026-03-17 22:36:58] Translating validation set...
[2026-03-17 22:37:00] Best translation 0 : ▁ئەم ▁دەست ەو اژ ەیە ▁کە ▁لە ▁کۆن دا ▁دە ژین ، ▁کە ▁بە ▁شێوەیەکی ▁بەر چاو ▁دە گرێت ەوە ▁بۆ ▁مرۆڤ ەکان .
[2026-03-17 22:37:00] Best translation 1 : ▁م ەو دا ی ▁مو جا ه ی دین ▁لە ▁٢ ٦ ی ▁حو زە ی رانی ▁٢٠ ١ ٦ ▁دا ▁گەیشت ە ▁٢ ٦ ی ▁حو زە ی رانی ▁٢٠ ١ ٦ ، ▁چە ک دار ێکی ▁چە ک دار ▁و ▁چە ک دار ▁و ▁چە ک دار ▁و ▁چە ک دار ▁و ▁چە ت ەکانی ▁چە ک دار ▁و ▁چە ت ەکانی ▁چە ت ەکانی ▁چە ک دار ▁و ▁چە ت ەکانی ▁چە ک دار ▁و ▁تە ق ەمە ن .
[2026-03-17 22:37:01] Best translation 2 : ▁ئه ▁و ▁گه ▁نجه ▁له ▁لایه ▁ن ▁هه ▁مان ▁که ▁ش وه ه ▁وا ▁به ▁هۆی ▁خراپ ی ▁باری ▁که ▁ش وه ه ▁وا ▁بووه ▁.
[2026-03-17 22:37:01] Best translation 3 : ▁هه ▁روه ▁ها ▁ئه ▁م ▁هه ▁واڵه ▁هه ▁روه ▁ها ▁ئاماژ ه ▁ی داوه ▁که ▁سه ▁ره ▁ر ِ ای ▁ئه ▁وه ▁ی ▁ئه ▁و ▁ڤیدیۆ یه ▁ی ▁که ▁له ▁سه ▁ر ▁ماڵپ ه ▁ر ِ ی ▁ئینته ▁رنێت ▁بڵاو ▁کراوه ▁ته ▁وه ▁، ▁له ▁سه ▁ر ▁ماڵپ ه ▁ر ِ ی ▁" بی ▁بی ▁بی ▁سی " ▁له ▁سه ▁ر ▁ماڵپ ه ▁ر ِ ی ▁" بی ▁بی ▁بی ▁سی " ▁له ▁سه ▁ر ▁ماڵپ ه ▁ر ِ ی ▁" بی ▁بی ▁بی ▁سی " ▁له ▁سه ▁ر ▁ماڵپ ه ▁ر ِ ی ▁" بی ▁بی ▁بی ▁سی " ▁له ▁سه ▁ر ▁ماڵپ ه ▁ر ِ ی ▁" بی ▁بی ▁بی ▁سی " ▁له ▁ماڵپ ه ▁ر ِ ی ▁" بی ▁بی ▁بی ▁سی " ▁له ▁سه ▁ر ▁ماڵپ ه ▁ر ِ ی ▁" بی ▁بی ▁بی ▁سی " ▁بڵاو ▁کرا یه ▁وه ▁.
[2026-03-17 22:37:01] Best translation 4 : ▁ئه ▁و ▁سوپای ه ▁له ▁شکری یه ▁کی ▁لاواز ▁و ▁لاواز ی ▁هه ▁بوو ، ▁هه ▁رچ ه ▁نده ▁چوار یان ▁چوار یان یان ▁چوار یان یان ▁دروست کرد بوو ، ▁به ▁ڵام ▁ئه ▁و ▁چوار ▁که ▁شتی ▁نوێ یان ▁دروست ▁کردووه ▁.
[2026-03-17 22:37:01] Best translation 5 : ▁گۆل ه ▁کانی ▁یانه ▁ی ▁شه ▁و ی ▁ڕابردوو ▁له ▁ڕێگای ▁یاریزانان ▁کریس تیان ۆ ▁ڕۆ ن ال دۆ ▁له ▁خول ه ▁که ▁کانی ▁، ▁، ▁، ▁، ▁، ▁، ▁تۆمارکرا ▁، ▁گۆلی ▁یانه ▁ی ▁ڕیال ▁مه ▁درید ▁له ▁ڕێگای ▁یاریزان ▁جه ▁و اد ▁له ▁خول ه ▁کی ▁٢ ٩ ▁تۆمارکرا .
[2026-03-17 22:37:01] Best translation 10 : ▁به ▁هۆی ▁دڵ ه ▁ڕاو کێ یه ▁کان ه ▁وه ▁دوور ▁ده ▁خات ه ▁وه ▁و ▁.، له ▁دڵ ه ▁ڕاو کێ ی ▁دڵ ه ▁وه ▁دوور ▁ده ▁خات ه ▁وه ▁و ▁.، له ▁دڵ ه ▁ڕاو کێ ی ▁دڵ ه ▁وه ▁دوور ▁ده ▁که ▁وێت ه ▁وه ▁.
[2026-03-17 22:37:01] Best translation 20 : ▁س ل ند ه ▁ر ▁ده ▁ت وان رێ ▁هه ▁ردوو ▁ڕه ▁گه ▁ز نامه ▁و ▁.، ه ه ▁ردوو ک یان ▁له ▁زمان ه ▁کانی ▁دیکه ▁دا ▁هه ▁بێت ، ▁به ▁ڵام ▁ئه ▁و ▁که ▁سانه ▁ی ▁که ▁به ▁شێوه ▁یه ▁کی ▁ڕاسته ▁قینه ▁یه ▁و ▁.، به ▁شێوه ▁یه ▁کی ▁ڕاسته ▁قینه ▁ی ▁که ▁م ته ▁رخ ه ▁می ▁به ▁رهه ▁م ▁ده ▁هێن رێت .
[2026-03-17 22:37:01] Best translation 40 : ▁خۆپ ـ یش ـ اند ه ▁ران ▁ده ▁س ـ تیان ▁به ▁سه ▁ر ▁ده ▁س ـ ت پ ـ ێ ـ کرد ▁له ▁سه ▁رانسه ▁ری ▁وڵاته ▁که ▁دا ▁ده ▁س ـ ت پ ـ ێ ـ کرد ▁له ▁سه ▁ر ▁شه ▁قام ێ ـ کی ▁پ ـ ێش ـ ووی ▁ش ـ اره ▁وانی ▁سه ▁رۆک ▁وه ▁زیری ▁پ ـ ێش ـ ووی ▁وڵاته ▁یه ▁کگرتووه ▁کانی ▁ئه ▁مریکا .
[2026-03-17 22:37:02] Best translation 80 : ▁نیشان ە ▁زیان ەکانی ▁جەستە ی ی ی ▁بە ▁کار ▁نە ه ێن را ؛ ▁بە ▁بەکارهێنانی ▁ڕە ش ەکانی ▁ڕە ش ▁بە ▁کار ▁دە ه ێنێت ▁بۆ ▁بڵاو کردنەوەی ▁ئاشتی ▁و ▁دڵ ەڕ او کێ .
[2026-03-17 22:37:07] Best translation 160 : ▁ئه ▁و ▁که ▁سانه ▁ی ▁که ▁به ▁سه ▁رۆکای ه ▁تی ▁به ▁سه ▁رۆکای ه ▁تی ▁به ▁سه ▁رۆکای ه ▁تی ▁ده ▁که ▁ن ، ▁به ▁ڵام ▁سه ▁رک ه ▁وتوو ▁نه ▁بوون .
[2026-03-17 22:37:13] Best translation 320 : ▁دوای ▁دەست پێ کردنی ▁م ەکی نە ی ▁ڤ اک سین ی ▁C <0x4F> <0x56> I D - 1 9 ▁دۆزرای ەوە .
[2026-03-17 22:37:25] Best translation 640 : ▁ژاپۆن ▁نزیکه ▁ی ▁حه ▁فت ا ▁نزیکه ▁ی ▁حه ▁فت ا ▁نزیکه ▁ی ▁حه ▁وت ▁هه ▁زار ▁که ▁س ▁له ▁ژاپۆن ه ▁وه ▁گه ▁وره ▁ترین ▁ژاپۆن یه ▁و ▁.، له ▁جیهان ه ▁وه ▁گه ▁وره ▁ترین ▁لوتک ه ▁ی ▁جیهان ه ▁.
[2026-03-17 22:37:48] Best translation 1280 : ▁باڵ ە خان ەی ▁پاس دار ان ▁( بە ▁ئینگلیزی : ▁ <0x47> o d e ) ▁پاس ە وانی ▁پاس دار ان ▁لە ▁ڕۆژه ەڵات ی ▁ڕۆژ ھ ەڵات ی ▁ڕۆژ ھ ەڵات ی ▁ڕۆژ ھ ەڵات ی ▁ڕۆژ ھ ەڵات ی ▁ناوەڕاست ، ▁بە تای بە ت ▁لە ▁ڕۆژ ھ ەڵات ی ▁ڕۆژ ھ ەڵات ی ▁ناوەڕاست ، ▁بە تای بە ت ▁بە تای بە ت ▁زۆربەی ▁ئەو ▁کەس انەی ▁کە ▁بە تای بە ت ▁لە ▁نێوان ▁ڕۆژه ەڵات ی ▁ڕۆژ ھ ەڵات ی ▁ناوەڕاست ▁و ▁ڕۆژه ەڵات ی ▁ڕۆژ او ا دا ▁دە ک ەوێت .
[2026-03-17 22:38:16] Total translation time: 77.84364s
[2026-03-17 22:38:16] Saving model weights and runtime parameters to /workspace/OPUS-MT-train/work/en-ckb/curated-floresdev.spm4k-spm4k.transformer.model1.npz.best-chrf.npz
[2026-03-17 22:38:17] [valid] Ep. 11 : Up. 14000 : chrf : 25.9427 : new best
[2026-03-17 22:38:19] Saving model weights and runtime parameters to /workspace/OPUS-MT-train/work/en-ckb/curated-floresdev.spm4k-spm4k.transformer.model1.npz.best-perplexity.npz
[2026-03-17 22:38:20] [valid] Ep. 11 : Up. 14000 : perplexity : 35.8776 : new best
[2026-03-17 22:40:04] Seen 310,206 samples
[2026-03-17 22:40:04] Starting data epoch 12 in logical epoch 12
[2026-03-17 22:41:11] Ep. 12 : Up. 15000 : Sen. 90,706 : Cost 3.23681617 * 13,463,829 @ 11,111 after 201,567,630 : Time 338.25s : 39804.71 words/s : gNorm 0.8725 : L.r. 2.8125e-04
[2026-03-17 22:41:11] Saving model weights and runtime parameters to /workspace/OPUS-MT-train/work/en-ckb/curated-floresdev.spm4k-spm4k.transformer.model1.npz
[2026-03-17 22:41:13] Saving Adam parameters
[2026-03-17 22:41:15] [training] Saving training checkpoint to /workspace/OPUS-MT-train/work/en-ckb/curated-floresdev.spm4k-spm4k.transformer.model1.npz and /workspace/OPUS-MT-train/work/en-ckb/curated-floresdev.spm4k-spm4k.transformer.model1.npz.optimizer.npz
[2026-03-17 22:41:18] Translating validation set...
[2026-03-17 22:41:19] Best translation 0 : ▁ئەم ▁دەست ەو اژ ەیە ▁لە ▁کۆن ی ▁کۆن ی ▁کۆن دا ، ▁کە ▁بە ▁شێوەیەکی ▁بەر چاو ▁لە ▁مرۆڤ ایەتی دا ▁دە گونج ێت .
[2026-03-17 22:41:19] Best translation 1 : ▁هێرشه ▁که ▁ی ▁م ۆم بای ▁گه ▁یشت ه ▁٢ ٦ ی ▁ئایار ی ▁٢٠ ١ ٦ ، ▁به ▁مه ▁به ▁ستی ▁به ▁ده ▁ستهێنانی ▁چه ▁کی ▁ئۆتۆ م ب ێڵ ▁و ▁چه ▁ک ▁و ▁ته ▁قه ▁مه ▁نی ▁و ▁چه ▁ک ▁و ▁ته ▁قه ▁مه ▁نی ▁له ▁ناو ▁جه ▁رگه ▁ی ▁قه ▁ره ▁ته ▁په دا ▁و ▁له ▁نێو یاندا ▁چه ▁ک ▁و ▁ته ▁قه ▁مه ▁نی ▁و ▁چه ▁ک ▁و ▁ته ▁قه ▁مه ▁نی ▁و ▁ته ▁قه ▁مه ▁نی ▁به ▁ناوبانگ ی ▁مه ▁ح م وود ▁ته ▁قی وه ▁ته ▁وه ▁.
[2026-03-17 22:41:20] Best translation 2 : ▁ئه ▁م ▁گه ▁ڕان ه ▁وه ▁یه ▁له ▁لایه ▁ن ▁هه ▁مان ▁که ▁ش وه ه ▁وا ▁له ▁لایه ▁ن ▁هه ▁مان ▁که ▁ش وه ه ▁وا ▁بووه ▁که ▁زه ▁و ی ▁زه ▁و ی ▁بووه ▁.
[2026-03-17 22:41:20] Best translation 3 : ▁هه ▁روه ▁ها ▁به ▁پێی ▁هه ▁واڵێکی ▁ماڵپ ه ▁ر ِ ی ▁" بی ▁بی ▁سی " ی ▁ئه ▁ڵمانی ، ▁سه ▁ره ▁ر ِ ای ▁ئه ▁وه ▁ی ▁ئه ▁م ▁کلیپ ه ▁له ▁سه ▁ر ▁تۆڕی ▁ئینته ▁رنێت ی ▁" بی ▁بی ▁بی ▁سی " ▁بڵاو ▁نه ▁کراوه ▁ته ▁وه ▁که ▁له ▁سه ▁ر ▁ناوه ▁رۆکی ▁ئه ▁نت ه ▁رنێت ی ▁" بر اد ▁بی گ " ▁له ▁سه ▁ر ▁ماڵپ ه ▁ر ِ ی ▁" بی ▁بی ▁سی " ▁له ▁ماڵپ ه ▁ر ِ ی ▁" بی ▁بی ▁بی ▁سی " ▁له ▁ماڵپ ه ▁ر ِ ی ▁" بی ▁بی ▁بی ▁سی " ▁له ▁ماڵپ ه ▁ر ِ ی ▁" بی ▁بی ▁بی ▁سی " ▁له ▁ماڵپ ه ▁ر ِ ی ▁" بی ▁بی ▁بی ▁سی " ▁بڵاو ▁نه ▁کراوه ▁ته ▁وه ▁.
[2026-03-17 22:41:20] Best translation 4 : ▁ئه ▁وه ▁بوو ▁که ▁سوپای ه ▁کی ▁لاواز ▁و ▁لاواز ی ▁هه ▁یه ▁، ▁هه ▁رچ ه ▁نده ▁چوار ▁که ▁شتی ▁نوێ یان ▁دروست ▁کردووه ▁، ▁به ▁ڵام ▁له ▁سه ▁ره ▁تای ▁شه ▁ڕی ▁جه ▁نگی ▁شه ▁ر ِ ه ▁که ▁دا ▁چوار یان ▁که ▁شتی ▁نوێ یان ▁دروست ▁کردووه ▁.
[2026-03-17 22:41:20] Best translation 5 : ▁گێم ی ▁دووه ▁می ▁یاریی ه ▁که ▁له ▁وه ▁رزی ▁شه ▁شه ▁می ▁وه ▁رزی ▁ڕابردوو ▁به ▁ده ▁ست ▁هێنا ، ▁یه ▁که ▁م ▁یاریزان ▁له ▁وه ▁رزی ▁ڕابردوو ▁له ▁وه ▁رزی ▁١٩ ٩ ٥ ▁گۆڵ ▁تۆمار ▁کرا ▁و ▁له ▁وه ▁رزی ▁١٩ ٩ ٥ ▁زیاتر ▁له ▁٦ ٠ ▁گۆڵ ▁تۆمار ی ▁کرد ، ▁کاتێک ▁جه ▁م سه ▁ر ▁جه ▁م سه ▁ری ▁له ▁ساڵی ▁١٩ ٩ ٥ ▁گه ▁یشت ه ▁پله ▁ی ▁یه ▁که ▁م .
[2026-03-17 22:41:21] Best translation 10 : ▁ب لۆ چی ▁له ▁دڵ ه ▁ڕاو کێ یه ▁کان ▁دوور ▁ده ▁که ▁وێت ه ▁وه ▁و ▁.، له ▁دڵ ه ▁ڕاو کێ یه ▁کان ▁دێت ه ▁وه ▁و ▁.، له ▁دڵ ه ▁ڕاو کێ یه ▁که ▁ی ▁دڵ ه ▁ڕاو کێ ▁ده ▁که ▁ن .
[2026-03-17 22:41:21] Best translation 20 : ▁ش ل ەکان ▁دەتوانن ▁هەردوو ک یان ▁بن ▁، ▁و شە ی ▁ڕاست ە قی نە ی ▁ڕاست ە قی نە ▁، ▁مامۆستای ەک ▁پێک د ێت ▁، ▁بەڵام ▁لە ▁نووسینگ ەی ▁مای ک رۆس ۆف ت ▁دا یە ▁.
[2026-03-17 22:41:21] Best translation 40 : ▁خۆپ ـ یش ـ اند ه ▁ران ▁ده ▁س ـ ت پ ـ ێ ـ کرد ▁له ▁ده ▁س ـ ت پ ـ ێ ـ کردنی ▁شه ▁قام ه ▁کان ▁له ▁سه ▁ر ▁ش ـ اری ▁سپی ▁سه ▁رۆک ▁وه ▁زیری ▁پ ـ ێش ـ ووی ▁وڵاته ▁یه ▁کگرتووه ▁کانی ▁ئه ▁مریکا ▁ده ▁س ـ ت پ ـ ێ ـ کرد .
[2026-03-17 22:41:22] Best translation 80 : ▁ئیمزا ی ▁جەستە ی ی ی ی ▁زیان لێ گەی شت بوو ؛ ▁بە ▁بەکارهێنانی ▁ڕە ش مەند ی ▁ڕە ش کرا یەوە ، ▁بە ▁بەکارهێنانی ▁ڕە ش ▁و ▁دڵ ▁و ▁دڵ ▁و ▁دڵ ی ▁و ▁دڵ ▁بۆ ▁ئەوەی ▁ب خوێن رێت ەوە .
[2026-03-17 22:41:27] Best translation 160 : ▁ئه ▁و ▁که ▁سانه ▁ی ▁به ▁سه ▁رۆکای ه ▁تی ▁به ▁سه ▁رۆکای ه ▁تی ▁ده ▁که ▁ن ، ▁به ▁ڵام ▁سه ▁رک ه ▁وتوو ▁نه ▁بوون .
[2026-03-17 22:41:32] Best translation 320 : ▁دوا به ▁دوای ▁ئه ▁وه ▁ی ▁نه ▁خش ه ▁ی ▁ده ▁ریا چه ▁که ▁به ▁کار هێنا بوو ، ▁به ▁کارهێنانی ▁ته ▁ک نه ▁لۆ جی ا ▁به ▁کارد ه ▁هێن رێت .
[2026-03-17 22:41:42] Best translation 640 : ▁ژاپۆن ▁نزیکه ▁ی ▁حه ▁فت ا ▁نزیکه ▁ی ▁حه ▁وت ▁هه ▁زار ▁دوور گه ▁ی ▁دوور گه ▁ی ▁هۆ نگ ▁کۆنگ ه ▁و ▁.، ه ه ▁روه ▁ها ▁ژاپۆن ی ▁له ▁جیهان ▁دروست ▁ده ▁کات .
[2026-03-17 22:42:03] Best translation 1280 : ▁پاس ە وانی ▁پاس ە وانی ▁پاس ە وان ەکان ▁لە ▁ڕۆژه ەڵات ی ▁ڕۆژه ەڵات دا ▁بە تای بە ت ▁لە ▁ڕۆژه ەڵات ی ▁ڕۆژ او ای ▁ڕۆژه ەڵات ی ▁ڕۆژه ەڵات دا ، ▁بە تای بە ت ▁زۆربەی ▁ئەو ▁کەس انەی ▁کە ▁بە تای بە ت ▁لە ▁نێوان ▁ڕۆژه ەڵات ▁و ▁ڕۆژه ەڵات دا ▁دە ڕ وات .
[2026-03-17 22:42:28] Total translation time: 69.62895s
[2026-03-17 22:42:28] Saving model weights and runtime parameters to /workspace/OPUS-MT-train/work/en-ckb/curated-floresdev.spm4k-spm4k.transformer.model1.npz.best-bleu.npz
[2026-03-17 22:42:29] [valid] Ep. 12 : Up. 15000 : bleu : 3.01457 : new best
[2026-03-17 22:42:29] Translating validation set...
[2026-03-17 22:42:30] Best translation 0 : ▁ئەم ▁دەست ەو اژ ەیە ▁لە ▁کۆن ی ▁کۆن ی ▁کۆن دا ، ▁کە ▁بە ▁شێوەیەکی ▁بەر چاو ▁لە ▁مرۆڤ ایەتی دا ▁دە گونج ێت .
[2026-03-17 22:42:30] Best translation 1 : ▁هێرشه ▁که ▁ی ▁م ۆم بای ▁گه ▁یشت ه ▁٢ ٦ ی ▁ئایار ی ▁٢٠ ١ ٦ ، ▁به ▁مه ▁به ▁ستی ▁به ▁ده ▁ستهێنانی ▁چه ▁کی ▁ئۆتۆ م ب ێڵ ▁و ▁چه ▁ک ▁و ▁ته ▁قه ▁مه ▁نی ▁و ▁چه ▁ک ▁و ▁ته ▁قه ▁مه ▁نی ▁له ▁ناو ▁جه ▁رگه ▁ی ▁قه ▁ره ▁ته ▁په دا ▁و ▁له ▁نێو یاندا ▁چه ▁ک ▁و ▁ته ▁قه ▁مه ▁نی ▁و ▁چه ▁ک ▁و ▁ته ▁قه ▁مه ▁نی ▁و ▁ته ▁قه ▁مه ▁نی ▁به ▁ناوبانگ ی ▁مه ▁ح م وود ▁ته ▁قی وه ▁ته ▁وه ▁.
[2026-03-17 22:42:31] Best translation 2 : ▁ئه ▁م ▁گه ▁ڕان ه ▁وه ▁یه ▁له ▁لایه ▁ن ▁هه ▁مان ▁که ▁ش وه ه ▁وا ▁له ▁لایه ▁ن ▁هه ▁مان ▁که ▁ش وه ه ▁وا ▁بووه ▁که ▁زه ▁و ی ▁زه ▁و ی ▁بووه ▁.
[2026-03-17 22:42:31] Best translation 3 : ▁هه ▁روه ▁ها ▁به ▁پێی ▁هه ▁واڵێکی ▁ماڵپ ه ▁ر ِ ی ▁" بی ▁بی ▁سی " ی ▁ئه ▁ڵمانی ، ▁سه ▁ره ▁ر ِ ای ▁ئه ▁وه ▁ی ▁ئه ▁م ▁کلیپ ه ▁له ▁سه ▁ر ▁تۆڕی ▁ئینته ▁رنێت ی ▁" بی ▁بی ▁بی ▁سی " ▁بڵاو ▁نه ▁کراوه ▁ته ▁وه ▁که ▁له ▁سه ▁ر ▁ناوه ▁رۆکی ▁ئه ▁نت ه ▁رنێت ی ▁" بر اد ▁بی گ " ▁له ▁سه ▁ر ▁ماڵپ ه ▁ر ِ ی ▁" بی ▁بی ▁سی " ▁له ▁ماڵپ ه ▁ر ِ ی ▁" بی ▁بی ▁بی ▁سی " ▁له ▁ماڵپ ه ▁ر ِ ی ▁" بی ▁بی ▁بی ▁سی " ▁له ▁ماڵپ ه ▁ر ِ ی ▁" بی ▁بی ▁بی ▁سی " ▁له ▁ماڵپ ه ▁ر ِ ی ▁" بی ▁بی ▁بی ▁سی " ▁بڵاو ▁نه ▁کراوه ▁ته ▁وه ▁.
[2026-03-17 22:42:31] Best translation 4 : ▁ئه ▁وه ▁بوو ▁که ▁سوپای ه ▁کی ▁لاواز ▁و ▁لاواز ی ▁هه ▁یه ▁، ▁هه ▁رچ ه ▁نده ▁چوار ▁که ▁شتی ▁نوێ یان ▁دروست ▁کردووه ▁، ▁به ▁ڵام ▁له ▁سه ▁ره ▁تای ▁شه ▁ڕی ▁جه ▁نگی ▁شه ▁ر ِ ه ▁که ▁دا ▁چوار یان ▁که ▁شتی ▁نوێ یان ▁دروست ▁کردووه ▁.
[2026-03-17 22:42:31] Best translation 5 : ▁گێم ی ▁دووه ▁می ▁یاریی ه ▁که ▁له ▁وه ▁رزی ▁شه ▁شه ▁می ▁وه ▁رزی ▁ڕابردوو ▁به ▁ده ▁ست ▁هێنا ، ▁یه ▁که ▁م ▁یاریزان ▁له ▁وه ▁رزی ▁ڕابردوو ▁له ▁وه ▁رزی ▁١٩ ٩ ٥ ▁گۆڵ ▁تۆمار ▁کرا ▁و ▁له ▁وه ▁رزی ▁١٩ ٩ ٥ ▁زیاتر ▁له ▁٦ ٠ ▁گۆڵ ▁تۆمار ی ▁کرد ، ▁کاتێک ▁جه ▁م سه ▁ر ▁جه ▁م سه ▁ری ▁له ▁ساڵی ▁١٩ ٩ ٥ ▁گه ▁یشت ه ▁پله ▁ی ▁یه ▁که ▁م .
[2026-03-17 22:42:31] Best translation 10 : ▁ب لۆ چی ▁له ▁دڵ ه ▁ڕاو کێ یه ▁کان ▁دوور ▁ده ▁که ▁وێت ه ▁وه ▁و ▁.، له ▁دڵ ه ▁ڕاو کێ یه ▁کان ▁دێت ه ▁وه ▁و ▁.، له ▁دڵ ه ▁ڕاو کێ یه ▁که ▁ی ▁دڵ ه ▁ڕاو کێ ▁ده ▁که ▁ن .
[2026-03-17 22:42:31] Best translation 20 : ▁ش ل ەکان ▁دەتوانن ▁هەردوو ک یان ▁بن ▁، ▁و شە ی ▁ڕاست ە قی نە ی ▁ڕاست ە قی نە ▁، ▁مامۆستای ەک ▁پێک د ێت ▁، ▁بەڵام ▁لە ▁نووسینگ ەی ▁مای ک رۆس ۆف ت ▁دا یە ▁.
[2026-03-17 22:42:31] Best translation 40 : ▁خۆپ ـ یش ـ اند ه ▁ران ▁ده ▁س ـ ت پ ـ ێ ـ کرد ▁له ▁ده ▁س ـ ت پ ـ ێ ـ کردنی ▁شه ▁قام ه ▁کان ▁له ▁سه ▁ر ▁ش ـ اری ▁سپی ▁سه ▁رۆک ▁وه ▁زیری ▁پ ـ ێش ـ ووی ▁وڵاته ▁یه ▁کگرتووه ▁کانی ▁ئه ▁مریکا ▁ده ▁س ـ ت پ ـ ێ ـ کرد .
[2026-03-17 22:42:33] Best translation 80 : ▁ئیمزا ی ▁جەستە ی ی ی ی ▁زیان لێ گەی شت بوو ؛ ▁بە ▁بەکارهێنانی ▁ڕە ش مەند ی ▁ڕە ش کرا یەوە ، ▁بە ▁بەکارهێنانی ▁ڕە ش ▁و ▁دڵ ▁و ▁دڵ ▁و ▁دڵ ی ▁و ▁دڵ ▁بۆ ▁ئەوەی ▁ب خوێن رێت ەوە .
[2026-03-17 22:42:38] Best translation 160 : ▁ئه ▁و ▁که ▁سانه ▁ی ▁به ▁سه ▁رۆکای ه ▁تی ▁به ▁سه ▁رۆکای ه ▁تی ▁ده ▁که ▁ن ، ▁به ▁ڵام ▁سه ▁رک ه ▁وتوو ▁نه ▁بوون .
[2026-03-17 22:42:43] Best translation 320 : ▁دوا به ▁دوای ▁ئه ▁وه ▁ی ▁نه ▁خش ه ▁ی ▁ده ▁ریا چه ▁که ▁به ▁کار هێنا بوو ، ▁به ▁کارهێنانی ▁ته ▁ک نه ▁لۆ جی ا ▁به ▁کارد ه ▁هێن رێت .
[2026-03-17 22:42:53] Best translation 640 : ▁ژاپۆن ▁نزیکه ▁ی ▁حه ▁فت ا ▁نزیکه ▁ی ▁حه ▁وت ▁هه ▁زار ▁دوور گه ▁ی ▁دوور گه ▁ی ▁هۆ نگ ▁کۆنگ ه ▁و ▁.، ه ه ▁روه ▁ها ▁ژاپۆن ی ▁له ▁جیهان ▁دروست ▁ده ▁کات .
[2026-03-17 22:43:14] Best translation 1280 : ▁پاس ە وانی ▁پاس ە وانی ▁پاس ە وان ەکان ▁لە ▁ڕۆژه ەڵات ی ▁ڕۆژه ەڵات دا ▁بە تای بە ت ▁لە ▁ڕۆژه ەڵات ی ▁ڕۆژ او ای ▁ڕۆژه ەڵات ی ▁ڕۆژه ەڵات دا ، ▁بە تای بە ت ▁زۆربەی ▁ئەو ▁کەس انەی ▁کە ▁بە تای بە ت ▁لە ▁نێوان ▁ڕۆژه ەڵات ▁و ▁ڕۆژه ەڵات دا ▁دە ڕ وات .
[2026-03-17 22:43:40] Total translation time: 70.62178s
[2026-03-17 22:43:40] Saving model weights and runtime parameters to /workspace/OPUS-MT-train/work/en-ckb/curated-floresdev.spm4k-spm4k.transformer.model1.npz.best-chrf.npz
[2026-03-17 22:43:41] [valid] Ep. 12 : Up. 15000 : chrf : 28.5356 : new best
[2026-03-17 22:43:43] Saving model weights and runtime parameters to /workspace/OPUS-MT-train/work/en-ckb/curated-floresdev.spm4k-spm4k.transformer.model1.npz.best-perplexity.npz
[2026-03-17 22:43:44] [valid] Ep. 12 : Up. 15000 : perplexity : 29.0299 : new best
[2026-03-17 22:46:23] Seen 310,206 samples
[2026-03-17 22:46:23] Starting data epoch 13 in logical epoch 13
[2026-03-17 22:46:34] Ep. 13 : Up. 16000 : Sen. 17,132 : Cost 3.08396626 * 13,421,576 @ 11,077 after 214,989,206 : Time 323.34s : 41508.91 words/s : gNorm 0.8402 : L.r. 3.0000e-04
[2026-03-17 22:46:34] Saving model weights and runtime parameters to /workspace/OPUS-MT-train/work/en-ckb/curated-floresdev.spm4k-spm4k.transformer.model1.npz
[2026-03-17 22:46:36] Saving Adam parameters
[2026-03-17 22:46:38] [training] Saving training checkpoint to /workspace/OPUS-MT-train/work/en-ckb/curated-floresdev.spm4k-spm4k.transformer.model1.npz and /workspace/OPUS-MT-train/work/en-ckb/curated-floresdev.spm4k-spm4k.transformer.model1.npz.optimizer.npz
[2026-03-17 22:46:41] Translating validation set...
[2026-03-17 22:46:42] Best translation 0 : ▁ئەم ▁زار اوە یە ▁لە ▁دێ رین ی ▁کۆن ی ▁کۆن ی ▁کۆن دا ▁کە ▁بە ▁شێوەیەکی ▁زۆر ▁بەرز ▁لە ▁مرۆڤ دا ▁دە گونج ێت .
[2026-03-17 22:46:42] Best translation 1 : ▁هێرش ەکە ▁لە ▁٢ ٦ ی ▁حو زە ی رانی ▁ ٢٠٠ ٨ دا ▁گەیشت ە ▁ <0xC2> <0xAB> ▁مو بای ل ▁ <0xC2> <0xBB> ▁و ▁چە ک ▁و ▁چە ک ▁و ▁تە ق ەمە نی ▁و ▁چە ک ▁و ▁تە ق ەمە نی ▁و ▁چە ک ▁و ▁تە ق ەمە نی ی ▁چە ک دار ▁و ▁چە ک ▁و ▁تە ق ەمە نی ی ▁چە ک دار ▁و ▁چە ک دار ەکانی ▁بە ناو بان گ ▁و ▁هۆ تێ لی ▁تە ج ری ب ▁و ▁هۆ تێ لی ▁تە ج ری ب .
[2026-03-17 22:46:43] Best translation 2 : ▁ئه ▁م ▁گه ▁ڕان ه ▁وه ▁یه ▁له ▁لایه ▁ن ▁هه ▁مان ▁که ▁ش وه ه ▁وا ▁له ▁لایه ▁ن ▁هه ▁مان ▁که ▁ش وه ه ▁وا ▁بووه ▁که ▁زه ▁و ی ▁زه ▁و ی ▁بووه ▁.
[2026-03-17 22:46:43] Best translation 3 : ▁هه ▁روه ▁ها ▁به ▁پێی ▁هه ▁واڵێکی ▁ماڵپ ه ▁ر ِ ی ▁" بی ▁بی ▁سی "، ▁سه ▁ره ▁ر ِ ای ▁ئه ▁وه ▁ی ▁ئه ▁م ▁کلیپ ه ▁له ▁سه ▁ر ▁تۆڕی ▁ئینته ▁رنێت ▁بڵاو ▁کرا یه ▁وه ▁، ▁بر ِ یار ▁وا بوو ▁ئه ▁م ▁کلیپ ه ▁له ▁سه ▁ر ▁تۆڕی ▁ئینته ▁رنێت ▁بڵاو ▁بکرێت ه ▁وه ▁.
[2026-03-17 22:46:43] Best translation 4 : ▁سوپا یەکی ▁لاواز ▁و ▁لاواز ▁بوو ▁، ▁هەر چ ەند ە ▁چوار ▁کە شتی ▁نوێ یان ▁دروست کرد بوو ▁، ▁هەر چ ەند ە ▁چوار ▁کە شتی ▁نوێ یان ▁دروست کرد بوو ▁.
[2026-03-17 22:46:43] Best translation 5 : ▁گۆڵی ▁دووه ▁می ▁شه ▁و ی ▁ڕابردوو ▁له ▁وه ▁رزی ▁ڕابردوو ▁بوو ، ▁که ▁یه ▁که ▁م ▁یاریزان ▁له ▁وه ▁رزی ▁وه ▁رزی ▁١٩ ٩ ٩ ▁له ▁وه ▁رزی ▁١٩ ٩ ٩ ▁له ▁وه ▁رزی ▁١٩ ٩ ٥ ▁گۆڵ ▁تۆمار ▁بکات ، ▁کاتێک ▁جه ▁ری ر ▁جا م ێر ▁و ▁مار ی ۆ ▁لی ام ۆ ▁له ▁هه ▁ر ▁که ▁سێک ▁گه ▁یشت ه ▁هه ▁ر ▁که ▁س .
[2026-03-17 22:46:43] Best translation 10 : ▁ب لۆ چی ▁له ▁دڵ ه ▁وه ▁دوور ▁ده ▁خات ه ▁وه ▁و ▁.، له ▁دڵ ه ▁ڕاو کێ یه ▁کان ▁دێت ه ▁وه ▁و ▁.، ده ▁گه ▁ڕێت ه ▁وه ▁بۆ ▁دڵ ه ▁ڕاو کێ یه ▁کان ▁و ▁ئه ▁وه ▁ی ▁له ▁دڵ ه ▁ڕاو کێ یه ▁کان ▁به ▁ناوی ▁ئه ▁و ▁که ▁سانه ▁ی ▁که ▁به ▁دوور ی ▁ده ▁که ▁وێت ه ▁وه ▁.
[2026-03-17 22:46:43] Best translation 20 : ▁س فر ▁ده ▁ت وان رێت ▁هه ▁ردوو ▁ڕه ▁گه ▁ز ▁و ▁ڕاسته ▁قینه ▁بێت ، ▁له ▁وشه ▁کانی ▁دیکه ▁دا ▁مامۆستای ه ▁کی ▁په ▁ی که ▁ر تا ش ▁پێک د ێت ، ▁به ▁ڵام ▁ئه ▁و ▁ک اغ ه ▁ز انه ▁ی ▁که ▁م ێک ه ▁له ▁فه ▁رمانگ ه ▁ی ▁مای ک رۆس ۆف ت .
[2026-03-17 22:46:43] Best translation 40 : ▁خۆپ ـ یش ـ اند ه ▁ران ▁له ▁ده ▁وروب ه ▁ری ▁ده ▁س ـ ت پ ـ ێ ـ کرد ▁که ▁ده ▁س ـ تیان ▁به ▁سه ▁ر ▁هێزه ▁کانی ▁پ ـ ۆلیس دا ▁گرت بوو ▁له ▁سه ▁ر ▁شه ▁قام ه ▁کانی ▁پ ـ ێ ـ نج شه ▁ممه ▁ی ▁سه ▁رۆک ▁وه ▁زیری ▁وڵاته ▁یه ▁کگرتووه ▁کانی ▁ئه ▁مریکا .
[2026-03-17 22:46:44] Best translation 80 : ▁نیشان ەی ▁جەستە ی ی ی ▁بە ▁کار ▁نە ه ێن را ؛ ▁بە ▁بەکارهێنانی ▁ڕە ش ەکانی ▁ڕە ش ▁بە ▁بەکارهێنانی ▁ڕە ش ▁و ▁دڵ ▁و ▁دڵ ▁و ▁دڵ ▁و ▁دڵ ▁بۆ ▁ئەوەی ▁ب خوێن رێت ەوە .
[2026-03-17 22:46:48] Best translation 160 : ▁ئه ▁و ▁که ▁سانه ▁ی ▁به ▁سه ▁رۆکای ه ▁تی ▁کورسی یه ▁کان ▁که ▁وتوون ه ▁ته ▁سه ▁ر ▁کورسی یه ▁کان ، ▁به ▁ڵام ▁سه ▁رک ه ▁وتوو ▁نه ▁بوون .
[2026-03-17 22:46:53] Best translation 320 : ▁دوا به ▁دوای ▁ئه ▁وه ▁ی ▁نه ▁خش ه ▁ی ▁ده ▁ری ایی ▁ئه ▁و ▁باڵ ه ▁خانه ▁یه ▁دۆز راوه ▁ته ▁وه ▁.
[2026-03-17 22:47:01] Best translation 640 : ▁ژاپۆن ▁نزیکه ▁ی ▁حه ▁فت ا ▁نزیکه ▁ی ▁حه ▁وت ▁هه ▁زار ▁دوور گه ▁ی ▁دوور گه ▁ی ▁هۆ نگ ▁کۆنگ ه ▁و ▁.، ه ه ▁روه ▁ها ▁ژاپۆن ▁دروست ▁ده ▁کات ▁که ▁گه ▁وره ▁ترین ▁دوور گه ▁ی ▁جیهان ه !
[2026-03-17 22:47:18] Best translation 1280 : ▁وێستگ ەی ▁پاس ە وانی ▁پاس ەکان ▁بە ▁درێژایی ▁ڕۆژه ەڵات ی ▁ڕووب ار ەکە ▁بە تای بە ت ▁بە تای بە ت ▁زۆربەی ▁ئەو ▁کەس انەی ▁کە ▁بە تای بە ت ▁لە ▁ڕۆژه ەڵات ▁و ▁جا کار کا ▁و ▁جا کار کا ▁و ▁جا کار کا ▁و ▁جا کار گ ▁لە ▁نێوان ▁نێوان ▁ساڵانی ▁- ▁تا ▁ ٠ ٣ ٣ ٠ - ٣ ٠ ٣ ٠ ٣ ٣ ٣ ٣ ٠ .
[2026-03-17 22:47:40] Total translation time: 59.08918s
[2026-03-17 22:47:40] Saving model weights and runtime parameters to /workspace/OPUS-MT-train/work/en-ckb/curated-floresdev.spm4k-spm4k.transformer.model1.npz.best-bleu.npz
[2026-03-17 22:47:41] [valid] Ep. 13 : Up. 16000 : bleu : 4.2862 : new best
[2026-03-17 22:47:41] Translating validation set...
[2026-03-17 22:47:43] Best translation 0 : ▁ئەم ▁زار اوە یە ▁لە ▁دێ رین ی ▁کۆن ی ▁کۆن ی ▁کۆن دا ▁کە ▁بە ▁شێوەیەکی ▁زۆر ▁بەرز ▁لە ▁مرۆڤ دا ▁دە گونج ێت .
[2026-03-17 22:47:43] Best translation 1 : ▁هێرش ەکە ▁لە ▁٢ ٦ ی ▁حو زە ی رانی ▁ ٢٠٠ ٨ دا ▁گەیشت ە ▁ <0xC2> <0xAB> ▁مو بای ل ▁ <0xC2> <0xBB> ▁و ▁چە ک ▁و ▁چە ک ▁و ▁تە ق ەمە نی ▁و ▁چە ک ▁و ▁تە ق ەمە نی ▁و ▁چە ک ▁و ▁تە ق ەمە نی ی ▁چە ک دار ▁و ▁چە ک ▁و ▁تە ق ەمە نی ی ▁چە ک دار ▁و ▁چە ک دار ەکانی ▁بە ناو بان گ ▁و ▁هۆ تێ لی ▁تە ج ری ب ▁و ▁هۆ تێ لی ▁تە ج ری ب .
[2026-03-17 22:47:43] Best translation 2 : ▁ئه ▁م ▁گه ▁ڕان ه ▁وه ▁یه ▁له ▁لایه ▁ن ▁هه ▁مان ▁که ▁ش وه ه ▁وا ▁له ▁لایه ▁ن ▁هه ▁مان ▁که ▁ش وه ه ▁وا ▁بووه ▁که ▁زه ▁و ی ▁زه ▁و ی ▁بووه ▁.
[2026-03-17 22:47:43] Best translation 3 : ▁هه ▁روه ▁ها ▁به ▁پێی ▁هه ▁واڵێکی ▁ماڵپ ه ▁ر ِ ی ▁" بی ▁بی ▁سی "، ▁سه ▁ره ▁ر ِ ای ▁ئه ▁وه ▁ی ▁ئه ▁م ▁کلیپ ه ▁له ▁سه ▁ر ▁تۆڕی ▁ئینته ▁رنێت ▁بڵاو ▁کرا یه ▁وه ▁، ▁بر ِ یار ▁وا بوو ▁ئه ▁م ▁کلیپ ه ▁له ▁سه ▁ر ▁تۆڕی ▁ئینته ▁رنێت ▁بڵاو ▁بکرێت ه ▁وه ▁.
[2026-03-17 22:47:43] Best translation 4 : ▁سوپا یەکی ▁لاواز ▁و ▁لاواز ▁بوو ▁، ▁هەر چ ەند ە ▁چوار ▁کە شتی ▁نوێ یان ▁دروست کرد بوو ▁، ▁هەر چ ەند ە ▁چوار ▁کە شتی ▁نوێ یان ▁دروست کرد بوو ▁.
[2026-03-17 22:47:43] Best translation 5 : ▁گۆڵی ▁دووه ▁می ▁شه ▁و ی ▁ڕابردوو ▁له ▁وه ▁رزی ▁ڕابردوو ▁بوو ، ▁که ▁یه ▁که ▁م ▁یاریزان ▁له ▁وه ▁رزی ▁وه ▁رزی ▁١٩ ٩ ٩ ▁له ▁وه ▁رزی ▁١٩ ٩ ٩ ▁له ▁وه ▁رزی ▁١٩ ٩ ٥ ▁گۆڵ ▁تۆمار ▁بکات ، ▁کاتێک ▁جه ▁ری ر ▁جا م ێر ▁و ▁مار ی ۆ ▁لی ام ۆ ▁له ▁هه ▁ر ▁که ▁سێک ▁گه ▁یشت ه ▁هه ▁ر ▁که ▁س .
[2026-03-17 22:47:43] Best translation 10 : ▁ب لۆ چی ▁له ▁دڵ ه ▁وه ▁دوور ▁ده ▁خات ه ▁وه ▁و ▁.، له ▁دڵ ه ▁ڕاو کێ یه ▁کان ▁دێت ه ▁وه ▁و ▁.، ده ▁گه ▁ڕێت ه ▁وه ▁بۆ ▁دڵ ه ▁ڕاو کێ یه ▁کان ▁و ▁ئه ▁وه ▁ی ▁له ▁دڵ ه ▁ڕاو کێ یه ▁کان ▁به ▁ناوی ▁ئه ▁و ▁که ▁سانه ▁ی ▁که ▁به ▁دوور ی ▁ده ▁که ▁وێت ه ▁وه ▁.
[2026-03-17 22:47:43] Best translation 20 : ▁س فر ▁ده ▁ت وان رێت ▁هه ▁ردوو ▁ڕه ▁گه ▁ز ▁و ▁ڕاسته ▁قینه ▁بێت ، ▁له ▁وشه ▁کانی ▁دیکه ▁دا ▁مامۆستای ه ▁کی ▁په ▁ی که ▁ر تا ش ▁پێک د ێت ، ▁به ▁ڵام ▁ئه ▁و ▁ک اغ ه ▁ز انه ▁ی ▁که ▁م ێک ه ▁له ▁فه ▁رمانگ ه ▁ی ▁مای ک رۆس ۆف ت .
[2026-03-17 22:47:43] Best translation 40 : ▁خۆپ ـ یش ـ اند ه ▁ران ▁له ▁ده ▁وروب ه ▁ری ▁ده ▁س ـ ت پ ـ ێ ـ کرد ▁که ▁ده ▁س ـ تیان ▁به ▁سه ▁ر ▁هێزه ▁کانی ▁پ ـ ۆلیس دا ▁گرت بوو ▁له ▁سه ▁ر ▁شه ▁قام ه ▁کانی ▁پ ـ ێ ـ نج شه ▁ممه ▁ی ▁سه ▁رۆک ▁وه ▁زیری ▁وڵاته ▁یه ▁کگرتووه ▁کانی ▁ئه ▁مریکا .
[2026-03-17 22:47:44] Best translation 80 : ▁نیشان ەی ▁جەستە ی ی ی ▁بە ▁کار ▁نە ه ێن را ؛ ▁بە ▁بەکارهێنانی ▁ڕە ش ەکانی ▁ڕە ش ▁بە ▁بەکارهێنانی ▁ڕە ش ▁و ▁دڵ ▁و ▁دڵ ▁و ▁دڵ ▁و ▁دڵ ▁بۆ ▁ئەوەی ▁ب خوێن رێت ەوە .
[2026-03-17 22:47:48] Best translation 160 : ▁ئه ▁و ▁که ▁سانه ▁ی ▁به ▁سه ▁رۆکای ه ▁تی ▁کورسی یه ▁کان ▁که ▁وتوون ه ▁ته ▁سه ▁ر ▁کورسی یه ▁کان ، ▁به ▁ڵام ▁سه ▁رک ه ▁وتوو ▁نه ▁بوون .
[2026-03-17 22:47:53] Best translation 320 : ▁دوا به ▁دوای ▁ئه ▁وه ▁ی ▁نه ▁خش ه ▁ی ▁ده ▁ری ایی ▁ئه ▁و ▁باڵ ه ▁خانه ▁یه ▁دۆز راوه ▁ته ▁وه ▁.
[2026-03-17 22:48:01] Best translation 640 : ▁ژاپۆن ▁نزیکه ▁ی ▁حه ▁فت ا ▁نزیکه ▁ی ▁حه ▁وت ▁هه ▁زار ▁دوور گه ▁ی ▁دوور گه ▁ی ▁هۆ نگ ▁کۆنگ ه ▁و ▁.، ه ه ▁روه ▁ها ▁ژاپۆن ▁دروست ▁ده ▁کات ▁که ▁گه ▁وره ▁ترین ▁دوور گه ▁ی ▁جیهان ه !
[2026-03-17 22:48:19] Best translation 1280 : ▁وێستگ ەی ▁پاس ە وانی ▁پاس ەکان ▁بە ▁درێژایی ▁ڕۆژه ەڵات ی ▁ڕووب ار ەکە ▁بە تای بە ت ▁بە تای بە ت ▁زۆربەی ▁ئەو ▁کەس انەی ▁کە ▁بە تای بە ت ▁لە ▁ڕۆژه ەڵات ▁و ▁جا کار کا ▁و ▁جا کار کا ▁و ▁جا کار کا ▁و ▁جا کار گ ▁لە ▁نێوان ▁نێوان ▁ساڵانی ▁- ▁تا ▁ ٠ ٣ ٣ ٠ - ٣ ٠ ٣ ٠ ٣ ٣ ٣ ٣ ٠ .
[2026-03-17 22:48:42] Total translation time: 60.13784s
[2026-03-17 22:48:42] Saving model weights and runtime parameters to /workspace/OPUS-MT-train/work/en-ckb/curated-floresdev.spm4k-spm4k.transformer.model1.npz.best-chrf.npz
[2026-03-17 22:48:43] [valid] Ep. 13 : Up. 16000 : chrf : 31.1602 : new best
[2026-03-17 22:48:44] Saving model weights and runtime parameters to /workspace/OPUS-MT-train/work/en-ckb/curated-floresdev.spm4k-spm4k.transformer.model1.npz.best-perplexity.npz
[2026-03-17 22:48:46] [valid] Ep. 13 : Up. 16000 : perplexity : 23.5597 : new best
[2026-03-17 22:51:36] Ep. 13 : Up. 17000 : Sen. 248,326 : Cost 2.96165347 * 13,468,868 @ 11,013 after 228,458,074 : Time 301.41s : 44686.05 words/s : gNorm 0.7243 : L.r. 2.9104e-04
[2026-03-17 22:51:36] Saving model weights and runtime parameters to /workspace/OPUS-MT-train/work/en-ckb/curated-floresdev.spm4k-spm4k.transformer.model1.npz
[2026-03-17 22:51:37] Saving Adam parameters
[2026-03-17 22:51:39] [training] Saving training checkpoint to /workspace/OPUS-MT-train/work/en-ckb/curated-floresdev.spm4k-spm4k.transformer.model1.npz and /workspace/OPUS-MT-train/work/en-ckb/curated-floresdev.spm4k-spm4k.transformer.model1.npz.optimizer.npz
[2026-03-17 22:51:43] Translating validation set...
[2026-03-17 22:51:44] Best translation 0 : ▁ئەم ▁زار اوە یە ▁لە ▁دێ رین ە ▁کۆن ەکان ▁بە ▁ب غ دا ▁دەگ ەڕ ێن ، ▁کە ▁بە ▁شێوەیەکی ▁زۆر ▁لە ▁مرۆڤ ایەتی دا ▁دە گونج ێن .
[2026-03-17 22:51:44] Best translation 1 : ▁هێرش ەکانی ▁م ۆم بای ▁لە ▁٢ ٦ ی ▁حو زە ی رانی ▁ ٢٠٠ ٨ ▁گەیشت ە ▁سەر ▁ڤی تا مین ▁و ▁چە کی ▁ئۆتۆ م اتی کی ▁و ▁چە ک ▁و ▁تە ق ەمە نی ▁و ▁چە ک ▁و ▁چە ک ▁و ▁چە ک ▁و ▁تە ق ەمە نی ▁لە ▁نێو ▁قە ڵە م ەکە دا ▁دە ڕ ژ ێت .
[2026-03-17 22:51:44] Best translation 2 : ▁ئه ▁م ▁گه ▁ڕان ه ▁له ▁لایه ▁ن ▁هه ▁مان ▁که ▁ش وه ه ▁وا ▁له ▁لایه ▁ن ▁هه ▁مان ▁که ▁ش وه ه ▁وا ▁ئه ▁نجام ▁دراوه ▁که ▁زه ▁و ییه ▁که ▁ی ▁بۆ ته ▁هۆی ▁زه ▁و ی .
[2026-03-17 22:51:44] Best translation 3 : ▁هه ▁روه ▁ها ▁بۆ یان ▁ده ▁رک ه ▁وت ▁که ▁سه ▁ره ▁ڕای ▁ئه ▁م ▁ڤیدیۆ یه ▁له ▁سه ▁ر ▁تۆڕی ▁ئینته ▁رنێت ، ▁بی گ ▁بر ۆن ▁له ▁سه ▁ر ▁ناوه ▁ڕۆک ی ▁ئه ▁نت ه ▁رنێت ، ▁بر ۆک س ▁له ▁سه ▁ر ▁ناوه ▁ڕۆک ی ▁یاسای ▁هه ▁ڵ گرتن ه ▁وه ▁ی ▁که ▁ناڵ ه ▁کانی ▁ڕاگه ▁یاندن ▁وه ▁ک ▁ڕاگه ▁یاندن ▁له ▁سه ▁ر ▁ماڵپ ه ▁ڕی ▁بی ▁بی ▁بی ▁سی ▁فرۆش راوه ▁.
[2026-03-17 22:51:44] Best translation 4 : ▁سوپای ▁لاواز ▁و ▁لاواز ▁بوو ، ▁هەر چ ەند ە ▁هەر چ ەند ە ▁چوار ▁کە شتی ▁نوێ یان ▁دروست ▁کرد ▁پێش ▁دەست پێ کردنی ▁شەڕ ەکە .
[2026-03-17 22:51:44] Best translation 5 : ▁دووه ▁م ▁گۆڵی ▁یانه ▁ی ▁شه ▁و ▁له ▁وه ▁رزی ▁ڕابردوو ▁بوو ، ▁که ▁یه ▁که ▁م ▁یاریزان ▁بوو ▁له ▁وه ▁رزی ▁١٩ ٩ ٩ ▁و ▁له ▁وه ▁رزی ▁١٩ ٩ ٩ ▁و ▁له ▁وه ▁رزی ▁١٩ ٩ ٦ ، ▁کاتێک ▁جه ▁ری ر ▁جا م ێر ▁و ▁مار ی ۆ ▁لی م کس ▁گه ▁یشت ه ▁هه ▁ری ه ▁ک ▁له ▁میل ۆن .
[2026-03-17 22:51:45] Best translation 10 : ▁ب لۆ د ▁له ▁دڵ ه ▁وه ▁دوور ▁ده ▁که ▁وێت ه ▁وه ▁که ▁له ▁دڵ ه ▁وه ▁دوور ▁ده ▁که ▁وێت ه ▁وه ▁و ▁.، ده ▁گه ▁ڕێت ه ▁وه ▁بۆ ▁دڵ ی ▁دڵ ، ▁بچوک ترین ▁و ▁بچووک ترین ▁هه ▁وڵ ▁ده ▁ده ▁ن .
[2026-03-17 22:51:45] Best translation 20 : ▁س فر ▁ده ▁ت وان رێ ▁هه ▁ردوو ▁ڤی تا مین ▁و ▁ڕاسته ▁قینه ▁بێت ، ▁له ▁وشه ▁کانی ▁دیکه ▁دا ▁مامۆستای ه ▁ک ▁پێک د ێت ، ▁به ▁ڵام ▁ئه ▁و ▁ک اغ ه ▁ز انه ▁ی ▁که ▁م ێک ه ▁له ▁فه ▁رمانگ ه ▁ی ▁مای ک رۆس ۆف ت .
[2026-03-17 22:51:45] Best translation 40 : ▁خۆپ ـ یش ـ اند ه ▁ران ▁له ▁ده ▁وروب ه ▁ری ▁ده ▁س ـ ت پ ـ ێ ـ کرد ▁که ▁کاتژمێر ▁ی از ده ▁ی ▁سه ▁پت ه ▁مبه ▁ر ▁له ▁سه ▁ر ▁ش ـ اری ▁سپی ▁ده ▁س ـ ت پ ـ ێ ـ کرد بوو ▁له ▁لایه ▁ن ▁پ ـ ۆلیس ی ▁وڵاته ▁یه ▁کگرتووه ▁کانی ▁ئه ▁مریکا ▁له ▁سه ▁ر ▁شه ▁قامی ▁سه ▁رۆک ▁وه ▁زیری ▁وڵاته ▁یه ▁کگرتووه ▁کانی ▁ئه ▁مریکا .
[2026-03-17 22:51:45] Best translation 80 : ▁نیشان ەکە ▁بە ▁شێوەیەکی ▁فی زی ایی ▁زیان یان ▁پێ نە گەی شت ؛ ▁م اد ەکە ▁بە ▁بەکارهێنانی ▁ت ەو ژ م ▁بۆ ▁ئاشتی ▁و ▁دڵ ▁و ▁دڵ ▁بۆ ▁ئەوەی ▁ب خوێن رێت ەوە .
[2026-03-17 22:51:50] Best translation 160 : ▁ئه ▁و ▁که ▁سانه ▁ی ▁به ▁سه ▁رۆکای ه ▁تی ▁کورسی یه ▁کان ▁که ▁وتوون ه ▁ته ▁سه ▁ر ▁کورسی یه ▁کان ، ▁به ▁ڵام ▁سه ▁رک ه ▁وتوو ▁نه ▁بوون .
[2026-03-17 22:51:54] Best translation 320 : ▁دوا به ▁دوای ▁ئه ▁وه ▁ی ▁نه ▁خش ه ▁ی ▁ده ▁ری ایی ▁ئه ▁و ▁باڵ ه ▁خانه ▁یه ▁به ▁کارد ه ▁هێن را .
[2026-03-17 22:52:01] Best translation 640 : ▁ژاپۆن ▁نزیکه ▁ی ▁حه ▁وت ▁هه ▁زار ▁دوور گه ▁یه ▁که ▁گه ▁وره ▁ترین ▁دوور گه ▁ی ▁هۆ ن ▁هۆ ش ین ▁ده ▁گرێت ه ▁وه ▁هه ▁ولێر ▁ئاب ئۆ گۆ ست ▁– ▁ژاپۆن ▁به ▁گه ▁وره ▁ترین ▁دوور گه ▁ی ▁حه ▁وته ▁مین ▁دوور گه ▁ی ▁جیهان ه !
[2026-03-17 22:52:18] Best translation 1280 : ▁پاس ە ▁پاس ەکان ▁بە ▁درێژایی ▁ڕۆژ دا ▁( بە ▁ئینگلیزی : ▁ <0x42> a c h e ▁ <0x42> u d e ) ▁بە تای بە ت ▁لە ▁ڕۆژه ەڵات ی ▁ڕۆژه ەڵات ، ▁بە تای بە تی ▁زۆربەی ▁ئەو ▁کەس انەی ▁کە ▁بەرەو ▁ڕۆژه ەڵات ی ▁ڕۆژه ەڵات ▁و ▁جا کار گ ▁و ▁جا کار گ ▁لە ▁نێوان ▁ 6 0 - 3 0 0 - 3 0 0 - 3 0 0 - 3 0 0 0 0 0 0 0 0 0 0 0 0 0 0 0 0 0 0 0 0 0 0 0 0 0 0 0 0 0 0 0 0 0 0 0 0 0 0 0 0 0 0 0 0 0 0 0 0 0 0 0 0 0 0 0 0 0 0 0 0 0 0 0 0 0 0 0 0 0 0 0 0 0 0 0 0 0 0 0 0 0 0 0 0 0 0 0 0 0 0 0 0 0 0 0 0 0 0 0 0 0 0 0 0 0 0 0 0 0 0 0 0 0 0 0 0 0 0 0 0 0 0 0 0 0 0 0 0 0 0 0 0 0 0 0 0 0 0 0 0 0 0 0 0 0 0 0 0 0 0 0 0 0 0 0 0 0 0 0 0 0 0 0 0 0 0 0 0 0 0 0 0 0 0 0 0 0 0 0 0 0 0 0 0 0 0 0 0 0 0 0 0 0 0 0 0 0 0 0 0 0 0 0 0 0 0 0 0 0 0 0 0 0 0 0 0 0 0 0 0 0 0 0
[2026-03-17 22:52:38] Total translation time: 54.82709s
[2026-03-17 22:52:38] Saving model weights and runtime parameters to /workspace/OPUS-MT-train/work/en-ckb/curated-floresdev.spm4k-spm4k.transformer.model1.npz.best-bleu.npz
[2026-03-17 22:52:39] [valid] Ep. 13 : Up. 17000 : bleu : 5.3551 : new best
[2026-03-17 22:52:39] Translating validation set...
[2026-03-17 22:52:40] Best translation 0 : ▁ئەم ▁زار اوە یە ▁لە ▁دێ رین ە ▁کۆن ەکان ▁بە ▁ب غ دا ▁دەگ ەڕ ێن ، ▁کە ▁بە ▁شێوەیەکی ▁زۆر ▁لە ▁مرۆڤ ایەتی دا ▁دە گونج ێن .
[2026-03-17 22:52:40] Best translation 1 : ▁هێرش ەکانی ▁م ۆم بای ▁لە ▁٢ ٦ ی ▁حو زە ی رانی ▁ ٢٠٠ ٨ ▁گەیشت ە ▁سەر ▁ڤی تا مین ▁و ▁چە کی ▁ئۆتۆ م اتی کی ▁و ▁چە ک ▁و ▁تە ق ەمە نی ▁و ▁چە ک ▁و ▁چە ک ▁و ▁چە ک ▁و ▁تە ق ەمە نی ▁لە ▁نێو ▁قە ڵە م ەکە دا ▁دە ڕ ژ ێت .
[2026-03-17 22:52:40] Best translation 2 : ▁ئه ▁م ▁گه ▁ڕان ه ▁له ▁لایه ▁ن ▁هه ▁مان ▁که ▁ش وه ه ▁وا ▁له ▁لایه ▁ن ▁هه ▁مان ▁که ▁ش وه ه ▁وا ▁ئه ▁نجام ▁دراوه ▁که ▁زه ▁و ییه ▁که ▁ی ▁بۆ ته ▁هۆی ▁زه ▁و ی .
[2026-03-17 22:52:40] Best translation 3 : ▁هه ▁روه ▁ها ▁بۆ یان ▁ده ▁رک ه ▁وت ▁که ▁سه ▁ره ▁ڕای ▁ئه ▁م ▁ڤیدیۆ یه ▁له ▁سه ▁ر ▁تۆڕی ▁ئینته ▁رنێت ، ▁بی گ ▁بر ۆن ▁له ▁سه ▁ر ▁ناوه ▁ڕۆک ی ▁ئه ▁نت ه ▁رنێت ، ▁بر ۆک س ▁له ▁سه ▁ر ▁ناوه ▁ڕۆک ی ▁یاسای ▁هه ▁ڵ گرتن ه ▁وه ▁ی ▁که ▁ناڵ ه ▁کانی ▁ڕاگه ▁یاندن ▁وه ▁ک ▁ڕاگه ▁یاندن ▁له ▁سه ▁ر ▁ماڵپ ه ▁ڕی ▁بی ▁بی ▁بی ▁سی ▁فرۆش راوه ▁.
[2026-03-17 22:52:40] Best translation 4 : ▁سوپای ▁لاواز ▁و ▁لاواز ▁بوو ، ▁هەر چ ەند ە ▁هەر چ ەند ە ▁چوار ▁کە شتی ▁نوێ یان ▁دروست ▁کرد ▁پێش ▁دەست پێ کردنی ▁شەڕ ەکە .
[2026-03-17 22:52:40] Best translation 5 : ▁دووه ▁م ▁گۆڵی ▁یانه ▁ی ▁شه ▁و ▁له ▁وه ▁رزی ▁ڕابردوو ▁بوو ، ▁که ▁یه ▁که ▁م ▁یاریزان ▁بوو ▁له ▁وه ▁رزی ▁١٩ ٩ ٩ ▁و ▁له ▁وه ▁رزی ▁١٩ ٩ ٩ ▁و ▁له ▁وه ▁رزی ▁١٩ ٩ ٦ ، ▁کاتێک ▁جه ▁ری ر ▁جا م ێر ▁و ▁مار ی ۆ ▁لی م کس ▁گه ▁یشت ه ▁هه ▁ری ه ▁ک ▁له ▁میل ۆن .
[2026-03-17 22:52:41] Best translation 10 : ▁ب لۆ د ▁له ▁دڵ ه ▁وه ▁دوور ▁ده ▁که ▁وێت ه ▁وه ▁که ▁له ▁دڵ ه ▁وه ▁دوور ▁ده ▁که ▁وێت ه ▁وه ▁و ▁.، ده ▁گه ▁ڕێت ه ▁وه ▁بۆ ▁دڵ ی ▁دڵ ، ▁بچوک ترین ▁و ▁بچووک ترین ▁هه ▁وڵ ▁ده ▁ده ▁ن .
[2026-03-17 22:52:41] Best translation 20 : ▁س فر ▁ده ▁ت وان رێ ▁هه ▁ردوو ▁ڤی تا مین ▁و ▁ڕاسته ▁قینه ▁بێت ، ▁له ▁وشه ▁کانی ▁دیکه ▁دا ▁مامۆستای ه ▁ک ▁پێک د ێت ، ▁به ▁ڵام ▁ئه ▁و ▁ک اغ ه ▁ز انه ▁ی ▁که ▁م ێک ه ▁له ▁فه ▁رمانگ ه ▁ی ▁مای ک رۆس ۆف ت .
[2026-03-17 22:52:41] Best translation 40 : ▁خۆپ ـ یش ـ اند ه ▁ران ▁له ▁ده ▁وروب ه ▁ری ▁ده ▁س ـ ت پ ـ ێ ـ کرد ▁که ▁کاتژمێر ▁ی از ده ▁ی ▁سه ▁پت ه ▁مبه ▁ر ▁له ▁سه ▁ر ▁ش ـ اری ▁سپی ▁ده ▁س ـ ت پ ـ ێ ـ کرد بوو ▁له ▁لایه ▁ن ▁پ ـ ۆلیس ی ▁وڵاته ▁یه ▁کگرتووه ▁کانی ▁ئه ▁مریکا ▁له ▁سه ▁ر ▁شه ▁قامی ▁سه ▁رۆک ▁وه ▁زیری ▁وڵاته ▁یه ▁کگرتووه ▁کانی ▁ئه ▁مریکا .
[2026-03-17 22:52:41] Best translation 80 : ▁نیشان ەکە ▁بە ▁شێوەیەکی ▁فی زی ایی ▁زیان یان ▁پێ نە گەی شت ؛ ▁م اد ەکە ▁بە ▁بەکارهێنانی ▁ت ەو ژ م ▁بۆ ▁ئاشتی ▁و ▁دڵ ▁و ▁دڵ ▁بۆ ▁ئەوەی ▁ب خوێن رێت ەوە .
[2026-03-17 22:52:46] Best translation 160 : ▁ئه ▁و ▁که ▁سانه ▁ی ▁به ▁سه ▁رۆکای ه ▁تی ▁کورسی یه ▁کان ▁که ▁وتوون ه ▁ته ▁سه ▁ر ▁کورسی یه ▁کان ، ▁به ▁ڵام ▁سه ▁رک ه ▁وتوو ▁نه ▁بوون .
[2026-03-17 22:52:50] Best translation 320 : ▁دوا به ▁دوای ▁ئه ▁وه ▁ی ▁نه ▁خش ه ▁ی ▁ده ▁ری ایی ▁ئه ▁و ▁باڵ ه ▁خانه ▁یه ▁به ▁کارد ه ▁هێن را .
[2026-03-17 22:52:58] Best translation 640 : ▁ژاپۆن ▁نزیکه ▁ی ▁حه ▁وت ▁هه ▁زار ▁دوور گه ▁یه ▁که ▁گه ▁وره ▁ترین ▁دوور گه ▁ی ▁هۆ ن ▁هۆ ش ین ▁ده ▁گرێت ه ▁وه ▁هه ▁ولێر ▁ئاب ئۆ گۆ ست ▁– ▁ژاپۆن ▁به ▁گه ▁وره ▁ترین ▁دوور گه ▁ی ▁حه ▁وته ▁مین ▁دوور گه ▁ی ▁جیهان ه !
[2026-03-17 22:53:14] Best translation 1280 : ▁پاس ە ▁پاس ەکان ▁بە ▁درێژایی ▁ڕۆژ دا ▁( بە ▁ئینگلیزی : ▁ <0x42> a c h e ▁ <0x42> u d e ) ▁بە تای بە ت ▁لە ▁ڕۆژه ەڵات ی ▁ڕۆژه ەڵات ، ▁بە تای بە تی ▁زۆربەی ▁ئەو ▁کەس انەی ▁کە ▁بەرەو ▁ڕۆژه ەڵات ی ▁ڕۆژه ەڵات ▁و ▁جا کار گ ▁و ▁جا کار گ ▁لە ▁نێوان ▁ 6 0 - 3 0 0 - 3 0 0 - 3 0 0 - 3 0 0 0 0 0 0 0 0 0 0 0 0 0 0 0 0 0 0 0 0 0 0 0 0 0 0 0 0 0 0 0 0 0 0 0 0 0 0 0 0 0 0 0 0 0 0 0 0 0 0 0 0 0 0 0 0 0 0 0 0 0 0 0 0 0 0 0 0 0 0 0 0 0 0 0 0 0 0 0 0 0 0 0 0 0 0 0 0 0 0 0 0 0 0 0 0 0 0 0 0 0 0 0 0 0 0 0 0 0 0 0 0 0 0 0 0 0 0 0 0 0 0 0 0 0 0 0 0 0 0 0 0 0 0 0 0 0 0 0 0 0 0 0 0 0 0 0 0 0 0 0 0 0 0 0 0 0 0 0 0 0 0 0 0 0 0 0 0 0 0 0 0 0 0 0 0 0 0 0 0 0 0 0 0 0 0 0 0 0 0 0 0 0 0 0 0 0 0 0 0 0 0 0 0 0 0 0 0 0 0 0 0 0 0 0 0 0 0 0 0 0 0 0
[2026-03-17 22:53:35] Total translation time: 55.99363s
[2026-03-17 22:53:35] Saving model weights and runtime parameters to /workspace/OPUS-MT-train/work/en-ckb/curated-floresdev.spm4k-spm4k.transformer.model1.npz.best-chrf.npz
[2026-03-17 22:53:36] [valid] Ep. 13 : Up. 17000 : chrf : 32.8987 : new best
[2026-03-17 22:53:38] Saving model weights and runtime parameters to /workspace/OPUS-MT-train/work/en-ckb/curated-floresdev.spm4k-spm4k.transformer.model1.npz.best-perplexity.npz
[2026-03-17 22:53:39] [valid] Ep. 13 : Up. 17000 : perplexity : 19.324 : new best
[2026-03-17 22:54:24] Seen 310,206 samples
[2026-03-17 22:54:24] Starting data epoch 14 in logical epoch 14
[2026-03-17 22:56:30] Ep. 14 : Up. 18000 : Sen. 170,295 : Cost 2.85337996 * 13,415,680 @ 13,250 after 241,873,754 : Time 293.82s : 45659.36 words/s : gNorm 0.7092 : L.r. 2.8284e-04
[2026-03-17 22:56:30] Saving model weights and runtime parameters to /workspace/OPUS-MT-train/work/en-ckb/curated-floresdev.spm4k-spm4k.transformer.model1.npz
[2026-03-17 22:56:31] Saving Adam parameters
[2026-03-17 22:56:33] [training] Saving training checkpoint to /workspace/OPUS-MT-train/work/en-ckb/curated-floresdev.spm4k-spm4k.transformer.model1.npz and /workspace/OPUS-MT-train/work/en-ckb/curated-floresdev.spm4k-spm4k.transformer.model1.npz.optimizer.npz
[2026-03-17 22:56:37] Translating validation set...
[2026-03-17 22:56:38] Best translation 0 : ▁ئەم ▁زار اوە یە ▁لە ▁بن ە چە ی ▁کۆن ی ▁کۆن ەوە ▁لەگەڵ ▁ب بوو بە ، ▁کە ▁بە زۆر ی ▁لە ▁چاو ەڕ وانی ▁مرۆڤ دا ▁دە گونج ێت .
[2026-03-17 22:56:38] Best translation 1 : ▁هێرش ەکانی ▁م ۆم بای ▁لە ▁٢ ٦ ی ▁حو زە ی رانی ▁ ٢٠٠ ٨ ▁گەیشت ە ▁ <0xC2> <0xAB> ▁ش ە ه ید ▁ <0xC2> <0xBB> ▁و ▁چە کی ▁ئۆتۆ م اتی کی ▁و ▁چە کی ▁ئۆتۆ م اتی کی ▁و ▁چە کی ▁ئۆتۆ م اتی کی ▁و ▁چە ک ▁و ▁چە ک ▁و ▁چە ک ▁و ▁تە ق ەمە نی ی ▁لە ▁نێو ▁قە ڵە م ەکە دا ▁دە ڕ وات .
[2026-03-17 22:56:38] Best translation 2 : ▁ئه ▁م ▁گه ▁ڕان ه ▁له ▁لایه ▁ن ▁هه ▁مان ▁که ▁ش وه ه ▁وا ▁له ▁لایه ▁ن ▁هه ▁مان ▁که ▁ش وه ه ▁وا ▁له ▁که ▁ش وه ه ▁وا ▁که ▁بووه ▁ته ▁هۆی ▁زه ▁و ی .
[2026-03-17 22:56:38] Best translation 3 : ▁هه ▁روه ▁ها ▁ئه ▁ی ▁ئێم ▁ئێم ▁ئه ▁ی ▁بۆ ی ▁ده ▁رک ه ▁وت ▁که ▁سه ▁ره ▁ڕای ▁ئه ▁و ▁ڤیدیۆ یه ▁له ▁سه ▁ر ▁تۆڕی ▁ئینته ▁رنێت ، ▁بی گ ▁بر ۆی ت ▁له ▁سه ▁ر ▁ناوه ▁ڕۆک ی ▁یاسای ▁هه ▁ڵ سه ▁نگ اندن ▁نه ▁بووه ▁وه ▁ک ▁ڕاگه ▁یاندن ه ▁کان ▁له ▁ماڵپ ه ▁ر ِ ی ▁" بر ۆگ " ▁له ▁ماڵپ ه ▁ر ِ ی ▁" بر ای انی ▁بر ۆگ " ▁فرۆش راوه ▁.
[2026-03-17 22:56:38] Best translation 4 : ▁سوپای ▁لاواز ▁و ▁هێزی ▁لاواز ی ▁هەبوو ، ▁هەر چ ەند ە ▁تەنها ▁چوار ▁کە شتی ▁نوێ یان ▁دروست ▁کرد ▁پێش ▁دەست پێ کردنی ▁شەڕ ەکە .
[2026-03-17 22:56:38] Best translation 5 : ▁دووەم ▁گۆڵی ▁و ەرز ەکە ▁بوو ، ▁کە ▁یەکەم ▁یاریزان ▁بوو ▁لە ▁وەرزی ▁١٩ ٩ ٩ ، ▁کە ▁لە ▁وەرزی ▁١٩ ٩ ٩ ٦ دا ▁گۆڵ ▁تۆمار ▁بکات ▁یان ▁زیاتر ▁لە ▁٦ ٠ ▁گۆڵ ▁تۆمار ▁بکات ، ▁کاتێک ▁جە ی م ێر ▁جا گ ▁و ▁مار ی ۆ ▁لی می کس ▁گەیشت ە ▁هەر ▁یەک ▁میل ۆن .
[2026-03-17 22:56:39] Best translation 10 : ▁ب لۆ ود ▁له ▁دڵ ه ▁وه ▁دوور ▁ده ▁که ▁وێت ه ▁وه ▁به ▁ناوی ▁هون ه ▁ر ▁و ▁گه ▁ڕان ه ▁وه ▁بۆ ▁دڵ ه ▁وه ▁و ▁.، ئه ▁وه ▁ده ▁گه ▁ڕێت ه ▁وه ▁بۆ ▁دڵ ی ▁قو ڕ ق وش م ، ▁بچووک ترین ▁و ▁بچووک ترین ▁و ▁بچووک ترین ▁هه ▁وڵ ▁ده ▁ده ▁ن .
[2026-03-17 22:56:39] Best translation 20 : ▁س ۆل ف ۆل د ▁ده ▁ت وان رێ ▁هه ▁ردوو ▁ڕه ▁گه ▁ز ▁و ▁ڕاسته ▁قینه ▁بێت ، ▁له ▁وشه ▁کانی ▁دیکه ▁دا ▁مامۆستای ه ▁ک ▁پێک د ێت ▁به ▁ڵام ▁ئه ▁و ▁که ▁ره ▁ست انه ▁ی ▁که ▁م ێک ه ▁له ▁فه ▁رمانگ ه ▁ی ▁مای ک رۆس ۆف ت .
[2026-03-17 22:56:39] Best translation 40 : ▁خۆپ ـ یش ـ اند ه ▁ران ▁له ▁ده ▁وروب ه ▁ری ▁١١ ٠٠ ▁کات ▁ده ▁س ـ ت پ ـ ێ ـ کرد ▁له ▁سه ▁ر ▁شه ▁قامی ▁س ـ اڵ انی ▁پ ـ ۆلیس ▁له ▁ش ـ اری ▁سه ▁ن ع ای ▁سه ▁رۆک ▁وه ▁زیری ▁وڵاته ▁یه ▁کگرتووه ▁کانی ▁ئه ▁مریکا .
[2026-03-17 22:56:39] Best translation 80 : ▁نیشان ەکە ▁بە ▁شێوەیەکی ▁فی زی ایی ▁زیان یان ▁پێ نە گەی شت ؛ ▁دەست نیشان کردن ەکە ▁بە ▁بەکارهێنانی ▁ت ەو ژ می ▁ڕە ش ▁بە ▁بەکارهێنانی ▁نیشان ەکانی ▁ئاشتی ▁و ▁دڵ ▁بۆ ▁ئەوەی ▁ب خوێن ێتەوە .
[2026-03-17 22:56:43] Best translation 160 : ▁ئه ▁و ▁که ▁سانه ▁به ▁سه ▁رۆکای ه ▁تی ▁کورسی یه ▁کان ▁که ▁وتوون ه ▁ته ▁ده ▁ره ▁وه ▁، ▁به ▁ڵام ▁ئه ▁و ▁په ▁نجه ▁رانه ▁نا یان گرێت ه ▁وه ▁.
[2026-03-17 22:56:46] Best translation 320 : ▁دوا به ▁دوای ▁نه ▁خش ه ▁ی ▁ده ▁ری ایی ▁ئه ▁و ▁باڵ ه ▁خانه ▁یه ▁له ▁ڕێگه ▁ی ▁به ▁کارهێنانی ▁ئای ▁ڤی ▁ڤی ▁به ▁کار هێنان ▁دۆزرای ه ▁وه ▁.
[2026-03-17 22:56:53] Best translation 640 : ▁ژاپۆن ▁نزیکه ▁ی ▁حه ▁وت ▁هه ▁زار ▁دوور گه ▁ی ▁به ▁ڕێوه ▁ده ▁بات ▁که ▁گه ▁وره ▁ترین ▁هه ▁زار ▁دوور گه ▁یه ▁له ▁هۆ ن ش ۆ ، ▁بۆ ▁دروستکردنی ▁گه ▁وره ▁ترین ▁دور گه ▁ی ▁حه ▁وته ▁می ▁جیهان !
[2026-03-17 22:57:09] Best translation 1280 : ▁بۆ س ەکان ▁وێستگ ەی ▁پاس ەکان ▁بە ▁درێژایی ▁ڕۆژه ەڵات ی ▁ڕووب ار ەکە ▁بە تای بە ت ▁زۆربەی ان ▁بەرەو ▁ڕۆژه ەڵات ▁و ▁جا کار ۆم بۆ گ ▁بە جێ دە ه ێڵ ن ، ▁بە تای بە تی ▁ئەو ▁کەس انەی ▁کە ▁بەرەو ▁ڕۆژه ەڵات ی ▁ڕۆژه ەڵات ▁و ▁جا کار تی ▁جا کار ۆم ▁لە ▁نێوان ▁ ٠ ٦ - ٣ ٠ ٣ ٣ ٣ ٣ - ٣ ٣ ٣ ٣ ٣ ٠ ▁بە جێ دە ه ێڵ ن .
[2026-03-17 22:57:27] Total translation time: 50.26685s
[2026-03-17 22:57:27] Saving model weights and runtime parameters to /workspace/OPUS-MT-train/work/en-ckb/curated-floresdev.spm4k-spm4k.transformer.model1.npz.best-bleu.npz
[2026-03-17 22:57:28] [valid] Ep. 14 : Up. 18000 : bleu : 6.62256 : new best
[2026-03-17 22:57:28] Translating validation set...
[2026-03-17 22:57:29] Best translation 0 : ▁ئەم ▁زار اوە یە ▁لە ▁بن ە چە ی ▁کۆن ی ▁کۆن ەوە ▁لەگەڵ ▁ب بوو بە ، ▁کە ▁بە زۆر ی ▁لە ▁چاو ەڕ وانی ▁مرۆڤ دا ▁دە گونج ێت .
[2026-03-17 22:57:29] Best translation 1 : ▁هێرش ەکانی ▁م ۆم بای ▁لە ▁٢ ٦ ی ▁حو زە ی رانی ▁ ٢٠٠ ٨ ▁گەیشت ە ▁ <0xC2> <0xAB> ▁ش ە ه ید ▁ <0xC2> <0xBB> ▁و ▁چە کی ▁ئۆتۆ م اتی کی ▁و ▁چە کی ▁ئۆتۆ م اتی کی ▁و ▁چە کی ▁ئۆتۆ م اتی کی ▁و ▁چە ک ▁و ▁چە ک ▁و ▁چە ک ▁و ▁تە ق ەمە نی ی ▁لە ▁نێو ▁قە ڵە م ەکە دا ▁دە ڕ وات .
[2026-03-17 22:57:30] Best translation 2 : ▁ئه ▁م ▁گه ▁ڕان ه ▁له ▁لایه ▁ن ▁هه ▁مان ▁که ▁ش وه ه ▁وا ▁له ▁لایه ▁ن ▁هه ▁مان ▁که ▁ش وه ه ▁وا ▁له ▁که ▁ش وه ه ▁وا ▁که ▁بووه ▁ته ▁هۆی ▁زه ▁و ی .
[2026-03-17 22:57:30] Best translation 3 : ▁هه ▁روه ▁ها ▁ئه ▁ی ▁ئێم ▁ئێم ▁ئه ▁ی ▁بۆ ی ▁ده ▁رک ه ▁وت ▁که ▁سه ▁ره ▁ڕای ▁ئه ▁و ▁ڤیدیۆ یه ▁له ▁سه ▁ر ▁تۆڕی ▁ئینته ▁رنێت ، ▁بی گ ▁بر ۆی ت ▁له ▁سه ▁ر ▁ناوه ▁ڕۆک ی ▁یاسای ▁هه ▁ڵ سه ▁نگ اندن ▁نه ▁بووه ▁وه ▁ک ▁ڕاگه ▁یاندن ه ▁کان ▁له ▁ماڵپ ه ▁ر ِ ی ▁" بر ۆگ " ▁له ▁ماڵپ ه ▁ر ِ ی ▁" بر ای انی ▁بر ۆگ " ▁فرۆش راوه ▁.
[2026-03-17 22:57:30] Best translation 4 : ▁سوپای ▁لاواز ▁و ▁هێزی ▁لاواز ی ▁هەبوو ، ▁هەر چ ەند ە ▁تەنها ▁چوار ▁کە شتی ▁نوێ یان ▁دروست ▁کرد ▁پێش ▁دەست پێ کردنی ▁شەڕ ەکە .
[2026-03-17 22:57:30] Best translation 5 : ▁دووەم ▁گۆڵی ▁و ەرز ەکە ▁بوو ، ▁کە ▁یەکەم ▁یاریزان ▁بوو ▁لە ▁وەرزی ▁١٩ ٩ ٩ ، ▁کە ▁لە ▁وەرزی ▁١٩ ٩ ٩ ٦ دا ▁گۆڵ ▁تۆمار ▁بکات ▁یان ▁زیاتر ▁لە ▁٦ ٠ ▁گۆڵ ▁تۆمار ▁بکات ، ▁کاتێک ▁جە ی م ێر ▁جا گ ▁و ▁مار ی ۆ ▁لی می کس ▁گەیشت ە ▁هەر ▁یەک ▁میل ۆن .
[2026-03-17 22:57:30] Best translation 10 : ▁ب لۆ ود ▁له ▁دڵ ه ▁وه ▁دوور ▁ده ▁که ▁وێت ه ▁وه ▁به ▁ناوی ▁هون ه ▁ر ▁و ▁گه ▁ڕان ه ▁وه ▁بۆ ▁دڵ ه ▁وه ▁و ▁.، ئه ▁وه ▁ده ▁گه ▁ڕێت ه ▁وه ▁بۆ ▁دڵ ی ▁قو ڕ ق وش م ، ▁بچووک ترین ▁و ▁بچووک ترین ▁و ▁بچووک ترین ▁هه ▁وڵ ▁ده ▁ده ▁ن .
[2026-03-17 22:57:30] Best translation 20 : ▁س ۆل ف ۆل د ▁ده ▁ت وان رێ ▁هه ▁ردوو ▁ڕه ▁گه ▁ز ▁و ▁ڕاسته ▁قینه ▁بێت ، ▁له ▁وشه ▁کانی ▁دیکه ▁دا ▁مامۆستای ه ▁ک ▁پێک د ێت ▁به ▁ڵام ▁ئه ▁و ▁که ▁ره ▁ست انه ▁ی ▁که ▁م ێک ه ▁له ▁فه ▁رمانگ ه ▁ی ▁مای ک رۆس ۆف ت .
[2026-03-17 22:57:30] Best translation 40 : ▁خۆپ ـ یش ـ اند ه ▁ران ▁له ▁ده ▁وروب ه ▁ری ▁١١ ٠٠ ▁کات ▁ده ▁س ـ ت پ ـ ێ ـ کرد ▁له ▁سه ▁ر ▁شه ▁قامی ▁س ـ اڵ انی ▁پ ـ ۆلیس ▁له ▁ش ـ اری ▁سه ▁ن ع ای ▁سه ▁رۆک ▁وه ▁زیری ▁وڵاته ▁یه ▁کگرتووه ▁کانی ▁ئه ▁مریکا .
[2026-03-17 22:57:31] Best translation 80 : ▁نیشان ەکە ▁بە ▁شێوەیەکی ▁فی زی ایی ▁زیان یان ▁پێ نە گەی شت ؛ ▁دەست نیشان کردن ەکە ▁بە ▁بەکارهێنانی ▁ت ەو ژ می ▁ڕە ش ▁بە ▁بەکارهێنانی ▁نیشان ەکانی ▁ئاشتی ▁و ▁دڵ ▁بۆ ▁ئەوەی ▁ب خوێن ێتەوە .
[2026-03-17 22:57:34] Best translation 160 : ▁ئه ▁و ▁که ▁سانه ▁به ▁سه ▁رۆکای ه ▁تی ▁کورسی یه ▁کان ▁که ▁وتوون ه ▁ته ▁ده ▁ره ▁وه ▁، ▁به ▁ڵام ▁ئه ▁و ▁په ▁نجه ▁رانه ▁نا یان گرێت ه ▁وه ▁.
[2026-03-17 22:57:38] Best translation 320 : ▁دوا به ▁دوای ▁نه ▁خش ه ▁ی ▁ده ▁ری ایی ▁ئه ▁و ▁باڵ ه ▁خانه ▁یه ▁له ▁ڕێگه ▁ی ▁به ▁کارهێنانی ▁ئای ▁ڤی ▁ڤی ▁به ▁کار هێنان ▁دۆزرای ه ▁وه ▁.
[2026-03-17 22:57:45] Best translation 640 : ▁ژاپۆن ▁نزیکه ▁ی ▁حه ▁وت ▁هه ▁زار ▁دوور گه ▁ی ▁به ▁ڕێوه ▁ده ▁بات ▁که ▁گه ▁وره ▁ترین ▁هه ▁زار ▁دوور گه ▁یه ▁له ▁هۆ ن ش ۆ ، ▁بۆ ▁دروستکردنی ▁گه ▁وره ▁ترین ▁دور گه ▁ی ▁حه ▁وته ▁می ▁جیهان !
[2026-03-17 22:58:02] Best translation 1280 : ▁بۆ س ەکان ▁وێستگ ەی ▁پاس ەکان ▁بە ▁درێژایی ▁ڕۆژه ەڵات ی ▁ڕووب ار ەکە ▁بە تای بە ت ▁زۆربەی ان ▁بەرەو ▁ڕۆژه ەڵات ▁و ▁جا کار ۆم بۆ گ ▁بە جێ دە ه ێڵ ن ، ▁بە تای بە تی ▁ئەو ▁کەس انەی ▁کە ▁بەرەو ▁ڕۆژه ەڵات ی ▁ڕۆژه ەڵات ▁و ▁جا کار تی ▁جا کار ۆم ▁لە ▁نێوان ▁ ٠ ٦ - ٣ ٠ ٣ ٣ ٣ ٣ - ٣ ٣ ٣ ٣ ٣ ٠ ▁بە جێ دە ه ێڵ ن .
[2026-03-17 22:58:21] Total translation time: 52.81189s
[2026-03-17 22:58:21] Saving model weights and runtime parameters to /workspace/OPUS-MT-train/work/en-ckb/curated-floresdev.spm4k-spm4k.transformer.model1.npz.best-chrf.npz
[2026-03-17 22:58:22] [valid] Ep. 14 : Up. 18000 : chrf : 34.8161 : new best
[2026-03-17 22:58:24] Saving model weights and runtime parameters to /workspace/OPUS-MT-train/work/en-ckb/curated-floresdev.spm4k-spm4k.transformer.model1.npz.best-perplexity.npz
[2026-03-17 22:58:25] [valid] Ep. 14 : Up. 18000 : perplexity : 16.2984 : new best
[2026-03-17 23:00:06] Seen 310,206 samples
[2026-03-17 23:00:06] Starting data epoch 15 in logical epoch 15
[2026-03-17 23:01:16] Ep. 15 : Up. 19000 : Sen. 95,590 : Cost 2.76565576 * 13,429,696 @ 16,295 after 255,303,450 : Time 286.09s : 46943.02 words/s : gNorm 0.6673 : L.r. 2.7530e-04
[2026-03-17 23:01:16] Saving model weights and runtime parameters to /workspace/OPUS-MT-train/work/en-ckb/curated-floresdev.spm4k-spm4k.transformer.model1.npz
[2026-03-17 23:01:17] Saving Adam parameters
[2026-03-17 23:01:19] [training] Saving training checkpoint to /workspace/OPUS-MT-train/work/en-ckb/curated-floresdev.spm4k-spm4k.transformer.model1.npz and /workspace/OPUS-MT-train/work/en-ckb/curated-floresdev.spm4k-spm4k.transformer.model1.npz.optimizer.npz
[2026-03-17 23:01:23] Translating validation set...
[2026-03-17 23:01:24] Best translation 0 : ▁ئەم ▁زار اوە یە ▁لە ▁ئاشنا ی ی ی ▁کۆن ەوە ▁لەگەڵ ▁ b b b o g s ▁کە ▁بە ▁شێوەیەکی ▁زۆر ▁لە ▁چاو ەڕ وان کراو دا ▁دە گونج ێت ▁بۆ ▁ئەوەی ▁مرۆڤ ▁ب گونج ێت ▁.
[2026-03-17 23:01:24] Best translation 1 : ▁هێرش ەکانی ▁م ۆم بای ▁لە ▁٢ ٦ ی ▁حو زە ی رانی ▁ ٢٠٠ ٨ ▁گەیشت نە ▁کە لو پ ەل ▁و ▁چە کی ▁ئۆتۆ م اتی کی ▁و ▁چە کی ▁ئۆتۆ م اتی کی ▁و ▁چە کی ▁ئۆتۆ م اتی کی ▁و ▁چە کی ▁ئۆتۆ م اتی کی ▁و ▁چە کی ▁ئۆتۆ م اتی کی ▁و ▁چە ک ▁و ▁چە کی ▁ئۆتۆ م اتی کی ▁و ▁چە ک ▁و ▁تە ق ەمە نی ▁و ▁چە ک ▁و ▁تە ج ری ب ▁و ▁هۆ تێ لی ▁تە ج ری ب ▁مە ج ال .
[2026-03-17 23:01:24] Best translation 2 : ▁ئه ▁م ▁گه ▁ڕان ه ▁له ▁لایه ▁ن ▁هه ▁مان ▁که ▁ش وه ه ▁وا ▁له ▁لایه ▁ن ▁هه ▁مان ▁که ▁ش ▁و ▁هه ▁وا ▁خراپ ه ▁وه ▁سه ▁رپ ه ▁رشتی ▁کراوه ▁که ▁بووه ▁ته ▁هۆی ▁ئه ▁وه ▁ی ▁زه ▁و ی ▁و ▁زه ▁و ی .
[2026-03-17 23:01:24] Best translation 3 : ▁هه ▁روه ▁ها ▁ماڵپ ه ▁ڕی ▁" بی ▁ئێم " ▁ئه ▁وه ▁شی ▁ئاشکرا ▁کرد ▁که ▁سه ▁ره ▁ر ِ ای ▁ئه ▁وه ▁ی ▁ئه ▁و ▁کلیپ ه ▁له ▁سه ▁ر ▁تۆڕی ▁ئینته ▁رنێت ▁بڵاو بۆ ته ▁وه ▁، ▁بر ِ یار ▁وا بوو ▁له ▁سه ▁ر ▁ناوه ▁ر ِ ۆکی ▁یاسای ▁هه ▁ڵ سه ▁نگ اندنی ▁ناوه ▁ر ِ است ▁وه ▁ک ▁ڕاگه ▁یاندن ▁له ▁ماڵپ ه ▁ر ِ ی ▁" بی گ " ▁له ▁ماڵپ ه ▁ر ِ ی ▁" بر ای ت " ▁هه ▁ڵ نه ▁گیرێت .
[2026-03-17 23:01:24] Best translation 4 : ▁سوپای ▁لاواز ▁و ▁هێزی ▁لاواز ی ▁هەبوو ، ▁هەر چ ەند ە ▁تەنها ▁چوار ▁کە شتی ▁نوێ یان ▁دروست ▁کرد ▁پێش ▁دەست پێ کردنی ▁شەڕ ەکە .
[2026-03-17 23:01:24] Best translation 5 : ▁دووه ▁م ▁گۆڵی ▁شه ▁و ▁له ▁وه ▁رزی ▁ئه ▁مساڵ دا ▁بوو ، ▁ده ▁بێته ▁یه ▁که ▁م ▁یاریزان ▁له ▁وه ▁رزی ▁١٩ ٩ ٩ ▁و ▁له ▁وه ▁رزی ▁١٩ ٩ ٦ ▁گۆڵ ▁تۆمار ▁بکات ، ▁کاتێک ▁جه ▁ری ر ▁جا گ ▁و ▁مار ی ۆ ▁لی می کس ▁هه ▁ر ▁یه ▁ک ▁گه ▁یشتن ه ▁میل ۆن .
[2026-03-17 23:01:24] Best translation 10 : ▁ب لۆ ود ▁له ▁دڵ ه ▁وه ▁دوور ▁ده ▁که ▁وێت ه ▁وه ▁به ▁ناوی ▁هون ه ▁ر ▁و ▁گه ▁ر ِ انه ▁وه ▁بۆ ▁دڵ ی ▁ت وش بوو ▁به ▁نه ▁خۆشی ▁دڵ ▁دێت ه ▁وه ▁و ▁.، با به ▁ته ▁بچووک ه ▁کان ▁پێیان ▁ده ▁گوت رێت ▁ئه ▁و ▁که ▁سانه ▁ی ▁که ▁به ▁که ▁شتی یه ▁کان ▁ناو یان ▁ده ▁به ▁ن .
[2026-03-17 23:01:24] Best translation 20 : ▁س کا ف ۆڵ د ▁ده ▁ت وان رێ ▁هه ▁ردوو ▁ڕه ▁گه ▁ز ▁و ▁ڕاسته ▁قینه ▁بێت ، ▁له ▁وشه ▁کانی ▁دیکه ▁دا ▁مامۆستای ه ▁ک ▁شێوه ▁یه ▁کی ▁سیناریۆ یه ▁، ▁به ▁ڵام ▁ئه ▁و ▁که ▁م ▁و ▁کوڕی ه ▁ی ▁که ▁له ▁فه ▁رمانگ ه ▁ی ▁مای ک رۆس ۆف ت دا ▁هه ▁یه ▁.
[2026-03-17 23:01:24] Best translation 40 : ▁خۆپ ـ یش ـ اند انه ▁که ▁له ▁ده ▁وروب ه ▁ری ▁١١ ٠٠ ▁کات ▁ده ▁س ـ تی پ ـ ێ ـ کرد ▁له ▁سه ▁ر ▁شه ▁قامی ▁س ـ از کراو ی ▁هێزه ▁کانی ▁پ ـ ۆلیس ▁به ▁رامب ه ▁ر ▁به ▁ش ـ ا رۆ چ که ▁ی ▁سه ▁رۆک ▁وه ▁زیری ▁وڵاته ▁یه ▁کگرتووه ▁کانی ▁ئه ▁مریکا .
[2026-03-17 23:01:25] Best translation 80 : ▁نیشان ەکە ▁بە ▁فی زی ایی ▁زیان یان ▁پێ نە گەی شت ؛ ▁دەست کاری کردن ▁بە ▁بەکارهێنانی ▁ت ەو ژ می ▁ڕە ش ▁بە ▁بەکارهێنانی ▁نیشان ەکانی ▁ئاشتی ▁و ▁دڵ ▁بۆ ▁ئەوەی ▁ب خوێن ێتەوە .
[2026-03-17 23:01:28] Best translation 160 : ▁ئه ▁و ▁که ▁سانه ▁به ▁کورسی یه ▁کان ▁که ▁وتوون ه ▁ته ▁ده ▁ره ▁وه ▁، ▁به ▁ڵام ▁ئه ▁و ▁په ▁نجه ▁رانه ▁نا جێ گیر ▁نه ▁بوون .
[2026-03-17 23:01:32] Best translation 320 : ▁دوا به ▁دوای ▁نه ▁خش ه ▁ی ▁ده ▁ری ایی ▁ئه ▁و ▁باڵ ند ه ▁یه ▁له ▁ڕێگه ▁ی ▁به ▁کارهێنانی ▁ده ▁ریا چه ▁یه ▁کی ▁R <0x4F> <0x56> ▁دۆزرای ه ▁وه ▁.
[2026-03-17 23:01:39] Best translation 640 : ▁ژاپۆن ▁نزیکه ▁ی ▁حه ▁وت ▁هه ▁زار ▁دوور گه ▁ی ▁به ▁ڕێوه ▁ده ▁بات ▁که ▁گه ▁وره ▁ترین ▁هه ▁زار ▁دوور گه ▁یه ▁له ▁هۆ ن ش ۆ ، ▁بۆ ▁دروستکردنی ▁گه ▁وره ▁ترین ▁دور گه ▁ی ▁حه ▁وته ▁می ▁جیهان !
[2026-03-17 23:01:53] Best translation 1280 : ▁بۆ س ەکان ▁وێستگ ەی ▁پاس ی ▁نێوان ▁بە ▁درێژایی ▁ڕۆژ ەکان ▁( بە ▁ئینگلیزی : ▁ <0x42> o s ▁ <0x42> u t h e ▁ <0x42> u t h e ▁ t h e ▁ t h e ▁ t h e ▁ t h e ▁ b o f ▁ t h e ▁ b o f ▁ t h e ▁ t h e ▁ st r an d ) ▁بە تای بە تی ▁ئەوانەی ▁بەرەو ▁ڕۆژه ەڵات ▁و ▁جا کار ▁بی گ نگ ▁بە جێ دە ه ێڵ ن ▁لە ▁نێوان ▁ ٠ ٦ : ٣ ٠ : ٣ ٠ . ٣ ٠ . ٣ ٠ . ٧ . ٣ ٠ . ٣ ٠ . ٧ . ٣ ٠ . ٣ ٠ . ٣ ٠ . ٣ ٠ . ٧ .
[2026-03-17 23:02:11] Total translation time: 47.71208s
[2026-03-17 23:02:11] Saving model weights and runtime parameters to /workspace/OPUS-MT-train/work/en-ckb/curated-floresdev.spm4k-spm4k.transformer.model1.npz.best-bleu.npz
[2026-03-17 23:02:12] [valid] Ep. 15 : Up. 19000 : bleu : 7.71352 : new best
[2026-03-17 23:02:12] Translating validation set...
[2026-03-17 23:02:13] Best translation 0 : ▁ئەم ▁زار اوە یە ▁لە ▁ئاشنا ی ی ی ▁کۆن ەوە ▁لەگەڵ ▁ b b b o g s ▁کە ▁بە ▁شێوەیەکی ▁زۆر ▁لە ▁چاو ەڕ وان کراو دا ▁دە گونج ێت ▁بۆ ▁ئەوەی ▁مرۆڤ ▁ب گونج ێت ▁.
[2026-03-17 23:02:13] Best translation 1 : ▁هێرش ەکانی ▁م ۆم بای ▁لە ▁٢ ٦ ی ▁حو زە ی رانی ▁ ٢٠٠ ٨ ▁گەیشت نە ▁کە لو پ ەل ▁و ▁چە کی ▁ئۆتۆ م اتی کی ▁و ▁چە کی ▁ئۆتۆ م اتی کی ▁و ▁چە کی ▁ئۆتۆ م اتی کی ▁و ▁چە کی ▁ئۆتۆ م اتی کی ▁و ▁چە کی ▁ئۆتۆ م اتی کی ▁و ▁چە ک ▁و ▁چە کی ▁ئۆتۆ م اتی کی ▁و ▁چە ک ▁و ▁تە ق ەمە نی ▁و ▁چە ک ▁و ▁تە ج ری ب ▁و ▁هۆ تێ لی ▁تە ج ری ب ▁مە ج ال .
[2026-03-17 23:02:13] Best translation 2 : ▁ئه ▁م ▁گه ▁ڕان ه ▁له ▁لایه ▁ن ▁هه ▁مان ▁که ▁ش وه ه ▁وا ▁له ▁لایه ▁ن ▁هه ▁مان ▁که ▁ش ▁و ▁هه ▁وا ▁خراپ ه ▁وه ▁سه ▁رپ ه ▁رشتی ▁کراوه ▁که ▁بووه ▁ته ▁هۆی ▁ئه ▁وه ▁ی ▁زه ▁و ی ▁و ▁زه ▁و ی .
[2026-03-17 23:02:13] Best translation 3 : ▁هه ▁روه ▁ها ▁ماڵپ ه ▁ڕی ▁" بی ▁ئێم " ▁ئه ▁وه ▁شی ▁ئاشکرا ▁کرد ▁که ▁سه ▁ره ▁ر ِ ای ▁ئه ▁وه ▁ی ▁ئه ▁و ▁کلیپ ه ▁له ▁سه ▁ر ▁تۆڕی ▁ئینته ▁رنێت ▁بڵاو بۆ ته ▁وه ▁، ▁بر ِ یار ▁وا بوو ▁له ▁سه ▁ر ▁ناوه ▁ر ِ ۆکی ▁یاسای ▁هه ▁ڵ سه ▁نگ اندنی ▁ناوه ▁ر ِ است ▁وه ▁ک ▁ڕاگه ▁یاندن ▁له ▁ماڵپ ه ▁ر ِ ی ▁" بی گ " ▁له ▁ماڵپ ه ▁ر ِ ی ▁" بر ای ت " ▁هه ▁ڵ نه ▁گیرێت .
[2026-03-17 23:02:13] Best translation 4 : ▁سوپای ▁لاواز ▁و ▁هێزی ▁لاواز ی ▁هەبوو ، ▁هەر چ ەند ە ▁تەنها ▁چوار ▁کە شتی ▁نوێ یان ▁دروست ▁کرد ▁پێش ▁دەست پێ کردنی ▁شەڕ ەکە .
[2026-03-17 23:02:13] Best translation 5 : ▁دووه ▁م ▁گۆڵی ▁شه ▁و ▁له ▁وه ▁رزی ▁ئه ▁مساڵ دا ▁بوو ، ▁ده ▁بێته ▁یه ▁که ▁م ▁یاریزان ▁له ▁وه ▁رزی ▁١٩ ٩ ٩ ▁و ▁له ▁وه ▁رزی ▁١٩ ٩ ٦ ▁گۆڵ ▁تۆمار ▁بکات ، ▁کاتێک ▁جه ▁ری ر ▁جا گ ▁و ▁مار ی ۆ ▁لی می کس ▁هه ▁ر ▁یه ▁ک ▁گه ▁یشتن ه ▁میل ۆن .
[2026-03-17 23:02:14] Best translation 10 : ▁ب لۆ ود ▁له ▁دڵ ه ▁وه ▁دوور ▁ده ▁که ▁وێت ه ▁وه ▁به ▁ناوی ▁هون ه ▁ر ▁و ▁گه ▁ر ِ انه ▁وه ▁بۆ ▁دڵ ی ▁ت وش بوو ▁به ▁نه ▁خۆشی ▁دڵ ▁دێت ه ▁وه ▁و ▁.، با به ▁ته ▁بچووک ه ▁کان ▁پێیان ▁ده ▁گوت رێت ▁ئه ▁و ▁که ▁سانه ▁ی ▁که ▁به ▁که ▁شتی یه ▁کان ▁ناو یان ▁ده ▁به ▁ن .
[2026-03-17 23:02:14] Best translation 20 : ▁س کا ف ۆڵ د ▁ده ▁ت وان رێ ▁هه ▁ردوو ▁ڕه ▁گه ▁ز ▁و ▁ڕاسته ▁قینه ▁بێت ، ▁له ▁وشه ▁کانی ▁دیکه ▁دا ▁مامۆستای ه ▁ک ▁شێوه ▁یه ▁کی ▁سیناریۆ یه ▁، ▁به ▁ڵام ▁ئه ▁و ▁که ▁م ▁و ▁کوڕی ه ▁ی ▁که ▁له ▁فه ▁رمانگ ه ▁ی ▁مای ک رۆس ۆف ت دا ▁هه ▁یه ▁.
[2026-03-17 23:02:14] Best translation 40 : ▁خۆپ ـ یش ـ اند انه ▁که ▁له ▁ده ▁وروب ه ▁ری ▁١١ ٠٠ ▁کات ▁ده ▁س ـ تی پ ـ ێ ـ کرد ▁له ▁سه ▁ر ▁شه ▁قامی ▁س ـ از کراو ی ▁هێزه ▁کانی ▁پ ـ ۆلیس ▁به ▁رامب ه ▁ر ▁به ▁ش ـ ا رۆ چ که ▁ی ▁سه ▁رۆک ▁وه ▁زیری ▁وڵاته ▁یه ▁کگرتووه ▁کانی ▁ئه ▁مریکا .
[2026-03-17 23:02:14] Best translation 80 : ▁نیشان ەکە ▁بە ▁فی زی ایی ▁زیان یان ▁پێ نە گەی شت ؛ ▁دەست کاری کردن ▁بە ▁بەکارهێنانی ▁ت ەو ژ می ▁ڕە ش ▁بە ▁بەکارهێنانی ▁نیشان ەکانی ▁ئاشتی ▁و ▁دڵ ▁بۆ ▁ئەوەی ▁ب خوێن ێتەوە .
[2026-03-17 23:02:18] Best translation 160 : ▁ئه ▁و ▁که ▁سانه ▁به ▁کورسی یه ▁کان ▁که ▁وتوون ه ▁ته ▁ده ▁ره ▁وه ▁، ▁به ▁ڵام ▁ئه ▁و ▁په ▁نجه ▁رانه ▁نا جێ گیر ▁نه ▁بوون .
[2026-03-17 23:02:22] Best translation 320 : ▁دوا به ▁دوای ▁نه ▁خش ه ▁ی ▁ده ▁ری ایی ▁ئه ▁و ▁باڵ ند ه ▁یه ▁له ▁ڕێگه ▁ی ▁به ▁کارهێنانی ▁ده ▁ریا چه ▁یه ▁کی ▁R <0x4F> <0x56> ▁دۆزرای ه ▁وه ▁.
[2026-03-17 23:02:30] Best translation 640 : ▁ژاپۆن ▁نزیکه ▁ی ▁حه ▁وت ▁هه ▁زار ▁دوور گه ▁ی ▁به ▁ڕێوه ▁ده ▁بات ▁که ▁گه ▁وره ▁ترین ▁هه ▁زار ▁دوور گه ▁یه ▁له ▁هۆ ن ش ۆ ، ▁بۆ ▁دروستکردنی ▁گه ▁وره ▁ترین ▁دور گه ▁ی ▁حه ▁وته ▁می ▁جیهان !
[2026-03-17 23:02:45] Best translation 1280 : ▁بۆ س ەکان ▁وێستگ ەی ▁پاس ی ▁نێوان ▁بە ▁درێژایی ▁ڕۆژ ەکان ▁( بە ▁ئینگلیزی : ▁ <0x42> o s ▁ <0x42> u t h e ▁ <0x42> u t h e ▁ t h e ▁ t h e ▁ t h e ▁ t h e ▁ b o f ▁ t h e ▁ b o f ▁ t h e ▁ t h e ▁ st r an d ) ▁بە تای بە تی ▁ئەوانەی ▁بەرەو ▁ڕۆژه ەڵات ▁و ▁جا کار ▁بی گ نگ ▁بە جێ دە ه ێڵ ن ▁لە ▁نێوان ▁ ٠ ٦ : ٣ ٠ : ٣ ٠ . ٣ ٠ . ٣ ٠ . ٧ . ٣ ٠ . ٣ ٠ . ٧ . ٣ ٠ . ٣ ٠ . ٣ ٠ . ٣ ٠ . ٧ .
[2026-03-17 23:03:02] Total translation time: 50.35579s
[2026-03-17 23:03:02] Saving model weights and runtime parameters to /workspace/OPUS-MT-train/work/en-ckb/curated-floresdev.spm4k-spm4k.transformer.model1.npz.best-chrf.npz
[2026-03-17 23:03:03] [valid] Ep. 15 : Up. 19000 : chrf : 36.2418 : new best
[2026-03-17 23:03:05] Saving model weights and runtime parameters to /workspace/OPUS-MT-train/work/en-ckb/curated-floresdev.spm4k-spm4k.transformer.model1.npz.best-perplexity.npz
[2026-03-17 23:03:07] [valid] Ep. 15 : Up. 19000 : perplexity : 14.2217 : new best
[2026-03-17 23:05:43] Seen 310,206 samples
[2026-03-17 23:05:43] Starting data epoch 16 in logical epoch 16
[2026-03-17 23:05:57] Ep. 16 : Up. 20000 : Sen. 17,372 : Cost 2.69966102 * 13,455,799 @ 7,199 after 268,759,249 : Time 281.42s : 47813.79 words/s : gNorm 0.6830 : L.r. 2.6833e-04
[2026-03-17 23:05:57] Saving model weights and runtime parameters to /workspace/OPUS-MT-train/work/en-ckb/curated-floresdev.spm4k-spm4k.transformer.model1.npz
[2026-03-17 23:05:59] Saving Adam parameters
[2026-03-17 23:06:01] [training] Saving training checkpoint to /workspace/OPUS-MT-train/work/en-ckb/curated-floresdev.spm4k-spm4k.transformer.model1.npz and /workspace/OPUS-MT-train/work/en-ckb/curated-floresdev.spm4k-spm4k.transformer.model1.npz.optimizer.npz
[2026-03-17 23:06:04] Translating validation set...
[2026-03-17 23:06:05] Best translation 0 : ▁ئه ▁م ▁زار اوه ▁یه ▁له ▁ئاشنا یه ▁تی ▁کۆن ه ▁وه ▁له ▁گه ▁ڵ ▁بی د بۆ گ س ▁که ▁به ▁ڕێژ ه ▁یه ▁کی ▁زۆر ▁له ▁لایه ▁ن ▁مرۆڤ ه ▁کان ه ▁وه ▁په ▁سه ▁ند ▁ده ▁کرێت .
[2026-03-17 23:06:05] Best translation 1 : ▁هێرش بەر انی ▁م ۆم بای ▁لە ▁٢ ٦ ی ▁حو زە ی رانی ▁ ٢٠٠ ٨ ▁گەیشت نە ▁بەر تی ل ▁و ▁چە کی ▁ئۆتۆ م اتی کی ▁و ▁چە کی ▁ئۆتۆ م اتی کی ▁و ▁چە کی ▁ئۆتۆ م اتی کی ▁و ▁چە کی ▁ئۆتۆ م اتی کی ▁و ▁چە کی ▁ئۆتۆ م اتی کی ▁و ▁چە ک ▁و ▁چە کی ▁ئۆتۆ م اتی کی ▁و ▁چە ک ▁و ▁تە ق ەمە نی ▁و ▁چە ک ▁و ▁تە خت ەی ▁ش ە ه را تی ▁شی ڤا ▁تی ر مین وس ▁و ▁هۆ تێ لی ▁بە ناو بان گی ▁تا ج اڵ .
[2026-03-17 23:06:06] Best translation 2 : ▁ئه ▁م ▁گه ▁ڕان ه ▁له ▁لایه ▁ن ▁هه ▁مان ▁که ▁ش وه ه ▁وا ▁خراپ ه ▁وه ▁ئه ▁نجام ▁دراوه ▁که ▁بووه ▁هۆی ▁ئه ▁وه ▁ی ▁زه ▁و ی ▁گه ▁ڕاو ه ▁ته ▁وه ▁.
[2026-03-17 23:06:06] Best translation 3 : ▁هه ▁روه ▁ها ▁ماڵپ ه ▁ڕی ▁" ئه ▁ی ▁ئێم " ▁ئه ▁وه ▁شی ▁ئاشکرا ▁کرد ▁که ▁سه ▁ره ▁ر ِ ای ▁ئه ▁وه ▁ی ▁ئه ▁و ▁کلیپ ه ▁له ▁سه ▁ر ▁تۆڕی ▁ئینته ▁رنێت ▁بڵاو ▁کرا یه ▁وه ▁، ▁بر ِ یار ▁وا بوو ▁له ▁سه ▁ر ▁ناوه ▁ر ِ ۆکی ▁هه ▁ڵ سه ▁نگ اندنی ▁ناوه ▁ر ِ ۆکی ▁یاسای ▁هه ▁ڵ سه ▁نگ اندنی ان ▁وه ▁ک ▁ده ▁زگاکانی ▁ڕاگه ▁یاندن ▁له ▁ماڵپ ه ▁ر ِ ی ▁" بی گ ▁بر ۆگ " ▁له ▁ماڵپ ه ▁ر ِ ی ▁" بر ای ت " ▁هه ▁ڵ نه ▁گیرێت .
[2026-03-17 23:06:06] Best translation 4 : ▁سوپای ▁لاواز ▁و ▁هێزی ▁لاواز ی ▁هەبوو ، ▁هەر چ ەند ە ▁تەنها ▁چوار ▁کە شتی ▁نوێ یان ▁دروست ▁کردبوو ▁پێش ▁دەست پێ کردنی ▁شەڕ .
[2026-03-17 23:06:06] Best translation 5 : ▁دووه ▁م ▁گۆڵی ▁شه ▁و ▁له ▁وه ▁رزی ▁ئه ▁مساڵ دا ▁بوو ، ▁که ▁بووه ▁یه ▁که ▁م ▁یاریزان ▁له ▁وه ▁رزی ▁١٩ ٩ ٥ ▁و ▁له ▁وه ▁رزی ▁١٩ ٩ ٦ ▁گۆڵ ▁تۆمار ▁بکات ، ▁کاتێک ▁جه ▁ری ر ▁جا گ ▁و ▁مار ی ۆ ▁لی می کس ▁هه ▁ر ▁یه ▁ک ▁گه ▁یشتن ه ▁ئه ▁و ▁میل ی تان ه ▁.
[2026-03-17 23:06:06] Best translation 10 : ▁ب لۆ ود ▁له ▁دڵ ه ▁وه ▁دوور ▁ده ▁که ▁وێت ه ▁وه ▁که ▁به ▁هون ه ▁ر ▁ناو ▁ده ▁بات ▁و ▁ده ▁گه ▁ڕێت ه ▁وه ▁بۆ ▁دڵ ی ▁دوو گ یان ▁به ▁ناوی ▁ش ین ، ▁بچووک ترین ▁دوو گ یان ▁به ▁کا پ ڵ ▁ناو ده ▁ب رێت .
[2026-03-17 23:06:06] Best translation 20 : ▁س کا ف ۆڵ د ▁دە توان رێت ▁هەردوو ک یان ▁لە ▁مێشک ▁و ▁ڕاست ە قی نە ▁بێت ▁، ▁بە ▁و شە ی ▁تر ▁، ▁مامۆستای ەک ▁جۆرێک ە ▁لە ▁ش وو شە ی ▁س فر ▁بەڵام ▁ئەوە ▁بچووک ە ▁لە ▁نووسینگ ەی ▁مای ک رۆس ۆف ت ▁.
[2026-03-17 23:06:06] Best translation 40 : ▁خۆپ ـ یش ـ اند انه ▁که ▁له ▁ده ▁وروب ه ▁ری ▁١١ ٠٠ ▁کات ▁ده ▁س ـ تی پ ـ ێ ـ کرد ▁له ▁سه ▁ر ▁به ▁رپ ـ رس ی ▁پ ـ ۆلیس ▁به ▁رامب ه ▁ر ▁شه ▁قام ه ▁کانی ▁سه ▁ر ▁شه ▁قام ه ▁کانی ▁سه ▁ر ▁به ▁سه ▁رۆک ▁وه ▁زیر .
[2026-03-17 23:06:06] Best translation 80 : ▁واژۆ کە ▁بە ▁شێوەیەکی ▁جەستە ی ی ▁زیان یان ▁پێ نە گەی شت ؛ ▁دەست نیشان کردن ەکە ▁بە ▁بەکارهێنانی ▁ت ەو ژ می ▁ڕە ش ▁بە ▁بەکارهێنانی ▁نیشان ەکانی ▁ئاشتی ▁و ▁دڵ ▁بۆ ▁ئەوەی ▁ب خوێن ێتەوە .
[2026-03-17 23:06:09] Best translation 160 : ▁خه ▁ڵک ▁به ▁کورسی یه ▁کان ▁که ▁وتوون ه ▁ته ▁ده ▁ره ▁وه ▁، ▁به ▁ڵام ▁په ▁نجه ▁ره ▁کان ▁نا جێ گیر ▁نه ▁بوون .
[2026-03-17 23:06:13] Best translation 320 : ▁بە دوا دا چوونی ▁نە خ شە ی ▁دەریا ی ی ▁، ▁بە ▁بەکارهێنانی ▁R <0x4F> <0x56> ▁دۆزرای ەوە ▁.
[2026-03-17 23:06:19] Best translation 640 : ▁ژاپۆن ▁نزیکه ▁ی ▁حه ▁وت ▁هه ▁زار ▁دوور گه ▁ی ▁به ▁ڕێوه ▁ده ▁بات ▁- ▁ژاپۆن ▁نزیکه ▁ی ▁حه ▁وت ▁هه ▁زار ▁دوور گه ▁ی ▁به ▁یه ▁کێک ▁له ▁دوور گه ▁گه ▁وره ▁کانی ▁جیهان ▁به ▁ڕێوه ▁ده ▁بات ، ▁که ▁ژاپۆن ▁گه ▁وره ▁ترین ▁دوور گه ▁ی ▁حه ▁وته ▁می ▁جیهان ه !
[2026-03-17 23:06:33] Best translation 1280 : ▁بۆ س ەکان ▁وێستگ ەی ▁پاس ی ▁نێوان ▁بە ▁درێژایی ▁ڕۆژ ▁( بە ▁ئینگلیزی : ▁ <0x42> as s ▁ b o s ▁ t h e ▁ t h e ▁ t h e ▁ t h e ▁ t h e ▁ t h e ▁ t h e ▁ b o f ▁ t h e ▁ t h e ▁ t h e ▁ st r an d ) ▁بە تای بە تی ▁ئەوانەی ▁کە ▁بەرەو ▁ڕۆژه ەڵات ▁و ▁جا کار بۆ ت ەوە ▁بە جێ دە ه ێڵ ن ▁لە ▁نێوان ▁ ٠ ٦ : ٣ ٠ : ٣ ٠ . ٣ ٠ . ٧ : ٣ ٠ . ٣ ٠ . ٧ : ٣ ٠ . ٣ ٠ . ٧ .
[2026-03-17 23:06:50] Total translation time: 45.39124s
[2026-03-17 23:06:50] Saving model weights and runtime parameters to /workspace/OPUS-MT-train/work/en-ckb/curated-floresdev.spm4k-spm4k.transformer.model1.npz.best-bleu.npz
[2026-03-17 23:06:51] [valid] Ep. 16 : Up. 20000 : bleu : 8.6243 : new best
[2026-03-17 23:06:51] Translating validation set...
[2026-03-17 23:06:52] Best translation 0 : ▁ئه ▁م ▁زار اوه ▁یه ▁له ▁ئاشنا یه ▁تی ▁کۆن ه ▁وه ▁له ▁گه ▁ڵ ▁بی د بۆ گ س ▁که ▁به ▁ڕێژ ه ▁یه ▁کی ▁زۆر ▁له ▁لایه ▁ن ▁مرۆڤ ه ▁کان ه ▁وه ▁په ▁سه ▁ند ▁ده ▁کرێت .
[2026-03-17 23:06:52] Best translation 1 : ▁هێرش بەر انی ▁م ۆم بای ▁لە ▁٢ ٦ ی ▁حو زە ی رانی ▁ ٢٠٠ ٨ ▁گەیشت نە ▁بەر تی ل ▁و ▁چە کی ▁ئۆتۆ م اتی کی ▁و ▁چە کی ▁ئۆتۆ م اتی کی ▁و ▁چە کی ▁ئۆتۆ م اتی کی ▁و ▁چە کی ▁ئۆتۆ م اتی کی ▁و ▁چە کی ▁ئۆتۆ م اتی کی ▁و ▁چە ک ▁و ▁چە کی ▁ئۆتۆ م اتی کی ▁و ▁چە ک ▁و ▁تە ق ەمە نی ▁و ▁چە ک ▁و ▁تە خت ەی ▁ش ە ه را تی ▁شی ڤا ▁تی ر مین وس ▁و ▁هۆ تێ لی ▁بە ناو بان گی ▁تا ج اڵ .
[2026-03-17 23:06:52] Best translation 2 : ▁ئه ▁م ▁گه ▁ڕان ه ▁له ▁لایه ▁ن ▁هه ▁مان ▁که ▁ش وه ه ▁وا ▁خراپ ه ▁وه ▁ئه ▁نجام ▁دراوه ▁که ▁بووه ▁هۆی ▁ئه ▁وه ▁ی ▁زه ▁و ی ▁گه ▁ڕاو ه ▁ته ▁وه ▁.
[2026-03-17 23:06:52] Best translation 3 : ▁هه ▁روه ▁ها ▁ماڵپ ه ▁ڕی ▁" ئه ▁ی ▁ئێم " ▁ئه ▁وه ▁شی ▁ئاشکرا ▁کرد ▁که ▁سه ▁ره ▁ر ِ ای ▁ئه ▁وه ▁ی ▁ئه ▁و ▁کلیپ ه ▁له ▁سه ▁ر ▁تۆڕی ▁ئینته ▁رنێت ▁بڵاو ▁کرا یه ▁وه ▁، ▁بر ِ یار ▁وا بوو ▁له ▁سه ▁ر ▁ناوه ▁ر ِ ۆکی ▁هه ▁ڵ سه ▁نگ اندنی ▁ناوه ▁ر ِ ۆکی ▁یاسای ▁هه ▁ڵ سه ▁نگ اندنی ان ▁وه ▁ک ▁ده ▁زگاکانی ▁ڕاگه ▁یاندن ▁له ▁ماڵپ ه ▁ر ِ ی ▁" بی گ ▁بر ۆگ " ▁له ▁ماڵپ ه ▁ر ِ ی ▁" بر ای ت " ▁هه ▁ڵ نه ▁گیرێت .
[2026-03-17 23:06:52] Best translation 4 : ▁سوپای ▁لاواز ▁و ▁هێزی ▁لاواز ی ▁هەبوو ، ▁هەر چ ەند ە ▁تەنها ▁چوار ▁کە شتی ▁نوێ یان ▁دروست ▁کردبوو ▁پێش ▁دەست پێ کردنی ▁شەڕ .
[2026-03-17 23:06:52] Best translation 5 : ▁دووه ▁م ▁گۆڵی ▁شه ▁و ▁له ▁وه ▁رزی ▁ئه ▁مساڵ دا ▁بوو ، ▁که ▁بووه ▁یه ▁که ▁م ▁یاریزان ▁له ▁وه ▁رزی ▁١٩ ٩ ٥ ▁و ▁له ▁وه ▁رزی ▁١٩ ٩ ٦ ▁گۆڵ ▁تۆمار ▁بکات ، ▁کاتێک ▁جه ▁ری ر ▁جا گ ▁و ▁مار ی ۆ ▁لی می کس ▁هه ▁ر ▁یه ▁ک ▁گه ▁یشتن ه ▁ئه ▁و ▁میل ی تان ه ▁.
[2026-03-17 23:06:52] Best translation 10 : ▁ب لۆ ود ▁له ▁دڵ ه ▁وه ▁دوور ▁ده ▁که ▁وێت ه ▁وه ▁که ▁به ▁هون ه ▁ر ▁ناو ▁ده ▁بات ▁و ▁ده ▁گه ▁ڕێت ه ▁وه ▁بۆ ▁دڵ ی ▁دوو گ یان ▁به ▁ناوی ▁ش ین ، ▁بچووک ترین ▁دوو گ یان ▁به ▁کا پ ڵ ▁ناو ده ▁ب رێت .
[2026-03-17 23:06:52] Best translation 20 : ▁س کا ف ۆڵ د ▁دە توان رێت ▁هەردوو ک یان ▁لە ▁مێشک ▁و ▁ڕاست ە قی نە ▁بێت ▁، ▁بە ▁و شە ی ▁تر ▁، ▁مامۆستای ەک ▁جۆرێک ە ▁لە ▁ش وو شە ی ▁س فر ▁بەڵام ▁ئەوە ▁بچووک ە ▁لە ▁نووسینگ ەی ▁مای ک رۆس ۆف ت ▁.
[2026-03-17 23:06:52] Best translation 40 : ▁خۆپ ـ یش ـ اند انه ▁که ▁له ▁ده ▁وروب ه ▁ری ▁١١ ٠٠ ▁کات ▁ده ▁س ـ تی پ ـ ێ ـ کرد ▁له ▁سه ▁ر ▁به ▁رپ ـ رس ی ▁پ ـ ۆلیس ▁به ▁رامب ه ▁ر ▁شه ▁قام ه ▁کانی ▁سه ▁ر ▁شه ▁قام ه ▁کانی ▁سه ▁ر ▁به ▁سه ▁رۆک ▁وه ▁زیر .
[2026-03-17 23:06:53] Best translation 80 : ▁واژۆ کە ▁بە ▁شێوەیەکی ▁جەستە ی ی ▁زیان یان ▁پێ نە گەی شت ؛ ▁دەست نیشان کردن ەکە ▁بە ▁بەکارهێنانی ▁ت ەو ژ می ▁ڕە ش ▁بە ▁بەکارهێنانی ▁نیشان ەکانی ▁ئاشتی ▁و ▁دڵ ▁بۆ ▁ئەوەی ▁ب خوێن ێتەوە .
[2026-03-17 23:06:56] Best translation 160 : ▁خه ▁ڵک ▁به ▁کورسی یه ▁کان ▁که ▁وتوون ه ▁ته ▁ده ▁ره ▁وه ▁، ▁به ▁ڵام ▁په ▁نجه ▁ره ▁کان ▁نا جێ گیر ▁نه ▁بوون .
[2026-03-17 23:06:59] Best translation 320 : ▁بە دوا دا چوونی ▁نە خ شە ی ▁دەریا ی ی ▁، ▁بە ▁بەکارهێنانی ▁R <0x4F> <0x56> ▁دۆزرای ەوە ▁.
[2026-03-17 23:07:06] Best translation 640 : ▁ژاپۆن ▁نزیکه ▁ی ▁حه ▁وت ▁هه ▁زار ▁دوور گه ▁ی ▁به ▁ڕێوه ▁ده ▁بات ▁- ▁ژاپۆن ▁نزیکه ▁ی ▁حه ▁وت ▁هه ▁زار ▁دوور گه ▁ی ▁به ▁یه ▁کێک ▁له ▁دوور گه ▁گه ▁وره ▁کانی ▁جیهان ▁به ▁ڕێوه ▁ده ▁بات ، ▁که ▁ژاپۆن ▁گه ▁وره ▁ترین ▁دوور گه ▁ی ▁حه ▁وته ▁می ▁جیهان ه !
[2026-03-17 23:07:21] Best translation 1280 : ▁بۆ س ەکان ▁وێستگ ەی ▁پاس ی ▁نێوان ▁بە ▁درێژایی ▁ڕۆژ ▁( بە ▁ئینگلیزی : ▁ <0x42> as s ▁ b o s ▁ t h e ▁ t h e ▁ t h e ▁ t h e ▁ t h e ▁ t h e ▁ t h e ▁ b o f ▁ t h e ▁ t h e ▁ t h e ▁ st r an d ) ▁بە تای بە تی ▁ئەوانەی ▁کە ▁بەرەو ▁ڕۆژه ەڵات ▁و ▁جا کار بۆ ت ەوە ▁بە جێ دە ه ێڵ ن ▁لە ▁نێوان ▁ ٠ ٦ : ٣ ٠ : ٣ ٠ . ٣ ٠ . ٧ : ٣ ٠ . ٣ ٠ . ٧ : ٣ ٠ . ٣ ٠ . ٧ .
[2026-03-17 23:07:38] Total translation time: 46.75599s
[2026-03-17 23:07:38] Saving model weights and runtime parameters to /workspace/OPUS-MT-train/work/en-ckb/curated-floresdev.spm4k-spm4k.transformer.model1.npz.best-chrf.npz
[2026-03-17 23:07:39] [valid] Ep. 16 : Up. 20000 : chrf : 37.48 : new best
[2026-03-17 23:07:41] Saving model weights and runtime parameters to /workspace/OPUS-MT-train/work/en-ckb/curated-floresdev.spm4k-spm4k.transformer.model1.npz.best-perplexity.npz
[2026-03-17 23:07:42] [valid] Ep. 16 : Up. 20000 : perplexity : 12.8228 : new best
[2026-03-17 23:10:32] Ep. 16 : Up. 21000 : Sen. 253,468 : Cost 2.64589667 * 13,467,737 @ 10,265 after 282,226,986 : Time 274.97s : 48978.64 words/s : gNorm 0.6530 : L.r. 2.6186e-04
[2026-03-17 23:10:32] Saving model weights and runtime parameters to /workspace/OPUS-MT-train/work/en-ckb/curated-floresdev.spm4k-spm4k.transformer.model1.npz
[2026-03-17 23:10:34] Saving Adam parameters
[2026-03-17 23:10:36] [training] Saving training checkpoint to /workspace/OPUS-MT-train/work/en-ckb/curated-floresdev.spm4k-spm4k.transformer.model1.npz and /workspace/OPUS-MT-train/work/en-ckb/curated-floresdev.spm4k-spm4k.transformer.model1.npz.optimizer.npz
[2026-03-17 23:10:39] Translating validation set...
[2026-03-17 23:10:40] Best translation 0 : ▁ئه ▁م ▁زار اوه ▁یه ▁له ▁ئاشنا یه ▁تی ▁کۆن ه ▁وه ▁له ▁گه ▁ڵ ▁بی د بۆ گ س ▁که ▁به ▁ڕێژ ه ▁یه ▁کی ▁زۆر ▁له ▁لایه ▁ن ▁مرۆڤ ه ▁وه ▁په ▁یوه ▁ند یان ▁به ▁مرۆڤ ه ▁وه ▁هه ▁یه ▁.
[2026-03-17 23:10:40] Best translation 1 : ▁هێرش بەر انی ▁م ۆم بای ▁لە ▁٢ ٦ ی ▁حو زە ی رانی ▁ ٢٠٠ ٨ دا ▁گەیشت نە ▁بە لە م ەکە ▁و ▁چە کی ▁ئۆتۆ م اتی کی ▁و ▁چە کی ▁ئۆتۆ م اتی کی ▁و ▁چە ک ▁و ▁چە کی ▁ئۆتۆ م اتی کی ▁و ▁چە ک ▁و ▁چە کی ▁ئۆتۆ م اتی کی ▁و ▁چە ک ▁و ▁تە ق ەمە نی ▁و ▁چە ک ▁و ▁تە قی نەوەی ▁چەندین ▁ئامانج یان ▁پێک هێنا وە ▁لەوانە ▁قە ڵە ب اڵ غ ی ▁خا ش ق چی ▁شی ڤا ▁تی ر مین وس ▁و ▁وێستگ ەی ▁هێڵی ▁ئاس نی ▁بە ناو بان گی ▁تا ج ▁مە ح م ال .
[2026-03-17 23:10:41] Best translation 2 : ▁ئه ▁م ▁گه ▁ڕان ه ▁له ▁لایه ▁ن ▁هه ▁مان ▁که ▁ش وه ه ▁وایه ▁کی ▁خراپ ه ▁وه ▁که ▁بووه ▁ته ▁هۆی ▁ئه ▁وه ▁ی ▁زه ▁و ی ▁گه ▁ڕاو ه ▁ته ▁وه ▁.
[2026-03-17 23:10:41] Best translation 3 : ▁هه ▁روه ▁ها ▁ماڵپ ه ▁ر ِ ی ▁" ئه ▁ی ▁ئێم " ▁ئاشکرایکرد ، ▁سه ▁ره ▁ر ِ ای ▁ئه ▁وه ▁ی ▁ئه ▁و ▁گرت ه ▁ڤیدیۆ یه ▁له ▁سه ▁ر ▁تۆڕی ▁ئینته ▁رنێت ▁بڵاو ▁کرا یه ▁وه ▁، ▁بر ِ یار ▁وا بوو ▁له ▁سه ▁ر ▁ناوه ▁ر ِ ۆکی ▁هه ▁ڵ سه ▁نگ اندنی ▁ناوه ▁ر ِ ۆکی ▁یاسای ▁سی نا تۆر ی ▁وه ▁ک ▁ده ▁زگاکانی ▁ڕاگه ▁یاندن ▁له ▁ماڵپ ه ▁ر ِ ی ▁" بی گ ▁بر ۆگ " ▁هه ▁ڵ نه ▁گیرێت .
[2026-03-17 23:10:41] Best translation 4 : ▁سوپای ▁لاواز ▁و ▁هێزی ▁لاواز ی ▁هەبوو ، ▁هەر چ ەند ە ▁تەنها ▁چوار ▁کە شتی ▁نوێ یان ▁دروست ▁کردبوو ▁پێش ▁دەست پێ کردنی ▁شەڕ .
[2026-03-17 23:10:41] Best translation 5 : ▁دووه ▁م ▁گۆڵی ▁ئه ▁و ▁شه ▁و ▁له ▁شه ▁ست ▁و ▁شه ▁سته ▁می ▁وه ▁رزی ▁بوو ، ▁ده ▁بێته ▁یه ▁که ▁م ▁یاریزان ▁له ▁وه ▁رزی ▁١٩ ٩ ٥ ▁و ▁له ▁وه ▁رزی ▁١٩ ٩ ٩ - ١٩ ٦ ٦ ▁گۆڵ ▁تۆمار ▁بکات ، ▁کاتێک ▁جه ▁ری ر ▁جا گ ▁و ▁مار ی ۆ ▁لی می کس ▁هه ▁ری ه ▁ک ▁گه ▁یشت ه ▁ئه ▁و ▁میل ی تان ه ▁.
[2026-03-17 23:10:41] Best translation 10 : ▁ب لۆ ود ▁له ▁دڵ ه ▁وه ▁دوور ▁ده ▁که ▁وێت ه ▁وه ▁که ▁به ▁هون ه ▁ر ▁ناو ▁ده ▁بات ▁و ▁ده ▁گه ▁ڕێت ه ▁وه ▁بۆ ▁دڵ ی ▁دوو که ▁ڵ ▁به ▁ناوی ▁" ش ێ و از ه ▁کان " ▁که ▁بچوک ترین ▁ت وش بوو ▁به ▁کا پ ڵ ه ▁کان ▁ناو ده ▁ب رێت .
[2026-03-17 23:10:41] Best translation 20 : ▁س کا ف ۆڵ د ▁دە توان رێت ▁هەردوو ک یان ▁لە ▁مێشک ▁و ▁ڕاست ە قی نە ▁بێت ▁، ▁بە ▁و شە ی ▁تر ▁، ▁مامۆستا ▁جۆرێک ە ▁لە ▁ش ە ق ام ▁بەڵام ▁بۆیە ▁بچووک ترین ▁پیاو ە ▁لە ▁نووسینگ ەی ▁مای ک رۆس ۆف ت ▁.
[2026-03-17 23:10:41] Best translation 40 : ▁خۆپ ـ یش ـ اند انه ▁که ▁له ▁ده ▁وروب ه ▁ری ▁١١ ٠٠ ▁کات ▁ده ▁س ـ تی پ ـ ێ ـ کرد ▁له ▁لایه ▁ن ▁ئه ▁مه ▁ریکا وه ▁به ▁رامب ه ▁ر ▁به ▁فه ▁رمانی ▁پ ـ ۆلیس ▁به ▁رامب ه ▁ر ▁به ▁شه ▁قام ه ▁کانی ▁سه ▁ر ▁شه ▁قام ه ▁کانی ▁سه ▁ر ▁به ▁سه ▁رۆک ▁وه ▁زیر .
[2026-03-17 23:10:42] Best translation 80 : ▁نیشان ەکە ▁بە ▁شێوەیەکی ▁جەستە ی ی ▁زیان یان ▁پێ نە گەی شت ؛ ▁دەست نیشان کردن ەکە ▁بە ▁بەکارهێنانی ▁تا رم ایی ▁ڕە ش ▁بە ▁نیشان ەکانی ▁ئاشتی ▁و ▁دڵ ▁بۆ ▁ئەوەی ▁" ئۆ ئۆ " ▁ب خوێن ێتەوە .
[2026-03-17 23:10:45] Best translation 160 : ▁خه ▁ڵک ▁به ▁کورسی یه ▁کان ▁به ▁ر پا ▁بوون ، ▁به ▁ڵام ▁په ▁نجه ▁ره ▁کان ▁نا جێ گیر ▁نه ▁بوون .
[2026-03-17 23:10:48] Best translation 320 : ▁بە دوا دا چوونی ▁نە خ شە ی ▁دەریا ی ی ▁، ▁بە ▁بەکارهێنانی ▁R <0x4F> <0x56> ▁دۆزرای ەوە ▁.
[2026-03-17 23:10:54] Best translation 640 : ▁ژاپۆن ▁نزیکه ▁ی ▁حه ▁وت ▁هه ▁زار ▁دوور گه ▁ی ▁به ▁ڕێوه ▁ده ▁بات ▁- ▁ژاپۆن ▁نزیکه ▁ی ▁حه ▁وت ▁هه ▁زار ▁دوور گه ▁ی ▁به ▁گه ▁وره ▁ترین ▁هۆ ن ش ۆ ▁به ▁ڕێوه ▁ده ▁بات ، ▁که ▁به ▁گه ▁وره ▁ترین ▁دوور گه ▁ی ▁ژاپۆن ▁له ▁جیهان ▁دروست ▁ده ▁کات !
[2026-03-17 23:11:07] Best translation 1280 : ▁بۆ س ەکان ▁وێستگ ەی ▁پاس ی ▁نێوان ▁بە ▁درێژایی ▁ڕۆژ ▁( بە ▁ئینگلیزی : ▁ <0x42> o s s s ) ▁بە تای بە ت ▁زۆربەی ان ▁بەرەو ▁ڕۆژه ەڵات ▁و ▁جا کار / <0x42> u m g an ▁بە جێ دە ه ێڵ ن ▁لە ▁نێوان ▁ ٠ ٦ : ٣ ٠ ▁و ▁ ٠ ٧ : ٣ ٠ . ٣ ٠ : ٣ ٠ . ٣ ٠ . ٧ .
[2026-03-17 23:11:22] Total translation time: 43.11747s
[2026-03-17 23:11:22] Saving model weights and runtime parameters to /workspace/OPUS-MT-train/work/en-ckb/curated-floresdev.spm4k-spm4k.transformer.model1.npz.best-bleu.npz
[2026-03-17 23:11:24] [valid] Ep. 16 : Up. 21000 : bleu : 9.46813 : new best
[2026-03-17 23:11:24] Translating validation set...
[2026-03-17 23:11:25] Best translation 0 : ▁ئه ▁م ▁زار اوه ▁یه ▁له ▁ئاشنا یه ▁تی ▁کۆن ه ▁وه ▁له ▁گه ▁ڵ ▁بی د بۆ گ س ▁که ▁به ▁ڕێژ ه ▁یه ▁کی ▁زۆر ▁له ▁لایه ▁ن ▁مرۆڤ ه ▁وه ▁په ▁یوه ▁ند یان ▁به ▁مرۆڤ ه ▁وه ▁هه ▁یه ▁.
[2026-03-17 23:11:25] Best translation 1 : ▁هێرش بەر انی ▁م ۆم بای ▁لە ▁٢ ٦ ی ▁حو زە ی رانی ▁ ٢٠٠ ٨ دا ▁گەیشت نە ▁بە لە م ەکە ▁و ▁چە کی ▁ئۆتۆ م اتی کی ▁و ▁چە کی ▁ئۆتۆ م اتی کی ▁و ▁چە ک ▁و ▁چە کی ▁ئۆتۆ م اتی کی ▁و ▁چە ک ▁و ▁چە کی ▁ئۆتۆ م اتی کی ▁و ▁چە ک ▁و ▁تە ق ەمە نی ▁و ▁چە ک ▁و ▁تە قی نەوەی ▁چەندین ▁ئامانج یان ▁پێک هێنا وە ▁لەوانە ▁قە ڵە ب اڵ غ ی ▁خا ش ق چی ▁شی ڤا ▁تی ر مین وس ▁و ▁وێستگ ەی ▁هێڵی ▁ئاس نی ▁بە ناو بان گی ▁تا ج ▁مە ح م ال .
[2026-03-17 23:11:25] Best translation 2 : ▁ئه ▁م ▁گه ▁ڕان ه ▁له ▁لایه ▁ن ▁هه ▁مان ▁که ▁ش وه ه ▁وایه ▁کی ▁خراپ ه ▁وه ▁که ▁بووه ▁ته ▁هۆی ▁ئه ▁وه ▁ی ▁زه ▁و ی ▁گه ▁ڕاو ه ▁ته ▁وه ▁.
[2026-03-17 23:11:25] Best translation 3 : ▁هه ▁روه ▁ها ▁ماڵپ ه ▁ر ِ ی ▁" ئه ▁ی ▁ئێم " ▁ئاشکرایکرد ، ▁سه ▁ره ▁ر ِ ای ▁ئه ▁وه ▁ی ▁ئه ▁و ▁گرت ه ▁ڤیدیۆ یه ▁له ▁سه ▁ر ▁تۆڕی ▁ئینته ▁رنێت ▁بڵاو ▁کرا یه ▁وه ▁، ▁بر ِ یار ▁وا بوو ▁له ▁سه ▁ر ▁ناوه ▁ر ِ ۆکی ▁هه ▁ڵ سه ▁نگ اندنی ▁ناوه ▁ر ِ ۆکی ▁یاسای ▁سی نا تۆر ی ▁وه ▁ک ▁ده ▁زگاکانی ▁ڕاگه ▁یاندن ▁له ▁ماڵپ ه ▁ر ِ ی ▁" بی گ ▁بر ۆگ " ▁هه ▁ڵ نه ▁گیرێت .
[2026-03-17 23:11:25] Best translation 4 : ▁سوپای ▁لاواز ▁و ▁هێزی ▁لاواز ی ▁هەبوو ، ▁هەر چ ەند ە ▁تەنها ▁چوار ▁کە شتی ▁نوێ یان ▁دروست ▁کردبوو ▁پێش ▁دەست پێ کردنی ▁شەڕ .
[2026-03-17 23:11:25] Best translation 5 : ▁دووه ▁م ▁گۆڵی ▁ئه ▁و ▁شه ▁و ▁له ▁شه ▁ست ▁و ▁شه ▁سته ▁می ▁وه ▁رزی ▁بوو ، ▁ده ▁بێته ▁یه ▁که ▁م ▁یاریزان ▁له ▁وه ▁رزی ▁١٩ ٩ ٥ ▁و ▁له ▁وه ▁رزی ▁١٩ ٩ ٩ - ١٩ ٦ ٦ ▁گۆڵ ▁تۆمار ▁بکات ، ▁کاتێک ▁جه ▁ری ر ▁جا گ ▁و ▁مار ی ۆ ▁لی می کس ▁هه ▁ری ه ▁ک ▁گه ▁یشت ه ▁ئه ▁و ▁میل ی تان ه ▁.
[2026-03-17 23:11:25] Best translation 10 : ▁ب لۆ ود ▁له ▁دڵ ه ▁وه ▁دوور ▁ده ▁که ▁وێت ه ▁وه ▁که ▁به ▁هون ه ▁ر ▁ناو ▁ده ▁بات ▁و ▁ده ▁گه ▁ڕێت ه ▁وه ▁بۆ ▁دڵ ی ▁دوو که ▁ڵ ▁به ▁ناوی ▁" ش ێ و از ه ▁کان " ▁که ▁بچوک ترین ▁ت وش بوو ▁به ▁کا پ ڵ ه ▁کان ▁ناو ده ▁ب رێت .
[2026-03-17 23:11:25] Best translation 20 : ▁س کا ف ۆڵ د ▁دە توان رێت ▁هەردوو ک یان ▁لە ▁مێشک ▁و ▁ڕاست ە قی نە ▁بێت ▁، ▁بە ▁و شە ی ▁تر ▁، ▁مامۆستا ▁جۆرێک ە ▁لە ▁ش ە ق ام ▁بەڵام ▁بۆیە ▁بچووک ترین ▁پیاو ە ▁لە ▁نووسینگ ەی ▁مای ک رۆس ۆف ت ▁.
[2026-03-17 23:11:25] Best translation 40 : ▁خۆپ ـ یش ـ اند انه ▁که ▁له ▁ده ▁وروب ه ▁ری ▁١١ ٠٠ ▁کات ▁ده ▁س ـ تی پ ـ ێ ـ کرد ▁له ▁لایه ▁ن ▁ئه ▁مه ▁ریکا وه ▁به ▁رامب ه ▁ر ▁به ▁فه ▁رمانی ▁پ ـ ۆلیس ▁به ▁رامب ه ▁ر ▁به ▁شه ▁قام ه ▁کانی ▁سه ▁ر ▁شه ▁قام ه ▁کانی ▁سه ▁ر ▁به ▁سه ▁رۆک ▁وه ▁زیر .
[2026-03-17 23:11:26] Best translation 80 : ▁نیشان ەکە ▁بە ▁شێوەیەکی ▁جەستە ی ی ▁زیان یان ▁پێ نە گەی شت ؛ ▁دەست نیشان کردن ەکە ▁بە ▁بەکارهێنانی ▁تا رم ایی ▁ڕە ش ▁بە ▁نیشان ەکانی ▁ئاشتی ▁و ▁دڵ ▁بۆ ▁ئەوەی ▁" ئۆ ئۆ " ▁ب خوێن ێتەوە .
[2026-03-17 23:11:29] Best translation 160 : ▁خه ▁ڵک ▁به ▁کورسی یه ▁کان ▁به ▁ر پا ▁بوون ، ▁به ▁ڵام ▁په ▁نجه ▁ره ▁کان ▁نا جێ گیر ▁نه ▁بوون .
[2026-03-17 23:11:33] Best translation 320 : ▁بە دوا دا چوونی ▁نە خ شە ی ▁دەریا ی ی ▁، ▁بە ▁بەکارهێنانی ▁R <0x4F> <0x56> ▁دۆزرای ەوە ▁.
[2026-03-17 23:11:39] Best translation 640 : ▁ژاپۆن ▁نزیکه ▁ی ▁حه ▁وت ▁هه ▁زار ▁دوور گه ▁ی ▁به ▁ڕێوه ▁ده ▁بات ▁- ▁ژاپۆن ▁نزیکه ▁ی ▁حه ▁وت ▁هه ▁زار ▁دوور گه ▁ی ▁به ▁گه ▁وره ▁ترین ▁هۆ ن ش ۆ ▁به ▁ڕێوه ▁ده ▁بات ، ▁که ▁به ▁گه ▁وره ▁ترین ▁دوور گه ▁ی ▁ژاپۆن ▁له ▁جیهان ▁دروست ▁ده ▁کات !
[2026-03-17 23:11:53] Best translation 1280 : ▁بۆ س ەکان ▁وێستگ ەی ▁پاس ی ▁نێوان ▁بە ▁درێژایی ▁ڕۆژ ▁( بە ▁ئینگلیزی : ▁ <0x42> o s s s ) ▁بە تای بە ت ▁زۆربەی ان ▁بەرەو ▁ڕۆژه ەڵات ▁و ▁جا کار / <0x42> u m g an ▁بە جێ دە ه ێڵ ن ▁لە ▁نێوان ▁ ٠ ٦ : ٣ ٠ ▁و ▁ ٠ ٧ : ٣ ٠ . ٣ ٠ : ٣ ٠ . ٣ ٠ . ٧ .
[2026-03-17 23:12:08] Total translation time: 44.51881s
[2026-03-17 23:12:08] Saving model weights and runtime parameters to /workspace/OPUS-MT-train/work/en-ckb/curated-floresdev.spm4k-spm4k.transformer.model1.npz.best-chrf.npz
[2026-03-17 23:12:10] [valid] Ep. 16 : Up. 21000 : chrf : 38.8479 : new best
[2026-03-17 23:12:11] Saving model weights and runtime parameters to /workspace/OPUS-MT-train/work/en-ckb/curated-floresdev.spm4k-spm4k.transformer.model1.npz.best-perplexity.npz
[2026-03-17 23:12:13] [valid] Ep. 16 : Up. 21000 : perplexity : 11.8601 : new best
[2026-03-17 23:12:55] Seen 310,206 samples
[2026-03-17 23:12:55] Starting data epoch 17 in logical epoch 17
[2026-03-17 23:15:03] Ep. 17 : Up. 22000 : Sen. 173,554 : Cost 2.59387183 * 13,408,439 @ 17,997 after 295,635,425 : Time 270.65s : 49542.23 words/s : gNorm 0.6636 : L.r. 2.5584e-04
[2026-03-17 23:15:03] Saving model weights and runtime parameters to /workspace/OPUS-MT-train/work/en-ckb/curated-floresdev.spm4k-spm4k.transformer.model1.npz
[2026-03-17 23:15:05] Saving Adam parameters
[2026-03-17 23:15:07] [training] Saving training checkpoint to /workspace/OPUS-MT-train/work/en-ckb/curated-floresdev.spm4k-spm4k.transformer.model1.npz and /workspace/OPUS-MT-train/work/en-ckb/curated-floresdev.spm4k-spm4k.transformer.model1.npz.optimizer.npz
[2026-03-17 23:15:10] Translating validation set...
[2026-03-17 23:15:11] Best translation 0 : ▁ئه ▁م ▁زار اوه ▁یه ▁له ▁ئاشنا یه ▁تی ▁کۆن ه ▁وه ▁له ▁گه ▁ڵ ▁بی د بۆ گ س ▁که ▁به ▁ڕێژ ه ▁یه ▁کی ▁زۆر ▁له ▁چاو ه ▁ڕوان ی ▁مرۆڤ ه ▁کان ▁ده ▁کرێت .
[2026-03-17 23:15:11] Best translation 1 : ▁هێرش بەر انی ▁م ۆم بای ▁لە ▁٢ ٦ ی ▁حو زە ی رانی ▁ ٢٠٠ ٨ دا ▁گەیشت نە ▁بە لە م ەکە ، ▁کە ▁نار نج ۆک ▁و ▁چە کی ▁ئۆتۆ م اتی کی ▁و ▁چە کی ▁ئۆتۆ م اتی کی ▁و ▁چە ک ▁و ▁چە ک ێکی ▁چەندین ▁ئامانج یان ▁دا وە ، ▁لەوانە ▁قە ڵە ب اڵ غ ی ▁خا ش پ اتی ▁شی ڤا ▁تی ر مین وس ▁و ▁وێستگ ەی ▁هێڵی ▁ئاس نی ▁بە ناو بان گی ▁تا ج ▁مە ح ال .
[2026-03-17 23:15:12] Best translation 2 : ▁ئه ▁م ▁گه ▁ڕان ه ▁له ▁لایه ▁ن ▁هه ▁مان ▁که ▁ش وه ه ▁وایه ▁کی ▁خراپ ه ▁وه ▁که ▁بووه ▁ته ▁هۆی ▁ئه ▁وه ▁ی ▁زه ▁و ی ▁له ▁ناو ▁چوو بێت .
[2026-03-17 23:15:12] Best translation 3 : ▁هه ▁روه ▁ها ▁ماڵپ ه ▁ڕی ▁" ئه ▁ی ▁ئێم " ▁ئاشکرایکرد ، ▁سه ▁ره ▁ر ِ ای ▁ئه ▁وه ▁ی ▁ئه ▁و ▁گرت ه ▁ڤیدیۆ یه ▁له ▁سه ▁ر ▁تۆڕی ▁ئینته ▁رنێت ▁بڵاو ▁کرا یه ▁وه ▁، ▁بر ِ یار ▁وا بوو ▁کۆمپانیای ▁" بر ای انی ▁برای " ▁یاسای ▁ناوه ▁ر ِ ۆکی ▁سه ▁ن ح الی ▁وه ▁ک ▁ده ▁زگاکانی ▁ڕاگه ▁یاندن ▁له ▁ماڵپ ه ▁ر ِ ی ▁" بر ای انی ▁برای ت " ▁نه ▁فرۆش را بێت .
[2026-03-17 23:15:12] Best translation 4 : ▁سوپای ▁لاواز ▁و ▁هێزی ▁دەریا ی ی ▁لاواز ▁بوو ، ▁هەر چ ەند ە ▁تەنها ▁چوار ▁کە شتی ▁نوێ یان ▁دروست ▁کردبوو ▁پێش ▁دەست پێ کردنی ▁شەڕ ▁.
[2026-03-17 23:15:12] Best translation 5 : ▁دووەم ▁گۆڵی ▁ش ەو ەکە ▁لە ▁٦ ٠ ەم ین ▁وەرزی دا ▁بوو ، ▁بوو ▁بە ▁یەکەم ▁یاریزان ▁کە ▁٦ ٠ ▁یان ▁زیاتر ▁لە ▁و ەرز ێک ▁لە ▁١٩ ٩ ٥ - ٩ ٦ ▁گۆڵ ▁تۆمار ▁بکات ، ▁کاتێک ▁جە یر ▁جا گ ەر ▁و ▁مار ی ۆ ▁لی می و کس ▁هەر ▁یەک یان ▁گەیشت ە ▁ئەو ▁میل ی تان ە .
[2026-03-17 23:15:12] Best translation 10 : ▁خوێن ▁له ▁دڵ ه ▁وه ▁دوور ▁ده ▁که ▁وێت ه ▁وه ▁که ▁پێی ▁ده ▁گوت رێ ▁هون ه ▁ری ▁شێوه ▁کاری ▁و ▁دێت ه ▁وه ▁سه ▁ر ▁دڵ ی ▁دوو که ▁ڵ ▁به ▁ناوی ▁" ش ێ و از ه ▁کان " ▁بچووک ترین ▁دوو گ یان ▁به ▁کا پ له ▁ر ▁ناو ده ▁ب رێت .
[2026-03-17 23:15:12] Best translation 20 : ▁س کا ف ۆڵ د ▁دە توان رێت ▁هەردوو ک یان ▁مە ج ازی ▁و ▁ڕاست ە قی نە ▁بن ▁، ▁بە ▁و شە ی ▁تر ▁، ▁مامۆستا ▁جۆرێک ە ▁لە ▁پێو ەر ▁بەڵام ▁بۆیە ▁بچووک ترین ▁پیاو ە ▁لە ▁نووسینگ ەی ▁مای ک رۆس ۆف ت ▁.
[2026-03-17 23:15:12] Best translation 40 : ▁خۆپ ـ یش ـ اند انه ▁که ▁له ▁ده ▁وروب ه ▁ری ▁ی از ده ▁ی ▁سه ▁پت ه ▁مبه ▁ر ▁ده ▁س ـ تی پ ـ ێ ـ کردووه ▁به ▁رامب ه ▁ر ▁به ▁ده ▁س ـ ت پ ـ ێ ـ کردنه ▁که ▁ی ▁پ ـ ۆلیس ▁به ▁رامب ه ▁ر ▁به ▁شه ▁قام ه ▁کانی ▁سه ▁ر ▁شه ▁قام ه ▁کانی ▁سه ▁ر ▁به ▁سه ▁رۆک ▁وه ▁زیر .
[2026-03-17 23:15:12] Best translation 80 : ▁نیشان ەکە ▁بە ▁شێوەیەکی ▁جەستە ی ی ▁زیان یان ▁پێ نە گەی شت ؛ ▁دەست کاری کردن ەکە ▁بە ▁بەکارهێنانی ▁تا رم ایی ▁ڕە ش ▁بە ▁نیشان ەکانی ▁ئاشتی ▁و ▁دڵ ەوە ▁بۆ ▁ئەوەی ▁" ئۆ ئۆ " ▁ب خوێن ێتەوە .
[2026-03-17 23:15:15] Best translation 160 : ▁خه ▁ڵک ▁به ▁کورسی یه ▁کان ▁به ▁ر پا ▁بوون ، ▁به ▁ڵام ▁په ▁نجه ▁ره ▁کان ▁نا جێ گیر ▁نه ▁بوون .
[2026-03-17 23:15:18] Best translation 320 : ▁بە دوا دا چوونی ▁نە خ شە ی ▁دەریا ی ی ▁، ▁بە ▁بەکارهێنانی ▁R <0x4F> <0x56> ▁دۆزرای ەوە ▁.
[2026-03-17 23:15:25] Best translation 640 : ▁ژاپۆن ▁نزیکه ▁ی ▁حه ▁وت ▁هه ▁زار ▁دوور گه ▁ی ▁به ▁ڕێوه ▁ده ▁بات ▁- ▁ژاپۆن ▁نزیکه ▁ی ▁حه ▁وت ▁هه ▁زار ▁دوور گه ▁ی ▁به ▁گه ▁وره ▁ترین ▁هۆ ن ش ۆ ▁به ▁ڕێوه ▁ده ▁بات ، ▁که ▁به ▁گه ▁وره ▁ترین ▁دور گه ▁ی ▁ژاپۆن ▁له ▁جیهاندا ▁دێت ه ▁هه ▁ژمار !
[2026-03-17 23:15:38] Best translation 1280 : ▁بۆ س ▁وێستگ ەی ▁پاس ی ▁نێوان ▁بە ▁درێژایی ▁ڕۆژ ▁( بە ▁ئینگلیزی : ▁ <0x42> as s s ▁ t h e ▁ t h e ▁ t h e ▁ b o s ) ▁بە ▁درێژایی ▁ڕووب ار ەکە ▁جیا ▁دەکات ەوە ، ▁هەر چ ەند ە ▁زۆربەی ان ▁بە تای بە ت ▁ئەوانەی ▁بەرەو ▁ڕۆژه ەڵات ▁و ▁جا کار / <0x42> u m an g an ▁لە ▁نێوان ▁ ٠ ٦ : ٣ ٠ ▁و ▁ ٠ ٧ : ٣ ٠ . ٣ ٠ . ٣ ٠ . ٧ : ٣ ٠ .
[2026-03-17 23:15:53] Total translation time: 42.44157s
[2026-03-17 23:15:53] Saving model weights and runtime parameters to /workspace/OPUS-MT-train/work/en-ckb/curated-floresdev.spm4k-spm4k.transformer.model1.npz.best-bleu.npz
[2026-03-17 23:15:54] [valid] Ep. 17 : Up. 22000 : bleu : 10.1029 : new best
[2026-03-17 23:15:54] Translating validation set...
[2026-03-17 23:15:55] Best translation 0 : ▁ئه ▁م ▁زار اوه ▁یه ▁له ▁ئاشنا یه ▁تی ▁کۆن ه ▁وه ▁له ▁گه ▁ڵ ▁بی د بۆ گ س ▁که ▁به ▁ڕێژ ه ▁یه ▁کی ▁زۆر ▁له ▁چاو ه ▁ڕوان ی ▁مرۆڤ ه ▁کان ▁ده ▁کرێت .
[2026-03-17 23:15:55] Best translation 1 : ▁هێرش بەر انی ▁م ۆم بای ▁لە ▁٢ ٦ ی ▁حو زە ی رانی ▁ ٢٠٠ ٨ دا ▁گەیشت نە ▁بە لە م ەکە ، ▁کە ▁نار نج ۆک ▁و ▁چە کی ▁ئۆتۆ م اتی کی ▁و ▁چە کی ▁ئۆتۆ م اتی کی ▁و ▁چە ک ▁و ▁چە ک ێکی ▁چەندین ▁ئامانج یان ▁دا وە ، ▁لەوانە ▁قە ڵە ب اڵ غ ی ▁خا ش پ اتی ▁شی ڤا ▁تی ر مین وس ▁و ▁وێستگ ەی ▁هێڵی ▁ئاس نی ▁بە ناو بان گی ▁تا ج ▁مە ح ال .
[2026-03-17 23:15:55] Best translation 2 : ▁ئه ▁م ▁گه ▁ڕان ه ▁له ▁لایه ▁ن ▁هه ▁مان ▁که ▁ش وه ه ▁وایه ▁کی ▁خراپ ه ▁وه ▁که ▁بووه ▁ته ▁هۆی ▁ئه ▁وه ▁ی ▁زه ▁و ی ▁له ▁ناو ▁چوو بێت .
[2026-03-17 23:15:55] Best translation 3 : ▁هه ▁روه ▁ها ▁ماڵپ ه ▁ڕی ▁" ئه ▁ی ▁ئێم " ▁ئاشکرایکرد ، ▁سه ▁ره ▁ر ِ ای ▁ئه ▁وه ▁ی ▁ئه ▁و ▁گرت ه ▁ڤیدیۆ یه ▁له ▁سه ▁ر ▁تۆڕی ▁ئینته ▁رنێت ▁بڵاو ▁کرا یه ▁وه ▁، ▁بر ِ یار ▁وا بوو ▁کۆمپانیای ▁" بر ای انی ▁برای " ▁یاسای ▁ناوه ▁ر ِ ۆکی ▁سه ▁ن ح الی ▁وه ▁ک ▁ده ▁زگاکانی ▁ڕاگه ▁یاندن ▁له ▁ماڵپ ه ▁ر ِ ی ▁" بر ای انی ▁برای ت " ▁نه ▁فرۆش را بێت .
[2026-03-17 23:15:55] Best translation 4 : ▁سوپای ▁لاواز ▁و ▁هێزی ▁دەریا ی ی ▁لاواز ▁بوو ، ▁هەر چ ەند ە ▁تەنها ▁چوار ▁کە شتی ▁نوێ یان ▁دروست ▁کردبوو ▁پێش ▁دەست پێ کردنی ▁شەڕ ▁.
[2026-03-17 23:15:55] Best translation 5 : ▁دووەم ▁گۆڵی ▁ش ەو ەکە ▁لە ▁٦ ٠ ەم ین ▁وەرزی دا ▁بوو ، ▁بوو ▁بە ▁یەکەم ▁یاریزان ▁کە ▁٦ ٠ ▁یان ▁زیاتر ▁لە ▁و ەرز ێک ▁لە ▁١٩ ٩ ٥ - ٩ ٦ ▁گۆڵ ▁تۆمار ▁بکات ، ▁کاتێک ▁جە یر ▁جا گ ەر ▁و ▁مار ی ۆ ▁لی می و کس ▁هەر ▁یەک یان ▁گەیشت ە ▁ئەو ▁میل ی تان ە .
[2026-03-17 23:15:55] Best translation 10 : ▁خوێن ▁له ▁دڵ ه ▁وه ▁دوور ▁ده ▁که ▁وێت ه ▁وه ▁که ▁پێی ▁ده ▁گوت رێ ▁هون ه ▁ری ▁شێوه ▁کاری ▁و ▁دێت ه ▁وه ▁سه ▁ر ▁دڵ ی ▁دوو که ▁ڵ ▁به ▁ناوی ▁" ش ێ و از ه ▁کان " ▁بچووک ترین ▁دوو گ یان ▁به ▁کا پ له ▁ر ▁ناو ده ▁ب رێت .
[2026-03-17 23:15:55] Best translation 20 : ▁س کا ف ۆڵ د ▁دە توان رێت ▁هەردوو ک یان ▁مە ج ازی ▁و ▁ڕاست ە قی نە ▁بن ▁، ▁بە ▁و شە ی ▁تر ▁، ▁مامۆستا ▁جۆرێک ە ▁لە ▁پێو ەر ▁بەڵام ▁بۆیە ▁بچووک ترین ▁پیاو ە ▁لە ▁نووسینگ ەی ▁مای ک رۆس ۆف ت ▁.
[2026-03-17 23:15:55] Best translation 40 : ▁خۆپ ـ یش ـ اند انه ▁که ▁له ▁ده ▁وروب ه ▁ری ▁ی از ده ▁ی ▁سه ▁پت ه ▁مبه ▁ر ▁ده ▁س ـ تی پ ـ ێ ـ کردووه ▁به ▁رامب ه ▁ر ▁به ▁ده ▁س ـ ت پ ـ ێ ـ کردنه ▁که ▁ی ▁پ ـ ۆلیس ▁به ▁رامب ه ▁ر ▁به ▁شه ▁قام ه ▁کانی ▁سه ▁ر ▁شه ▁قام ه ▁کانی ▁سه ▁ر ▁به ▁سه ▁رۆک ▁وه ▁زیر .
[2026-03-17 23:15:56] Best translation 80 : ▁نیشان ەکە ▁بە ▁شێوەیەکی ▁جەستە ی ی ▁زیان یان ▁پێ نە گەی شت ؛ ▁دەست کاری کردن ەکە ▁بە ▁بەکارهێنانی ▁تا رم ایی ▁ڕە ش ▁بە ▁نیشان ەکانی ▁ئاشتی ▁و ▁دڵ ەوە ▁بۆ ▁ئەوەی ▁" ئۆ ئۆ " ▁ب خوێن ێتەوە .
[2026-03-17 23:15:59] Best translation 160 : ▁خه ▁ڵک ▁به ▁کورسی یه ▁کان ▁به ▁ر پا ▁بوون ، ▁به ▁ڵام ▁په ▁نجه ▁ره ▁کان ▁نا جێ گیر ▁نه ▁بوون .
[2026-03-17 23:16:02] Best translation 320 : ▁بە دوا دا چوونی ▁نە خ شە ی ▁دەریا ی ی ▁، ▁بە ▁بەکارهێنانی ▁R <0x4F> <0x56> ▁دۆزرای ەوە ▁.
[2026-03-17 23:16:09] Best translation 640 : ▁ژاپۆن ▁نزیکه ▁ی ▁حه ▁وت ▁هه ▁زار ▁دوور گه ▁ی ▁به ▁ڕێوه ▁ده ▁بات ▁- ▁ژاپۆن ▁نزیکه ▁ی ▁حه ▁وت ▁هه ▁زار ▁دوور گه ▁ی ▁به ▁گه ▁وره ▁ترین ▁هۆ ن ش ۆ ▁به ▁ڕێوه ▁ده ▁بات ، ▁که ▁به ▁گه ▁وره ▁ترین ▁دور گه ▁ی ▁ژاپۆن ▁له ▁جیهاندا ▁دێت ه ▁هه ▁ژمار !
[2026-03-17 23:16:22] Best translation 1280 : ▁بۆ س ▁وێستگ ەی ▁پاس ی ▁نێوان ▁بە ▁درێژایی ▁ڕۆژ ▁( بە ▁ئینگلیزی : ▁ <0x42> as s s ▁ t h e ▁ t h e ▁ t h e ▁ b o s ) ▁بە ▁درێژایی ▁ڕووب ار ەکە ▁جیا ▁دەکات ەوە ، ▁هەر چ ەند ە ▁زۆربەی ان ▁بە تای بە ت ▁ئەوانەی ▁بەرەو ▁ڕۆژه ەڵات ▁و ▁جا کار / <0x42> u m an g an ▁لە ▁نێوان ▁ ٠ ٦ : ٣ ٠ ▁و ▁ ٠ ٧ : ٣ ٠ . ٣ ٠ . ٣ ٠ . ٧ : ٣ ٠ .
[2026-03-17 23:16:38] Total translation time: 43.75018s
[2026-03-17 23:16:38] Saving model weights and runtime parameters to /workspace/OPUS-MT-train/work/en-ckb/curated-floresdev.spm4k-spm4k.transformer.model1.npz.best-chrf.npz
[2026-03-17 23:16:39] [valid] Ep. 17 : Up. 22000 : chrf : 39.6991 : new best
[2026-03-17 23:16:41] Saving model weights and runtime parameters to /workspace/OPUS-MT-train/work/en-ckb/curated-floresdev.spm4k-spm4k.transformer.model1.npz.best-perplexity.npz
[2026-03-17 23:16:42] [valid] Ep. 17 : Up. 22000 : perplexity : 11.1682 : new best
[2026-03-17 23:18:20] Seen 310,206 samples
[2026-03-17 23:18:20] Starting data epoch 18 in logical epoch 18
[2026-03-17 23:19:33] Ep. 18 : Up. 23000 : Sen. 98,383 : Cost 2.55233741 * 13,424,264 @ 10,113 after 309,059,689 : Time 269.77s : 49761.00 words/s : gNorm 0.6397 : L.r. 2.5022e-04
[2026-03-17 23:19:33] Saving model weights and runtime parameters to /workspace/OPUS-MT-train/work/en-ckb/curated-floresdev.spm4k-spm4k.transformer.model1.npz
[2026-03-17 23:19:34] Saving Adam parameters
[2026-03-17 23:19:36] [training] Saving training checkpoint to /workspace/OPUS-MT-train/work/en-ckb/curated-floresdev.spm4k-spm4k.transformer.model1.npz and /workspace/OPUS-MT-train/work/en-ckb/curated-floresdev.spm4k-spm4k.transformer.model1.npz.optimizer.npz
[2026-03-17 23:19:40] Translating validation set...
[2026-03-17 23:19:41] Best translation 0 : ▁ئه ▁م ▁زار اوه ▁یه ▁له ▁ئاشنا یه ▁تی ▁دێ رین ه ▁وه ▁له ▁گه ▁ڵ ▁" ب د - بو گ س " ▁که ▁به ▁ڕێژ ه ▁یه ▁کی ▁زۆر ▁له ▁چاو ه ▁ڕوان ی ▁مرۆڤ ه ▁کان ▁ده ▁کرێت .
[2026-03-17 23:19:41] Best translation 1 : ▁هێرش بەر انی ▁م ۆم بای ▁گەیشت نە ▁ڕێگەی ▁بە لە م ەکە ▁لە ▁2 6 ی ▁نیسان ی ▁20 0 8 ▁و ▁گەیشت ن ▁بە ▁نار نج ۆک ▁و ▁چە کی ▁ئۆتۆ م اتی کی ▁و ▁چە کی ▁ئۆتۆ م اتی کی ▁و ▁چەندین ▁ئامانج یان ▁دا ▁کە ▁قە ڵە ب اڵ غ ی ▁خا ش پ اتی ▁شی ڤا جی ▁تی ر مین وس ▁و ▁وێستگ ەی ▁هێڵی ▁ئاس نی ▁بە ناو بان گ ▁تا ج ▁مە ح ال ▁بوون .
[2026-03-17 23:19:41] Best translation 2 : ▁ئه ▁م ▁گه ▁ڕان ه ▁له ▁لایه ▁ن ▁هه ▁مان ▁که ▁ش وه ه ▁وا ▁خراپ ه ▁وه ▁که ▁بووه ▁ته ▁هۆی ▁ئه ▁وه ▁ی ▁زه ▁و ی ▁له ▁ناو ▁چوو بێت .
[2026-03-17 23:19:41] Best translation 3 : ▁هه ▁روه ▁ها ▁ماڵپ ه ▁ڕی ▁بی گ ▁م اک ▁بۆ ی ▁ده ▁رک ه ▁وت ▁که ▁سه ▁ره ▁ڕای ▁ئه ▁و ▁گرت ه ▁ڤیدیۆ یه ▁ی ▁که ▁له ▁سه ▁ر ▁ئینته ▁رنێت ▁بڵاو ▁کراوه ▁ته ▁وه ▁، ▁بر ِ یار ▁وا بوو ▁کۆمپانیای ▁برای انی ▁بی گ ▁بر ِ یار ▁له ▁سه ▁ر ▁ئه ▁نت ه ▁رنێت ▁یاسای ▁سان سۆر ی ▁ئینته ▁رنێت ▁وه ▁ک ▁ده ▁زگاکانی ▁ڕاگه ▁یاندن ▁له ▁سه ▁ر ▁ماڵپ ه ▁ر ِ ی ▁بی گ ▁برای ت ▁کۆ ▁نه ▁کرا بێت ه ▁وه ▁.
[2026-03-17 23:19:41] Best translation 4 : ▁سوپای ▁لاواز ▁و ▁هێزی ▁ده ▁ری ایی ▁لاواز ▁بوو ، ▁هه ▁رچ ه ▁نده ▁ته ▁نها ▁چوار ▁که ▁شتی ▁نوێ یان ▁دروست ▁کردبوو ▁پێش ▁ده ▁ست پێ کردنی ▁شه ▁ڕ .
[2026-03-17 23:19:41] Best translation 5 : ▁دووەم ▁گۆڵی ▁ش ەو ەکە ▁لە ▁٦ ٠ ەم ین ▁وەرزی دا ▁بوو ، ▁بوو ▁بە ▁یەکەم ▁یاریزان ▁کە ▁٦ ٠ ▁یان ▁زیاتر ▁لە ▁و ەرز ێک ▁لە ▁ساڵی ▁١٩ ٩ ٥ - ٩ ٦ ەوە ▁گۆڵ ▁تۆمار ▁بکات ، ▁کاتێک ▁جە ی رم یر ▁جا گ ەر ▁و ▁مار ی ۆ ▁لی می و کس ▁هەر یەک ▁گەیشت ە ▁ئەو ▁میل ی ۆن ە .
[2026-03-17 23:19:41] Best translation 10 : ▁خوێن ▁له ▁دڵ ه ▁وه ▁دوور ▁ده ▁که ▁وێت ه ▁وه ▁که ▁پێی ▁ده ▁گوت رێ ▁هون ه ▁ری ▁شێوه ▁کاری ▁و ▁گه ▁ڕان ه ▁وه ▁بۆ ▁دڵ ی ▁بێ چوو ه ▁کان ▁که ▁پێی ▁ده ▁گوت رێ ▁ش ین ، ▁بچووک ترین ▁کی سه ▁کان ▁پێیان ▁ده ▁گوت رێت ▁کا پ ڵ ۆس ته ▁کان .
[2026-03-17 23:19:41] Best translation 20 : ▁س کا ف ۆڵ د ▁ده ▁ت وان رێت ▁هه ▁م ▁حاڵه ▁تی ▁مه ▁ع نه ▁و ی ▁و ▁ڕاسته ▁قینه ▁بێت ، ▁به ▁وشه ▁یه ▁کی ▁تر ، ▁مامۆستای ه ▁ک ▁شێوه ▁یه ▁کی ▁سیناریۆ یه ▁به ▁ڵام ▁بۆیه ▁ئه ▁و ▁پیاو ه ▁بچوک ه ▁ی ▁له ▁فه ▁رمانگ ه ▁ی ▁مای ک رۆس ۆف ت ▁هه ▁یه ▁.
[2026-03-17 23:19:41] Best translation 40 : ▁خۆپ ـ یش ـ اند انه ▁که ▁له ▁ده ▁وروب ه ▁ری ▁ی از ده ▁ی ▁سه ▁پت ێم به ▁ر ▁ده ▁س ـ تی پ ـ ێ ـ کردووه ▁به ▁رامب ه ▁ر ▁به ▁ده ▁س ـ ت پ ـ ێ ـ کردنه ▁که ▁ی ▁پ ـ ۆلیس ▁به ▁رامب ه ▁ر ▁به ▁شه ▁قام ه ▁کانی ▁سه ▁ر ▁به ▁ش ـ اری ▁دی وان ، ▁شوێنی ▁فه ▁رمی ▁سه ▁رۆک ▁وه ▁زیر .
[2026-03-17 23:19:42] Best translation 80 : ▁نیشان ەکە ▁بە ▁شێوەیەکی ▁جەستە ی ی ▁زیان یان ▁پێ نە گەی شت ؛ ▁دەست کاری کردن ەکە ▁بە ▁بەکارهێنانی ▁تا ر پ ۆلی ▁ڕە ش ▁بە ▁نیشان ەکانی ▁ئاشتی ▁و ▁دڵ ەوە ▁بۆ ▁گۆڕینی ▁" ▁" ▁بۆ ▁خوێندن ەوە ی ▁" ▁.
[2026-03-17 23:19:45] Best translation 160 : ▁خه ▁ڵک ▁به ▁کورسی یه ▁وه ▁به ▁ر ▁په ▁نجه ▁ره ▁کان ▁که ▁وتوون ، ▁به ▁ڵام ▁په ▁نجه ▁ره ▁کان ▁نا جێ گیر ▁نه ▁بوون .
[2026-03-17 23:19:48] Best translation 320 : ▁بە دوا دا چوونی ▁نە خ شە ی ▁دەریا ی ی ▁، ▁بە ▁بەکارهێنانی ▁R <0x4F> <0x56> ▁دۆزرای ەوە ▁.
[2026-03-17 23:19:54] Best translation 640 : ▁ژاپۆن ▁نزیکه ▁ی ▁حه ▁وت ▁هه ▁زار ▁دوور گه ▁ی ▁به ▁ڕێوه ▁ده ▁بات ▁- ▁ژاپۆن ▁نزیکه ▁ی ▁حه ▁وت ▁هه ▁زار ▁دوور گه ▁ی ▁له ▁خۆ گرتوو ه ▁، ▁که ▁گه ▁وره ▁ترین ▁دور گه ▁ی ▁ژاپۆن یه ▁له ▁جیهاندا !
[2026-03-17 23:20:07] Best translation 1280 : ▁بۆ س ▁وێستگ ەی ▁پاس ی ▁نێوان ▁بە ▁درێژایی ▁ڕۆژ ▁( بە ▁ئینگلیزی : ▁ <0x42> as s s ▁ t h e ▁ t h e ▁ t h e ▁ t h e ▁ t h e ▁ t h e ▁ t h e ▁ b o s ) ▁بە ▁تایبەت ی ▁ئەوانەی ▁بەرەو ▁ڕۆژه ەڵات ▁دە ڕۆ ن ▁و ▁جا کار / <0x42> u m g an ▁لە ▁نێوان ▁ ٠ ٦ : ٣ ٠ ▁و ▁ ٠ ٧ : ٣ ٠ : ٣ ٠ . ٣ ٠ .
[2026-03-17 23:20:22] Total translation time: 42.61684s
[2026-03-17 23:20:22] Saving model weights and runtime parameters to /workspace/OPUS-MT-train/work/en-ckb/curated-floresdev.spm4k-spm4k.transformer.model1.npz.best-bleu.npz
[2026-03-17 23:20:24] [valid] Ep. 18 : Up. 23000 : bleu : 10.683 : new best
[2026-03-17 23:20:24] Translating validation set...
[2026-03-17 23:20:25] Best translation 0 : ▁ئه ▁م ▁زار اوه ▁یه ▁له ▁ئاشنا یه ▁تی ▁دێ رین ه ▁وه ▁له ▁گه ▁ڵ ▁" ب د - بو گ س " ▁که ▁به ▁ڕێژ ه ▁یه ▁کی ▁زۆر ▁له ▁چاو ه ▁ڕوان ی ▁مرۆڤ ه ▁کان ▁ده ▁کرێت .
[2026-03-17 23:20:25] Best translation 1 : ▁هێرش بەر انی ▁م ۆم بای ▁گەیشت نە ▁ڕێگەی ▁بە لە م ەکە ▁لە ▁2 6 ی ▁نیسان ی ▁20 0 8 ▁و ▁گەیشت ن ▁بە ▁نار نج ۆک ▁و ▁چە کی ▁ئۆتۆ م اتی کی ▁و ▁چە کی ▁ئۆتۆ م اتی کی ▁و ▁چەندین ▁ئامانج یان ▁دا ▁کە ▁قە ڵە ب اڵ غ ی ▁خا ش پ اتی ▁شی ڤا جی ▁تی ر مین وس ▁و ▁وێستگ ەی ▁هێڵی ▁ئاس نی ▁بە ناو بان گ ▁تا ج ▁مە ح ال ▁بوون .
[2026-03-17 23:20:25] Best translation 2 : ▁ئه ▁م ▁گه ▁ڕان ه ▁له ▁لایه ▁ن ▁هه ▁مان ▁که ▁ش وه ه ▁وا ▁خراپ ه ▁وه ▁که ▁بووه ▁ته ▁هۆی ▁ئه ▁وه ▁ی ▁زه ▁و ی ▁له ▁ناو ▁چوو بێت .
[2026-03-17 23:20:25] Best translation 3 : ▁هه ▁روه ▁ها ▁ماڵپ ه ▁ڕی ▁بی گ ▁م اک ▁بۆ ی ▁ده ▁رک ه ▁وت ▁که ▁سه ▁ره ▁ڕای ▁ئه ▁و ▁گرت ه ▁ڤیدیۆ یه ▁ی ▁که ▁له ▁سه ▁ر ▁ئینته ▁رنێت ▁بڵاو ▁کراوه ▁ته ▁وه ▁، ▁بر ِ یار ▁وا بوو ▁کۆمپانیای ▁برای انی ▁بی گ ▁بر ِ یار ▁له ▁سه ▁ر ▁ئه ▁نت ه ▁رنێت ▁یاسای ▁سان سۆر ی ▁ئینته ▁رنێت ▁وه ▁ک ▁ده ▁زگاکانی ▁ڕاگه ▁یاندن ▁له ▁سه ▁ر ▁ماڵپ ه ▁ر ِ ی ▁بی گ ▁برای ت ▁کۆ ▁نه ▁کرا بێت ه ▁وه ▁.
[2026-03-17 23:20:25] Best translation 4 : ▁سوپای ▁لاواز ▁و ▁هێزی ▁ده ▁ری ایی ▁لاواز ▁بوو ، ▁هه ▁رچ ه ▁نده ▁ته ▁نها ▁چوار ▁که ▁شتی ▁نوێ یان ▁دروست ▁کردبوو ▁پێش ▁ده ▁ست پێ کردنی ▁شه ▁ڕ .
[2026-03-17 23:20:25] Best translation 5 : ▁دووەم ▁گۆڵی ▁ش ەو ەکە ▁لە ▁٦ ٠ ەم ین ▁وەرزی دا ▁بوو ، ▁بوو ▁بە ▁یەکەم ▁یاریزان ▁کە ▁٦ ٠ ▁یان ▁زیاتر ▁لە ▁و ەرز ێک ▁لە ▁ساڵی ▁١٩ ٩ ٥ - ٩ ٦ ەوە ▁گۆڵ ▁تۆمار ▁بکات ، ▁کاتێک ▁جە ی رم یر ▁جا گ ەر ▁و ▁مار ی ۆ ▁لی می و کس ▁هەر یەک ▁گەیشت ە ▁ئەو ▁میل ی ۆن ە .
[2026-03-17 23:20:25] Best translation 10 : ▁خوێن ▁له ▁دڵ ه ▁وه ▁دوور ▁ده ▁که ▁وێت ه ▁وه ▁که ▁پێی ▁ده ▁گوت رێ ▁هون ه ▁ری ▁شێوه ▁کاری ▁و ▁گه ▁ڕان ه ▁وه ▁بۆ ▁دڵ ی ▁بێ چوو ه ▁کان ▁که ▁پێی ▁ده ▁گوت رێ ▁ش ین ، ▁بچووک ترین ▁کی سه ▁کان ▁پێیان ▁ده ▁گوت رێت ▁کا پ ڵ ۆس ته ▁کان .
[2026-03-17 23:20:25] Best translation 20 : ▁س کا ف ۆڵ د ▁ده ▁ت وان رێت ▁هه ▁م ▁حاڵه ▁تی ▁مه ▁ع نه ▁و ی ▁و ▁ڕاسته ▁قینه ▁بێت ، ▁به ▁وشه ▁یه ▁کی ▁تر ، ▁مامۆستای ه ▁ک ▁شێوه ▁یه ▁کی ▁سیناریۆ یه ▁به ▁ڵام ▁بۆیه ▁ئه ▁و ▁پیاو ه ▁بچوک ه ▁ی ▁له ▁فه ▁رمانگ ه ▁ی ▁مای ک رۆس ۆف ت ▁هه ▁یه ▁.
[2026-03-17 23:20:25] Best translation 40 : ▁خۆپ ـ یش ـ اند انه ▁که ▁له ▁ده ▁وروب ه ▁ری ▁ی از ده ▁ی ▁سه ▁پت ێم به ▁ر ▁ده ▁س ـ تی پ ـ ێ ـ کردووه ▁به ▁رامب ه ▁ر ▁به ▁ده ▁س ـ ت پ ـ ێ ـ کردنه ▁که ▁ی ▁پ ـ ۆلیس ▁به ▁رامب ه ▁ر ▁به ▁شه ▁قام ه ▁کانی ▁سه ▁ر ▁به ▁ش ـ اری ▁دی وان ، ▁شوێنی ▁فه ▁رمی ▁سه ▁رۆک ▁وه ▁زیر .
[2026-03-17 23:20:26] Best translation 80 : ▁نیشان ەکە ▁بە ▁شێوەیەکی ▁جەستە ی ی ▁زیان یان ▁پێ نە گەی شت ؛ ▁دەست کاری کردن ەکە ▁بە ▁بەکارهێنانی ▁تا ر پ ۆلی ▁ڕە ش ▁بە ▁نیشان ەکانی ▁ئاشتی ▁و ▁دڵ ەوە ▁بۆ ▁گۆڕینی ▁" ▁" ▁بۆ ▁خوێندن ەوە ی ▁" ▁.
[2026-03-17 23:20:29] Best translation 160 : ▁خه ▁ڵک ▁به ▁کورسی یه ▁وه ▁به ▁ر ▁په ▁نجه ▁ره ▁کان ▁که ▁وتوون ، ▁به ▁ڵام ▁په ▁نجه ▁ره ▁کان ▁نا جێ گیر ▁نه ▁بوون .
[2026-03-17 23:20:32] Best translation 320 : ▁بە دوا دا چوونی ▁نە خ شە ی ▁دەریا ی ی ▁، ▁بە ▁بەکارهێنانی ▁R <0x4F> <0x56> ▁دۆزرای ەوە ▁.
[2026-03-17 23:20:38] Best translation 640 : ▁ژاپۆن ▁نزیکه ▁ی ▁حه ▁وت ▁هه ▁زار ▁دوور گه ▁ی ▁به ▁ڕێوه ▁ده ▁بات ▁- ▁ژاپۆن ▁نزیکه ▁ی ▁حه ▁وت ▁هه ▁زار ▁دوور گه ▁ی ▁له ▁خۆ گرتوو ه ▁، ▁که ▁گه ▁وره ▁ترین ▁دور گه ▁ی ▁ژاپۆن یه ▁له ▁جیهاندا !
[2026-03-17 23:20:52] Best translation 1280 : ▁بۆ س ▁وێستگ ەی ▁پاس ی ▁نێوان ▁بە ▁درێژایی ▁ڕۆژ ▁( بە ▁ئینگلیزی : ▁ <0x42> as s s ▁ t h e ▁ t h e ▁ t h e ▁ t h e ▁ t h e ▁ t h e ▁ t h e ▁ b o s ) ▁بە ▁تایبەت ی ▁ئەوانەی ▁بەرەو ▁ڕۆژه ەڵات ▁دە ڕۆ ن ▁و ▁جا کار / <0x42> u m g an ▁لە ▁نێوان ▁ ٠ ٦ : ٣ ٠ ▁و ▁ ٠ ٧ : ٣ ٠ : ٣ ٠ . ٣ ٠ .
[2026-03-17 23:21:08] Total translation time: 44.03395s
[2026-03-17 23:21:08] Saving model weights and runtime parameters to /workspace/OPUS-MT-train/work/en-ckb/curated-floresdev.spm4k-spm4k.transformer.model1.npz.best-chrf.npz
[2026-03-17 23:21:09] [valid] Ep. 18 : Up. 23000 : chrf : 40.3871 : new best
[2026-03-17 23:21:11] Saving model weights and runtime parameters to /workspace/OPUS-MT-train/work/en-ckb/curated-floresdev.spm4k-spm4k.transformer.model1.npz.best-perplexity.npz
[2026-03-17 23:21:12] [valid] Ep. 18 : Up. 23000 : perplexity : 10.6553 : new best
[2026-03-17 23:23:46] Seen 310,206 samples
[2026-03-17 23:23:46] Starting data epoch 19 in logical epoch 19
[2026-03-17 23:24:03] Ep. 19 : Up. 24000 : Sen. 20,069 : Cost 2.51471734 * 13,422,896 @ 14,337 after 322,482,585 : Time 270.10s : 49695.86 words/s : gNorm 0.6267 : L.r. 2.4495e-04
[2026-03-17 23:24:03] Saving model weights and runtime parameters to /workspace/OPUS-MT-train/work/en-ckb/curated-floresdev.spm4k-spm4k.transformer.model1.npz
[2026-03-17 23:24:04] Saving Adam parameters
[2026-03-17 23:24:06] [training] Saving training checkpoint to /workspace/OPUS-MT-train/work/en-ckb/curated-floresdev.spm4k-spm4k.transformer.model1.npz and /workspace/OPUS-MT-train/work/en-ckb/curated-floresdev.spm4k-spm4k.transformer.model1.npz.optimizer.npz
[2026-03-17 23:24:10] Translating validation set...
[2026-03-17 23:24:10] Best translation 0 : ▁ئەم ▁زار اوە یە ▁و ەر گیراو ە ▁لە ▁ئاشنا ی ▁دێ رین ▁لەگەڵ ▁ <0x42> d b u g s ▁کە ▁بە ▁شێوەیەکی ▁زۆر ▁لە ▁چاو ەڕ وانی دا ▁دە گونج ێن ▁بۆ ▁هاو ش ێوە ی ▁مرۆڤ ەکان .
[2026-03-17 23:24:10] Best translation 1 : ▁هێرش بەر انی ▁م ۆم بای ▁لە ▁ڕێگەی ▁بە لە م ▁گەیشت نە ▁بە لە م ەکە ▁لە ▁٢ ٦ ی ▁تشرین ی ▁دووەمی ▁ ٢٠٠ ٨ ، ▁کە ▁نار نج ۆک ▁و ▁چە کی ▁ئۆتۆ م اتی کی ▁و ▁چە کی ▁ئۆتۆ ما تیک یان ▁هێنا ▁و ▁چەندین ▁ئامانج یان ▁پێک هێنا ▁لەوانە ▁قە ڵە ب اڵ غ ی ▁چ ات را تی ▁شی ڤا جی ▁تی ر مین وس ▁و ▁وێستگ ەی ▁هێڵی ▁ئاس نی ▁بە ناو بان گی ▁تا ج ▁مە ح ال .
[2026-03-17 23:24:11] Best translation 2 : ▁ئه ▁م ▁گه ▁ڕان ه ▁له ▁لایه ▁ن ▁هه ▁مان ▁که ▁ش وه ه ▁وایه ▁کی ▁خراپ ه ▁وه ▁که ▁بو ه ▁ته ▁هۆی ▁ئه ▁وه ▁ی ▁زه ▁و ی ▁له ▁ناو چوون .
[2026-03-17 23:24:11] Best translation 3 : ▁هه ▁روه ▁ها ▁ئاژانسی ▁" ئا ی ▁ئێم " ▁ئه ▁وه ▁شی ▁ئاشکرا ▁کرد ▁که ▁سه ▁ره ▁ر ِ ای ▁ئه ▁و ▁گرت ه ▁ڤیدیۆ یه ▁ی ▁که ▁له ▁سه ▁ر ▁تۆڕی ▁ئینته ▁رنێت ▁بڵاو ▁کراوه ▁ته ▁وه ▁، ▁بر ِ یار ▁وا بوو ▁کۆمپانیای ▁" بر ای انی ▁بی گ " ▁یاسا کانی ▁سه ▁ن سۆر ه ێنه ▁ری ▁ئێن ته ▁رنێت ی ▁وه ▁ک ▁ده ▁زگاکانی ▁ڕاگه ▁یاندن ▁له ▁ماڵپ ه ▁ر ِ ی ▁" بر ای انی ▁برای ت " ▁هه ▁ڵ نه ▁گیرێت .
[2026-03-17 23:24:11] Best translation 4 : ▁سوپای ه ▁کی ▁لاواز ▁و ▁هێزی ▁ده ▁ری ایی ▁لاواز ی ▁هه ▁بوو ، ▁هه ▁رچ ه ▁نده ▁ته ▁نیا ▁چوار ▁که ▁شتی ▁نوێ یان ▁دروست ▁کردبوو ▁پێش ▁ده ▁ست پێ کردنی ▁شه ▁ڕ .
[2026-03-17 23:24:11] Best translation 5 : ▁دووەم ▁گۆڵی ▁ش ەو ەکە ▁لە ▁٦ ٠ ەم ین ▁و ەرز دا ▁بوو ، ▁بوو ▁بە ▁یەکەم ▁یاریزان ▁کە ▁٦ ٠ ▁یان ▁زیاتر ▁لە ▁و ەرز ێک ▁لە ▁١٩ ٩ ٥ - ٩ ٦ ▁گۆڵ ▁تۆمار ▁بکات ، ▁کاتێک ▁جە ی رم یر ▁جا گ ەر ▁و ▁مار ی ۆ ▁لی می و کس ▁هەر ▁یەک یان ▁گەیشت ە ▁ئەو ▁میل ی ۆن ە .
[2026-03-17 23:24:11] Best translation 10 : ▁خوێن ▁له ▁دڵ ه ▁وه ▁دوور ▁ده ▁که ▁وێت ه ▁وه ▁که ▁پێی ▁ده ▁گوت رێت ▁هون ه ▁ر ▁و ▁له ▁ت وش بوو ان ▁دێت ه ▁وه ▁بۆ ▁دڵ ▁به ▁ناوی ▁د دان ه ▁کان ، ▁بچوک ترین ▁دوو گ یان ▁به ▁کا پ ڵ اوه ▁کان ▁ناو ده ▁ب رێت .
[2026-03-17 23:24:11] Best translation 20 : ▁س کا ف ۆڵ د ▁دەکرێت ▁هەردوو ک یان ▁مە ج ازی ▁و ▁ڕاست ە قی نە ▁بن ▁، ▁بە ▁و ش ەکانی ▁تر ▁، ▁مامۆستا ▁جۆرێک ە ▁لە ▁پێو ەر ▁بەڵام ▁بۆیە ▁بچووک ترین ▁پیاو ە ▁لە ▁نووسینگ ەی ▁مای ک رۆس ۆف ت ▁.
[2026-03-17 23:24:11] Best translation 40 : ▁خۆپ ـ یش ـ اند انه ▁که ▁له ▁ده ▁وروب ه ▁ری ▁ی از ده ▁ی از ده ▁ی ▁سه ▁پت ێم به ▁ر ▁ده ▁س ـ تی پ ـ ێ ـ کردووه ▁به ▁رامب ه ▁ر ▁به ▁و ▁به ▁رپ ـ رس ـ انه ▁ی ▁هێزه ▁کانی ▁پ ـ ۆلیس ▁به ▁رامب ه ▁ر ▁به ▁شه ▁قام ه ▁کانی ▁سه ▁ر ▁به ▁سه ▁رۆک ▁وه ▁زیر ▁ده ▁س ـ تی پ ـ ێ ـ کردووه ▁.
[2026-03-17 23:24:12] Best translation 80 : ▁نیشان ەکە ▁لە ▁ڕووی ▁جەستە ی یەوە ▁زیانی ▁پێ نە گەی شت ؛ ▁دەست کاری کردن ەکە ▁بە ▁بەکارهێنانی ▁تا رم ایی ▁ڕە ش ▁بە ▁نیشان ەکانی ▁ئاشتی ▁و ▁دڵ ەوە ▁بۆ ▁گۆڕینی ▁" خ ێر ایی ".
[2026-03-17 23:24:15] Best translation 160 : ▁خه ▁ڵک ▁به ▁کورسی یه ▁وه ▁به ▁ر ▁په ▁نجه ▁ره ▁کان ▁که ▁وتوون ، ▁به ▁ڵام ▁په ▁نجه ▁ره ▁کان ▁نا ه ه ▁موار ▁بوون .
[2026-03-17 23:24:18] Best translation 320 : ▁بە دوا دا چوونی ▁نە خ شە ی ▁دەریا ی ی ▁، ▁بە ▁بەکارهێنانی ▁R <0x4F> <0x56> ▁دۆزرای ەوە ▁.
[2026-03-17 23:24:24] Best translation 640 : ▁ژ اپ ـ ۆن ▁نزیکه ▁ی ▁حه ▁وت ▁هه ▁زار ▁دور گه ▁ی ▁گرت ه ▁وه ▁له ▁لایه ▁ن ▁گه ▁وره ▁ترین ▁دور گه ▁ی ▁هۆ ن ش ۆ ▁که ▁به ▁گه ▁وره ▁ترین ▁دور گه ▁ی ▁ژاپۆن ▁داد ه ▁نرێت ▁له ▁جیهاندا !
[2026-03-17 23:24:37] Best translation 1280 : ▁بۆ س ▁وێستگ ەی ▁پاس ی ▁نێوان ▁بە ▁درێژایی ▁ڕۆژ ▁( بە ▁ئینگلیزی : ▁ <0x42> us s ▁ b us s ) ▁بە ▁درێژایی ▁ڕۆژ ▁وێستگ ەی ▁پاس ی ▁خۆ ڕ ئاوا ▁جیا ▁دەکات ەوە ، ▁هەر چ ەند ە ▁زۆربەی ان ▁بە تای بە ت ▁ئەوانەی ▁بەرەو ▁ڕۆژه ەڵات ▁دە ڕۆ ن ▁و ▁جا کار / <0x42> u m t an g ▁لە ▁نێوان ▁ ٠ ٦ : ٣ ٠ ▁و ▁ ٠ ٧ : ٣ ٠ : ٣ ٠ . ٣ ٠ .
[2026-03-17 23:24:53] Total translation time: 43.05605s
[2026-03-17 23:24:53] Saving model weights and runtime parameters to /workspace/OPUS-MT-train/work/en-ckb/curated-floresdev.spm4k-spm4k.transformer.model1.npz.best-bleu.npz
[2026-03-17 23:24:54] [valid] Ep. 19 : Up. 24000 : bleu : 11.0993 : new best
[2026-03-17 23:24:54] Translating validation set...
[2026-03-17 23:24:55] Best translation 0 : ▁ئەم ▁زار اوە یە ▁و ەر گیراو ە ▁لە ▁ئاشنا ی ▁دێ رین ▁لەگەڵ ▁ <0x42> d b u g s ▁کە ▁بە ▁شێوەیەکی ▁زۆر ▁لە ▁چاو ەڕ وانی دا ▁دە گونج ێن ▁بۆ ▁هاو ش ێوە ی ▁مرۆڤ ەکان .
[2026-03-17 23:24:55] Best translation 1 : ▁هێرش بەر انی ▁م ۆم بای ▁لە ▁ڕێگەی ▁بە لە م ▁گەیشت نە ▁بە لە م ەکە ▁لە ▁٢ ٦ ی ▁تشرین ی ▁دووەمی ▁ ٢٠٠ ٨ ، ▁کە ▁نار نج ۆک ▁و ▁چە کی ▁ئۆتۆ م اتی کی ▁و ▁چە کی ▁ئۆتۆ ما تیک یان ▁هێنا ▁و ▁چەندین ▁ئامانج یان ▁پێک هێنا ▁لەوانە ▁قە ڵە ب اڵ غ ی ▁چ ات را تی ▁شی ڤا جی ▁تی ر مین وس ▁و ▁وێستگ ەی ▁هێڵی ▁ئاس نی ▁بە ناو بان گی ▁تا ج ▁مە ح ال .
[2026-03-17 23:24:55] Best translation 2 : ▁ئه ▁م ▁گه ▁ڕان ه ▁له ▁لایه ▁ن ▁هه ▁مان ▁که ▁ش وه ه ▁وایه ▁کی ▁خراپ ه ▁وه ▁که ▁بو ه ▁ته ▁هۆی ▁ئه ▁وه ▁ی ▁زه ▁و ی ▁له ▁ناو چوون .
[2026-03-17 23:24:55] Best translation 3 : ▁هه ▁روه ▁ها ▁ئاژانسی ▁" ئا ی ▁ئێم " ▁ئه ▁وه ▁شی ▁ئاشکرا ▁کرد ▁که ▁سه ▁ره ▁ر ِ ای ▁ئه ▁و ▁گرت ه ▁ڤیدیۆ یه ▁ی ▁که ▁له ▁سه ▁ر ▁تۆڕی ▁ئینته ▁رنێت ▁بڵاو ▁کراوه ▁ته ▁وه ▁، ▁بر ِ یار ▁وا بوو ▁کۆمپانیای ▁" بر ای انی ▁بی گ " ▁یاسا کانی ▁سه ▁ن سۆر ه ێنه ▁ری ▁ئێن ته ▁رنێت ی ▁وه ▁ک ▁ده ▁زگاکانی ▁ڕاگه ▁یاندن ▁له ▁ماڵپ ه ▁ر ِ ی ▁" بر ای انی ▁برای ت " ▁هه ▁ڵ نه ▁گیرێت .
[2026-03-17 23:24:55] Best translation 4 : ▁سوپای ه ▁کی ▁لاواز ▁و ▁هێزی ▁ده ▁ری ایی ▁لاواز ی ▁هه ▁بوو ، ▁هه ▁رچ ه ▁نده ▁ته ▁نیا ▁چوار ▁که ▁شتی ▁نوێ یان ▁دروست ▁کردبوو ▁پێش ▁ده ▁ست پێ کردنی ▁شه ▁ڕ .
[2026-03-17 23:24:55] Best translation 5 : ▁دووەم ▁گۆڵی ▁ش ەو ەکە ▁لە ▁٦ ٠ ەم ین ▁و ەرز دا ▁بوو ، ▁بوو ▁بە ▁یەکەم ▁یاریزان ▁کە ▁٦ ٠ ▁یان ▁زیاتر ▁لە ▁و ەرز ێک ▁لە ▁١٩ ٩ ٥ - ٩ ٦ ▁گۆڵ ▁تۆمار ▁بکات ، ▁کاتێک ▁جە ی رم یر ▁جا گ ەر ▁و ▁مار ی ۆ ▁لی می و کس ▁هەر ▁یەک یان ▁گەیشت ە ▁ئەو ▁میل ی ۆن ە .
[2026-03-17 23:24:55] Best translation 10 : ▁خوێن ▁له ▁دڵ ه ▁وه ▁دوور ▁ده ▁که ▁وێت ه ▁وه ▁که ▁پێی ▁ده ▁گوت رێت ▁هون ه ▁ر ▁و ▁له ▁ت وش بوو ان ▁دێت ه ▁وه ▁بۆ ▁دڵ ▁به ▁ناوی ▁د دان ه ▁کان ، ▁بچوک ترین ▁دوو گ یان ▁به ▁کا پ ڵ اوه ▁کان ▁ناو ده ▁ب رێت .
[2026-03-17 23:24:55] Best translation 20 : ▁س کا ف ۆڵ د ▁دەکرێت ▁هەردوو ک یان ▁مە ج ازی ▁و ▁ڕاست ە قی نە ▁بن ▁، ▁بە ▁و ش ەکانی ▁تر ▁، ▁مامۆستا ▁جۆرێک ە ▁لە ▁پێو ەر ▁بەڵام ▁بۆیە ▁بچووک ترین ▁پیاو ە ▁لە ▁نووسینگ ەی ▁مای ک رۆس ۆف ت ▁.
[2026-03-17 23:24:55] Best translation 40 : ▁خۆپ ـ یش ـ اند انه ▁که ▁له ▁ده ▁وروب ه ▁ری ▁ی از ده ▁ی از ده ▁ی ▁سه ▁پت ێم به ▁ر ▁ده ▁س ـ تی پ ـ ێ ـ کردووه ▁به ▁رامب ه ▁ر ▁به ▁و ▁به ▁رپ ـ رس ـ انه ▁ی ▁هێزه ▁کانی ▁پ ـ ۆلیس ▁به ▁رامب ه ▁ر ▁به ▁شه ▁قام ه ▁کانی ▁سه ▁ر ▁به ▁سه ▁رۆک ▁وه ▁زیر ▁ده ▁س ـ تی پ ـ ێ ـ کردووه ▁.
[2026-03-17 23:24:56] Best translation 80 : ▁نیشان ەکە ▁لە ▁ڕووی ▁جەستە ی یەوە ▁زیانی ▁پێ نە گەی شت ؛ ▁دەست کاری کردن ەکە ▁بە ▁بەکارهێنانی ▁تا رم ایی ▁ڕە ش ▁بە ▁نیشان ەکانی ▁ئاشتی ▁و ▁دڵ ەوە ▁بۆ ▁گۆڕینی ▁" خ ێر ایی ".
[2026-03-17 23:24:59] Best translation 160 : ▁خه ▁ڵک ▁به ▁کورسی یه ▁وه ▁به ▁ر ▁په ▁نجه ▁ره ▁کان ▁که ▁وتوون ، ▁به ▁ڵام ▁په ▁نجه ▁ره ▁کان ▁نا ه ه ▁موار ▁بوون .
[2026-03-17 23:25:02] Best translation 320 : ▁بە دوا دا چوونی ▁نە خ شە ی ▁دەریا ی ی ▁، ▁بە ▁بەکارهێنانی ▁R <0x4F> <0x56> ▁دۆزرای ەوە ▁.
[2026-03-17 23:25:09] Best translation 640 : ▁ژ اپ ـ ۆن ▁نزیکه ▁ی ▁حه ▁وت ▁هه ▁زار ▁دور گه ▁ی ▁گرت ه ▁وه ▁له ▁لایه ▁ن ▁گه ▁وره ▁ترین ▁دور گه ▁ی ▁هۆ ن ش ۆ ▁که ▁به ▁گه ▁وره ▁ترین ▁دور گه ▁ی ▁ژاپۆن ▁داد ه ▁نرێت ▁له ▁جیهاندا !
[2026-03-17 23:25:22] Best translation 1280 : ▁بۆ س ▁وێستگ ەی ▁پاس ی ▁نێوان ▁بە ▁درێژایی ▁ڕۆژ ▁( بە ▁ئینگلیزی : ▁ <0x42> us s ▁ b us s ) ▁بە ▁درێژایی ▁ڕۆژ ▁وێستگ ەی ▁پاس ی ▁خۆ ڕ ئاوا ▁جیا ▁دەکات ەوە ، ▁هەر چ ەند ە ▁زۆربەی ان ▁بە تای بە ت ▁ئەوانەی ▁بەرەو ▁ڕۆژه ەڵات ▁دە ڕۆ ن ▁و ▁جا کار / <0x42> u m t an g ▁لە ▁نێوان ▁ ٠ ٦ : ٣ ٠ ▁و ▁ ٠ ٧ : ٣ ٠ : ٣ ٠ . ٣ ٠ .
[2026-03-17 23:25:38] Total translation time: 44.04431s
[2026-03-17 23:25:38] Saving model weights and runtime parameters to /workspace/OPUS-MT-train/work/en-ckb/curated-floresdev.spm4k-spm4k.transformer.model1.npz.best-chrf.npz
[2026-03-17 23:25:39] [valid] Ep. 19 : Up. 24000 : chrf : 40.9974 : new best
[2026-03-17 23:25:41] Saving model weights and runtime parameters to /workspace/OPUS-MT-train/work/en-ckb/curated-floresdev.spm4k-spm4k.transformer.model1.npz.best-perplexity.npz
[2026-03-17 23:25:42] [valid] Ep. 19 : Up. 24000 : perplexity : 10.2536 : new best
[2026-03-17 23:28:33] Ep. 19 : Up. 25000 : Sen. 254,353 : Cost 2.48454714 * 13,472,638 @ 16,193 after 335,955,223 : Time 269.94s : 49910.36 words/s : gNorm 0.6414 : L.r. 2.4000e-04
[2026-03-17 23:28:33] Saving model weights and runtime parameters to /workspace/OPUS-MT-train/work/en-ckb/curated-floresdev.spm4k-spm4k.transformer.model1.npz
[2026-03-17 23:28:34] Saving Adam parameters
[2026-03-17 23:28:36] [training] Saving training checkpoint to /workspace/OPUS-MT-train/work/en-ckb/curated-floresdev.spm4k-spm4k.transformer.model1.npz and /workspace/OPUS-MT-train/work/en-ckb/curated-floresdev.spm4k-spm4k.transformer.model1.npz.optimizer.npz
[2026-03-17 23:28:40] Translating validation set...
[2026-03-17 23:28:41] Best translation 0 : ▁ئەم ▁زار اوە یە ▁و ەر گیراو ە ▁لە ▁ئاشنا ی ی ▁دێ رین ی ▁ b d - b o g s ▁کە ▁بە ▁شێوەیەکی ▁زۆر ▁مێر وول ە ▁دە گونج ێن ▁بۆ ▁هاو ش ێوە ی ▁مرۆڤ ەکان .
[2026-03-17 23:28:41] Best translation 1 : ▁هێرش بەر انی ▁م ۆم بای ▁لە ▁ڕێگەی ▁بە لە م ▁گەیشت نە ▁بە لە م ەکە ▁لە ▁٢ ٦ ی ▁تشرین ی ▁دووەمی ▁ ٢٠٠ ٨ ، ▁کە ▁نار نج ۆک ▁و ▁چە کی ▁ئۆتۆ م اتی کی ▁و ▁چە کی ▁خو د کاران ە یان ▁هێنا ▁و ▁چەندین ▁ئامانج یان ▁دە پێک ن ▁لەوانە ▁قە ڵە ب اڵ غ ی ▁چ را پ اتی ▁شی ڤا جی ▁تر مین وس ▁و ▁وێستگ ەی ▁هێڵی ▁ئاس ن ینی ▁بە ناو بان گ ▁تا ج ▁مە ح ال .
[2026-03-17 23:28:41] Best translation 2 : ▁ئه ▁م ▁گه ▁ڕان ه ▁له ▁لایه ▁ن ▁هه ▁مان ▁که ▁ش وه ه ▁وایه ▁کی ▁خراپ ه ▁وه ▁که ▁بووه ▁ته ▁هۆی ▁له ▁ناو چوونی ▁زه ▁و ی .
[2026-03-17 23:28:41] Best translation 3 : ▁هه ▁روه ▁ها ▁ئاژانسی ▁" ئا ی ▁ئێم ا " ▁ئه ▁وه ▁شی ▁ئاشکرا کرد ، ▁سه ▁ره ▁ر ِ ای ▁ئه ▁وه ▁ی ▁ئه ▁و ▁گرت ه ▁ڤیدیۆ یه ▁له ▁سه ▁ر ▁تۆڕی ▁ئینته ▁رنێت ▁بڵاو ▁کرا یه ▁وه ▁، ▁بر ِ یار ▁وا بوو ▁کۆمپانیای ▁" بر ای انی ▁بی گ " ▁یاسا کانی ▁سان سۆر کردنی ▁سه ▁نت ه ▁ری ▁ئێن ته ▁رنێت ی ▁وه ▁ک ▁ڕاگه ▁یاندن ▁له ▁سه ▁ر ▁ماڵپ ه ▁ر ِ ی ▁" بر ای انی ▁بی گ " ▁هه ▁ڵ نه ▁گیرێت .
[2026-03-17 23:28:41] Best translation 4 : ▁سوپای ▁لاواز تر ▁و ▁هێزی ▁ده ▁ری ایی ▁لاواز تر ▁بوو ، ▁هه ▁رچ ه ▁نده ▁ته ▁نها ▁چوار ▁که ▁شتی ▁نوێ یان ▁دروست ▁کردبوو ▁پێش ▁ده ▁ست پێ کردنی ▁شه ▁ڕه ▁که ▁.
[2026-03-17 23:28:41] Best translation 5 : ▁دووەم ▁گۆڵی ▁ش ەو ەکە ▁لە ▁٦ ٠ ی ▁و ەرز ەکەی دا ▁بوو ، ▁بوو ▁بە ▁یەکەم ▁یاریزان ▁کە ▁٦ ٠ ▁یان ▁زیاتر ▁لە ▁و ەرز ێک ▁لە ▁١٩ ٩ ٥ - ٩ ٦ ▁گۆڵ ▁تۆمار ▁بکات ، ▁کاتێک ▁جە ی رم یر ▁جا گری ▁و ▁مار ی ۆ ▁لی می و کس ▁هەر ▁یەک یان ▁گەیشت نە ▁ئەو ▁میل ۆن ە .
[2026-03-17 23:28:41] Best translation 10 : ▁خوێن ▁له ▁ناو ▁دڵ ه ▁وه ▁دوور ▁ده ▁که ▁وێت ه ▁وه ▁که ▁پێی ▁ده ▁گوت رێت ▁هون ه ▁ر ▁و ▁دێت ه ▁وه ▁سه ▁ر ▁دڵ ▁له ▁بێ چوو ه ▁کان ▁که ▁پێی ▁ده ▁گوت رێت ▁ڤی زه ▁بچووک ه ▁کان ▁به ▁که ▁ی سه ▁کان ▁ناو ده ▁بر ێن .
[2026-03-17 23:28:41] Best translation 20 : ▁کا ف ۆڵ د ەکان ▁دەتوانن ▁هەردوو ک یان ▁مە ج ازی ▁و ▁ڕاست ە قی نە ▁بن ▁، ▁بە ▁و ش ەکانی ▁تر ▁، ▁مامۆستا ▁جۆرێک ە ▁لە ▁ش م ش اڵ ▁بەڵام ▁بۆیە ▁بچووک ترین ▁پیاو ی ▁ک اغ ە زی یە ▁لە ▁نووسینگ ەی ▁مای ک رۆس ۆف ت ▁.
[2026-03-17 23:28:41] Best translation 40 : ▁خۆپ ـ یش ـ اند انه ▁که ▁له ▁ده ▁وروب ه ▁ری ▁ی از ده ▁ی ▁سه ▁عات ▁ی از ده ▁ده ▁س ـ تی پ ـ ێ ـ کردووه ▁به ▁رامب ه ▁ر ▁به ▁و ▁به ▁رپ ـ رس ـ انه ▁ی ▁پ ـ ۆلیس ▁به ▁رامب ه ▁ر ▁به ▁شه ▁قام ه ▁کانی ▁دا نوس ـ ت اندن ▁ده ▁س ـ تی پ ـ ێ ـ کردووه ▁و ▁.، شوێن ی ▁فه ▁رمی ▁سه ▁رۆک ▁وه ▁زیر ▁بووه ▁.
[2026-03-17 23:28:42] Best translation 80 : ▁نیشان ەکە ▁لە ▁ڕووی ▁جەستە ی یەوە ▁زیانی ▁پێ نە گەی شت ؛ ▁دەست کاری کردن ەکە ▁بە ▁بەکارهێنانی ▁تا ر پا لین ی ▁ڕە ش ▁بە ▁نیشان ەکانی ▁ئاشتی ▁و ▁دڵ ەوە ▁بۆ ▁گۆڕینی ▁" خ ێر ایی " ▁ئەنجام درا .
[2026-03-17 23:28:45] Best translation 160 : ▁خه ▁ڵک ▁به ▁کورسی یه ▁وه ▁به ▁ر ▁په ▁نجه ▁ره ▁کان ▁که ▁وتوون ، ▁به ▁ڵام ▁په ▁نجه ▁ره ▁کان ▁نا ه ه ▁موار ▁بوون .
[2026-03-17 23:28:48] Best translation 320 : ▁بە دوا دا چوونی ▁نە خ شە ی ▁دەریا ی ی ▁، ▁بە ▁بەکارهێنانی ▁R <0x4F> <0x56> ▁دۆزرای ەوە ▁.
[2026-03-17 23:28:54] Best translation 640 : ▁ژ اپ ـ ۆن ▁نزیکه ▁ی ▁حه ▁وت ▁هه ▁زار ▁دور گه ▁ی ▁گرتۆت ه ▁وه ▁که ▁گه ▁وره ▁ترین ▁دور گه ▁ی ▁هۆ ن ش ۆ ▁بووه ▁و ▁.، به ▁وه ▁ش ▁ده ▁گات ه ▁حه ▁وته ▁مین ▁دور گه ▁ی ▁ژاپۆن ▁له ▁جیهاندا !
[2026-03-17 23:29:07] Best translation 1280 : ▁بۆ س ▁وێستگ ەی ▁پاس ی ▁نێوان ▁تا ق م ▁( بە ▁ئینگلیزی : ▁ <0x42> us s s ) ▁بە ▁درێژایی ▁ڕۆژ ) ▁وێستگ ەی ▁پاس ی ▁نێوان ▁ڕووب ار ەکە ▁جیا ▁دەکات ەوە ، ▁هەر چ ەند ە ▁زۆربەی ان ▁بە تای بە ت ▁ئەوانەی ▁بەرەو ▁ڕۆژه ەڵات ▁دە ڕۆ ن ▁و ▁جا کار / <0x42> u m t an g ▁لە ▁نێوان ▁ ٠ ٦ : ٣ ٠ ▁و ▁ ٠ ٧ : ٣ ٠ : ٣ ٠ .
[2026-03-17 23:29:22] Total translation time: 41.96611s
[2026-03-17 23:29:22] Saving model weights and runtime parameters to /workspace/OPUS-MT-train/work/en-ckb/curated-floresdev.spm4k-spm4k.transformer.model1.npz.best-bleu.npz
[2026-03-17 23:29:23] [valid] Ep. 19 : Up. 25000 : bleu : 11.4811 : new best
[2026-03-17 23:29:23] Translating validation set...
[2026-03-17 23:29:24] Best translation 0 : ▁ئەم ▁زار اوە یە ▁و ەر گیراو ە ▁لە ▁ئاشنا ی ی ▁دێ رین ی ▁ b d - b o g s ▁کە ▁بە ▁شێوەیەکی ▁زۆر ▁مێر وول ە ▁دە گونج ێن ▁بۆ ▁هاو ش ێوە ی ▁مرۆڤ ەکان .
[2026-03-17 23:29:24] Best translation 1 : ▁هێرش بەر انی ▁م ۆم بای ▁لە ▁ڕێگەی ▁بە لە م ▁گەیشت نە ▁بە لە م ەکە ▁لە ▁٢ ٦ ی ▁تشرین ی ▁دووەمی ▁ ٢٠٠ ٨ ، ▁کە ▁نار نج ۆک ▁و ▁چە کی ▁ئۆتۆ م اتی کی ▁و ▁چە کی ▁خو د کاران ە یان ▁هێنا ▁و ▁چەندین ▁ئامانج یان ▁دە پێک ن ▁لەوانە ▁قە ڵە ب اڵ غ ی ▁چ را پ اتی ▁شی ڤا جی ▁تر مین وس ▁و ▁وێستگ ەی ▁هێڵی ▁ئاس ن ینی ▁بە ناو بان گ ▁تا ج ▁مە ح ال .
[2026-03-17 23:29:24] Best translation 2 : ▁ئه ▁م ▁گه ▁ڕان ه ▁له ▁لایه ▁ن ▁هه ▁مان ▁که ▁ش وه ه ▁وایه ▁کی ▁خراپ ه ▁وه ▁که ▁بووه ▁ته ▁هۆی ▁له ▁ناو چوونی ▁زه ▁و ی .
[2026-03-17 23:29:24] Best translation 3 : ▁هه ▁روه ▁ها ▁ئاژانسی ▁" ئا ی ▁ئێم ا " ▁ئه ▁وه ▁شی ▁ئاشکرا کرد ، ▁سه ▁ره ▁ر ِ ای ▁ئه ▁وه ▁ی ▁ئه ▁و ▁گرت ه ▁ڤیدیۆ یه ▁له ▁سه ▁ر ▁تۆڕی ▁ئینته ▁رنێت ▁بڵاو ▁کرا یه ▁وه ▁، ▁بر ِ یار ▁وا بوو ▁کۆمپانیای ▁" بر ای انی ▁بی گ " ▁یاسا کانی ▁سان سۆر کردنی ▁سه ▁نت ه ▁ری ▁ئێن ته ▁رنێت ی ▁وه ▁ک ▁ڕاگه ▁یاندن ▁له ▁سه ▁ر ▁ماڵپ ه ▁ر ِ ی ▁" بر ای انی ▁بی گ " ▁هه ▁ڵ نه ▁گیرێت .
[2026-03-17 23:29:24] Best translation 4 : ▁سوپای ▁لاواز تر ▁و ▁هێزی ▁ده ▁ری ایی ▁لاواز تر ▁بوو ، ▁هه ▁رچ ه ▁نده ▁ته ▁نها ▁چوار ▁که ▁شتی ▁نوێ یان ▁دروست ▁کردبوو ▁پێش ▁ده ▁ست پێ کردنی ▁شه ▁ڕه ▁که ▁.
[2026-03-17 23:29:24] Best translation 5 : ▁دووەم ▁گۆڵی ▁ش ەو ەکە ▁لە ▁٦ ٠ ی ▁و ەرز ەکەی دا ▁بوو ، ▁بوو ▁بە ▁یەکەم ▁یاریزان ▁کە ▁٦ ٠ ▁یان ▁زیاتر ▁لە ▁و ەرز ێک ▁لە ▁١٩ ٩ ٥ - ٩ ٦ ▁گۆڵ ▁تۆمار ▁بکات ، ▁کاتێک ▁جە ی رم یر ▁جا گری ▁و ▁مار ی ۆ ▁لی می و کس ▁هەر ▁یەک یان ▁گەیشت نە ▁ئەو ▁میل ۆن ە .
[2026-03-17 23:29:25] Best translation 10 : ▁خوێن ▁له ▁ناو ▁دڵ ه ▁وه ▁دوور ▁ده ▁که ▁وێت ه ▁وه ▁که ▁پێی ▁ده ▁گوت رێت ▁هون ه ▁ر ▁و ▁دێت ه ▁وه ▁سه ▁ر ▁دڵ ▁له ▁بێ چوو ه ▁کان ▁که ▁پێی ▁ده ▁گوت رێت ▁ڤی زه ▁بچووک ه ▁کان ▁به ▁که ▁ی سه ▁کان ▁ناو ده ▁بر ێن .
[2026-03-17 23:29:25] Best translation 20 : ▁کا ف ۆڵ د ەکان ▁دەتوانن ▁هەردوو ک یان ▁مە ج ازی ▁و ▁ڕاست ە قی نە ▁بن ▁، ▁بە ▁و ش ەکانی ▁تر ▁، ▁مامۆستا ▁جۆرێک ە ▁لە ▁ش م ش اڵ ▁بەڵام ▁بۆیە ▁بچووک ترین ▁پیاو ی ▁ک اغ ە زی یە ▁لە ▁نووسینگ ەی ▁مای ک رۆس ۆف ت ▁.
[2026-03-17 23:29:25] Best translation 40 : ▁خۆپ ـ یش ـ اند انه ▁که ▁له ▁ده ▁وروب ه ▁ری ▁ی از ده ▁ی ▁سه ▁عات ▁ی از ده ▁ده ▁س ـ تی پ ـ ێ ـ کردووه ▁به ▁رامب ه ▁ر ▁به ▁و ▁به ▁رپ ـ رس ـ انه ▁ی ▁پ ـ ۆلیس ▁به ▁رامب ه ▁ر ▁به ▁شه ▁قام ه ▁کانی ▁دا نوس ـ ت اندن ▁ده ▁س ـ تی پ ـ ێ ـ کردووه ▁و ▁.، شوێن ی ▁فه ▁رمی ▁سه ▁رۆک ▁وه ▁زیر ▁بووه ▁.
[2026-03-17 23:29:25] Best translation 80 : ▁نیشان ەکە ▁لە ▁ڕووی ▁جەستە ی یەوە ▁زیانی ▁پێ نە گەی شت ؛ ▁دەست کاری کردن ەکە ▁بە ▁بەکارهێنانی ▁تا ر پا لین ی ▁ڕە ش ▁بە ▁نیشان ەکانی ▁ئاشتی ▁و ▁دڵ ەوە ▁بۆ ▁گۆڕینی ▁" خ ێر ایی " ▁ئەنجام درا .
[2026-03-17 23:29:28] Best translation 160 : ▁خه ▁ڵک ▁به ▁کورسی یه ▁وه ▁به ▁ر ▁په ▁نجه ▁ره ▁کان ▁که ▁وتوون ، ▁به ▁ڵام ▁په ▁نجه ▁ره ▁کان ▁نا ه ه ▁موار ▁بوون .
[2026-03-17 23:29:31] Best translation 320 : ▁بە دوا دا چوونی ▁نە خ شە ی ▁دەریا ی ی ▁، ▁بە ▁بەکارهێنانی ▁R <0x4F> <0x56> ▁دۆزرای ەوە ▁.
[2026-03-17 23:29:38] Best translation 640 : ▁ژ اپ ـ ۆن ▁نزیکه ▁ی ▁حه ▁وت ▁هه ▁زار ▁دور گه ▁ی ▁گرتۆت ه ▁وه ▁که ▁گه ▁وره ▁ترین ▁دور گه ▁ی ▁هۆ ن ش ۆ ▁بووه ▁و ▁.، به ▁وه ▁ش ▁ده ▁گات ه ▁حه ▁وته ▁مین ▁دور گه ▁ی ▁ژاپۆن ▁له ▁جیهاندا !
[2026-03-17 23:29:51] Best translation 1280 : ▁بۆ س ▁وێستگ ەی ▁پاس ی ▁نێوان ▁تا ق م ▁( بە ▁ئینگلیزی : ▁ <0x42> us s s ) ▁بە ▁درێژایی ▁ڕۆژ ) ▁وێستگ ەی ▁پاس ی ▁نێوان ▁ڕووب ار ەکە ▁جیا ▁دەکات ەوە ، ▁هەر چ ەند ە ▁زۆربەی ان ▁بە تای بە ت ▁ئەوانەی ▁بەرەو ▁ڕۆژه ەڵات ▁دە ڕۆ ن ▁و ▁جا کار / <0x42> u m t an g ▁لە ▁نێوان ▁ ٠ ٦ : ٣ ٠ ▁و ▁ ٠ ٧ : ٣ ٠ : ٣ ٠ .
[2026-03-17 23:30:06] Total translation time: 43.28429s
[2026-03-17 23:30:06] Saving model weights and runtime parameters to /workspace/OPUS-MT-train/work/en-ckb/curated-floresdev.spm4k-spm4k.transformer.model1.npz.best-chrf.npz
[2026-03-17 23:30:08] [valid] Ep. 19 : Up. 25000 : chrf : 41.5141 : new best
[2026-03-17 23:30:10] Saving model weights and runtime parameters to /workspace/OPUS-MT-train/work/en-ckb/curated-floresdev.spm4k-spm4k.transformer.model1.npz.best-perplexity.npz
[2026-03-17 23:30:11] [valid] Ep. 19 : Up. 25000 : perplexity : 9.93692 : new best
[2026-03-17 23:30:50] Seen 310,206 samples
[2026-03-17 23:30:50] Starting data epoch 20 in logical epoch 20
[2026-03-17 23:33:01] Ep. 20 : Up. 26000 : Sen. 178,856 : Cost 2.45250225 * 13,415,559 @ 12,620 after 349,370,782 : Time 268.67s : 49933.47 words/s : gNorm 0.6215 : L.r. 2.3534e-04
[2026-03-17 23:33:01] Saving model weights and runtime parameters to /workspace/OPUS-MT-train/work/en-ckb/curated-floresdev.spm4k-spm4k.transformer.model1.npz
[2026-03-17 23:33:03] Saving Adam parameters
[2026-03-17 23:33:05] [training] Saving training checkpoint to /workspace/OPUS-MT-train/work/en-ckb/curated-floresdev.spm4k-spm4k.transformer.model1.npz and /workspace/OPUS-MT-train/work/en-ckb/curated-floresdev.spm4k-spm4k.transformer.model1.npz.optimizer.npz
[2026-03-17 23:33:08] Translating validation set...
[2026-03-17 23:33:09] Best translation 0 : ▁ئەم ▁زار اوە یە ▁و ەر گیراو ە ▁لە ▁ئاشنا ی ی ▁دێ رین ی ▁ b d - b o g s ▁کە ▁بە ▁شێوەیەکی ▁زۆر ▁مێر وو ەکان ▁دە گونج ێن رێن ▁بۆ ▁هاو ش ێوە ی ▁مرۆڤ ەکان .
[2026-03-17 23:33:09] Best translation 1 : ▁هێرش بەر انی ▁م ۆم بای ▁لە ▁ڕێگەی ▁بە لە م ▁گەیشت نە ▁بەر دین ی ▁٢ ٦ ی ▁تشرین ی ▁دووەمی ▁ ٢٠٠ ٨ ، ▁کە ▁نار نج ۆک ▁و ▁چە کی ▁ئۆتۆ م اتی کی ▁و ▁چە کی ▁خو د کاران ە یان ▁هێنا ▁و ▁چەندین ▁ئامانج یان ▁دە پێک ن ▁لەوانە ▁قە ڵە ب اڵ غ ی ▁چ را پ اتی ▁شی ڤا جی ▁تر مین وس ▁و ▁وێستگ ەی ▁هێڵی ▁ئاس ن ینی ▁بە ناو بان گ ▁تا ج ▁مە ح ال .
[2026-03-17 23:33:09] Best translation 2 : ▁ئه ▁م ▁گه ▁ڕان ه ▁له ▁لایه ▁ن ▁هه ▁مان ▁که ▁ش وه ه ▁وا ▁خراپ ه ▁وه ▁که ▁بووه ▁ته ▁هۆی ▁بێ زار بوونی ▁زه ▁و ی .
[2026-03-17 23:33:09] Best translation 3 : ▁هه ▁روه ▁ها ▁ئاژانسی ▁" ئا ی ▁ئێم ا " ی ▁ئه ▁مه ▁ریکی ▁بۆ ی ▁ده ▁رک ه ▁وت ▁سه ▁ره ▁ر ِ ای ▁ئه ▁و ▁گرت ه ▁ڤیدیۆ یه ▁ی ▁که ▁له ▁سه ▁ر ▁تۆڕی ▁ئینته ▁رنێت ▁بڵاو ▁کراوه ▁ته ▁وه ▁، ▁بر ِ یار ▁وا بوو ▁" بر ای انی ▁بی گ " ▁یاسا کانی ▁سان سۆر کردنی ▁ناوه ▁ر ِ است ی ▁ئینته ▁رنێت ▁وه ▁ک ▁ده ▁زگاکانی ▁ڕاگه ▁یاندن ▁له ▁سه ▁ر ▁ماڵپ ه ▁ر ِ ی ▁" بر ای انی ▁بی گ " ▁هه ▁ڵ نه ▁گیراوه ▁.
[2026-03-17 23:33:09] Best translation 4 : ▁سوپای ▁لاواز تر ▁و ▁هێزی ▁ده ▁ری ایی ▁لاواز تر ▁بوو ، ▁هه ▁رچ ه ▁نده ▁ته ▁نها ▁چوار ▁که ▁شتی ▁نوێ یان ▁دروست ▁کردبوو ▁پێش ▁ده ▁ست پێ کردنی ▁شه ▁ڕه ▁که ▁.
[2026-03-17 23:33:09] Best translation 5 : ▁دووەم ▁گۆڵی ▁ش ەو ەکە ▁لە ▁٦ ٠ ەم ین ▁و ەرز دا ▁بوو ، ▁بوو ▁بە ▁یەکەم ▁یاریزان ▁کە ▁٦ ٠ ▁یان ▁زیاتر ▁لە ▁و ەرز ێک ▁لە ▁١٩ ٩ ٥ - ٩ ٦ ▁گۆڵ ▁تۆمار ▁بکات ، ▁کاتێک ▁جە ی رم یر ▁جا گری ▁و ▁مار ی ۆ ▁لی می و کس ▁هەر ی ەکەیان ▁گەیشت نە ▁ئەو ▁میل ۆن ە .
[2026-03-17 23:33:10] Best translation 10 : ▁خوێن ▁له ▁ناو ▁دڵ ه ▁وه ▁دوور ▁ده ▁که ▁وێت ه ▁وه ▁که ▁پێی ▁ده ▁گوت رێت ▁هون ه ▁ر ▁و ▁دێت ه ▁وه ▁سه ▁ر ▁دڵ ▁له ▁بێ چوو ه ▁کاندا ▁که ▁پێی ▁ده ▁گوت رێت ▁ده ▁مار ه ▁کان ، ▁بچووک ترین ▁ب ێوه ▁کان ▁به ▁کا پ ڵ اوه ▁کان ▁ناو ▁ده ▁ب رێت .
[2026-03-17 23:33:10] Best translation 20 : ▁ش ە پ ۆل ەکان ▁دەتوانن ▁هەردوو ک یان ▁مە ج ازی ▁و ▁ڕاست ە ق ین ▁بن ، ▁بە ▁و ش ەکانی ▁تر ، ▁مامۆستا ▁جۆرێک ە ▁لە ▁ش کان ▁بەڵام ▁بۆیە ▁پیاو ی ▁بچووک ی ▁ک اغ ە ز ▁لە ▁نووسینگ ەی ▁مای ک رۆس ۆف ت .
[2026-03-17 23:33:10] Best translation 40 : ▁خۆپ ـ یش ـ اند انه ▁که ▁له ▁ده ▁وروب ه ▁ری ▁ی از ده ▁ی از ده ▁ی ▁سه ▁پت ێم به ▁ر ▁ده ▁س ـ تی پ ـ ێ ـ کردووه ▁به ▁رامب ه ▁ر ▁به ▁و ▁به ▁رپ ـ رس ـ انه ▁ی ▁هێزه ▁کانی ▁پ ـ ۆلیس ▁به ▁رامب ه ▁ر ▁به ▁شه ▁قامی ▁دا نوس ـ ت اندن ▁ده ▁س ـ تی پ ـ ێ ـ کردووه ▁، ▁شوێنی ▁فه ▁رمی ▁سه ▁رۆک ▁وه ▁زیر .
[2026-03-17 23:33:10] Best translation 80 : ▁نیشان ەکە ▁لە ▁ڕووی ▁جەستە ی یەوە ▁زیانی ▁پێ نە گەی شت ؛ ▁دەست کاری کردن ەکە ▁بە ▁بەکارهێنانی ▁تا ر پا لین ی ▁ڕە ش ▁بە ▁نیشان ەکانی ▁ئاشتی ▁و ▁دڵ ەوە ▁بۆ ▁گۆڕینی ▁" ▁کە لو پ ە لی ▁خوارەوە " ▁ئەنجام درا .
[2026-03-17 23:33:13] Best translation 160 : ▁خه ▁ڵک ▁به ▁کورسی یه ▁وه ▁به ▁ر ▁په ▁نجه ▁ره ▁کان ▁که ▁وتوون ، ▁به ▁ڵام ▁په ▁نجه ▁ره ▁کان ▁نا ه ه ▁موار ▁بوون .
[2026-03-17 23:33:17] Best translation 320 : ▁بە دوا دا چوونی ▁نە خ شە ی ▁دەریا ی ی ▁، ▁بە ▁بەکارهێنانی ▁R <0x4F> <0x56> ▁دۆزرای ەوە ▁.
[2026-03-17 23:33:22] Best translation 640 : ▁ژ اپ ـ ۆن ▁نزیکه ▁ی ▁حه ▁وت ▁هه ▁زار ▁دور گه ▁ی ▁گرت ه ▁وه ▁له ▁لایه ▁ن ▁گه ▁وره ▁ترین ▁دور گه ▁ی ▁هۆ ن ش ۆ ▁بووه ▁و ▁.، بۆ ته ▁گه ▁وره ▁ترین ▁دور گه ▁ی ▁ژاپۆن ▁له ▁جیهاندا ▁ !
[2026-03-17 23:33:35] Best translation 1280 : ▁بۆ س ▁وێستگ ەی ▁پاس ی ▁نێوان ▁تا ق م ▁( بە ▁ئینگلیزی : ▁ <0x42> us s s ) ▁بە ▁درێژایی ▁ڕۆژ ▁ڕووب ار ەکە ▁جیا ▁دەکات ەوە ، ▁هەر چ ەند ە ▁زۆربەی ان ▁بە تای بە ت ▁ئەوانەی ▁بەرەو ▁ڕۆژه ەڵات ▁دە ڕۆ ن ▁و ▁جا کار / <0x42> u m t an g ▁لە ▁نێوان ▁ ٠ ٦ : ٣ ٠ ▁و ▁ ٠ ٧ : ٣ ٠ . ٣ ٠ .
[2026-03-17 23:33:50] Total translation time: 42.15696s
[2026-03-17 23:33:50] Saving model weights and runtime parameters to /workspace/OPUS-MT-train/work/en-ckb/curated-floresdev.spm4k-spm4k.transformer.model1.npz.best-bleu.npz
[2026-03-17 23:33:52] [valid] Ep. 20 : Up. 26000 : bleu : 11.8532 : new best
[2026-03-17 23:33:52] Translating validation set...
[2026-03-17 23:33:53] Best translation 0 : ▁ئەم ▁زار اوە یە ▁و ەر گیراو ە ▁لە ▁ئاشنا ی ی ▁دێ رین ی ▁ b d - b o g s ▁کە ▁بە ▁شێوەیەکی ▁زۆر ▁مێر وو ەکان ▁دە گونج ێن رێن ▁بۆ ▁هاو ش ێوە ی ▁مرۆڤ ەکان .
[2026-03-17 23:33:53] Best translation 1 : ▁هێرش بەر انی ▁م ۆم بای ▁لە ▁ڕێگەی ▁بە لە م ▁گەیشت نە ▁بەر دین ی ▁٢ ٦ ی ▁تشرین ی ▁دووەمی ▁ ٢٠٠ ٨ ، ▁کە ▁نار نج ۆک ▁و ▁چە کی ▁ئۆتۆ م اتی کی ▁و ▁چە کی ▁خو د کاران ە یان ▁هێنا ▁و ▁چەندین ▁ئامانج یان ▁دە پێک ن ▁لەوانە ▁قە ڵە ب اڵ غ ی ▁چ را پ اتی ▁شی ڤا جی ▁تر مین وس ▁و ▁وێستگ ەی ▁هێڵی ▁ئاس ن ینی ▁بە ناو بان گ ▁تا ج ▁مە ح ال .
[2026-03-17 23:33:53] Best translation 2 : ▁ئه ▁م ▁گه ▁ڕان ه ▁له ▁لایه ▁ن ▁هه ▁مان ▁که ▁ش وه ه ▁وا ▁خراپ ه ▁وه ▁که ▁بووه ▁ته ▁هۆی ▁بێ زار بوونی ▁زه ▁و ی .
[2026-03-17 23:33:53] Best translation 3 : ▁هه ▁روه ▁ها ▁ئاژانسی ▁" ئا ی ▁ئێم ا " ی ▁ئه ▁مه ▁ریکی ▁بۆ ی ▁ده ▁رک ه ▁وت ▁سه ▁ره ▁ر ِ ای ▁ئه ▁و ▁گرت ه ▁ڤیدیۆ یه ▁ی ▁که ▁له ▁سه ▁ر ▁تۆڕی ▁ئینته ▁رنێت ▁بڵاو ▁کراوه ▁ته ▁وه ▁، ▁بر ِ یار ▁وا بوو ▁" بر ای انی ▁بی گ " ▁یاسا کانی ▁سان سۆر کردنی ▁ناوه ▁ر ِ است ی ▁ئینته ▁رنێت ▁وه ▁ک ▁ده ▁زگاکانی ▁ڕاگه ▁یاندن ▁له ▁سه ▁ر ▁ماڵپ ه ▁ر ِ ی ▁" بر ای انی ▁بی گ " ▁هه ▁ڵ نه ▁گیراوه ▁.
[2026-03-17 23:33:53] Best translation 4 : ▁سوپای ▁لاواز تر ▁و ▁هێزی ▁ده ▁ری ایی ▁لاواز تر ▁بوو ، ▁هه ▁رچ ه ▁نده ▁ته ▁نها ▁چوار ▁که ▁شتی ▁نوێ یان ▁دروست ▁کردبوو ▁پێش ▁ده ▁ست پێ کردنی ▁شه ▁ڕه ▁که ▁.
[2026-03-17 23:33:53] Best translation 5 : ▁دووەم ▁گۆڵی ▁ش ەو ەکە ▁لە ▁٦ ٠ ەم ین ▁و ەرز دا ▁بوو ، ▁بوو ▁بە ▁یەکەم ▁یاریزان ▁کە ▁٦ ٠ ▁یان ▁زیاتر ▁لە ▁و ەرز ێک ▁لە ▁١٩ ٩ ٥ - ٩ ٦ ▁گۆڵ ▁تۆمار ▁بکات ، ▁کاتێک ▁جە ی رم یر ▁جا گری ▁و ▁مار ی ۆ ▁لی می و کس ▁هەر ی ەکەیان ▁گەیشت نە ▁ئەو ▁میل ۆن ە .
[2026-03-17 23:33:53] Best translation 10 : ▁خوێن ▁له ▁ناو ▁دڵ ه ▁وه ▁دوور ▁ده ▁که ▁وێت ه ▁وه ▁که ▁پێی ▁ده ▁گوت رێت ▁هون ه ▁ر ▁و ▁دێت ه ▁وه ▁سه ▁ر ▁دڵ ▁له ▁بێ چوو ه ▁کاندا ▁که ▁پێی ▁ده ▁گوت رێت ▁ده ▁مار ه ▁کان ، ▁بچووک ترین ▁ب ێوه ▁کان ▁به ▁کا پ ڵ اوه ▁کان ▁ناو ▁ده ▁ب رێت .
[2026-03-17 23:33:53] Best translation 20 : ▁ش ە پ ۆل ەکان ▁دەتوانن ▁هەردوو ک یان ▁مە ج ازی ▁و ▁ڕاست ە ق ین ▁بن ، ▁بە ▁و ش ەکانی ▁تر ، ▁مامۆستا ▁جۆرێک ە ▁لە ▁ش کان ▁بەڵام ▁بۆیە ▁پیاو ی ▁بچووک ی ▁ک اغ ە ز ▁لە ▁نووسینگ ەی ▁مای ک رۆس ۆف ت .
[2026-03-17 23:33:53] Best translation 40 : ▁خۆپ ـ یش ـ اند انه ▁که ▁له ▁ده ▁وروب ه ▁ری ▁ی از ده ▁ی از ده ▁ی ▁سه ▁پت ێم به ▁ر ▁ده ▁س ـ تی پ ـ ێ ـ کردووه ▁به ▁رامب ه ▁ر ▁به ▁و ▁به ▁رپ ـ رس ـ انه ▁ی ▁هێزه ▁کانی ▁پ ـ ۆلیس ▁به ▁رامب ه ▁ر ▁به ▁شه ▁قامی ▁دا نوس ـ ت اندن ▁ده ▁س ـ تی پ ـ ێ ـ کردووه ▁، ▁شوێنی ▁فه ▁رمی ▁سه ▁رۆک ▁وه ▁زیر .
[2026-03-17 23:33:54] Best translation 80 : ▁نیشان ەکە ▁لە ▁ڕووی ▁جەستە ی یەوە ▁زیانی ▁پێ نە گەی شت ؛ ▁دەست کاری کردن ەکە ▁بە ▁بەکارهێنانی ▁تا ر پا لین ی ▁ڕە ش ▁بە ▁نیشان ەکانی ▁ئاشتی ▁و ▁دڵ ەوە ▁بۆ ▁گۆڕینی ▁" ▁کە لو پ ە لی ▁خوارەوە " ▁ئەنجام درا .
[2026-03-17 23:33:57] Best translation 160 : ▁خه ▁ڵک ▁به ▁کورسی یه ▁وه ▁به ▁ر ▁په ▁نجه ▁ره ▁کان ▁که ▁وتوون ، ▁به ▁ڵام ▁په ▁نجه ▁ره ▁کان ▁نا ه ه ▁موار ▁بوون .
[2026-03-17 23:34:00] Best translation 320 : ▁بە دوا دا چوونی ▁نە خ شە ی ▁دەریا ی ی ▁، ▁بە ▁بەکارهێنانی ▁R <0x4F> <0x56> ▁دۆزرای ەوە ▁.
[2026-03-17 23:34:07] Best translation 640 : ▁ژ اپ ـ ۆن ▁نزیکه ▁ی ▁حه ▁وت ▁هه ▁زار ▁دور گه ▁ی ▁گرت ه ▁وه ▁له ▁لایه ▁ن ▁گه ▁وره ▁ترین ▁دور گه ▁ی ▁هۆ ن ش ۆ ▁بووه ▁و ▁.، بۆ ته ▁گه ▁وره ▁ترین ▁دور گه ▁ی ▁ژاپۆن ▁له ▁جیهاندا ▁ !
[2026-03-17 23:34:20] Best translation 1280 : ▁بۆ س ▁وێستگ ەی ▁پاس ی ▁نێوان ▁تا ق م ▁( بە ▁ئینگلیزی : ▁ <0x42> us s s ) ▁بە ▁درێژایی ▁ڕۆژ ▁ڕووب ار ەکە ▁جیا ▁دەکات ەوە ، ▁هەر چ ەند ە ▁زۆربەی ان ▁بە تای بە ت ▁ئەوانەی ▁بەرەو ▁ڕۆژه ەڵات ▁دە ڕۆ ن ▁و ▁جا کار / <0x42> u m t an g ▁لە ▁نێوان ▁ ٠ ٦ : ٣ ٠ ▁و ▁ ٠ ٧ : ٣ ٠ . ٣ ٠ .
[2026-03-17 23:34:35] Total translation time: 43.31022s
[2026-03-17 23:34:35] Saving model weights and runtime parameters to /workspace/OPUS-MT-train/work/en-ckb/curated-floresdev.spm4k-spm4k.transformer.model1.npz.best-chrf.npz
[2026-03-17 23:34:36] [valid] Ep. 20 : Up. 26000 : chrf : 42.0037 : new best
[2026-03-17 23:34:38] Saving model weights and runtime parameters to /workspace/OPUS-MT-train/work/en-ckb/curated-floresdev.spm4k-spm4k.transformer.model1.npz.best-perplexity.npz
[2026-03-17 23:34:39] [valid] Ep. 20 : Up. 26000 : perplexity : 9.68551 : new best
[2026-03-17 23:36:15] Seen 310,206 samples
[2026-03-17 23:36:15] Starting data epoch 21 in logical epoch 21
[2026-03-17 23:37:30] Ep. 21 : Up. 27000 : Sen. 103,538 : Cost 2.42377877 * 13,434,748 @ 12,872 after 362,805,530 : Time 268.57s : 50022.82 words/s : gNorm 0.6021 : L.r. 2.3094e-04
[2026-03-17 23:37:30] Saving model weights and runtime parameters to /workspace/OPUS-MT-train/work/en-ckb/curated-floresdev.spm4k-spm4k.transformer.model1.npz
[2026-03-17 23:37:31] Saving Adam parameters
[2026-03-17 23:37:33] [training] Saving training checkpoint to /workspace/OPUS-MT-train/work/en-ckb/curated-floresdev.spm4k-spm4k.transformer.model1.npz and /workspace/OPUS-MT-train/work/en-ckb/curated-floresdev.spm4k-spm4k.transformer.model1.npz.optimizer.npz
[2026-03-17 23:37:37] Translating validation set...
[2026-03-17 23:37:38] Best translation 0 : ▁ئەم ▁زار اوە یە ▁و ەر گیراو ە ▁لە ▁ئاشنا ی ی ▁دێ رین ▁لەگەڵ ▁ <0x42> d - b o g s ▁کە ▁بە ▁شێوەیەکی ▁زۆر ▁مێر وو ەکان ▁گونجاو ن ▁بۆ ▁هاو س ەنگ کردنی ▁مرۆڤ ەکان .
[2026-03-17 23:37:38] Best translation 1 : ▁هێرش بەر انی ▁م ۆم بای ▁لە ▁ڕێگەی ▁بە لە م ▁گەیشت نە ▁٢ ٦ ی ▁تشرین ی ▁دووەمی ▁ ٢٠٠ ٨ ▁و ▁نار نج ۆک ▁و ▁چە کی ▁ئۆتۆ م اتی کی ▁و ▁چە کی ▁ئۆتۆ م اتی کی ▁و ▁چەندین ▁ئامانج یان ▁پێک دە ه ێنن ▁لەوانە ▁قە ڵە ب اڵ غ ی ▁چ ات را پ اتی ▁شی ڤا جی ▁تر مین وس ▁و ▁وێستگ ەی ▁هێڵی ▁ئاس نی ▁بە ناو بان گ ▁تا ج ▁مە ح ال .
[2026-03-17 23:37:38] Best translation 2 : ▁ئه ▁م ▁گه ▁ڕان ه ▁له ▁لایه ▁ن ▁هه ▁مان ▁که ▁ش وه ه ▁وا ▁خراپ ه ▁وه ▁که ▁بووه ▁ته ▁هۆی ▁له ▁ناو چوونی ▁زه ▁و ی .
[2026-03-17 23:37:38] Best translation 3 : ▁هه ▁روه ▁ها ▁ئاژانسی ▁" ئا ی ▁ئێم ا " ی ▁ئه ▁مه ▁ریکی ▁بۆ ی ▁ده ▁رک ه ▁وت ▁سه ▁ره ▁ر ِ ای ▁ئه ▁و ▁گرت ه ▁ڤیدیۆ یه ▁ی ▁که ▁له ▁سه ▁ر ▁تۆڕی ▁ئینته ▁رنێت ▁بڵاو ▁کراوه ▁ته ▁وه ▁، ▁کۆمپانیای ▁" بر ای انی ▁بی گ " ▁یاسا کانی ▁سان سۆر کردنی ▁ناوه ▁ر ِ است ی ▁ئینته ▁رنێت ی ▁وه ▁رنه ▁گرت بوو ، ▁له ▁کاتێکدا ▁که ▁ڕاگه ▁یاندن ه ▁کان ▁له ▁ماڵپ ه ▁ر ِ ی ▁" بر ای انی ▁بی گ " ▁هه ▁ڵ نه ▁گیرا بوون .
[2026-03-17 23:37:38] Best translation 4 : ▁سوپای ه ▁کی ▁لاواز تر ▁و ▁هێزی ▁ده ▁ری ایی ▁لاواز تر ی ▁هه ▁بوو ، ▁هه ▁رچ ه ▁نده ▁ته ▁نها ▁چوار ▁که ▁شتی ▁نوێ یان ▁دروست ▁کردبوو ▁پێش ▁ده ▁ست پێ کردنی ▁شه ▁ڕه ▁که ▁.
[2026-03-17 23:37:38] Best translation 5 : ▁دووەم ▁گۆڵی ▁ش ەو ەکە ▁لە ▁٦ ٠ ی ▁و ەرز ەکەی دا ▁بوو ، ▁بوو ▁بە ▁یەکەم ▁یاریزان ▁کە ▁٦ ٠ ▁یان ▁زیاتر ▁لە ▁و ەرز ێک ▁لە ▁ساڵی ▁١٩ ٩ ٥ - ٩ ٦ ەوە ▁٦ ٠ ▁گۆڵ ▁تۆمار ▁بکات ، ▁کاتێک ▁جە رم یر ▁جا گری ▁و ▁مار ی ۆ ▁لی می و کس ▁هەر ی ەکەیان ▁گەیشت نە ▁ئەو ▁میل ۆن .
[2026-03-17 23:37:38] Best translation 10 : ▁خوێن ▁له ▁ناو ▁دڵ ه ▁وه ▁دوور ▁ده ▁که ▁وێت ه ▁وه ▁که ▁پێی ▁ده ▁گوت رێت ▁خوێن به ▁ره ▁کان ▁و ▁دێت ه ▁وه ▁سه ▁ر ▁دڵ ▁له ▁بێ چوو ه ▁کاندا ▁که ▁پێی ▁ده ▁گوت رێت ▁ده ▁مار ه ▁کان ، ▁بچوک ترین ▁ب ڵ اڤ ۆک ه ▁کان ▁پێیان ▁ده ▁گوت رێت ▁کا پ ڵ ه ▁کان .
[2026-03-17 23:37:38] Best translation 20 : ▁کا ف ۆڵ د ەکان ▁دەتوانن ▁هەردوو ک یان ▁مە ج ازی ▁و ▁ڕاست ە قی نە ▁بن ▁، ▁بە ▁و شە ی ▁تر ▁، ▁مامۆستا ▁جۆرێک ە ▁لە ▁پێو ەر ▁بەڵام ▁بۆیە ▁پیاو ی ▁ک اغ ە زی ▁بچووک ە ▁لە ▁نووسینگ ەی ▁مای ک رۆس ۆف ت ▁.
[2026-03-17 23:37:38] Best translation 40 : ▁خۆپ ـ یش ـ اند انه ▁که ▁له ▁ده ▁وروب ه ▁ری ▁ی از ده ▁ی ▁سه ▁عات ▁ی از ده ▁ده ▁س ـ تی پ ـ ێ ـ کرد ، ▁ئه ▁و ▁خۆپ ـ یش ـ اند انه ▁له ▁سه ▁ر ▁ش ـ اری ▁وا یت اڵ ▁به ▁رامب ه ▁ر ▁به ▁و ▁مه ▁به ▁س ـ ته ▁ی ▁پ ـ ۆلیس ی ▁پاس ه ▁وانی ▁بۆ ▁ش ـ اری ▁دا ون س ـ تان ▁ده ▁س ـ تی پ ـ ێ ـ کرد .
[2026-03-17 23:37:39] Best translation 80 : ▁نیشان ەکە ▁لە ▁ڕووی ▁جەستە ی یەوە ▁زیانی ▁پێ نە گەی شت ؛ ▁دەست کاری کردن ەکە ▁بە ▁بەکارهێنانی ▁تا رم ایی ▁ڕە ش پێ ست ▁بە ▁نیشان ەکانی ▁ئاشتی ▁و ▁دڵ ەوە ▁بۆ ▁گۆڕینی ▁" ▁کە لو پ ە لی ▁خوارەوە " ▁ئەنجام درا .
[2026-03-17 23:37:42] Best translation 160 : ▁خه ▁ڵک ▁به ▁کورسی یه ▁وه ▁به ▁ر ▁په ▁نجه ▁ره ▁کان ▁که ▁وتوون ، ▁به ▁ڵام ▁په ▁نجه ▁ره ▁کان ▁نا ه ه ▁موار ▁بوون .
[2026-03-17 23:37:45] Best translation 320 : ▁بە دوا دا چوونی ▁نە خ شە ی ▁دەریا ی ی ▁، ▁بە ▁بەکارهێنانی ▁R <0x4F> <0x56> ▁دۆزرای ەوە ▁.
[2026-03-17 23:37:51] Best translation 640 : ▁ژ اپ ـ ۆن ▁نزیکه ▁ی ▁حه ▁وت ▁هه ▁زار ▁دور گه ▁ی ▁گرت ه ▁وه ▁له ▁لایه ▁ن ▁گه ▁وره ▁ترین ▁دور گه ▁ی ▁هۆ ن ش ۆ ▁که ▁به ▁حه ▁وته ▁مین ▁دور گه ▁ی ▁ژاپۆن ▁داد ه ▁نرێت ▁له ▁جیهاندا !
[2026-03-17 23:38:03] Best translation 1280 : ▁بۆ س ▁وێستگ ەی ▁پاس ی ▁ناو ەند ▁( بە ▁ئینگلیزی : ▁ <0x42> us s ) ▁بە ▁درێژایی ▁ڕۆژ ▁ڕووب ار ەکە ▁دا دە بە ز ێنێت ، ▁هەر چ ەند ە ▁زۆربەی ان ▁بە تای بە ت ▁ئەوانەی ▁بەرەو ▁ڕۆژه ەڵات ▁دە ڕۆ ن ▁و ▁جا کار / <0x42> u t an g ▁لە ▁نێوان ▁ ٠ ٦ : ٣ ٠ ▁و ▁ ٠ ٧ : ٣ ٠ . ٣ ٠ .
[2026-03-17 23:38:18] Total translation time: 41.52602s
[2026-03-17 23:38:18] Saving model weights and runtime parameters to /workspace/OPUS-MT-train/work/en-ckb/curated-floresdev.spm4k-spm4k.transformer.model1.npz.best-bleu.npz
[2026-03-17 23:38:20] [valid] Ep. 21 : Up. 27000 : bleu : 12.1823 : new best
[2026-03-17 23:38:20] Translating validation set...
[2026-03-17 23:38:20] Best translation 0 : ▁ئەم ▁زار اوە یە ▁و ەر گیراو ە ▁لە ▁ئاشنا ی ی ▁دێ رین ▁لەگەڵ ▁ <0x42> d - b o g s ▁کە ▁بە ▁شێوەیەکی ▁زۆر ▁مێر وو ەکان ▁گونجاو ن ▁بۆ ▁هاو س ەنگ کردنی ▁مرۆڤ ەکان .
[2026-03-17 23:38:20] Best translation 1 : ▁هێرش بەر انی ▁م ۆم بای ▁لە ▁ڕێگەی ▁بە لە م ▁گەیشت نە ▁٢ ٦ ی ▁تشرین ی ▁دووەمی ▁ ٢٠٠ ٨ ▁و ▁نار نج ۆک ▁و ▁چە کی ▁ئۆتۆ م اتی کی ▁و ▁چە کی ▁ئۆتۆ م اتی کی ▁و ▁چەندین ▁ئامانج یان ▁پێک دە ه ێنن ▁لەوانە ▁قە ڵە ب اڵ غ ی ▁چ ات را پ اتی ▁شی ڤا جی ▁تر مین وس ▁و ▁وێستگ ەی ▁هێڵی ▁ئاس نی ▁بە ناو بان گ ▁تا ج ▁مە ح ال .
[2026-03-17 23:38:21] Best translation 2 : ▁ئه ▁م ▁گه ▁ڕان ه ▁له ▁لایه ▁ن ▁هه ▁مان ▁که ▁ش وه ه ▁وا ▁خراپ ه ▁وه ▁که ▁بووه ▁ته ▁هۆی ▁له ▁ناو چوونی ▁زه ▁و ی .
[2026-03-17 23:38:21] Best translation 3 : ▁هه ▁روه ▁ها ▁ئاژانسی ▁" ئا ی ▁ئێم ا " ی ▁ئه ▁مه ▁ریکی ▁بۆ ی ▁ده ▁رک ه ▁وت ▁سه ▁ره ▁ر ِ ای ▁ئه ▁و ▁گرت ه ▁ڤیدیۆ یه ▁ی ▁که ▁له ▁سه ▁ر ▁تۆڕی ▁ئینته ▁رنێت ▁بڵاو ▁کراوه ▁ته ▁وه ▁، ▁کۆمپانیای ▁" بر ای انی ▁بی گ " ▁یاسا کانی ▁سان سۆر کردنی ▁ناوه ▁ر ِ است ی ▁ئینته ▁رنێت ی ▁وه ▁رنه ▁گرت بوو ، ▁له ▁کاتێکدا ▁که ▁ڕاگه ▁یاندن ه ▁کان ▁له ▁ماڵپ ه ▁ر ِ ی ▁" بر ای انی ▁بی گ " ▁هه ▁ڵ نه ▁گیرا بوون .
[2026-03-17 23:38:21] Best translation 4 : ▁سوپای ه ▁کی ▁لاواز تر ▁و ▁هێزی ▁ده ▁ری ایی ▁لاواز تر ی ▁هه ▁بوو ، ▁هه ▁رچ ه ▁نده ▁ته ▁نها ▁چوار ▁که ▁شتی ▁نوێ یان ▁دروست ▁کردبوو ▁پێش ▁ده ▁ست پێ کردنی ▁شه ▁ڕه ▁که ▁.
[2026-03-17 23:38:21] Best translation 5 : ▁دووەم ▁گۆڵی ▁ش ەو ەکە ▁لە ▁٦ ٠ ی ▁و ەرز ەکەی دا ▁بوو ، ▁بوو ▁بە ▁یەکەم ▁یاریزان ▁کە ▁٦ ٠ ▁یان ▁زیاتر ▁لە ▁و ەرز ێک ▁لە ▁ساڵی ▁١٩ ٩ ٥ - ٩ ٦ ەوە ▁٦ ٠ ▁گۆڵ ▁تۆمار ▁بکات ، ▁کاتێک ▁جە رم یر ▁جا گری ▁و ▁مار ی ۆ ▁لی می و کس ▁هەر ی ەکەیان ▁گەیشت نە ▁ئەو ▁میل ۆن .
[2026-03-17 23:38:21] Best translation 10 : ▁خوێن ▁له ▁ناو ▁دڵ ه ▁وه ▁دوور ▁ده ▁که ▁وێت ه ▁وه ▁که ▁پێی ▁ده ▁گوت رێت ▁خوێن به ▁ره ▁کان ▁و ▁دێت ه ▁وه ▁سه ▁ر ▁دڵ ▁له ▁بێ چوو ه ▁کاندا ▁که ▁پێی ▁ده ▁گوت رێت ▁ده ▁مار ه ▁کان ، ▁بچوک ترین ▁ب ڵ اڤ ۆک ه ▁کان ▁پێیان ▁ده ▁گوت رێت ▁کا پ ڵ ه ▁کان .
[2026-03-17 23:38:21] Best translation 20 : ▁کا ف ۆڵ د ەکان ▁دەتوانن ▁هەردوو ک یان ▁مە ج ازی ▁و ▁ڕاست ە قی نە ▁بن ▁، ▁بە ▁و شە ی ▁تر ▁، ▁مامۆستا ▁جۆرێک ە ▁لە ▁پێو ەر ▁بەڵام ▁بۆیە ▁پیاو ی ▁ک اغ ە زی ▁بچووک ە ▁لە ▁نووسینگ ەی ▁مای ک رۆس ۆف ت ▁.
[2026-03-17 23:38:21] Best translation 40 : ▁خۆپ ـ یش ـ اند انه ▁که ▁له ▁ده ▁وروب ه ▁ری ▁ی از ده ▁ی ▁سه ▁عات ▁ی از ده ▁ده ▁س ـ تی پ ـ ێ ـ کرد ، ▁ئه ▁و ▁خۆپ ـ یش ـ اند انه ▁له ▁سه ▁ر ▁ش ـ اری ▁وا یت اڵ ▁به ▁رامب ه ▁ر ▁به ▁و ▁مه ▁به ▁س ـ ته ▁ی ▁پ ـ ۆلیس ی ▁پاس ه ▁وانی ▁بۆ ▁ش ـ اری ▁دا ون س ـ تان ▁ده ▁س ـ تی پ ـ ێ ـ کرد .
[2026-03-17 23:38:22] Best translation 80 : ▁نیشان ەکە ▁لە ▁ڕووی ▁جەستە ی یەوە ▁زیانی ▁پێ نە گەی شت ؛ ▁دەست کاری کردن ەکە ▁بە ▁بەکارهێنانی ▁تا رم ایی ▁ڕە ش پێ ست ▁بە ▁نیشان ەکانی ▁ئاشتی ▁و ▁دڵ ەوە ▁بۆ ▁گۆڕینی ▁" ▁کە لو پ ە لی ▁خوارەوە " ▁ئەنجام درا .
[2026-03-17 23:38:24] Best translation 160 : ▁خه ▁ڵک ▁به ▁کورسی یه ▁وه ▁به ▁ر ▁په ▁نجه ▁ره ▁کان ▁که ▁وتوون ، ▁به ▁ڵام ▁په ▁نجه ▁ره ▁کان ▁نا ه ه ▁موار ▁بوون .
[2026-03-17 23:38:28] Best translation 320 : ▁بە دوا دا چوونی ▁نە خ شە ی ▁دەریا ی ی ▁، ▁بە ▁بەکارهێنانی ▁R <0x4F> <0x56> ▁دۆزرای ەوە ▁.
[2026-03-17 23:38:34] Best translation 640 : ▁ژ اپ ـ ۆن ▁نزیکه ▁ی ▁حه ▁وت ▁هه ▁زار ▁دور گه ▁ی ▁گرت ه ▁وه ▁له ▁لایه ▁ن ▁گه ▁وره ▁ترین ▁دور گه ▁ی ▁هۆ ن ش ۆ ▁که ▁به ▁حه ▁وته ▁مین ▁دور گه ▁ی ▁ژاپۆن ▁داد ه ▁نرێت ▁له ▁جیهاندا !
[2026-03-17 23:38:47] Best translation 1280 : ▁بۆ س ▁وێستگ ەی ▁پاس ی ▁ناو ەند ▁( بە ▁ئینگلیزی : ▁ <0x42> us s ) ▁بە ▁درێژایی ▁ڕۆژ ▁ڕووب ار ەکە ▁دا دە بە ز ێنێت ، ▁هەر چ ەند ە ▁زۆربەی ان ▁بە تای بە ت ▁ئەوانەی ▁بەرەو ▁ڕۆژه ەڵات ▁دە ڕۆ ن ▁و ▁جا کار / <0x42> u t an g ▁لە ▁نێوان ▁ ٠ ٦ : ٣ ٠ ▁و ▁ ٠ ٧ : ٣ ٠ . ٣ ٠ .
[2026-03-17 23:39:02] Total translation time: 42.52866s
[2026-03-17 23:39:02] Saving model weights and runtime parameters to /workspace/OPUS-MT-train/work/en-ckb/curated-floresdev.spm4k-spm4k.transformer.model1.npz.best-chrf.npz
[2026-03-17 23:39:03] [valid] Ep. 21 : Up. 27000 : chrf : 42.3865 : new best
[2026-03-17 23:39:05] Saving model weights and runtime parameters to /workspace/OPUS-MT-train/work/en-ckb/curated-floresdev.spm4k-spm4k.transformer.model1.npz.best-perplexity.npz
[2026-03-17 23:39:06] [valid] Ep. 21 : Up. 27000 : perplexity : 9.4858 : new best
[2026-03-17 23:41:38] Seen 310,206 samples
[2026-03-17 23:41:38] Starting data epoch 22 in logical epoch 22
[2026-03-17 23:41:57] Ep. 22 : Up. 28000 : Sen. 24,614 : Cost 2.40481806 * 13,466,876 @ 7,769 after 376,272,406 : Time 267.37s : 50367.50 words/s : gNorm 0.6295 : L.r. 2.2678e-04
[2026-03-17 23:41:57] Saving model weights and runtime parameters to /workspace/OPUS-MT-train/work/en-ckb/curated-floresdev.spm4k-spm4k.transformer.model1.npz
[2026-03-17 23:41:59] Saving Adam parameters
[2026-03-17 23:42:01] [training] Saving training checkpoint to /workspace/OPUS-MT-train/work/en-ckb/curated-floresdev.spm4k-spm4k.transformer.model1.npz and /workspace/OPUS-MT-train/work/en-ckb/curated-floresdev.spm4k-spm4k.transformer.model1.npz.optimizer.npz
[2026-03-17 23:42:04] Translating validation set...
[2026-03-17 23:42:05] Best translation 0 : ▁ئەم ▁زار اوە یە ▁و ەر گیراو ە ▁لە ▁ئاشنا ی ی ▁دێ رین ▁لەگەڵ ▁ <0x42> d - b o g s ▁کە ▁بە ▁شێوەیەکی ▁زۆر ▁مێر وو ەکان ▁گونجاو ن ▁بۆ ▁هاو ش ێوە کردنی ▁مرۆڤ ەکان .
[2026-03-17 23:42:05] Best translation 1 : ▁هێرش بەر انی ▁م ۆم بای ▁لە ▁ڕێگەی ▁بە لە م ەوە ▁گەیشت نە ▁سەر ▁ڕۆمان ی ▁٢ ٦ ی ▁تشرین ی ▁دووەمی ▁ ٢٠٠ ٨ ▁و ▁نار نج ۆک ▁و ▁چە کی ▁ئۆتۆ م اتی کی ▁و ▁چە کی ▁ئۆتۆ م اتی کی یان ▁هێنا ▁و ▁چەندین ▁ئامانج یان ▁پێک هێنا ▁لەوانە ▁قە ڵە ب اڵ غ ی ▁چ ات را پ اتی ▁شی ڤا جی ▁ت ێر مین ۆس ▁و ▁وێستگ ەی ▁هێڵی ▁ئاس نی ▁بە ناو بان گ ▁هۆ ت ێل ▁تا ج ▁مە ح ال .
[2026-03-17 23:42:06] Best translation 2 : ▁ئه ▁م ▁گه ▁ڕان ه ▁له ▁لایه ▁ن ▁هه ▁مان ▁که ▁ش وه ه ▁وا ▁خراپ ه ▁وه ▁که ▁بووه ▁هۆی ▁له ▁ناو چوونی ▁زه ▁و ی .
[2026-03-17 23:42:06] Best translation 3 : ▁هه ▁روه ▁ها ▁ماڵپ ه ▁ر ِ ی ▁" ئا ی ▁سی ▁ئێم " ▁بۆ ی ▁ده ▁رک ه ▁وتووه ▁، ▁سه ▁ره ▁ر ِ ای ▁بڵاوبوون ه ▁وه ▁ی ▁ئه ▁و ▁گرت ه ▁ڤیدیۆ یه ▁له ▁سه ▁ر ▁ئینته ▁رنێت ، ▁بر ِ یار ▁وا بوو ▁" بر ای انی ▁بی گ " ▁یاسا کانی ▁سان سۆر کردنی ▁ناوه ▁ر ِ است ی ▁ئینته ▁رنێت ی ▁وه ▁رنه ▁گرت بێت ، ▁له ▁کاتێکدا ▁که ▁ڕاگه ▁یاندن ه ▁کان ▁له ▁ماڵپ ه ▁ر ِ ی ▁" بر ای انی ▁بی گ " ▁هه ▁ڵ نه ▁گیرا بوون .
[2026-03-17 23:42:06] Best translation 4 : ▁سوپای ه ▁کی ▁لاواز تر ▁و ▁هێزی ▁ده ▁ری ایی ▁لاواز تر ی ▁هه ▁بوو ، ▁هه ▁رچ ه ▁نده ▁ته ▁نها ▁چوار ▁که ▁شتی ▁نوێ یان ▁دروست ▁کردبوو ▁پێش ▁ده ▁ست پێ کردنی ▁شه ▁ڕه ▁که ▁.
[2026-03-17 23:42:06] Best translation 5 : ▁دووەم ▁گۆڵی ▁ش ەو ەکە ▁٦ ٠ ەم ین ▁و ەرز ەکەی ▁بوو ، ▁بوو ▁بە ▁یەکەم ▁یاریزان ▁کە ▁٦ ٠ ▁یان ▁زیاتر ▁لە ▁و ەرز ێک ▁لە ▁ساڵی ▁١٩ ٩ ٥ - ٩ ٦ ەوە ▁٦ ٠ ▁گۆڵ ▁تۆمار ▁بکات ، ▁کاتێک ▁جە رم یر ▁جا گری ▁و ▁مار ی ۆ ▁لی می و کس ▁هەر ی ەکەیان ▁گەیشت نە ▁ئەو ▁میل ۆن .
[2026-03-17 23:42:06] Best translation 10 : ▁خوێن ▁له ▁ناو ▁دڵ ه ▁وه ▁دوور ▁ده ▁که ▁وێت ه ▁وه ▁که ▁پێی ▁ده ▁گوت رێت ▁خوێن به ▁ره ▁کان ▁و ▁دێت ه ▁وه ▁سه ▁ر ▁دڵ ▁له ▁بێ چوو ه ▁کاندا ▁که ▁پێی ▁ده ▁گوت رێت ▁ده ▁مار ه ▁کان ، ▁بچووک ترین ▁ت وب ه ▁کان ▁پێی ▁ده ▁گوت رێت ▁کا پ ڵ ه ▁کان .
[2026-03-17 23:42:06] Best translation 20 : ▁کا ف ۆڵ د ەکان ▁دەتوانن ▁هەم ▁مە ج ازی ▁و ▁ڕاست ە قی نە ▁بن ▁، ▁بە ▁و ش ەکانی ▁تر ▁، ▁مامۆستا ▁جۆرێک ە ▁لە ▁پێو ەر ▁بەڵام ▁بۆیە ▁پیاو ی ▁ک اغ ە زی ▁بچووک ە ▁لە ▁نووسینگ ەی ▁مای ک رۆس ۆف ت ▁.
[2026-03-17 23:42:06] Best translation 40 : ▁خۆپ ـ یش ـ اند انه ▁که ▁ده ▁س ـ تی پ ـ ێ ـ کرد ▁له ▁ده ▁وروب ه ▁ری ▁کاتژمێر ▁ی از ده ▁ی از ده ▁ی ▁سه ▁رل ه ▁به ▁یانی ▁به ▁رامب ه ▁ر ▁به ▁ش ـ وێن ی ▁پ ـ ۆلیس ی ▁پاس ه ▁وانی ▁بۆ ▁ش ـ اری ▁دا ون س ـ تان ▁که ▁شوێنی ▁فه ▁رمی ▁سه ▁رۆک ▁وه ▁زیری ▁وڵاته ▁که ▁یه ▁.
[2026-03-17 23:42:06] Best translation 80 : ▁نیشان ەکە ▁لە ▁ڕووی ▁جەستە ی یەوە ▁زیانی ▁پێ نە گەی شت ؛ ▁دەست کاری کردن ەکە ▁بە ▁بەکارهێنانی ▁تا ر پا لین ە ▁ڕە ش پێ ست ەکان ▁بە ▁نیشان ەکانی ▁ئاشتی ▁و ▁دڵ ▁ڕ از ێن رای ەوە ▁بۆ ▁جێگر ەوە ی ▁" ▁ <0x4F> ▁" ▁بۆ ▁خوێندن ەوە ی ▁" ▁" ▁.
[2026-03-17 23:42:09] Best translation 160 : ▁خه ▁ڵک ▁به ▁کورسی ▁به ▁ر ▁په ▁نجه ▁ره ▁کان ▁که ▁وت ، ▁به ▁ڵام ▁په ▁نجه ▁ره ▁کان ▁نا ه ه ▁موار ▁بوون .
[2026-03-17 23:42:12] Best translation 320 : ▁بە دوا دا چوونی ▁نە خ ش ەیەکی ▁دەریا ی ی ▁، ▁بە ▁بەکارهێنانی ▁R <0x4F> <0x56> ▁دۆزرای ەوە ▁.
[2026-03-17 23:42:18] Best translation 640 : ▁ژ اپ ـ ۆن ▁نزیکه ▁ی ▁حه ▁وت ▁هه ▁زار ▁دور گه ▁ی ▁گرت ه ▁وه ▁له ▁لایه ▁ن ▁گه ▁وره ▁ترین ▁دور گه ▁ی ▁هۆ ن ش ۆ ▁که ▁به ▁حه ▁وته ▁م ▁گه ▁وره ▁ترین ▁دور گه ▁ی ▁ژاپۆن ▁داد ه ▁نرێت ▁له ▁جیهاندا !
[2026-03-17 23:42:31] Best translation 1280 : ▁بۆ س ▁وێستگ ەی ▁پاس ی ▁نێوان ▁خۆی ▁( بە ▁ئینگلیزی : ▁ <0x42> us s ) ▁بە ▁درێژایی ▁ڕۆژ ▁ڕووب ار ەکە ▁دا دە بە ز ێنێت ، ▁هەر چ ەند ە ▁زۆربەی ان ▁بە تای بە ت ▁ئەوانەی ▁بەرەو ▁ڕۆژه ەڵات ▁دە ڕۆ ن ▁و ▁جا کار / <0x42> u m t an g ▁لە ▁نێوان ▁ ٠ ٦ : ٣ ٠ ▁و ▁ ٠ ٧ : ٣ ٠ . ٣ ٠ .
[2026-03-17 23:42:46] Total translation time: 41.84501s
[2026-03-17 23:42:46] Saving model weights and runtime parameters to /workspace/OPUS-MT-train/work/en-ckb/curated-floresdev.spm4k-spm4k.transformer.model1.npz.best-bleu.npz
[2026-03-17 23:42:47] [valid] Ep. 22 : Up. 28000 : bleu : 12.3837 : new best
[2026-03-17 23:42:47] Translating validation set...
[2026-03-17 23:42:48] Best translation 0 : ▁ئەم ▁زار اوە یە ▁و ەر گیراو ە ▁لە ▁ئاشنا ی ی ▁دێ رین ▁لەگەڵ ▁ <0x42> d - b o g s ▁کە ▁بە ▁شێوەیەکی ▁زۆر ▁مێر وو ەکان ▁گونجاو ن ▁بۆ ▁هاو ش ێوە کردنی ▁مرۆڤ ەکان .
[2026-03-17 23:42:48] Best translation 1 : ▁هێرش بەر انی ▁م ۆم بای ▁لە ▁ڕێگەی ▁بە لە م ەوە ▁گەیشت نە ▁سەر ▁ڕۆمان ی ▁٢ ٦ ی ▁تشرین ی ▁دووەمی ▁ ٢٠٠ ٨ ▁و ▁نار نج ۆک ▁و ▁چە کی ▁ئۆتۆ م اتی کی ▁و ▁چە کی ▁ئۆتۆ م اتی کی یان ▁هێنا ▁و ▁چەندین ▁ئامانج یان ▁پێک هێنا ▁لەوانە ▁قە ڵە ب اڵ غ ی ▁چ ات را پ اتی ▁شی ڤا جی ▁ت ێر مین ۆس ▁و ▁وێستگ ەی ▁هێڵی ▁ئاس نی ▁بە ناو بان گ ▁هۆ ت ێل ▁تا ج ▁مە ح ال .
[2026-03-17 23:42:49] Best translation 2 : ▁ئه ▁م ▁گه ▁ڕان ه ▁له ▁لایه ▁ن ▁هه ▁مان ▁که ▁ش وه ه ▁وا ▁خراپ ه ▁وه ▁که ▁بووه ▁هۆی ▁له ▁ناو چوونی ▁زه ▁و ی .
[2026-03-17 23:42:49] Best translation 3 : ▁هه ▁روه ▁ها ▁ماڵپ ه ▁ر ِ ی ▁" ئا ی ▁سی ▁ئێم " ▁بۆ ی ▁ده ▁رک ه ▁وتووه ▁، ▁سه ▁ره ▁ر ِ ای ▁بڵاوبوون ه ▁وه ▁ی ▁ئه ▁و ▁گرت ه ▁ڤیدیۆ یه ▁له ▁سه ▁ر ▁ئینته ▁رنێت ، ▁بر ِ یار ▁وا بوو ▁" بر ای انی ▁بی گ " ▁یاسا کانی ▁سان سۆر کردنی ▁ناوه ▁ر ِ است ی ▁ئینته ▁رنێت ی ▁وه ▁رنه ▁گرت بێت ، ▁له ▁کاتێکدا ▁که ▁ڕاگه ▁یاندن ه ▁کان ▁له ▁ماڵپ ه ▁ر ِ ی ▁" بر ای انی ▁بی گ " ▁هه ▁ڵ نه ▁گیرا بوون .
[2026-03-17 23:42:49] Best translation 4 : ▁سوپای ه ▁کی ▁لاواز تر ▁و ▁هێزی ▁ده ▁ری ایی ▁لاواز تر ی ▁هه ▁بوو ، ▁هه ▁رچ ه ▁نده ▁ته ▁نها ▁چوار ▁که ▁شتی ▁نوێ یان ▁دروست ▁کردبوو ▁پێش ▁ده ▁ست پێ کردنی ▁شه ▁ڕه ▁که ▁.
[2026-03-17 23:42:49] Best translation 5 : ▁دووەم ▁گۆڵی ▁ش ەو ەکە ▁٦ ٠ ەم ین ▁و ەرز ەکەی ▁بوو ، ▁بوو ▁بە ▁یەکەم ▁یاریزان ▁کە ▁٦ ٠ ▁یان ▁زیاتر ▁لە ▁و ەرز ێک ▁لە ▁ساڵی ▁١٩ ٩ ٥ - ٩ ٦ ەوە ▁٦ ٠ ▁گۆڵ ▁تۆمار ▁بکات ، ▁کاتێک ▁جە رم یر ▁جا گری ▁و ▁مار ی ۆ ▁لی می و کس ▁هەر ی ەکەیان ▁گەیشت نە ▁ئەو ▁میل ۆن .
[2026-03-17 23:42:49] Best translation 10 : ▁خوێن ▁له ▁ناو ▁دڵ ه ▁وه ▁دوور ▁ده ▁که ▁وێت ه ▁وه ▁که ▁پێی ▁ده ▁گوت رێت ▁خوێن به ▁ره ▁کان ▁و ▁دێت ه ▁وه ▁سه ▁ر ▁دڵ ▁له ▁بێ چوو ه ▁کاندا ▁که ▁پێی ▁ده ▁گوت رێت ▁ده ▁مار ه ▁کان ، ▁بچووک ترین ▁ت وب ه ▁کان ▁پێی ▁ده ▁گوت رێت ▁کا پ ڵ ه ▁کان .
[2026-03-17 23:42:49] Best translation 20 : ▁کا ف ۆڵ د ەکان ▁دەتوانن ▁هەم ▁مە ج ازی ▁و ▁ڕاست ە قی نە ▁بن ▁، ▁بە ▁و ش ەکانی ▁تر ▁، ▁مامۆستا ▁جۆرێک ە ▁لە ▁پێو ەر ▁بەڵام ▁بۆیە ▁پیاو ی ▁ک اغ ە زی ▁بچووک ە ▁لە ▁نووسینگ ەی ▁مای ک رۆس ۆف ت ▁.
[2026-03-17 23:42:49] Best translation 40 : ▁خۆپ ـ یش ـ اند انه ▁که ▁ده ▁س ـ تی پ ـ ێ ـ کرد ▁له ▁ده ▁وروب ه ▁ری ▁کاتژمێر ▁ی از ده ▁ی از ده ▁ی ▁سه ▁رل ه ▁به ▁یانی ▁به ▁رامب ه ▁ر ▁به ▁ش ـ وێن ی ▁پ ـ ۆلیس ی ▁پاس ه ▁وانی ▁بۆ ▁ش ـ اری ▁دا ون س ـ تان ▁که ▁شوێنی ▁فه ▁رمی ▁سه ▁رۆک ▁وه ▁زیری ▁وڵاته ▁که ▁یه ▁.
[2026-03-17 23:42:49] Best translation 80 : ▁نیشان ەکە ▁لە ▁ڕووی ▁جەستە ی یەوە ▁زیانی ▁پێ نە گەی شت ؛ ▁دەست کاری کردن ەکە ▁بە ▁بەکارهێنانی ▁تا ر پا لین ە ▁ڕە ش پێ ست ەکان ▁بە ▁نیشان ەکانی ▁ئاشتی ▁و ▁دڵ ▁ڕ از ێن رای ەوە ▁بۆ ▁جێگر ەوە ی ▁" ▁ <0x4F> ▁" ▁بۆ ▁خوێندن ەوە ی ▁" ▁" ▁.
[2026-03-17 23:42:52] Best translation 160 : ▁خه ▁ڵک ▁به ▁کورسی ▁به ▁ر ▁په ▁نجه ▁ره ▁کان ▁که ▁وت ، ▁به ▁ڵام ▁په ▁نجه ▁ره ▁کان ▁نا ه ه ▁موار ▁بوون .
[2026-03-17 23:42:56] Best translation 320 : ▁بە دوا دا چوونی ▁نە خ ش ەیەکی ▁دەریا ی ی ▁، ▁بە ▁بەکارهێنانی ▁R <0x4F> <0x56> ▁دۆزرای ەوە ▁.
[2026-03-17 23:43:02] Best translation 640 : ▁ژ اپ ـ ۆن ▁نزیکه ▁ی ▁حه ▁وت ▁هه ▁زار ▁دور گه ▁ی ▁گرت ه ▁وه ▁له ▁لایه ▁ن ▁گه ▁وره ▁ترین ▁دور گه ▁ی ▁هۆ ن ش ۆ ▁که ▁به ▁حه ▁وته ▁م ▁گه ▁وره ▁ترین ▁دور گه ▁ی ▁ژاپۆن ▁داد ه ▁نرێت ▁له ▁جیهاندا !
[2026-03-17 23:43:15] Best translation 1280 : ▁بۆ س ▁وێستگ ەی ▁پاس ی ▁نێوان ▁خۆی ▁( بە ▁ئینگلیزی : ▁ <0x42> us s ) ▁بە ▁درێژایی ▁ڕۆژ ▁ڕووب ار ەکە ▁دا دە بە ز ێنێت ، ▁هەر چ ەند ە ▁زۆربەی ان ▁بە تای بە ت ▁ئەوانەی ▁بەرەو ▁ڕۆژه ەڵات ▁دە ڕۆ ن ▁و ▁جا کار / <0x42> u m t an g ▁لە ▁نێوان ▁ ٠ ٦ : ٣ ٠ ▁و ▁ ٠ ٧ : ٣ ٠ . ٣ ٠ .
[2026-03-17 23:43:31] Total translation time: 43.18896s
[2026-03-17 23:43:31] Saving model weights and runtime parameters to /workspace/OPUS-MT-train/work/en-ckb/curated-floresdev.spm4k-spm4k.transformer.model1.npz.best-chrf.npz
[2026-03-17 23:43:32] [valid] Ep. 22 : Up. 28000 : chrf : 42.636 : new best
[2026-03-17 23:43:34] Saving model weights and runtime parameters to /workspace/OPUS-MT-train/work/en-ckb/curated-floresdev.spm4k-spm4k.transformer.model1.npz.best-perplexity.npz
[2026-03-17 23:43:35] [valid] Ep. 22 : Up. 28000 : perplexity : 9.3318 : new best
[2026-03-17 23:46:25] Ep. 22 : Up. 29000 : Sen. 257,975 : Cost 2.37926483 * 13,451,378 @ 13,932 after 389,723,784 : Time 268.21s : 50152.13 words/s : gNorm 0.6010 : L.r. 2.2283e-04
[2026-03-17 23:46:25] Saving model weights and runtime parameters to /workspace/OPUS-MT-train/work/en-ckb/curated-floresdev.spm4k-spm4k.transformer.model1.npz
[2026-03-17 23:46:27] Saving Adam parameters
[2026-03-17 23:46:29] [training] Saving training checkpoint to /workspace/OPUS-MT-train/work/en-ckb/curated-floresdev.spm4k-spm4k.transformer.model1.npz and /workspace/OPUS-MT-train/work/en-ckb/curated-floresdev.spm4k-spm4k.transformer.model1.npz.optimizer.npz
[2026-03-17 23:46:32] Translating validation set...
[2026-03-17 23:46:33] Best translation 0 : ▁ئەم ▁زار اوە یە ▁و ەر گیراو ە ▁لە ▁ئاشنا ی ی ▁دێ رین ▁لەگەڵ ▁ b d - b i g s ▁کە ▁بە ▁شێوەیەکی ▁زۆر ▁مێر وو ەکان ▁گونجاو ن ▁بۆ ▁هاو س ەنگ کردنی ▁مرۆڤ ەکان .
[2026-03-17 23:46:33] Best translation 1 : ▁هێرش بەر انی ▁م ۆم بای ▁لە ▁ڕێگەی ▁بە لە م ▁گەیشت نە ▁سەر ▁ڕۆمان ی ▁٢ ٦ ی ▁تشرین ی ▁دووەمی ▁ ٢٠٠ ٨ ▁و ▁نار نج ۆک ▁و ▁چە کی ▁ئۆتۆ م اتی کی ▁و ▁چە کی ▁ئۆتۆ م اتی کی یان ▁هێنا ▁و ▁چەندین ▁ئامانج یان ▁دە پێک ن ▁لەوانە ▁قە ڵە ب اڵ غ ی ▁چ ەتە پ اتی ▁شی ڤا جی ▁ت ێر مین ۆس ▁و ▁وێستگ ەی ▁هێڵی ▁ئاس نی ▁بە ناو بان گ ▁هۆ ت ێل ▁تا ج ▁مە ح ال .
[2026-03-17 23:46:34] Best translation 2 : ▁ئه ▁م ▁گه ▁ڕان ه ▁له ▁لایه ▁ن ▁هه ▁مان ▁که ▁ش وه ه ▁وا ▁خراپ ه ▁وه ▁که ▁بووه ▁ته ▁هۆی ▁بێ زار بوونی ▁نیشت نه ▁وه ▁که ▁.
[2026-03-17 23:46:34] Best translation 3 : ▁هه ▁روه ▁ها ▁ئاژانسی ▁" ئا ی ▁ئێم ا " ی ▁ئه ▁مه ▁ریکی ▁بۆ ی ▁ده ▁رک ه ▁وتووه ▁، ▁سه ▁ره ▁ر ِ ای ▁ئه ▁و ▁گرت ه ▁ڤیدیۆ ییه ▁له ▁سه ▁ر ▁تۆڕی ▁ئینته ▁رنێت ▁بڵاو بۆ ته ▁وه ▁، ▁" بر ای انی ▁بی گ " ▁یاسا کانی ▁سان سۆر کردنی ▁ناوه ▁ر ِ است ی ▁ئینته ▁رنێت ی ▁له ▁کاتی ▁ئه ▁وه ▁ی ▁که ▁ڕاگه ▁یاندن ه ▁کان ▁له ▁ماڵپ ه ▁ر ِ ی ▁" بر ای انی ▁بی گ " ▁هه ▁ڵ نه ▁گیراوه ▁.
[2026-03-17 23:46:34] Best translation 4 : ▁سوپای ه ▁کی ▁لاواز تر ▁و ▁هێزی ▁ده ▁ری ایی ▁لاواز تر ی ▁هه ▁بوو ، ▁هه ▁رچ ه ▁نده ▁ته ▁نها ▁چوار ▁که ▁شتی ▁نوێ یان ▁دروست ▁کردبوو ▁پێش ▁ده ▁ست پێ کردنی ▁شه ▁ڕه ▁که ▁.
[2026-03-17 23:46:34] Best translation 5 : ▁دووەم ▁گۆڵی ▁ش ەو ەکە ▁٦ ٠ ەم ین ▁و ەرز ەکەی ▁بوو ، ▁بوو ▁بە ▁یەکەم ▁یاریزان ▁کە ▁٦ ٠ ▁یان ▁زیاتر ▁لە ▁و ەرز ێک ▁لە ▁ساڵی ▁١٩ ٩ ٥ - ٩ ٦ ەوە ▁٦ ٠ ▁گۆڵ ▁تۆمار ▁بکات ، ▁کاتێک ▁جا ڕۆ می ر ▁جا گری ▁و ▁مار ی ۆ ▁لی می و کس ▁هەر ی ەکەیان ▁گەیشت نە ▁ئەو ▁میل ۆن .
[2026-03-17 23:46:34] Best translation 10 : ▁خوێن ▁له ▁ناو ▁دڵ ه ▁وه ▁دوور ▁ده ▁که ▁وێت ه ▁وه ▁که ▁پێی ▁ده ▁گوت رێت ▁خوێن به ▁ره ▁کان ▁و ▁دێت ه ▁وه ▁سه ▁ر ▁دڵ ▁له ▁بۆ ری یه ▁کان ▁که ▁پێی ▁ده ▁گوت رێت ▁ده ▁مار ه ▁کان ، ▁بچوک ترین ▁ل وول ه ▁به ▁ناوی ▁کا پ ڵ اوه ▁کان ه ▁وه ▁ناو ده ▁بر ێن .
[2026-03-17 23:46:34] Best translation 20 : ▁کا ف ۆڵ د ەکان ▁دەتوانن ▁هەم ▁مە ج ازی ▁و ▁ڕاست ە قی نە ▁بن ▁، ▁بە ▁و شە ی ▁تر ▁، ▁مامۆستا ▁جۆرێک ە ▁لە ▁پێو ەر ▁بەڵام ▁بۆیە ▁بچووک ترین ▁پیاو ی ▁ک اغ ە زی یە ▁لە ▁نووسینگ ەی ▁مای ک رۆس ۆف ت ▁.
[2026-03-17 23:46:34] Best translation 40 : ▁خۆپ ـ یش ـ اند انه ▁که ▁ده ▁س ـ تی پ ـ ێ ـ کرد ▁له ▁ده ▁وروب ه ▁ری ▁ی از ده ▁ی ▁سه ▁عات ▁ی از ده ▁ی ▁سه ▁رل ه ▁به ▁یانی ▁به ▁رامب ه ▁ر ▁به ▁ش ـ وێن ی ▁پ ـ ۆلیس ی ▁پاس ه ▁وانی ▁بۆ ▁شه ▁قامی ▁دا ون س ـ تان ▁که ▁شوێنی ▁فه ▁رمی ▁سه ▁رۆک ▁وه ▁زیری ▁وڵاته ▁که ▁یه ▁.
[2026-03-17 23:46:34] Best translation 80 : ▁نیشان ەکە ▁لە ▁ڕووی ▁جەستە ی یەوە ▁زیانی ▁پێ نە گەی شت ؛ ▁دەست کاری کردن ەکە ▁بە ▁بەکارهێنانی ▁تا ر پا لین ە ▁ڕە ش پێ ست ەکان ▁بە ▁نیشان ەکانی ▁ئاشتی ▁و ▁دڵ ەوە ▁بۆ ▁جێگر ەوە ی ▁" ▁ <0x4F> " ▁ئەنجام درا .
[2026-03-17 23:46:37] Best translation 160 : ▁خه ▁ڵک ▁به ▁کورسی ▁به ▁ر ▁په ▁نجه ▁ره ▁کان ▁که ▁وت ، ▁به ▁ڵام ▁په ▁نجه ▁ره ▁کان ▁نا ه ه ▁موار ▁بوون .
[2026-03-17 23:46:40] Best translation 320 : ▁بە دوا دا چوونی ▁نە خ شە ی ▁کە لو پ ەل ەکە ▁بە ▁بەکارهێنانی ▁R <0x4F> <0x56> ▁دۆزرای ەوە ▁.
[2026-03-17 23:46:46] Best translation 640 : ▁ژ اپ ـ ۆن ▁نزیکه ▁ی ▁حه ▁وت ▁هه ▁زار ▁دور گه ▁ی ▁گرت ه ▁وه ▁له ▁لایه ▁ن ▁گه ▁وره ▁ترین ▁دور گه ▁ی ▁هۆ ن ش ۆ ▁که ▁به ▁حه ▁وته ▁مین ▁دور گه ▁ی ▁گه ▁وره ▁ی ▁ژاپۆن ▁داد ه ▁نرێت ▁له ▁جیهاندا !
[2026-03-17 23:46:58] Best translation 1280 : ▁پاس ەکان ▁وێستگ ەی ▁پاس ی ▁ناو ەوە یان ▁بە جێ ▁دە ه ێڵ ن ▁( بە ▁درێژایی ▁ڕۆژ ) ▁، ▁هەر چ ەند ە ▁زۆربەی ان ▁بە تای بە ت ▁ئەوانەی ▁بەرەو ▁ڕۆژه ەڵات ▁و ▁جا کار / بۆ تان گ ▁لە ▁نێوان ▁ ٠ ٦ : ٣ ٠ ▁و ▁ ٠ ٧ : ٣ ٠ . ٣ ٠ .
[2026-03-17 23:47:13] Total translation time: 41.05620s
[2026-03-17 23:47:13] Saving model weights and runtime parameters to /workspace/OPUS-MT-train/work/en-ckb/curated-floresdev.spm4k-spm4k.transformer.model1.npz.best-bleu.npz
[2026-03-17 23:47:15] [valid] Ep. 22 : Up. 29000 : bleu : 12.7092 : new best
[2026-03-17 23:47:15] Translating validation set...
[2026-03-17 23:47:16] Best translation 0 : ▁ئەم ▁زار اوە یە ▁و ەر گیراو ە ▁لە ▁ئاشنا ی ی ▁دێ رین ▁لەگەڵ ▁ b d - b i g s ▁کە ▁بە ▁شێوەیەکی ▁زۆر ▁مێر وو ەکان ▁گونجاو ن ▁بۆ ▁هاو س ەنگ کردنی ▁مرۆڤ ەکان .
[2026-03-17 23:47:16] Best translation 1 : ▁هێرش بەر انی ▁م ۆم بای ▁لە ▁ڕێگەی ▁بە لە م ▁گەیشت نە ▁سەر ▁ڕۆمان ی ▁٢ ٦ ی ▁تشرین ی ▁دووەمی ▁ ٢٠٠ ٨ ▁و ▁نار نج ۆک ▁و ▁چە کی ▁ئۆتۆ م اتی کی ▁و ▁چە کی ▁ئۆتۆ م اتی کی یان ▁هێنا ▁و ▁چەندین ▁ئامانج یان ▁دە پێک ن ▁لەوانە ▁قە ڵە ب اڵ غ ی ▁چ ەتە پ اتی ▁شی ڤا جی ▁ت ێر مین ۆس ▁و ▁وێستگ ەی ▁هێڵی ▁ئاس نی ▁بە ناو بان گ ▁هۆ ت ێل ▁تا ج ▁مە ح ال .
[2026-03-17 23:47:16] Best translation 2 : ▁ئه ▁م ▁گه ▁ڕان ه ▁له ▁لایه ▁ن ▁هه ▁مان ▁که ▁ش وه ه ▁وا ▁خراپ ه ▁وه ▁که ▁بووه ▁ته ▁هۆی ▁بێ زار بوونی ▁نیشت نه ▁وه ▁که ▁.
[2026-03-17 23:47:16] Best translation 3 : ▁هه ▁روه ▁ها ▁ئاژانسی ▁" ئا ی ▁ئێم ا " ی ▁ئه ▁مه ▁ریکی ▁بۆ ی ▁ده ▁رک ه ▁وتووه ▁، ▁سه ▁ره ▁ر ِ ای ▁ئه ▁و ▁گرت ه ▁ڤیدیۆ ییه ▁له ▁سه ▁ر ▁تۆڕی ▁ئینته ▁رنێت ▁بڵاو بۆ ته ▁وه ▁، ▁" بر ای انی ▁بی گ " ▁یاسا کانی ▁سان سۆر کردنی ▁ناوه ▁ر ِ است ی ▁ئینته ▁رنێت ی ▁له ▁کاتی ▁ئه ▁وه ▁ی ▁که ▁ڕاگه ▁یاندن ه ▁کان ▁له ▁ماڵپ ه ▁ر ِ ی ▁" بر ای انی ▁بی گ " ▁هه ▁ڵ نه ▁گیراوه ▁.
[2026-03-17 23:47:16] Best translation 4 : ▁سوپای ه ▁کی ▁لاواز تر ▁و ▁هێزی ▁ده ▁ری ایی ▁لاواز تر ی ▁هه ▁بوو ، ▁هه ▁رچ ه ▁نده ▁ته ▁نها ▁چوار ▁که ▁شتی ▁نوێ یان ▁دروست ▁کردبوو ▁پێش ▁ده ▁ست پێ کردنی ▁شه ▁ڕه ▁که ▁.
[2026-03-17 23:47:16] Best translation 5 : ▁دووەم ▁گۆڵی ▁ش ەو ەکە ▁٦ ٠ ەم ین ▁و ەرز ەکەی ▁بوو ، ▁بوو ▁بە ▁یەکەم ▁یاریزان ▁کە ▁٦ ٠ ▁یان ▁زیاتر ▁لە ▁و ەرز ێک ▁لە ▁ساڵی ▁١٩ ٩ ٥ - ٩ ٦ ەوە ▁٦ ٠ ▁گۆڵ ▁تۆمار ▁بکات ، ▁کاتێک ▁جا ڕۆ می ر ▁جا گری ▁و ▁مار ی ۆ ▁لی می و کس ▁هەر ی ەکەیان ▁گەیشت نە ▁ئەو ▁میل ۆن .
[2026-03-17 23:47:16] Best translation 10 : ▁خوێن ▁له ▁ناو ▁دڵ ه ▁وه ▁دوور ▁ده ▁که ▁وێت ه ▁وه ▁که ▁پێی ▁ده ▁گوت رێت ▁خوێن به ▁ره ▁کان ▁و ▁دێت ه ▁وه ▁سه ▁ر ▁دڵ ▁له ▁بۆ ری یه ▁کان ▁که ▁پێی ▁ده ▁گوت رێت ▁ده ▁مار ه ▁کان ، ▁بچوک ترین ▁ل وول ه ▁به ▁ناوی ▁کا پ ڵ اوه ▁کان ه ▁وه ▁ناو ده ▁بر ێن .
[2026-03-17 23:47:16] Best translation 20 : ▁کا ف ۆڵ د ەکان ▁دەتوانن ▁هەم ▁مە ج ازی ▁و ▁ڕاست ە قی نە ▁بن ▁، ▁بە ▁و شە ی ▁تر ▁، ▁مامۆستا ▁جۆرێک ە ▁لە ▁پێو ەر ▁بەڵام ▁بۆیە ▁بچووک ترین ▁پیاو ی ▁ک اغ ە زی یە ▁لە ▁نووسینگ ەی ▁مای ک رۆس ۆف ت ▁.
[2026-03-17 23:47:16] Best translation 40 : ▁خۆپ ـ یش ـ اند انه ▁که ▁ده ▁س ـ تی پ ـ ێ ـ کرد ▁له ▁ده ▁وروب ه ▁ری ▁ی از ده ▁ی ▁سه ▁عات ▁ی از ده ▁ی ▁سه ▁رل ه ▁به ▁یانی ▁به ▁رامب ه ▁ر ▁به ▁ش ـ وێن ی ▁پ ـ ۆلیس ی ▁پاس ه ▁وانی ▁بۆ ▁شه ▁قامی ▁دا ون س ـ تان ▁که ▁شوێنی ▁فه ▁رمی ▁سه ▁رۆک ▁وه ▁زیری ▁وڵاته ▁که ▁یه ▁.
[2026-03-17 23:47:17] Best translation 80 : ▁نیشان ەکە ▁لە ▁ڕووی ▁جەستە ی یەوە ▁زیانی ▁پێ نە گەی شت ؛ ▁دەست کاری کردن ەکە ▁بە ▁بەکارهێنانی ▁تا ر پا لین ە ▁ڕە ش پێ ست ەکان ▁بە ▁نیشان ەکانی ▁ئاشتی ▁و ▁دڵ ەوە ▁بۆ ▁جێگر ەوە ی ▁" ▁ <0x4F> " ▁ئەنجام درا .
[2026-03-17 23:47:20] Best translation 160 : ▁خه ▁ڵک ▁به ▁کورسی ▁به ▁ر ▁په ▁نجه ▁ره ▁کان ▁که ▁وت ، ▁به ▁ڵام ▁په ▁نجه ▁ره ▁کان ▁نا ه ه ▁موار ▁بوون .
[2026-03-17 23:47:23] Best translation 320 : ▁بە دوا دا چوونی ▁نە خ شە ی ▁کە لو پ ەل ەکە ▁بە ▁بەکارهێنانی ▁R <0x4F> <0x56> ▁دۆزرای ەوە ▁.
[2026-03-17 23:47:29] Best translation 640 : ▁ژ اپ ـ ۆن ▁نزیکه ▁ی ▁حه ▁وت ▁هه ▁زار ▁دور گه ▁ی ▁گرت ه ▁وه ▁له ▁لایه ▁ن ▁گه ▁وره ▁ترین ▁دور گه ▁ی ▁هۆ ن ش ۆ ▁که ▁به ▁حه ▁وته ▁مین ▁دور گه ▁ی ▁گه ▁وره ▁ی ▁ژاپۆن ▁داد ه ▁نرێت ▁له ▁جیهاندا !
[2026-03-17 23:47:42] Best translation 1280 : ▁پاس ەکان ▁وێستگ ەی ▁پاس ی ▁ناو ەوە یان ▁بە جێ ▁دە ه ێڵ ن ▁( بە ▁درێژایی ▁ڕۆژ ) ▁، ▁هەر چ ەند ە ▁زۆربەی ان ▁بە تای بە ت ▁ئەوانەی ▁بەرەو ▁ڕۆژه ەڵات ▁و ▁جا کار / بۆ تان گ ▁لە ▁نێوان ▁ ٠ ٦ : ٣ ٠ ▁و ▁ ٠ ٧ : ٣ ٠ . ٣ ٠ .
[2026-03-17 23:47:57] Total translation time: 42.43029s
[2026-03-17 23:47:57] Saving model weights and runtime parameters to /workspace/OPUS-MT-train/work/en-ckb/curated-floresdev.spm4k-spm4k.transformer.model1.npz.best-chrf.npz
[2026-03-17 23:47:58] [valid] Ep. 22 : Up. 29000 : chrf : 42.9713 : new best
[2026-03-17 23:48:00] Saving model weights and runtime parameters to /workspace/OPUS-MT-train/work/en-ckb/curated-floresdev.spm4k-spm4k.transformer.model1.npz.best-perplexity.npz
[2026-03-17 23:48:01] [valid] Ep. 22 : Up. 29000 : perplexity : 9.20292 : new best
[2026-03-17 23:48:38] Seen 310,206 samples
[2026-03-17 23:48:38] Starting data epoch 23 in logical epoch 23
[2026-03-17 23:50:52] Ep. 23 : Up. 30000 : Sen. 180,726 : Cost 2.35814190 * 13,427,239 @ 17,292 after 403,151,023 : Time 266.43s : 50396.28 words/s : gNorm 0.5872 : L.r. 2.1909e-04
[2026-03-17 23:50:52] Saving model weights and runtime parameters to /workspace/OPUS-MT-train/work/en-ckb/curated-floresdev.spm4k-spm4k.transformer.model1.npz
[2026-03-17 23:50:54] Saving Adam parameters
[2026-03-17 23:50:56] [training] Saving training checkpoint to /workspace/OPUS-MT-train/work/en-ckb/curated-floresdev.spm4k-spm4k.transformer.model1.npz and /workspace/OPUS-MT-train/work/en-ckb/curated-floresdev.spm4k-spm4k.transformer.model1.npz.optimizer.npz
[2026-03-17 23:50:59] Translating validation set...
[2026-03-17 23:51:00] Best translation 0 : ▁ئەم ▁زار اوە یە ▁و ەر گیراو ە ▁لە ▁ئاشنا ی ی ▁دێ رین ی ▁ b ed - b i g s ▁کە ▁بە ▁شێوەیەکی ▁زۆر ▁مێر وو ەکان ▁دە گونج ێن رێن ▁بۆ ▁هاو س ەنگ کردنی ▁مرۆڤ ەکان .
[2026-03-17 23:51:00] Best translation 1 : ▁هێرش بەر انی ▁م ۆم بای ▁لە ▁ڕێگەی ▁بە لە م ▁گەیشت نە ▁سەر ▁ڕۆمان ی ▁٢ ٦ ی ▁تشرین ی ▁دووەمی ▁ ٢٠٠ ٨ ▁کە ▁نار نج ۆک ▁و ▁چە کی ▁ئۆتۆ م اتی کی ▁و ▁چە کی ▁ئۆتۆ م اتی کی یان ▁هێنا بوو ▁و ▁چەندین ▁ئامانج یان ▁دە پێک ن ▁لەوانە ▁قە ڵە ب اڵ غ ی ▁چ ەتە پ اتی ▁شی ڤا جی ▁ت ێر مین ۆس ▁و ▁وێستگ ەی ▁هێڵی ▁ئاس ن ینی ▁بە ناو بان گ ▁هو تێ لی ▁تا ج ▁مە ح ال .
[2026-03-17 23:51:01] Best translation 2 : ▁ئه ▁م ▁گه ▁ڕان ه ▁له ▁لایه ▁ن ▁هه ▁مان ▁که ▁ش وه ه ▁وا ▁خراپ ه ▁وه ▁که ▁بووه ▁ته ▁هۆی ▁بێ زار بوونی ▁نیشت نه ▁وه ▁که ▁.
[2026-03-17 23:51:01] Best translation 3 : ▁هه ▁روه ▁ها ▁ئاژانسی ▁" ئا ی ▁ئێم ا " ▁بۆ ی ▁ده ▁رک ه ▁وتووه ▁، ▁سه ▁ره ▁ر ِ ای ▁ئه ▁و ▁گرت ه ▁ڤیدیۆ یه ▁له ▁سه ▁ر ▁تۆڕی ▁ئینته ▁رنێت ▁بڵاو بۆ ته ▁وه ▁، ▁" بر ای انی ▁بی گ " ▁یاسا کانی ▁سان سۆر کردنی ▁ناوه ▁ر ِ است ی ▁ئینته ▁رنێت ی ▁له ▁کاتی ▁ئه ▁وه ▁ی ▁که ▁ڕاگه ▁یاندن ه ▁کان ▁له ▁ماڵپ ه ▁ر ِ ی ▁" بر ای ▁گه ▁وره ▁" ▁هه ▁ڵ نه ▁گیراوه ▁.
[2026-03-17 23:51:01] Best translation 4 : ▁سوپای ه ▁کی ▁لاواز تر ▁و ▁هێزی ▁ده ▁ری ایی ▁لاواز تر ی ▁هه ▁بوو ، ▁هه ▁رچ ه ▁نده ▁ته ▁نها ▁چوار ▁که ▁شتی ▁نوێ یان ▁به ▁ر ▁له ▁ده ▁ست پێ کردنی ▁شه ▁ڕه ▁که ▁دروست ▁کردبوو .
[2026-03-17 23:51:01] Best translation 5 : ▁دووەم ▁گۆڵی ▁ش ەو ەکە ▁٦ ٠ ەم ین ▁و ەرز ەکەی ▁بوو ، ▁بوو ▁بە ▁یەکەم ▁یاریزان ▁کە ▁٦ ٠ ▁یان ▁زیاتر ▁لە ▁و ەرز ێک ▁لە ▁ساڵی ▁١٩ ٩ ٥ - ٩ ٦ ەوە ▁٦ ٠ ▁گۆڵ ▁تۆمار ▁بکات ، ▁کاتێک ▁جە رم یر ▁جا گری ▁و ▁مار ی ۆ ▁لی می و کس ▁هەر ی ەکەیان ▁گەیشت نە ▁ئەو ▁میل ۆن .
[2026-03-17 23:51:01] Best translation 10 : ▁خوێن ▁له ▁ناو ▁دڵ ه ▁وه ▁دوور ▁ده ▁که ▁وێت ه ▁وه ▁که ▁پێی ▁ده ▁گوت رێت ▁خوێن به ▁ره ▁کان ▁و ▁دێت ه ▁وه ▁سه ▁ر ▁دڵ ▁له ▁ل وول ه ▁کاندا ▁که ▁پێی ▁ده ▁گوت رێت ▁ده ▁مار ه ▁کان ، ▁بچوک ترین ▁ل وول ه ▁کان ▁پێی ▁ده ▁گوت رێت ▁کا پ ل ێتی .
[2026-03-17 23:51:01] Best translation 20 : ▁سک اف ۆڵ دز ▁دەکرێت ▁هەم ▁مە ج ازی ▁و ▁ڕاست ە قی نە ▁بێت ، ▁بە ▁و شە ی ▁تر ، ▁مامۆستا ▁جۆرێک ە ▁لە ▁پێو ەر ▁بەڵام ▁لەبەر ▁ئەوە ▁پیاو ە ▁ک اغ ە زی ی ەکە ▁لە ▁نووسینگ ەی ▁مای ک رۆس ۆف ت .
[2026-03-17 23:51:01] Best translation 40 : ▁خۆپ ـ یش ـ اند انه ▁که ▁ده ▁س ـ تی پ ـ ێ ـ کرد ▁له ▁ده ▁وروب ه ▁ری ▁ی از ده ▁ی ▁سه ▁عات ▁ی از ده ▁ی ▁سه ▁رل ه ▁به ▁یانی ▁به ▁رامب ه ▁ر ▁به ▁مه ▁سه ▁له ▁ی ▁پاس ه ▁وانی ▁پ ـ ۆلیس ▁بۆ ▁شه ▁قامی ▁دا ون س ـ تان ▁که ▁شوێنی ▁فه ▁رمی ▁سه ▁رۆک ▁وه ▁زیری ▁وڵاته ▁که ▁یه ▁.
[2026-03-17 23:51:01] Best translation 80 : ▁نیشان ەکە ▁لە ▁ڕووی ▁جەستە ی یەوە ▁زیانی ▁پێ نە گەی شت ؛ ▁دەست کاری کردن ەکە ▁بە ▁بەکارهێنانی ▁تا ر پا لین ە ▁ڕە ش پێ ست ەکان ▁بە ▁نیشان ەکانی ▁ئاشتی ▁و ▁دڵ ەوە ▁بۆ ▁گۆڕینی ▁" کە م کردنەوەی " ▁ئەنجام درا .
[2026-03-17 23:51:04] Best translation 160 : ▁خه ▁ڵک ▁به ▁کورسی ▁به ▁ر ▁په ▁نجه ▁ره ▁کان ▁که ▁وت ، ▁به ▁ڵام ▁په ▁نجه ▁ره ▁کان ▁نا ه ه ▁موار ▁بوون .
[2026-03-17 23:51:07] Best translation 320 : ▁بە دوا دا چوونی ▁نە خ شە ی ▁مۆر ی ▁دەریا ی ی ▁، ▁بە ▁بەکارهێنانی ▁R <0x4F> <0x56> ▁دۆزرای ەوە ▁.
[2026-03-17 23:51:13] Best translation 640 : ▁ژاپۆن ▁نزیکه ▁ی ▁حه ▁وت ▁هه ▁زار ▁دور گه ▁ی ▁له ▁خۆ گرتوو ه ▁- ▁ژاپۆن ییه ▁کان ▁نزیک ▁حه ▁وت ▁هه ▁زار ▁دور گه ▁یان ▁هه ▁یه ▁، ▁گه ▁وره ▁ترین ▁دوور گه ▁ی ▁هۆ ن ش ۆ ▁بووه ▁حه ▁وته ▁مین ▁دور گه ▁ی ▁ژاپۆن ی ▁له ▁جیهاندا !
[2026-03-17 23:51:26] Best translation 1280 : ▁پاس ەکان ▁وێستگ ەی ▁پاس ی ▁نێوان ▁سنوور ▁( بە ▁درێژایی ▁ڕۆژ ) ▁بە ▁تایبەت ی ▁ئەوانەی ▁بەرەو ▁ڕۆژه ەڵات ▁و ▁جا کار / بۆ تان گ ▁لە ▁نێوان ▁ ٠ ٦ : ٣ ٠ ▁و ▁ ٠ ٧ : ٣ ٠ ) ▁دە ڕۆ ن .
[2026-03-17 23:51:41] Total translation time: 41.45130s
[2026-03-17 23:51:41] Saving model weights and runtime parameters to /workspace/OPUS-MT-train/work/en-ckb/curated-floresdev.spm4k-spm4k.transformer.model1.npz.best-bleu.npz
[2026-03-17 23:51:42] [valid] Ep. 23 : Up. 30000 : bleu : 12.8486 : new best
[2026-03-17 23:51:42] Translating validation set...
[2026-03-17 23:51:43] Best translation 0 : ▁ئەم ▁زار اوە یە ▁و ەر گیراو ە ▁لە ▁ئاشنا ی ی ▁دێ رین ی ▁ b ed - b i g s ▁کە ▁بە ▁شێوەیەکی ▁زۆر ▁مێر وو ەکان ▁دە گونج ێن رێن ▁بۆ ▁هاو س ەنگ کردنی ▁مرۆڤ ەکان .
[2026-03-17 23:51:43] Best translation 1 : ▁هێرش بەر انی ▁م ۆم بای ▁لە ▁ڕێگەی ▁بە لە م ▁گەیشت نە ▁سەر ▁ڕۆمان ی ▁٢ ٦ ی ▁تشرین ی ▁دووەمی ▁ ٢٠٠ ٨ ▁کە ▁نار نج ۆک ▁و ▁چە کی ▁ئۆتۆ م اتی کی ▁و ▁چە کی ▁ئۆتۆ م اتی کی یان ▁هێنا بوو ▁و ▁چەندین ▁ئامانج یان ▁دە پێک ن ▁لەوانە ▁قە ڵە ب اڵ غ ی ▁چ ەتە پ اتی ▁شی ڤا جی ▁ت ێر مین ۆس ▁و ▁وێستگ ەی ▁هێڵی ▁ئاس ن ینی ▁بە ناو بان گ ▁هو تێ لی ▁تا ج ▁مە ح ال .
[2026-03-17 23:51:43] Best translation 2 : ▁ئه ▁م ▁گه ▁ڕان ه ▁له ▁لایه ▁ن ▁هه ▁مان ▁که ▁ش وه ه ▁وا ▁خراپ ه ▁وه ▁که ▁بووه ▁ته ▁هۆی ▁بێ زار بوونی ▁نیشت نه ▁وه ▁که ▁.
[2026-03-17 23:51:43] Best translation 3 : ▁هه ▁روه ▁ها ▁ئاژانسی ▁" ئا ی ▁ئێم ا " ▁بۆ ی ▁ده ▁رک ه ▁وتووه ▁، ▁سه ▁ره ▁ر ِ ای ▁ئه ▁و ▁گرت ه ▁ڤیدیۆ یه ▁له ▁سه ▁ر ▁تۆڕی ▁ئینته ▁رنێت ▁بڵاو بۆ ته ▁وه ▁، ▁" بر ای انی ▁بی گ " ▁یاسا کانی ▁سان سۆر کردنی ▁ناوه ▁ر ِ است ی ▁ئینته ▁رنێت ی ▁له ▁کاتی ▁ئه ▁وه ▁ی ▁که ▁ڕاگه ▁یاندن ه ▁کان ▁له ▁ماڵپ ه ▁ر ِ ی ▁" بر ای ▁گه ▁وره ▁" ▁هه ▁ڵ نه ▁گیراوه ▁.
[2026-03-17 23:51:43] Best translation 4 : ▁سوپای ه ▁کی ▁لاواز تر ▁و ▁هێزی ▁ده ▁ری ایی ▁لاواز تر ی ▁هه ▁بوو ، ▁هه ▁رچ ه ▁نده ▁ته ▁نها ▁چوار ▁که ▁شتی ▁نوێ یان ▁به ▁ر ▁له ▁ده ▁ست پێ کردنی ▁شه ▁ڕه ▁که ▁دروست ▁کردبوو .
[2026-03-17 23:51:43] Best translation 5 : ▁دووەم ▁گۆڵی ▁ش ەو ەکە ▁٦ ٠ ەم ین ▁و ەرز ەکەی ▁بوو ، ▁بوو ▁بە ▁یەکەم ▁یاریزان ▁کە ▁٦ ٠ ▁یان ▁زیاتر ▁لە ▁و ەرز ێک ▁لە ▁ساڵی ▁١٩ ٩ ٥ - ٩ ٦ ەوە ▁٦ ٠ ▁گۆڵ ▁تۆمار ▁بکات ، ▁کاتێک ▁جە رم یر ▁جا گری ▁و ▁مار ی ۆ ▁لی می و کس ▁هەر ی ەکەیان ▁گەیشت نە ▁ئەو ▁میل ۆن .
[2026-03-17 23:51:43] Best translation 10 : ▁خوێن ▁له ▁ناو ▁دڵ ه ▁وه ▁دوور ▁ده ▁که ▁وێت ه ▁وه ▁که ▁پێی ▁ده ▁گوت رێت ▁خوێن به ▁ره ▁کان ▁و ▁دێت ه ▁وه ▁سه ▁ر ▁دڵ ▁له ▁ل وول ه ▁کاندا ▁که ▁پێی ▁ده ▁گوت رێت ▁ده ▁مار ه ▁کان ، ▁بچوک ترین ▁ل وول ه ▁کان ▁پێی ▁ده ▁گوت رێت ▁کا پ ل ێتی .
[2026-03-17 23:51:43] Best translation 20 : ▁سک اف ۆڵ دز ▁دەکرێت ▁هەم ▁مە ج ازی ▁و ▁ڕاست ە قی نە ▁بێت ، ▁بە ▁و شە ی ▁تر ، ▁مامۆستا ▁جۆرێک ە ▁لە ▁پێو ەر ▁بەڵام ▁لەبەر ▁ئەوە ▁پیاو ە ▁ک اغ ە زی ی ەکە ▁لە ▁نووسینگ ەی ▁مای ک رۆس ۆف ت .
[2026-03-17 23:51:43] Best translation 40 : ▁خۆپ ـ یش ـ اند انه ▁که ▁ده ▁س ـ تی پ ـ ێ ـ کرد ▁له ▁ده ▁وروب ه ▁ری ▁ی از ده ▁ی ▁سه ▁عات ▁ی از ده ▁ی ▁سه ▁رل ه ▁به ▁یانی ▁به ▁رامب ه ▁ر ▁به ▁مه ▁سه ▁له ▁ی ▁پاس ه ▁وانی ▁پ ـ ۆلیس ▁بۆ ▁شه ▁قامی ▁دا ون س ـ تان ▁که ▁شوێنی ▁فه ▁رمی ▁سه ▁رۆک ▁وه ▁زیری ▁وڵاته ▁که ▁یه ▁.
[2026-03-17 23:51:44] Best translation 80 : ▁نیشان ەکە ▁لە ▁ڕووی ▁جەستە ی یەوە ▁زیانی ▁پێ نە گەی شت ؛ ▁دەست کاری کردن ەکە ▁بە ▁بەکارهێنانی ▁تا ر پا لین ە ▁ڕە ش پێ ست ەکان ▁بە ▁نیشان ەکانی ▁ئاشتی ▁و ▁دڵ ەوە ▁بۆ ▁گۆڕینی ▁" کە م کردنەوەی " ▁ئەنجام درا .
[2026-03-17 23:51:47] Best translation 160 : ▁خه ▁ڵک ▁به ▁کورسی ▁به ▁ر ▁په ▁نجه ▁ره ▁کان ▁که ▁وت ، ▁به ▁ڵام ▁په ▁نجه ▁ره ▁کان ▁نا ه ه ▁موار ▁بوون .
[2026-03-17 23:51:50] Best translation 320 : ▁بە دوا دا چوونی ▁نە خ شە ی ▁مۆر ی ▁دەریا ی ی ▁، ▁بە ▁بەکارهێنانی ▁R <0x4F> <0x56> ▁دۆزرای ەوە ▁.
[2026-03-17 23:51:56] Best translation 640 : ▁ژاپۆن ▁نزیکه ▁ی ▁حه ▁وت ▁هه ▁زار ▁دور گه ▁ی ▁له ▁خۆ گرتوو ه ▁- ▁ژاپۆن ییه ▁کان ▁نزیک ▁حه ▁وت ▁هه ▁زار ▁دور گه ▁یان ▁هه ▁یه ▁، ▁گه ▁وره ▁ترین ▁دوور گه ▁ی ▁هۆ ن ش ۆ ▁بووه ▁حه ▁وته ▁مین ▁دور گه ▁ی ▁ژاپۆن ی ▁له ▁جیهاندا !
[2026-03-17 23:52:09] Best translation 1280 : ▁پاس ەکان ▁وێستگ ەی ▁پاس ی ▁نێوان ▁سنوور ▁( بە ▁درێژایی ▁ڕۆژ ) ▁بە ▁تایبەت ی ▁ئەوانەی ▁بەرەو ▁ڕۆژه ەڵات ▁و ▁جا کار / بۆ تان گ ▁لە ▁نێوان ▁ ٠ ٦ : ٣ ٠ ▁و ▁ ٠ ٧ : ٣ ٠ ) ▁دە ڕۆ ن .
[2026-03-17 23:52:25] Total translation time: 42.81879s
[2026-03-17 23:52:25] Saving model weights and runtime parameters to /workspace/OPUS-MT-train/work/en-ckb/curated-floresdev.spm4k-spm4k.transformer.model1.npz.best-chrf.npz
[2026-03-17 23:52:26] [valid] Ep. 23 : Up. 30000 : chrf : 43.3087 : new best
[2026-03-17 23:52:28] Saving model weights and runtime parameters to /workspace/OPUS-MT-train/work/en-ckb/curated-floresdev.spm4k-spm4k.transformer.model1.npz.best-perplexity.npz
[2026-03-17 23:52:29] [valid] Ep. 23 : Up. 30000 : perplexity : 9.08602 : new best
[2026-03-17 23:54:02] Seen 310,206 samples
[2026-03-17 23:54:02] Starting data epoch 24 in logical epoch 24
[2026-03-17 23:55:20] Ep. 24 : Up. 31000 : Sen. 104,862 : Cost 2.34258389 * 13,413,206 @ 10,947 after 416,564,229 : Time 267.69s : 50107.28 words/s : gNorm 0.6101 : L.r. 2.1553e-04
[2026-03-17 23:55:20] Saving model weights and runtime parameters to /workspace/OPUS-MT-train/work/en-ckb/curated-floresdev.spm4k-spm4k.transformer.model1.npz
[2026-03-17 23:55:21] Saving Adam parameters
[2026-03-17 23:55:23] [training] Saving training checkpoint to /workspace/OPUS-MT-train/work/en-ckb/curated-floresdev.spm4k-spm4k.transformer.model1.npz and /workspace/OPUS-MT-train/work/en-ckb/curated-floresdev.spm4k-spm4k.transformer.model1.npz.optimizer.npz
[2026-03-17 23:55:26] Translating validation set...
[2026-03-17 23:55:27] Best translation 0 : ▁ئەم ▁زار اوە یە ▁و ەر گیراو ە ▁لە ▁ئاشنا ی ی ▁دێ رین ▁لەگەڵ ▁ b ed - b o g s ▁کە ▁مێر وو ەکان ▁بە ▁شێوەیەکی ▁زۆر ▁گونجاو ن ▁بۆ ▁هاو س ەنگ کردنی ▁مرۆڤ ەکان .
[2026-03-17 23:55:27] Best translation 1 : ▁هێرش بەر انی ▁م ۆم بای ▁لە ▁ڕێگەی ▁بە لە م ▁گەیشت نە ▁سەر ▁ڕۆمان ی ▁٢ ٦ ی ▁تشرین ی ▁دووەمی ▁ ٢٠٠ ٨ ▁و ▁نار نج ۆک ▁و ▁چە کی ▁ئۆتۆ م اتی کی ▁و ▁چە کی ▁ئۆتۆ م اتی کی یان ▁هێنا ▁و ▁چەندین ▁ئامانج یان ▁دە پێک ن ▁لەوانە ▁قە ڵە ب اڵ غ ی ▁چ ەتە پ اتی ▁شی ڤا جی ▁تر مین وس ▁و ▁وێستگ ەی ▁هێڵی ▁ئاس ن ینی ▁بە ناو بان گ ▁هو تێ لی ▁تا ج ▁مە ح ال .
[2026-03-17 23:55:28] Best translation 2 : ▁ئه ▁م ▁گه ▁ڕان ه ▁له ▁لایه ▁ن ▁هه ▁مان ▁که ▁ش وه ه ▁وا ▁خراپ ه ▁وه ▁به ▁ربه ▁ست ▁کرابوو ▁که ▁بووه ▁هۆی ▁بێ زار بوونی ▁نیشت نه ▁وه ▁که ▁.
[2026-03-17 23:55:28] Best translation 3 : ▁هه ▁روه ▁ها ▁ئاژانسی ▁" ئا ی ▁ئێم ا " ▁بۆ ی ▁ده ▁رک ه ▁وتووه ▁، ▁سه ▁ره ▁ر ِ ای ▁ئه ▁و ▁گرت ه ▁ڤیدیۆ ییه ▁ی ▁که ▁له ▁سه ▁ر ▁تۆڕی ▁ئینته ▁رنێت ▁بڵاو بۆ ته ▁وه ▁، ▁برای ▁" بی گ " ▁یاسا کانی ▁سان سۆر کردنی ▁ناوه ▁ر ِ است ی ▁ئینته ▁رنێت ی ▁له ▁کاتی ▁ئه ▁وه ▁ی ▁که ▁ڕاگه ▁یاندن ه ▁کان ▁له ▁ماڵپ ه ▁ر ِ ی ▁" بر ای ▁گه ▁وره ▁" ▁هه ▁ڵ نه ▁گیراوه ▁.
[2026-03-17 23:55:28] Best translation 4 : ▁سوپای ه ▁کی ▁لاواز تر ▁و ▁هێزی ▁ده ▁ری ایی ▁لاواز تر ی ▁هه ▁بوو ، ▁هه ▁رچ ه ▁نده ▁ته ▁نها ▁چوار ▁که ▁شتی ▁نوێ یان ▁به ▁ر ▁له ▁ده ▁ست پێ کردنی ▁شه ▁ڕه ▁که ▁دروست ▁کردبوو .
[2026-03-17 23:55:28] Best translation 5 : ▁دووەم ▁گۆڵی ▁ش ەو ەکە ▁٦ ٠ ەم ین ▁و ەرز ەکەی ▁بوو ، ▁بووە ▁یەکەم ▁یاریزان ▁کە ▁٦ ٠ ▁یان ▁زیاتر ▁لە ▁و ەرز ێک ▁لە ▁ساڵی ▁١٩ ٩ ٥ - ٩ ٦ ەوە ▁٦ ٠ ▁گۆڵ ▁تۆمار ▁بکات ، ▁کاتێک ▁جە رم یر ▁جا گری ▁و ▁مار ی ۆ ▁لی می و کس ▁هەر ی ەکەیان ▁گەیشت نە ▁ئەو ▁میل ۆن .
[2026-03-17 23:55:28] Best translation 10 : ▁خوێن ▁له ▁ناو ▁دڵ ه ▁وه ▁دوور ▁ده ▁که ▁وێت ه ▁وه ▁که ▁پێی ▁ده ▁گوت رێت ▁خوێن به ▁ره ▁کان ▁و ▁دێت ه ▁وه ▁سه ▁ر ▁دڵ ▁له ▁ل وول ه ▁کاندا ▁که ▁پێی ▁ده ▁گوت رێت ▁ده ▁مار ه ▁کان ، ▁بچوک ترین ▁ل وول ه ▁کان ▁پێی ▁ده ▁گوت رێت ▁کا پ ل ێتی .
[2026-03-17 23:55:28] Best translation 20 : ▁سک اف ۆڵ د ▁دەکرێت ▁هەم ▁مە ج ازی ▁و ▁ڕاست ە قی نە ▁بێت ▁، ▁بە ▁و ات ەیەکی ▁تر ▁، ▁مامۆستا ▁جۆرێک ە ▁لە ▁پێو ەر ▁بەڵام ▁لەبەر ▁ئەمە ▁پیاو ە ▁ک اغ ە ز ەکە ▁لە ▁نووسینگ ەی ▁مای ک رۆس ۆف ت ▁.
[2026-03-17 23:55:28] Best translation 40 : ▁خۆپ ـ یش ـ اند انه ▁که ▁ده ▁س ـ تی پ ـ ێ ـ کرد ▁له ▁ده ▁وروب ه ▁ری ▁کاتژمێر ▁ی از ده ▁ی ▁به ▁یانی ▁به ▁کاتی ▁خۆ جێ ی ی ▁( <0x55> T C <0x2B> 1 ) ▁له ▁سه ▁ر ▁شا شه ▁ی ▁دا ون ینگ ▁که ▁شوێنی ▁فه ▁رمی ▁سه ▁رۆک ▁وه ▁زیران ه ▁.
[2026-03-17 23:55:28] Best translation 80 : ▁نیشان ەکە ▁لە ▁ڕووی ▁جەستە ی یەوە ▁زیانی ▁پێ نە گەی شت بوو ؛ ▁دەست کاری کردن ەکە ▁بە ▁بەکارهێنانی ▁تا ر پا لین ە ▁ڕە ش پێ ست ەکان ▁بە ▁نیشان ەکانی ▁ئاشتی ▁و ▁دڵ ەوە ▁بۆ ▁گۆڕینی ▁" کە م کردنەوەی " ▁ئەنجام درا .
[2026-03-17 23:55:31] Best translation 160 : ▁خه ▁ڵک ▁به ▁کورسی ▁به ▁ر ▁په ▁نجه ▁ره ▁کان ▁که ▁وت ، ▁به ▁ڵام ▁په ▁نجه ▁ره ▁کان ▁نا ه ه ▁موار ▁بوون .
[2026-03-17 23:55:34] Best translation 320 : ▁بە دوا دا چوونی ▁نە خ شە ی ▁مۆر کی ▁دەریا ی ی ▁، ▁بە ▁بەکارهێنانی ▁R <0x4F> <0x56> ▁دۆزرای ەوە ▁.
[2026-03-17 23:55:40] Best translation 640 : ▁ژاپۆن ییه ▁کان ▁نزیکه ▁ی ▁حه ▁وت ▁هه ▁زار ▁دور گه ▁یان ▁هه ▁یه ▁- ▁گه ▁وره ▁ترین ▁دوور گه ▁ی ▁" ه ون ش و " ـ ی ▁ژاپۆن ی ▁که ▁به ▁حه ▁وته ▁مین ▁دوور گه ▁ی ▁گه ▁وره ▁ی ▁جیهان ▁داد ه ▁نرێت ، ▁ده ▁بێته ▁حه ▁وته ▁مین ▁دوور گه ▁ی ▁ژاپۆن !
[2026-03-17 23:55:53] Best translation 1280 : ▁پاس ەکان ▁وێستگ ەی ▁پاس ی ▁نێوان ▁سنوور ▁( بە ▁درێژایی ▁ڕۆژ ▁ڕووب ار ەکە ) ▁دە س ڕ نەوە ، ▁هەر چ ەند ە ▁زۆربەی ان ▁بە تای بە ت ▁ئەوانەی ▁بەرەو ▁ڕۆژه ەڵات ▁و ▁جا کار / بۆ تان گ ▁لە ▁نێوان ▁ ٠ ٦ : ٣ ٠ ▁و ▁ ٠ ٧ : ٣ ٠ . ٣ ٠ .
[2026-03-17 23:56:08] Total translation time: 41.51553s
[2026-03-17 23:56:08] Saving model weights and runtime parameters to /workspace/OPUS-MT-train/work/en-ckb/curated-floresdev.spm4k-spm4k.transformer.model1.npz.best-bleu.npz
[2026-03-17 23:56:09] [valid] Ep. 24 : Up. 31000 : bleu : 12.9068 : new best
[2026-03-17 23:56:09] Translating validation set...
[2026-03-17 23:56:10] Best translation 0 : ▁ئەم ▁زار اوە یە ▁و ەر گیراو ە ▁لە ▁ئاشنا ی ی ▁دێ رین ▁لەگەڵ ▁ b ed - b o g s ▁کە ▁مێر وو ەکان ▁بە ▁شێوەیەکی ▁زۆر ▁گونجاو ن ▁بۆ ▁هاو س ەنگ کردنی ▁مرۆڤ ەکان .
[2026-03-17 23:56:10] Best translation 1 : ▁هێرش بەر انی ▁م ۆم بای ▁لە ▁ڕێگەی ▁بە لە م ▁گەیشت نە ▁سەر ▁ڕۆمان ی ▁٢ ٦ ی ▁تشرین ی ▁دووەمی ▁ ٢٠٠ ٨ ▁و ▁نار نج ۆک ▁و ▁چە کی ▁ئۆتۆ م اتی کی ▁و ▁چە کی ▁ئۆتۆ م اتی کی یان ▁هێنا ▁و ▁چەندین ▁ئامانج یان ▁دە پێک ن ▁لەوانە ▁قە ڵە ب اڵ غ ی ▁چ ەتە پ اتی ▁شی ڤا جی ▁تر مین وس ▁و ▁وێستگ ەی ▁هێڵی ▁ئاس ن ینی ▁بە ناو بان گ ▁هو تێ لی ▁تا ج ▁مە ح ال .
[2026-03-17 23:56:10] Best translation 2 : ▁ئه ▁م ▁گه ▁ڕان ه ▁له ▁لایه ▁ن ▁هه ▁مان ▁که ▁ش وه ه ▁وا ▁خراپ ه ▁وه ▁به ▁ربه ▁ست ▁کرابوو ▁که ▁بووه ▁هۆی ▁بێ زار بوونی ▁نیشت نه ▁وه ▁که ▁.
[2026-03-17 23:56:10] Best translation 3 : ▁هه ▁روه ▁ها ▁ئاژانسی ▁" ئا ی ▁ئێم ا " ▁بۆ ی ▁ده ▁رک ه ▁وتووه ▁، ▁سه ▁ره ▁ر ِ ای ▁ئه ▁و ▁گرت ه ▁ڤیدیۆ ییه ▁ی ▁که ▁له ▁سه ▁ر ▁تۆڕی ▁ئینته ▁رنێت ▁بڵاو بۆ ته ▁وه ▁، ▁برای ▁" بی گ " ▁یاسا کانی ▁سان سۆر کردنی ▁ناوه ▁ر ِ است ی ▁ئینته ▁رنێت ی ▁له ▁کاتی ▁ئه ▁وه ▁ی ▁که ▁ڕاگه ▁یاندن ه ▁کان ▁له ▁ماڵپ ه ▁ر ِ ی ▁" بر ای ▁گه ▁وره ▁" ▁هه ▁ڵ نه ▁گیراوه ▁.
[2026-03-17 23:56:10] Best translation 4 : ▁سوپای ه ▁کی ▁لاواز تر ▁و ▁هێزی ▁ده ▁ری ایی ▁لاواز تر ی ▁هه ▁بوو ، ▁هه ▁رچ ه ▁نده ▁ته ▁نها ▁چوار ▁که ▁شتی ▁نوێ یان ▁به ▁ر ▁له ▁ده ▁ست پێ کردنی ▁شه ▁ڕه ▁که ▁دروست ▁کردبوو .
[2026-03-17 23:56:10] Best translation 5 : ▁دووەم ▁گۆڵی ▁ش ەو ەکە ▁٦ ٠ ەم ین ▁و ەرز ەکەی ▁بوو ، ▁بووە ▁یەکەم ▁یاریزان ▁کە ▁٦ ٠ ▁یان ▁زیاتر ▁لە ▁و ەرز ێک ▁لە ▁ساڵی ▁١٩ ٩ ٥ - ٩ ٦ ەوە ▁٦ ٠ ▁گۆڵ ▁تۆمار ▁بکات ، ▁کاتێک ▁جە رم یر ▁جا گری ▁و ▁مار ی ۆ ▁لی می و کس ▁هەر ی ەکەیان ▁گەیشت نە ▁ئەو ▁میل ۆن .
[2026-03-17 23:56:10] Best translation 10 : ▁خوێن ▁له ▁ناو ▁دڵ ه ▁وه ▁دوور ▁ده ▁که ▁وێت ه ▁وه ▁که ▁پێی ▁ده ▁گوت رێت ▁خوێن به ▁ره ▁کان ▁و ▁دێت ه ▁وه ▁سه ▁ر ▁دڵ ▁له ▁ل وول ه ▁کاندا ▁که ▁پێی ▁ده ▁گوت رێت ▁ده ▁مار ه ▁کان ، ▁بچوک ترین ▁ل وول ه ▁کان ▁پێی ▁ده ▁گوت رێت ▁کا پ ل ێتی .
[2026-03-17 23:56:10] Best translation 20 : ▁سک اف ۆڵ د ▁دەکرێت ▁هەم ▁مە ج ازی ▁و ▁ڕاست ە قی نە ▁بێت ▁، ▁بە ▁و ات ەیەکی ▁تر ▁، ▁مامۆستا ▁جۆرێک ە ▁لە ▁پێو ەر ▁بەڵام ▁لەبەر ▁ئەمە ▁پیاو ە ▁ک اغ ە ز ەکە ▁لە ▁نووسینگ ەی ▁مای ک رۆس ۆف ت ▁.
[2026-03-17 23:56:10] Best translation 40 : ▁خۆپ ـ یش ـ اند انه ▁که ▁ده ▁س ـ تی پ ـ ێ ـ کرد ▁له ▁ده ▁وروب ه ▁ری ▁کاتژمێر ▁ی از ده ▁ی ▁به ▁یانی ▁به ▁کاتی ▁خۆ جێ ی ی ▁( <0x55> T C <0x2B> 1 ) ▁له ▁سه ▁ر ▁شا شه ▁ی ▁دا ون ینگ ▁که ▁شوێنی ▁فه ▁رمی ▁سه ▁رۆک ▁وه ▁زیران ه ▁.
[2026-03-17 23:56:11] Best translation 80 : ▁نیشان ەکە ▁لە ▁ڕووی ▁جەستە ی یەوە ▁زیانی ▁پێ نە گەی شت بوو ؛ ▁دەست کاری کردن ەکە ▁بە ▁بەکارهێنانی ▁تا ر پا لین ە ▁ڕە ش پێ ست ەکان ▁بە ▁نیشان ەکانی ▁ئاشتی ▁و ▁دڵ ەوە ▁بۆ ▁گۆڕینی ▁" کە م کردنەوەی " ▁ئەنجام درا .
[2026-03-17 23:56:14] Best translation 160 : ▁خه ▁ڵک ▁به ▁کورسی ▁به ▁ر ▁په ▁نجه ▁ره ▁کان ▁که ▁وت ، ▁به ▁ڵام ▁په ▁نجه ▁ره ▁کان ▁نا ه ه ▁موار ▁بوون .
[2026-03-17 23:56:17] Best translation 320 : ▁بە دوا دا چوونی ▁نە خ شە ی ▁مۆر کی ▁دەریا ی ی ▁، ▁بە ▁بەکارهێنانی ▁R <0x4F> <0x56> ▁دۆزرای ەوە ▁.
[2026-03-17 23:56:23] Best translation 640 : ▁ژاپۆن ییه ▁کان ▁نزیکه ▁ی ▁حه ▁وت ▁هه ▁زار ▁دور گه ▁یان ▁هه ▁یه ▁- ▁گه ▁وره ▁ترین ▁دوور گه ▁ی ▁" ه ون ش و " ـ ی ▁ژاپۆن ی ▁که ▁به ▁حه ▁وته ▁مین ▁دوور گه ▁ی ▁گه ▁وره ▁ی ▁جیهان ▁داد ه ▁نرێت ، ▁ده ▁بێته ▁حه ▁وته ▁مین ▁دوور گه ▁ی ▁ژاپۆن !
[2026-03-17 23:56:36] Best translation 1280 : ▁پاس ەکان ▁وێستگ ەی ▁پاس ی ▁نێوان ▁سنوور ▁( بە ▁درێژایی ▁ڕۆژ ▁ڕووب ار ەکە ) ▁دە س ڕ نەوە ، ▁هەر چ ەند ە ▁زۆربەی ان ▁بە تای بە ت ▁ئەوانەی ▁بەرەو ▁ڕۆژه ەڵات ▁و ▁جا کار / بۆ تان گ ▁لە ▁نێوان ▁ ٠ ٦ : ٣ ٠ ▁و ▁ ٠ ٧ : ٣ ٠ . ٣ ٠ .
[2026-03-17 23:56:51] Total translation time: 42.17077s
[2026-03-17 23:56:51] Saving model weights and runtime parameters to /workspace/OPUS-MT-train/work/en-ckb/curated-floresdev.spm4k-spm4k.transformer.model1.npz.best-chrf.npz
[2026-03-17 23:56:52] [valid] Ep. 24 : Up. 31000 : chrf : 43.3665 : new best
[2026-03-17 23:56:54] Saving model weights and runtime parameters to /workspace/OPUS-MT-train/work/en-ckb/curated-floresdev.spm4k-spm4k.transformer.model1.npz.best-perplexity.npz
[2026-03-17 23:56:55] [valid] Ep. 24 : Up. 31000 : perplexity : 8.99932 : new best
[2026-03-17 23:59:24] Seen 310,206 samples
[2026-03-17 23:59:24] Starting data epoch 25 in logical epoch 25
[2026-03-17 23:59:46] Ep. 25 : Up. 32000 : Sen. 29,865 : Cost 2.32259941 * 13,455,448 @ 15,494 after 430,019,677 : Time 266.18s : 50550.93 words/s : gNorm 0.6027 : L.r. 2.1213e-04
[2026-03-17 23:59:46] Saving model weights and runtime parameters to /workspace/OPUS-MT-train/work/en-ckb/curated-floresdev.spm4k-spm4k.transformer.model1.npz
[2026-03-17 23:59:47] Saving Adam parameters
[2026-03-17 23:59:49] [training] Saving training checkpoint to /workspace/OPUS-MT-train/work/en-ckb/curated-floresdev.spm4k-spm4k.transformer.model1.npz and /workspace/OPUS-MT-train/work/en-ckb/curated-floresdev.spm4k-spm4k.transformer.model1.npz.optimizer.npz
[2026-03-17 23:59:53] Translating validation set...
[2026-03-17 23:59:54] Best translation 0 : ▁ئەم ▁زار اوە یە ▁و ەر گیراو ە ▁لە ▁ئاشنا ی ی ▁دێ رین ▁لەگەڵ ▁ b ed - b o g s ▁کە ▁مێر وو ەکان ▁بە ▁شێوەیەکی ▁زۆر ▁گونجاو ن ▁بۆ ▁هاو ش ێوە کردنی ▁مرۆڤ ەکان .
[2026-03-17 23:59:54] Best translation 1 : ▁هێرش بەر انی ▁م ۆم بای ▁لە ▁ڕێگەی ▁بە لە م ەوە ▁گەیشت نە ▁ <0xDB> <0xB2> ٦ ، ٢٠٠ ٨ ، ▁کە ▁نار نج ۆک ▁و ▁چە کی ▁ئۆتۆ م اتی کی ▁و ▁چەندین ▁ئامانج یان ▁هێنا بوو ، ▁لەوانە ▁قە ڵە ب اڵ غ ی ▁چ ەتە پ اتی ▁شی ڤا جی ▁ت ێر مین وس ▁و ▁وێستگ ەی ▁هێڵی ▁ش ە مەند ە فەر ی ▁بە ناو بان گی ▁تا ج ▁مە ح ال .
[2026-03-17 23:59:54] Best translation 2 : ▁ئه ▁م ▁گه ▁ڕان ه ▁له ▁لایه ▁ن ▁هه ▁مان ▁که ▁ش وه ه ▁وایه ▁خراپ ه ▁که ▁بووه ▁ته ▁هۆی ▁بێ زار بوونی ▁نیشت نه ▁وه ▁که ▁.
[2026-03-17 23:59:54] Best translation 3 : ▁هه ▁روه ▁ها ▁ئاژانسی ▁" ئا ی ▁ئێم ا " ▁بۆ ی ▁ده ▁رک ه ▁وتووه ▁، ▁سه ▁ره ▁ر ِ ای ▁ئه ▁و ▁گرت ه ▁ڤیدیۆ ییه ▁ی ▁که ▁له ▁سه ▁ر ▁تۆڕی ▁ئینته ▁رنێت ▁بڵاو بۆ ته ▁وه ▁، ▁" بر ای انی ▁بی گ " ▁یاسا کانی ▁سان سۆر کردنی ▁ناوه ▁ر ِ است ی ▁ئینته ▁رنێت ی ▁له ▁کاتی ▁ئه ▁وه ▁ی ▁که ▁ڕاگه ▁یاندن ه ▁کان ▁له ▁ماڵپ ه ▁ر ِ ی ▁" بر ای ▁گه ▁وره ▁" ▁هه ▁ڵ نه ▁گیراوه ▁.
[2026-03-17 23:59:54] Best translation 4 : ▁سوپای ه ▁کی ▁لاواز تر ▁و ▁هێزی ▁ده ▁ری ایی ▁لاواز تر ی ▁هه ▁بوو ، ▁هه ▁رچ ه ▁نده ▁ته ▁نها ▁چوار ▁که ▁شتی ▁نوێ یان ▁به ▁ر ▁له ▁ده ▁ست پێ کردنی ▁شه ▁ڕه ▁که ▁دروست ▁کردبوو .
[2026-03-17 23:59:54] Best translation 5 : ▁دووەم ▁گۆڵی ▁ش ەو ەکە ▁٦ ٠ ەم ین ▁و ەرز ەکەی ▁بوو ، ▁کە ▁بوو ▁بە ▁یەکەم ▁یاریزان ▁کە ▁٦ ٠ ▁یان ▁زیاتر ▁لە ▁و ەرز ێک ▁لە ▁ساڵی ▁١٩ ٩ ٥ - ٩ ٦ ەوە ▁٦ ٠ ▁گۆڵ ▁تۆمار ▁بکات ، ▁کاتێک ▁جە رم یر ▁جا گری ▁و ▁مار ی ۆ ▁لی می و کس ▁هەر ی ەکەیان ▁گەیشت نە ▁ئەو ▁میل ۆن .
[2026-03-17 23:59:54] Best translation 10 : ▁خوێن ▁له ▁ناو ▁دڵ ه ▁وه ▁دوور ▁ده ▁که ▁وێت ه ▁وه ▁به ▁ناوی ▁خوێن به ▁ره ▁کان ▁و ▁ده ▁گه ▁ڕێت ه ▁وه ▁بۆ ▁دڵ ▁له ▁ناو ▁ل وول ه ▁کاندا ▁که ▁پێی ▁ده ▁گوت رێت ▁ده ▁مار ه ▁کان ، ▁بچوک ترین ▁ل وول ه ▁کان ▁پێی ▁ده ▁گوت رێت ▁کا پ ل ێتی .
[2026-03-17 23:59:54] Best translation 20 : ▁سک اف ۆڵ دز ▁دەکرێت ▁هەم ▁مە ج ازی ▁و ▁ڕاست ە قی نە ▁بێت ▁، ▁بە ▁و ات ەیەکی ▁تر ▁، ▁مامۆستا ▁جۆرێک ە ▁لە ▁پێو ەر ▁بەڵام ▁لەبەر ▁ئەمە ▁پیاو ە ▁ک اغ ە ز ەکە ▁لە ▁نووسینگ ەی ▁مای ک رۆس ۆف ت ▁.
[2026-03-17 23:59:54] Best translation 40 : ▁خۆپ ـ یش ـ اند انه ▁که ▁ده ▁س ـ تی پ ـ ێ ـ کرد ▁له ▁ده ▁وروب ه ▁ری ▁کاتژمێر ▁ی از ده ▁ی ▁سه ▁رل ه ▁به ▁یانی ▁به ▁کاتی ▁خۆ جێ ی ی ▁( <0x55> T C <0x2B> 1 ) ▁له ▁سه ▁ر ▁شا شه ▁ی ▁دا ون ینگ ▁که ▁شوێنی ▁فه ▁رمی ▁سه ▁رۆک ▁وه ▁زیری ▁وڵاته ▁که ▁یه ▁.
[2026-03-17 23:59:55] Best translation 80 : ▁نیشان ەکە ▁لە ▁ڕووی ▁جەستە ی یەوە ▁زیانی ▁پێ نە گەی شت بوو ؛ ▁دەست کاری کردن ەکە ▁بە ▁بەکارهێنانی ▁تا ر پا لین ە ▁ڕە ش پێ ست ەکان ▁بە ▁نیشان ەکانی ▁ئاشتی ▁و ▁دڵ ەوە ▁بۆ ▁گۆڕینی ▁" کە م ترین " ▁ئەنجام درا .
[2026-03-17 23:59:58] Best translation 160 : ▁خه ▁ڵک ▁به ▁کورسی ▁به ▁ر ▁په ▁نجه ▁ره ▁کان ▁که ▁وت ، ▁به ▁ڵام ▁په ▁نجه ▁ره ▁کان ▁نا ه ه ▁موار ▁بوون .
[2026-03-18 00:00:01] Best translation 320 : ▁بە دوا دا چوونی ▁نە خ شە ی ▁مۆر کی ▁دەریا ی ی ▁دۆز را وەتەوە ▁بە ▁بەکارهێنانی ▁R <0x4F> <0x56> .
[2026-03-18 00:00:08] Best translation 640 : ▁ژاپۆن ییه ▁کان ▁نزیکه ▁ی ▁حه ▁وت ▁هه ▁زار ▁دور گه ▁یان ▁هه ▁یه ▁- ▁گه ▁وره ▁ترین ▁دوور گه ▁ی ▁" ه ون ش و " ـ ی ▁ژاپۆن ی ، ▁که ▁به ▁حه ▁وته ▁مین ▁دوور گه ▁ی ▁گه ▁وره ▁ی ▁ژاپۆن ▁داد ه ▁نرێت ▁له ▁جیهاندا !
[2026-03-18 00:00:20] Best translation 1280 : ▁پاس ەکان ▁وێستگ ەی ▁پاس ی ▁نێوان ▁سنوور ▁( بە ▁درێژایی ▁ڕۆژ ) ▁بە ▁تایبەت ی ▁ئەوانەی ▁بەرەو ▁ڕۆژه ەڵات ▁و ▁جا کار / <0x42> u m t an g ▁لە ▁نێوان ▁ ٠ ٦ : ٣ ٠ ▁و ▁ ٠ ٧ : ٣ ٠ : ٣ ٠ ) ▁دە ڕۆ ن .
[2026-03-18 00:00:35] Total translation time: 42.25725s
[2026-03-18 00:00:35] Saving model weights and runtime parameters to /workspace/OPUS-MT-train/work/en-ckb/curated-floresdev.spm4k-spm4k.transformer.model1.npz.best-bleu.npz
[2026-03-18 00:00:36] [valid] Ep. 25 : Up. 32000 : bleu : 13.1292 : new best
[2026-03-18 00:00:36] Translating validation set...
[2026-03-18 00:00:37] Best translation 0 : ▁ئەم ▁زار اوە یە ▁و ەر گیراو ە ▁لە ▁ئاشنا ی ی ▁دێ رین ▁لەگەڵ ▁ b ed - b o g s ▁کە ▁مێر وو ەکان ▁بە ▁شێوەیەکی ▁زۆر ▁گونجاو ن ▁بۆ ▁هاو ش ێوە کردنی ▁مرۆڤ ەکان .
[2026-03-18 00:00:37] Best translation 1 : ▁هێرش بەر انی ▁م ۆم بای ▁لە ▁ڕێگەی ▁بە لە م ەوە ▁گەیشت نە ▁ <0xDB> <0xB2> ٦ ، ٢٠٠ ٨ ، ▁کە ▁نار نج ۆک ▁و ▁چە کی ▁ئۆتۆ م اتی کی ▁و ▁چەندین ▁ئامانج یان ▁هێنا بوو ، ▁لەوانە ▁قە ڵە ب اڵ غ ی ▁چ ەتە پ اتی ▁شی ڤا جی ▁ت ێر مین وس ▁و ▁وێستگ ەی ▁هێڵی ▁ش ە مەند ە فەر ی ▁بە ناو بان گی ▁تا ج ▁مە ح ال .
[2026-03-18 00:00:38] Best translation 2 : ▁ئه ▁م ▁گه ▁ڕان ه ▁له ▁لایه ▁ن ▁هه ▁مان ▁که ▁ش وه ه ▁وایه ▁خراپ ه ▁که ▁بووه ▁ته ▁هۆی ▁بێ زار بوونی ▁نیشت نه ▁وه ▁که ▁.
[2026-03-18 00:00:38] Best translation 3 : ▁هه ▁روه ▁ها ▁ئاژانسی ▁" ئا ی ▁ئێم ا " ▁بۆ ی ▁ده ▁رک ه ▁وتووه ▁، ▁سه ▁ره ▁ر ِ ای ▁ئه ▁و ▁گرت ه ▁ڤیدیۆ ییه ▁ی ▁که ▁له ▁سه ▁ر ▁تۆڕی ▁ئینته ▁رنێت ▁بڵاو بۆ ته ▁وه ▁، ▁" بر ای انی ▁بی گ " ▁یاسا کانی ▁سان سۆر کردنی ▁ناوه ▁ر ِ است ی ▁ئینته ▁رنێت ی ▁له ▁کاتی ▁ئه ▁وه ▁ی ▁که ▁ڕاگه ▁یاندن ه ▁کان ▁له ▁ماڵپ ه ▁ر ِ ی ▁" بر ای ▁گه ▁وره ▁" ▁هه ▁ڵ نه ▁گیراوه ▁.
[2026-03-18 00:00:38] Best translation 4 : ▁سوپای ه ▁کی ▁لاواز تر ▁و ▁هێزی ▁ده ▁ری ایی ▁لاواز تر ی ▁هه ▁بوو ، ▁هه ▁رچ ه ▁نده ▁ته ▁نها ▁چوار ▁که ▁شتی ▁نوێ یان ▁به ▁ر ▁له ▁ده ▁ست پێ کردنی ▁شه ▁ڕه ▁که ▁دروست ▁کردبوو .
[2026-03-18 00:00:38] Best translation 5 : ▁دووەم ▁گۆڵی ▁ش ەو ەکە ▁٦ ٠ ەم ین ▁و ەرز ەکەی ▁بوو ، ▁کە ▁بوو ▁بە ▁یەکەم ▁یاریزان ▁کە ▁٦ ٠ ▁یان ▁زیاتر ▁لە ▁و ەرز ێک ▁لە ▁ساڵی ▁١٩ ٩ ٥ - ٩ ٦ ەوە ▁٦ ٠ ▁گۆڵ ▁تۆمار ▁بکات ، ▁کاتێک ▁جە رم یر ▁جا گری ▁و ▁مار ی ۆ ▁لی می و کس ▁هەر ی ەکەیان ▁گەیشت نە ▁ئەو ▁میل ۆن .
[2026-03-18 00:00:38] Best translation 10 : ▁خوێن ▁له ▁ناو ▁دڵ ه ▁وه ▁دوور ▁ده ▁که ▁وێت ه ▁وه ▁به ▁ناوی ▁خوێن به ▁ره ▁کان ▁و ▁ده ▁گه ▁ڕێت ه ▁وه ▁بۆ ▁دڵ ▁له ▁ناو ▁ل وول ه ▁کاندا ▁که ▁پێی ▁ده ▁گوت رێت ▁ده ▁مار ه ▁کان ، ▁بچوک ترین ▁ل وول ه ▁کان ▁پێی ▁ده ▁گوت رێت ▁کا پ ل ێتی .
[2026-03-18 00:00:38] Best translation 20 : ▁سک اف ۆڵ دز ▁دەکرێت ▁هەم ▁مە ج ازی ▁و ▁ڕاست ە قی نە ▁بێت ▁، ▁بە ▁و ات ەیەکی ▁تر ▁، ▁مامۆستا ▁جۆرێک ە ▁لە ▁پێو ەر ▁بەڵام ▁لەبەر ▁ئەمە ▁پیاو ە ▁ک اغ ە ز ەکە ▁لە ▁نووسینگ ەی ▁مای ک رۆس ۆف ت ▁.
[2026-03-18 00:00:38] Best translation 40 : ▁خۆپ ـ یش ـ اند انه ▁که ▁ده ▁س ـ تی پ ـ ێ ـ کرد ▁له ▁ده ▁وروب ه ▁ری ▁کاتژمێر ▁ی از ده ▁ی ▁سه ▁رل ه ▁به ▁یانی ▁به ▁کاتی ▁خۆ جێ ی ی ▁( <0x55> T C <0x2B> 1 ) ▁له ▁سه ▁ر ▁شا شه ▁ی ▁دا ون ینگ ▁که ▁شوێنی ▁فه ▁رمی ▁سه ▁رۆک ▁وه ▁زیری ▁وڵاته ▁که ▁یه ▁.
[2026-03-18 00:00:38] Best translation 80 : ▁نیشان ەکە ▁لە ▁ڕووی ▁جەستە ی یەوە ▁زیانی ▁پێ نە گەی شت بوو ؛ ▁دەست کاری کردن ەکە ▁بە ▁بەکارهێنانی ▁تا ر پا لین ە ▁ڕە ش پێ ست ەکان ▁بە ▁نیشان ەکانی ▁ئاشتی ▁و ▁دڵ ەوە ▁بۆ ▁گۆڕینی ▁" کە م ترین " ▁ئەنجام درا .
[2026-03-18 00:00:41] Best translation 160 : ▁خه ▁ڵک ▁به ▁کورسی ▁به ▁ر ▁په ▁نجه ▁ره ▁کان ▁که ▁وت ، ▁به ▁ڵام ▁په ▁نجه ▁ره ▁کان ▁نا ه ه ▁موار ▁بوون .
[2026-03-18 00:00:45] Best translation 320 : ▁بە دوا دا چوونی ▁نە خ شە ی ▁مۆر کی ▁دەریا ی ی ▁دۆز را وەتەوە ▁بە ▁بەکارهێنانی ▁R <0x4F> <0x56> .
[2026-03-18 00:00:51] Best translation 640 : ▁ژاپۆن ییه ▁کان ▁نزیکه ▁ی ▁حه ▁وت ▁هه ▁زار ▁دور گه ▁یان ▁هه ▁یه ▁- ▁گه ▁وره ▁ترین ▁دوور گه ▁ی ▁" ه ون ش و " ـ ی ▁ژاپۆن ی ، ▁که ▁به ▁حه ▁وته ▁مین ▁دوور گه ▁ی ▁گه ▁وره ▁ی ▁ژاپۆن ▁داد ه ▁نرێت ▁له ▁جیهاندا !
[2026-03-18 00:01:04] Best translation 1280 : ▁پاس ەکان ▁وێستگ ەی ▁پاس ی ▁نێوان ▁سنوور ▁( بە ▁درێژایی ▁ڕۆژ ) ▁بە ▁تایبەت ی ▁ئەوانەی ▁بەرەو ▁ڕۆژه ەڵات ▁و ▁جا کار / <0x42> u m t an g ▁لە ▁نێوان ▁ ٠ ٦ : ٣ ٠ ▁و ▁ ٠ ٧ : ٣ ٠ : ٣ ٠ ) ▁دە ڕۆ ن .
[2026-03-18 00:01:19] Total translation time: 42.70244s
[2026-03-18 00:01:19] Saving model weights and runtime parameters to /workspace/OPUS-MT-train/work/en-ckb/curated-floresdev.spm4k-spm4k.transformer.model1.npz.best-chrf.npz
[2026-03-18 00:01:20] [valid] Ep. 25 : Up. 32000 : chrf : 43.609 : new best
[2026-03-18 00:01:22] Saving model weights and runtime parameters to /workspace/OPUS-MT-train/work/en-ckb/curated-floresdev.spm4k-spm4k.transformer.model1.npz.best-perplexity.npz
[2026-03-18 00:01:23] [valid] Ep. 25 : Up. 32000 : perplexity : 8.92586 : new best
[2026-03-18 00:04:14] Ep. 25 : Up. 33000 : Sen. 262,921 : Cost 2.30650163 * 13,479,594 @ 11,494 after 443,499,271 : Time 267.88s : 50320.12 words/s : gNorm 0.5814 : L.r. 2.0889e-04
[2026-03-18 00:04:14] Saving model weights and runtime parameters to /workspace/OPUS-MT-train/work/en-ckb/curated-floresdev.spm4k-spm4k.transformer.model1.npz
[2026-03-18 00:04:15] Saving Adam parameters
[2026-03-18 00:04:17] [training] Saving training checkpoint to /workspace/OPUS-MT-train/work/en-ckb/curated-floresdev.spm4k-spm4k.transformer.model1.npz and /workspace/OPUS-MT-train/work/en-ckb/curated-floresdev.spm4k-spm4k.transformer.model1.npz.optimizer.npz
[2026-03-18 00:04:21] Translating validation set...
[2026-03-18 00:04:21] Best translation 0 : ▁ئەم ▁زار اوە یە ▁و ەر گیراو ە ▁لە ▁ئاشنا ی ی ▁دێ رین ▁لەگەڵ ▁ b ed - b o g s ▁کە ▁مێر وو ەکان ▁بە ▁شێوەیەکی ▁زۆر ▁گونجاو ن ▁بۆ ▁هاو س ەنگ کردنی ▁مرۆڤ ەکان .
[2026-03-18 00:04:21] Best translation 1 : ▁هێرش بەر ەکانی ▁م ۆم بای ▁لە ▁ڕێگەی ▁بە لە م ▁گەیشت نە ▁ڕۆمان ی ▁2 6 ی ▁20 0 8 ▁و ▁ناڕ ە زای ی ▁و ▁چە کی ▁ئۆتۆ م اتی کی ▁و ▁چەندین ▁ئامانج یان ▁هێنا یە ▁ئامانج ▁لەوانە ▁قە ڵە ب اڵ غ ی ▁چ ەتە پ اتی ▁شی ڤا جی ▁ت ێر مین ۆس ▁و ▁وێستگ ەی ▁هێڵی ▁ئاس ن ینی ▁بە ناو بان گ ▁هو تێ لی ▁تا ج ▁مە ح ال .
[2026-03-18 00:04:22] Best translation 2 : ▁ئه ▁م ▁گه ▁ڕان ه ▁له ▁لایه ▁ن ▁هه ▁مان ▁که ▁ش وه ه ▁وایه ▁خراپ ه ▁که ▁بووه ▁ته ▁هۆی ▁بێ زار بوونی ▁نیشت نه ▁وه ▁که ▁.
[2026-03-18 00:04:22] Best translation 3 : ▁هه ▁روه ▁ها ▁ئاژانسی ▁" ئا ی ▁ئێم ا " ▁بۆ ی ▁ده ▁رک ه ▁وتووه ▁، ▁سه ▁ره ▁ر ِ ای ▁ئه ▁و ▁گرت ه ▁ڤیدیۆ ییه ▁ی ▁که ▁له ▁سه ▁ر ▁تۆڕی ▁ئینته ▁رنێت ▁بڵاو بۆ ته ▁وه ▁، ▁" بر ای انی ▁بی گ " ▁یاسا کانی ▁سان سۆر کردنی ▁ناوه ▁ر ِ است ی ▁ئینته ▁رنێت ی ▁له ▁کاتی ▁ئه ▁وه ▁ی ▁که ▁ڕاگه ▁یاندن ه ▁کان ▁له ▁ماڵپ ه ▁ر ِ ی ▁" بر ای ▁گه ▁وره ▁" ▁هه ▁ڵ نه ▁گیراوه ▁.
[2026-03-18 00:04:22] Best translation 4 : ▁سوپای ه ▁کی ▁لاواز تر ▁و ▁هێزی ▁ده ▁ری ایی ▁لاواز تر ی ▁هه ▁بوو ، ▁هه ▁رچ ه ▁نده ▁ته ▁نها ▁چوار ▁که ▁شتی ▁نوێ یان ▁به ▁ر ▁له ▁ده ▁ست پێ کردنی ▁شه ▁ڕه ▁که ▁دروست ▁کردبوو .
[2026-03-18 00:04:22] Best translation 5 : ▁دووەم ▁گۆڵی ▁ش ەو ەکە ▁٦ ٠ ەم ین ▁و ەرز ەکەی ▁بوو ، ▁بووە ▁یەکەم ▁یاریزان ▁کە ▁٦ ٠ ▁یان ▁زیاتر ▁لە ▁و ەرز ێک ▁لە ▁ساڵی ▁١٩ ٩ ٥ - ٩ ٦ ەوە ▁٦ ٠ ▁گۆڵ ▁تۆمار ▁بکات ، ▁کاتێک ▁جە رم یر ▁جا گری ▁و ▁مار ی ۆ ▁لی می و کس ▁هەر ی ەکەیان ▁گەیشت نە ▁ئەو ▁میل ۆن .
[2026-03-18 00:04:22] Best translation 10 : ▁خوێن ▁له ▁ناو ▁دڵ ▁دوور ▁ده ▁که ▁وێت ه ▁وه ▁به ▁ناوی ▁خوێن به ▁ره ▁کان ▁و ▁ده ▁گه ▁ڕێت ه ▁وه ▁بۆ ▁دڵ ▁له ▁ناو ▁ل وول ه ▁کاندا ▁که ▁پێی ▁ده ▁گوت رێت ▁ده ▁مار ه ▁کان ، ▁بچووک ترین ▁ل وول ه ▁کان ▁ناوی ▁کا پ ل ێت ییه ▁کان ه ▁.
[2026-03-18 00:04:22] Best translation 20 : ▁سک اف ۆڵ دز ▁دەکرێت ▁هەم ▁مە ج ازی ▁و ▁ڕاست ە قی نە ▁بێت ▁، ▁بە ▁و ات ەیەکی ▁تر ▁، ▁مامۆستا ▁جۆرێک ە ▁لە ▁پێو ەر ▁بەڵام ▁لەبەر ▁ئەمە ▁پیاو ە ▁ک اغ ە ز ەکە ▁لە ▁نووسینگ ەی ▁مای ک رۆس ۆف ت ▁.
[2026-03-18 00:04:22] Best translation 40 : ▁خۆپ ـ یش ـ اند انه ▁که ▁ده ▁س ـ تی پ ـ ێ ـ کرد ▁له ▁ده ▁وروب ه ▁ری ▁کاتژمێر ▁ی از ده ▁ی ▁به ▁یانی ▁به ▁کاتی ▁خۆ جێ ی ی ▁( <0x55> T C <0x2B> 1 ) ▁له ▁سه ▁ر ▁شا شه ▁ی ▁دا ون ینگ ▁که ▁شوێنی ▁فه ▁رمی ▁سه ▁رۆک ▁وه ▁زیری ▁وڵاته ▁که ▁یه ▁.
[2026-03-18 00:04:22] Best translation 80 : ▁نیشان ەکە ▁لە ▁ڕووی ▁جەستە ی یەوە ▁زیانی ▁پێ نە گەی شت بوو ؛ ▁دەست کاری کردن ەکە ▁بە ▁بەکارهێنانی ▁تا ر پا لین ە ▁ڕە ش پێ ست ەکان ▁بە ▁نیشان ەکانی ▁ئارامی ▁و ▁دڵ ەوە ▁ئەنجام درا ▁بۆ ▁گۆڕینی ▁" بۆ ▁خوێندن ەوە ی ▁" ▁کەم ی ▁" ▁.
[2026-03-18 00:04:25] Best translation 160 : ▁خه ▁ڵک ▁به ▁کورسی ▁به ▁ر ▁په ▁نجه ▁ره ▁کان ▁که ▁وت ، ▁به ▁ڵام ▁په ▁نجه ▁ره ▁کان ▁نا ه ه ▁موار ▁بوون .
[2026-03-18 00:04:29] Best translation 320 : ▁بە دوا دا چوونی ▁نە خ شە ی ▁مۆر ی ▁دەریا ی ی ▁، ▁بە ▁بەکارهێنانی ▁R <0x4F> <0x56> ▁دۆزرای ەوە ▁.
[2026-03-18 00:04:35] Best translation 640 : ▁ژاپۆن ییه ▁کان ▁نزیکه ▁ی ▁حه ▁وت ▁هه ▁زار ▁دور گه ▁یان ▁هه ▁یه ▁- ▁گه ▁وره ▁ترین ▁دوور گه ▁ی ▁" ه ون ش و " ـ ی ▁ژاپۆن ی ، ▁که ▁به ▁حه ▁وته ▁مین ▁دوور گه ▁ی ▁گه ▁وره ▁ی ▁جیهان ▁داد ه ▁نرێت !
[2026-03-18 00:04:47] Best translation 1280 : ▁پاس ەکان ▁وێستگ ەی ▁پاس ی ▁نێوان ▁سنوور ▁( بە ▁درێژایی ▁ڕۆژ ) ▁دە ش ێ وێن ن ، ▁هەر چ ەند ە ▁زۆربەی ان ▁بە ▁تایبەت ی ▁ئەوانەی ▁بەرەو ▁ڕۆژه ەڵات ▁و ▁جا کار / ب وم ت ەنگ ▁دە ڕۆ ن ▁لە ▁نێوان ▁ ٠ ٦ : ٣ ٠ ▁و ▁ ٠ ٧ : ٣ ٠ : ٣ ٠ .
[2026-03-18 00:05:02] Total translation time: 41.14170s
[2026-03-18 00:05:02] Saving model weights and runtime parameters to /workspace/OPUS-MT-train/work/en-ckb/curated-floresdev.spm4k-spm4k.transformer.model1.npz.best-bleu.npz
[2026-03-18 00:05:03] [valid] Ep. 25 : Up. 33000 : bleu : 13.3299 : new best
[2026-03-18 00:05:03] Translating validation set...
[2026-03-18 00:05:04] Best translation 0 : ▁ئەم ▁زار اوە یە ▁و ەر گیراو ە ▁لە ▁ئاشنا ی ی ▁دێ رین ▁لەگەڵ ▁ b ed - b o g s ▁کە ▁مێر وو ەکان ▁بە ▁شێوەیەکی ▁زۆر ▁گونجاو ن ▁بۆ ▁هاو س ەنگ کردنی ▁مرۆڤ ەکان .
[2026-03-18 00:05:04] Best translation 1 : ▁هێرش بەر ەکانی ▁م ۆم بای ▁لە ▁ڕێگەی ▁بە لە م ▁گەیشت نە ▁ڕۆمان ی ▁2 6 ی ▁20 0 8 ▁و ▁ناڕ ە زای ی ▁و ▁چە کی ▁ئۆتۆ م اتی کی ▁و ▁چەندین ▁ئامانج یان ▁هێنا یە ▁ئامانج ▁لەوانە ▁قە ڵە ب اڵ غ ی ▁چ ەتە پ اتی ▁شی ڤا جی ▁ت ێر مین ۆس ▁و ▁وێستگ ەی ▁هێڵی ▁ئاس ن ینی ▁بە ناو بان گ ▁هو تێ لی ▁تا ج ▁مە ح ال .
[2026-03-18 00:05:04] Best translation 2 : ▁ئه ▁م ▁گه ▁ڕان ه ▁له ▁لایه ▁ن ▁هه ▁مان ▁که ▁ش وه ه ▁وایه ▁خراپ ه ▁که ▁بووه ▁ته ▁هۆی ▁بێ زار بوونی ▁نیشت نه ▁وه ▁که ▁.
[2026-03-18 00:05:04] Best translation 3 : ▁هه ▁روه ▁ها ▁ئاژانسی ▁" ئا ی ▁ئێم ا " ▁بۆ ی ▁ده ▁رک ه ▁وتووه ▁، ▁سه ▁ره ▁ر ِ ای ▁ئه ▁و ▁گرت ه ▁ڤیدیۆ ییه ▁ی ▁که ▁له ▁سه ▁ر ▁تۆڕی ▁ئینته ▁رنێت ▁بڵاو بۆ ته ▁وه ▁، ▁" بر ای انی ▁بی گ " ▁یاسا کانی ▁سان سۆر کردنی ▁ناوه ▁ر ِ است ی ▁ئینته ▁رنێت ی ▁له ▁کاتی ▁ئه ▁وه ▁ی ▁که ▁ڕاگه ▁یاندن ه ▁کان ▁له ▁ماڵپ ه ▁ر ِ ی ▁" بر ای ▁گه ▁وره ▁" ▁هه ▁ڵ نه ▁گیراوه ▁.
[2026-03-18 00:05:04] Best translation 4 : ▁سوپای ه ▁کی ▁لاواز تر ▁و ▁هێزی ▁ده ▁ری ایی ▁لاواز تر ی ▁هه ▁بوو ، ▁هه ▁رچ ه ▁نده ▁ته ▁نها ▁چوار ▁که ▁شتی ▁نوێ یان ▁به ▁ر ▁له ▁ده ▁ست پێ کردنی ▁شه ▁ڕه ▁که ▁دروست ▁کردبوو .
[2026-03-18 00:05:04] Best translation 5 : ▁دووەم ▁گۆڵی ▁ش ەو ەکە ▁٦ ٠ ەم ین ▁و ەرز ەکەی ▁بوو ، ▁بووە ▁یەکەم ▁یاریزان ▁کە ▁٦ ٠ ▁یان ▁زیاتر ▁لە ▁و ەرز ێک ▁لە ▁ساڵی ▁١٩ ٩ ٥ - ٩ ٦ ەوە ▁٦ ٠ ▁گۆڵ ▁تۆمار ▁بکات ، ▁کاتێک ▁جە رم یر ▁جا گری ▁و ▁مار ی ۆ ▁لی می و کس ▁هەر ی ەکەیان ▁گەیشت نە ▁ئەو ▁میل ۆن .
[2026-03-18 00:05:05] Best translation 10 : ▁خوێن ▁له ▁ناو ▁دڵ ▁دوور ▁ده ▁که ▁وێت ه ▁وه ▁به ▁ناوی ▁خوێن به ▁ره ▁کان ▁و ▁ده ▁گه ▁ڕێت ه ▁وه ▁بۆ ▁دڵ ▁له ▁ناو ▁ل وول ه ▁کاندا ▁که ▁پێی ▁ده ▁گوت رێت ▁ده ▁مار ه ▁کان ، ▁بچووک ترین ▁ل وول ه ▁کان ▁ناوی ▁کا پ ل ێت ییه ▁کان ه ▁.
[2026-03-18 00:05:05] Best translation 20 : ▁سک اف ۆڵ دز ▁دەکرێت ▁هەم ▁مە ج ازی ▁و ▁ڕاست ە قی نە ▁بێت ▁، ▁بە ▁و ات ەیەکی ▁تر ▁، ▁مامۆستا ▁جۆرێک ە ▁لە ▁پێو ەر ▁بەڵام ▁لەبەر ▁ئەمە ▁پیاو ە ▁ک اغ ە ز ەکە ▁لە ▁نووسینگ ەی ▁مای ک رۆس ۆف ت ▁.
[2026-03-18 00:05:05] Best translation 40 : ▁خۆپ ـ یش ـ اند انه ▁که ▁ده ▁س ـ تی پ ـ ێ ـ کرد ▁له ▁ده ▁وروب ه ▁ری ▁کاتژمێر ▁ی از ده ▁ی ▁به ▁یانی ▁به ▁کاتی ▁خۆ جێ ی ی ▁( <0x55> T C <0x2B> 1 ) ▁له ▁سه ▁ر ▁شا شه ▁ی ▁دا ون ینگ ▁که ▁شوێنی ▁فه ▁رمی ▁سه ▁رۆک ▁وه ▁زیری ▁وڵاته ▁که ▁یه ▁.
[2026-03-18 00:05:05] Best translation 80 : ▁نیشان ەکە ▁لە ▁ڕووی ▁جەستە ی یەوە ▁زیانی ▁پێ نە گەی شت بوو ؛ ▁دەست کاری کردن ەکە ▁بە ▁بەکارهێنانی ▁تا ر پا لین ە ▁ڕە ش پێ ست ەکان ▁بە ▁نیشان ەکانی ▁ئارامی ▁و ▁دڵ ەوە ▁ئەنجام درا ▁بۆ ▁گۆڕینی ▁" بۆ ▁خوێندن ەوە ی ▁" ▁کەم ی ▁" ▁.
[2026-03-18 00:05:08] Best translation 160 : ▁خه ▁ڵک ▁به ▁کورسی ▁به ▁ر ▁په ▁نجه ▁ره ▁کان ▁که ▁وت ، ▁به ▁ڵام ▁په ▁نجه ▁ره ▁کان ▁نا ه ه ▁موار ▁بوون .
[2026-03-18 00:05:11] Best translation 320 : ▁بە دوا دا چوونی ▁نە خ شە ی ▁مۆر ی ▁دەریا ی ی ▁، ▁بە ▁بەکارهێنانی ▁R <0x4F> <0x56> ▁دۆزرای ەوە ▁.
[2026-03-18 00:05:17] Best translation 640 : ▁ژاپۆن ییه ▁کان ▁نزیکه ▁ی ▁حه ▁وت ▁هه ▁زار ▁دور گه ▁یان ▁هه ▁یه ▁- ▁گه ▁وره ▁ترین ▁دوور گه ▁ی ▁" ه ون ش و " ـ ی ▁ژاپۆن ی ، ▁که ▁به ▁حه ▁وته ▁مین ▁دوور گه ▁ی ▁گه ▁وره ▁ی ▁جیهان ▁داد ه ▁نرێت !
[2026-03-18 00:05:30] Best translation 1280 : ▁پاس ەکان ▁وێستگ ەی ▁پاس ی ▁نێوان ▁سنوور ▁( بە ▁درێژایی ▁ڕۆژ ) ▁دە ش ێ وێن ن ، ▁هەر چ ەند ە ▁زۆربەی ان ▁بە ▁تایبەت ی ▁ئەوانەی ▁بەرەو ▁ڕۆژه ەڵات ▁و ▁جا کار / ب وم ت ەنگ ▁دە ڕۆ ن ▁لە ▁نێوان ▁ ٠ ٦ : ٣ ٠ ▁و ▁ ٠ ٧ : ٣ ٠ : ٣ ٠ .
[2026-03-18 00:05:45] Total translation time: 42.43981s
[2026-03-18 00:05:45] Saving model weights and runtime parameters to /workspace/OPUS-MT-train/work/en-ckb/curated-floresdev.spm4k-spm4k.transformer.model1.npz.best-chrf.npz
[2026-03-18 00:05:47] [valid] Ep. 25 : Up. 33000 : chrf : 43.8466 : new best
[2026-03-18 00:05:49] Saving model weights and runtime parameters to /workspace/OPUS-MT-train/work/en-ckb/curated-floresdev.spm4k-spm4k.transformer.model1.npz.best-perplexity.npz
[2026-03-18 00:05:50] [valid] Ep. 25 : Up. 33000 : perplexity : 8.8689 : new best
[2026-03-18 00:06:24] Seen 310,206 samples
[2026-03-18 00:06:24] Starting data epoch 26 in logical epoch 26
[2026-03-18 00:08:41] Ep. 26 : Up. 34000 : Sen. 185,732 : Cost 2.29089332 * 13,407,540 @ 14,964 after 456,906,811 : Time 266.89s : 50236.99 words/s : gNorm 0.5715 : L.r. 2.0580e-04
[2026-03-18 00:08:41] Saving model weights and runtime parameters to /workspace/OPUS-MT-train/work/en-ckb/curated-floresdev.spm4k-spm4k.transformer.model1.npz
[2026-03-18 00:08:42] Saving Adam parameters
[2026-03-18 00:08:44] [training] Saving training checkpoint to /workspace/OPUS-MT-train/work/en-ckb/curated-floresdev.spm4k-spm4k.transformer.model1.npz and /workspace/OPUS-MT-train/work/en-ckb/curated-floresdev.spm4k-spm4k.transformer.model1.npz.optimizer.npz
[2026-03-18 00:08:48] Translating validation set...
[2026-03-18 00:08:48] Best translation 0 : ▁ئەم ▁زار اوە یە ▁و ەر گیراو ە ▁لە ▁ئاشنا ی ی ▁دێ رین ی ▁ b ed - b o g s ▁کە ▁مێر وو ەکان ▁بە ▁شێوەیەکی ▁زۆر ▁گونجاو ن ▁بۆ ▁م شە خ ۆر کردنی ▁مرۆڤ ەکان .
[2026-03-18 00:08:48] Best translation 1 : ▁هێرش بەر ەکانی ▁م ۆم بای ▁لە ▁ڕێگەی ▁بە لە م ەوە ▁گەیشت نە ▁ڕۆمان ی ▁٢ ٦ ی ▁ساڵی ▁ ٢٠٠ ٨ ▁و ▁نار نج ۆک ▁و ▁چە کی ▁ئۆتۆ م اتی کی ▁و ▁چەندین ▁ئامانج یان ▁هێنا یە ▁ئامانج ▁لەوانە ▁قە ڵە ب اڵ غ ی ▁چ ەتە پ اتی ▁شی ڤا جی ▁ت ێر مین ۆس ▁و ▁وێستگ ەی ▁هێڵی ▁ش ە مەند ە فەر ی ▁بە ناو بان گ ▁هۆ تێ لی ▁تا ج ▁مە ح ال .
[2026-03-18 00:08:49] Best translation 2 : ▁ئه ▁م ▁گه ▁ڕان ه ▁له ▁لایه ▁ن ▁هه ▁مان ▁که ▁ش وه ه ▁وایه ▁خراپ ه ▁که ▁بووه ▁ته ▁هۆی ▁بێ زار بوونی ▁نیشت نه ▁وه ▁که ▁.
[2026-03-18 00:08:49] Best translation 3 : ▁هه ▁روه ▁ها ▁ئاژانسی ▁" ئا ی ▁ئێم ا " ▁بۆ ی ▁ده ▁رک ه ▁وتووه ▁، ▁سه ▁ره ▁ر ِ ای ▁ئه ▁و ▁گرت ه ▁ڤیدیۆ یه ▁ی ▁له ▁سه ▁ر ▁ئینته ▁رنێت ▁بڵاو بۆ ته ▁وه ▁، ▁" بر ای انی ▁گه ▁وره ▁" ▁یاسا کانی ▁سان سۆر کردنی ▁ناوه ▁ر ِ است ی ▁ئینته ▁رنێت ی ▁له ▁کاتی ▁ئه ▁وه ▁ی ▁ڕاگه ▁یاندن ه ▁کان ▁له ▁ماڵپ ه ▁ر ِ ی ▁" بر ای ▁گه ▁وره ▁" ▁هه ▁ڵ نه ▁گیراوه ▁.
[2026-03-18 00:08:49] Best translation 4 : ▁سوپای ه ▁کی ▁لاواز تر ▁و ▁هێزی ▁ده ▁ری ایی ▁لاواز تر ی ▁هه ▁بوو ، ▁هه ▁رچ ه ▁نده ▁به ▁ر ▁له ▁ده ▁ست پێ کردنی ▁شه ▁ڕ ، ▁ته ▁نیا ▁چوار ▁که ▁شتی ▁نوێ یان ▁دروست ▁کردبوو .
[2026-03-18 00:08:49] Best translation 5 : ▁دووەم ▁گۆڵی ▁ش ەو ەکە ▁٦ ٠ ەم ین ▁و ەرز ەکەی ▁بوو ، ▁بوو ▁بە ▁یەکەم ▁یاریزان ▁کە ▁٦ ٠ ▁یان ▁زیاتر ▁لە ▁و ەرز ێک ▁لە ▁ساڵی ▁١٩ ٩ ٥ - ٩ ٦ ەوە ▁٦ ٠ ▁گۆڵ ▁تۆمار ▁بکات ، ▁کاتێک ▁جە رم یر ▁جا گری ▁و ▁مار ی ۆ ▁لی می و کس ▁هەر ی ەکەیان ▁گەیشت نە ▁ئەو ▁میل ۆن .
[2026-03-18 00:08:49] Best translation 10 : ▁خوێن ▁له ▁ناو ▁دڵ ▁دوور ▁ده ▁که ▁وێت ه ▁وه ▁به ▁ناوی ▁خوێن به ▁ره ▁کان ▁و ▁دێت ه ▁وه ▁بۆ ▁دڵ ▁له ▁ناو ▁ل وول ه ▁کاندا ▁که ▁پێی ▁ده ▁گوت رێت ▁ده ▁مار ه ▁کان ، ▁بچووک ترین ▁ل وول ه ▁کان ▁به ▁کا پ ل ێت ▁ناو ده ▁بر ێن .
[2026-03-18 00:08:49] Best translation 20 : ▁سک اف ۆڵ د ▁دەکرێت ▁هەم ▁مە ج ازی ▁و ▁ڕاست ە قی نە ▁بێت ▁، ▁بە ▁و ات ەیەکی ▁تر ▁، ▁مامۆستا ▁جۆرێک ە ▁لە ▁پێو ەر ▁بەڵام ▁بۆیە ▁پیاو ە ▁ک اغ ە ز ەکە ▁لە ▁نووسینگ ەی ▁مای ک رۆس ۆف ت ▁.
[2026-03-18 00:08:49] Best translation 40 : ▁خۆپ ـ یش ـ اند انه ▁که ▁ده ▁س ـ تی پ ـ ێ ـ کرد ▁له ▁کاتژمێر ▁ی از ده ▁به ▁کاتی ▁خۆ جێ ی ی ▁( <0x55> T C <0x2B> 1 ) ▁له ▁سه ▁ر ▁شا شه ▁ی ▁دا ون ینگ ▁که ▁شوێنی ▁فه ▁رمی ▁سه ▁رۆک ▁وه ▁زیری ▁وڵاته ▁که ▁یه ▁.
[2026-03-18 00:08:50] Best translation 80 : ▁نیشان ەکە ▁لە ▁ڕووی ▁جەستە ی یەوە ▁زیانی ▁پێ نە گەی شت بوو ؛ ▁دەست کاری کردن ەکە ▁بە ▁بەکارهێنانی ▁تا ر پا لین ە ▁ڕە ش پێ ست ەکان ▁بە ▁نیشان ەکانی ▁ئارامی ▁و ▁دڵ ەوە ▁ئەنجام درا ▁بۆ ▁گۆڕینی ▁" بۆ ▁خوێندن ەوە ی ▁" ▁کەم ی ▁" ▁.
[2026-03-18 00:08:52] Best translation 160 : ▁خه ▁ڵک ▁به ▁کورسی ▁به ▁ر ▁په ▁نجه ▁ره ▁کان ▁که ▁وت ، ▁به ▁ڵام ▁په ▁نجه ▁ره ▁کان ▁نا ه ه ▁موار ▁بوون .
[2026-03-18 00:08:56] Best translation 320 : ▁بە دوا دا چوونی ▁نە خ شە ی ▁مۆر ی ▁دەریا ی ی ▁، ▁بە ▁بەکارهێنانی ▁R <0x4F> <0x56> ▁دۆزرای ەوە ▁.
[2026-03-18 00:09:01] Best translation 640 : ▁ژاپۆن ییه ▁کان ▁نزیکه ▁ی ▁حه ▁وت ▁هه ▁زار ▁دور گه ▁یان ▁هه ▁یه ▁- ▁گه ▁وره ▁ترین ▁دوور گه ▁ی ▁" ه ون ش و " ـ ی ▁ژاپۆن ی ، ▁که ▁به ▁حه ▁وته ▁مین ▁دوور گه ▁ی ▁ژاپۆن ▁داد ه ▁نرێت ▁له ▁جیهاندا !
[2026-03-18 00:09:14] Best translation 1280 : ▁پاس ەکان ▁وێستگ ەی ▁پاس ی ▁نێوان ▁سنوور ▁( بە ▁درێژایی ▁ڕۆژ ) ▁دە ش ێ وێن ن ، ▁هەر چ ەند ە ▁زۆربەی ان ▁بە تای بە ت ▁ئەوانەی ▁بەرەو ▁ڕۆژه ەڵات ▁و ▁جا کار / بۆ تان گ ▁لە ▁نێوان ▁ ٠ ٦ : ٣ ٠ ▁و ▁ ٠ ٧ : ٣ ٠ . ٣ ٠ .
[2026-03-18 00:09:29] Total translation time: 41.25146s
[2026-03-18 00:09:29] [valid] Ep. 26 : Up. 34000 : bleu : 13.327 : stalled 1 times (last best: 13.3299)
[2026-03-18 00:09:29] Translating validation set...
[2026-03-18 00:09:30] Best translation 0 : ▁ئەم ▁زار اوە یە ▁و ەر گیراو ە ▁لە ▁ئاشنا ی ی ▁دێ رین ی ▁ b ed - b o g s ▁کە ▁مێر وو ەکان ▁بە ▁شێوەیەکی ▁زۆر ▁گونجاو ن ▁بۆ ▁م شە خ ۆر کردنی ▁مرۆڤ ەکان .
[2026-03-18 00:09:30] Best translation 1 : ▁هێرش بەر ەکانی ▁م ۆم بای ▁لە ▁ڕێگەی ▁بە لە م ەوە ▁گەیشت نە ▁ڕۆمان ی ▁٢ ٦ ی ▁ساڵی ▁ ٢٠٠ ٨ ▁و ▁نار نج ۆک ▁و ▁چە کی ▁ئۆتۆ م اتی کی ▁و ▁چەندین ▁ئامانج یان ▁هێنا یە ▁ئامانج ▁لەوانە ▁قە ڵە ب اڵ غ ی ▁چ ەتە پ اتی ▁شی ڤا جی ▁ت ێر مین ۆس ▁و ▁وێستگ ەی ▁هێڵی ▁ش ە مەند ە فەر ی ▁بە ناو بان گ ▁هۆ تێ لی ▁تا ج ▁مە ح ال .
[2026-03-18 00:09:30] Best translation 2 : ▁ئه ▁م ▁گه ▁ڕان ه ▁له ▁لایه ▁ن ▁هه ▁مان ▁که ▁ش وه ه ▁وایه ▁خراپ ه ▁که ▁بووه ▁ته ▁هۆی ▁بێ زار بوونی ▁نیشت نه ▁وه ▁که ▁.
[2026-03-18 00:09:30] Best translation 3 : ▁هه ▁روه ▁ها ▁ئاژانسی ▁" ئا ی ▁ئێم ا " ▁بۆ ی ▁ده ▁رک ه ▁وتووه ▁، ▁سه ▁ره ▁ر ِ ای ▁ئه ▁و ▁گرت ه ▁ڤیدیۆ یه ▁ی ▁له ▁سه ▁ر ▁ئینته ▁رنێت ▁بڵاو بۆ ته ▁وه ▁، ▁" بر ای انی ▁گه ▁وره ▁" ▁یاسا کانی ▁سان سۆر کردنی ▁ناوه ▁ر ِ است ی ▁ئینته ▁رنێت ی ▁له ▁کاتی ▁ئه ▁وه ▁ی ▁ڕاگه ▁یاندن ه ▁کان ▁له ▁ماڵپ ه ▁ر ِ ی ▁" بر ای ▁گه ▁وره ▁" ▁هه ▁ڵ نه ▁گیراوه ▁.
[2026-03-18 00:09:30] Best translation 4 : ▁سوپای ه ▁کی ▁لاواز تر ▁و ▁هێزی ▁ده ▁ری ایی ▁لاواز تر ی ▁هه ▁بوو ، ▁هه ▁رچ ه ▁نده ▁به ▁ر ▁له ▁ده ▁ست پێ کردنی ▁شه ▁ڕ ، ▁ته ▁نیا ▁چوار ▁که ▁شتی ▁نوێ یان ▁دروست ▁کردبوو .
[2026-03-18 00:09:30] Best translation 5 : ▁دووەم ▁گۆڵی ▁ش ەو ەکە ▁٦ ٠ ەم ین ▁و ەرز ەکەی ▁بوو ، ▁بوو ▁بە ▁یەکەم ▁یاریزان ▁کە ▁٦ ٠ ▁یان ▁زیاتر ▁لە ▁و ەرز ێک ▁لە ▁ساڵی ▁١٩ ٩ ٥ - ٩ ٦ ەوە ▁٦ ٠ ▁گۆڵ ▁تۆمار ▁بکات ، ▁کاتێک ▁جە رم یر ▁جا گری ▁و ▁مار ی ۆ ▁لی می و کس ▁هەر ی ەکەیان ▁گەیشت نە ▁ئەو ▁میل ۆن .
[2026-03-18 00:09:30] Best translation 10 : ▁خوێن ▁له ▁ناو ▁دڵ ▁دوور ▁ده ▁که ▁وێت ه ▁وه ▁به ▁ناوی ▁خوێن به ▁ره ▁کان ▁و ▁دێت ه ▁وه ▁بۆ ▁دڵ ▁له ▁ناو ▁ل وول ه ▁کاندا ▁که ▁پێی ▁ده ▁گوت رێت ▁ده ▁مار ه ▁کان ، ▁بچووک ترین ▁ل وول ه ▁کان ▁به ▁کا پ ل ێت ▁ناو ده ▁بر ێن .
[2026-03-18 00:09:30] Best translation 20 : ▁سک اف ۆڵ د ▁دەکرێت ▁هەم ▁مە ج ازی ▁و ▁ڕاست ە قی نە ▁بێت ▁، ▁بە ▁و ات ەیەکی ▁تر ▁، ▁مامۆستا ▁جۆرێک ە ▁لە ▁پێو ەر ▁بەڵام ▁بۆیە ▁پیاو ە ▁ک اغ ە ز ەکە ▁لە ▁نووسینگ ەی ▁مای ک رۆس ۆف ت ▁.
[2026-03-18 00:09:30] Best translation 40 : ▁خۆپ ـ یش ـ اند انه ▁که ▁ده ▁س ـ تی پ ـ ێ ـ کرد ▁له ▁کاتژمێر ▁ی از ده ▁به ▁کاتی ▁خۆ جێ ی ی ▁( <0x55> T C <0x2B> 1 ) ▁له ▁سه ▁ر ▁شا شه ▁ی ▁دا ون ینگ ▁که ▁شوێنی ▁فه ▁رمی ▁سه ▁رۆک ▁وه ▁زیری ▁وڵاته ▁که ▁یه ▁.
[2026-03-18 00:09:31] Best translation 80 : ▁نیشان ەکە ▁لە ▁ڕووی ▁جەستە ی یەوە ▁زیانی ▁پێ نە گەی شت بوو ؛ ▁دەست کاری کردن ەکە ▁بە ▁بەکارهێنانی ▁تا ر پا لین ە ▁ڕە ش پێ ست ەکان ▁بە ▁نیشان ەکانی ▁ئارامی ▁و ▁دڵ ەوە ▁ئەنجام درا ▁بۆ ▁گۆڕینی ▁" بۆ ▁خوێندن ەوە ی ▁" ▁کەم ی ▁" ▁.
[2026-03-18 00:09:34] Best translation 160 : ▁خه ▁ڵک ▁به ▁کورسی ▁به ▁ر ▁په ▁نجه ▁ره ▁کان ▁که ▁وت ، ▁به ▁ڵام ▁په ▁نجه ▁ره ▁کان ▁نا ه ه ▁موار ▁بوون .
[2026-03-18 00:09:37] Best translation 320 : ▁بە دوا دا چوونی ▁نە خ شە ی ▁مۆر ی ▁دەریا ی ی ▁، ▁بە ▁بەکارهێنانی ▁R <0x4F> <0x56> ▁دۆزرای ەوە ▁.
[2026-03-18 00:09:43] Best translation 640 : ▁ژاپۆن ییه ▁کان ▁نزیکه ▁ی ▁حه ▁وت ▁هه ▁زار ▁دور گه ▁یان ▁هه ▁یه ▁- ▁گه ▁وره ▁ترین ▁دوور گه ▁ی ▁" ه ون ش و " ـ ی ▁ژاپۆن ی ، ▁که ▁به ▁حه ▁وته ▁مین ▁دوور گه ▁ی ▁ژاپۆن ▁داد ه ▁نرێت ▁له ▁جیهاندا !
[2026-03-18 00:09:56] Best translation 1280 : ▁پاس ەکان ▁وێستگ ەی ▁پاس ی ▁نێوان ▁سنوور ▁( بە ▁درێژایی ▁ڕۆژ ) ▁دە ش ێ وێن ن ، ▁هەر چ ەند ە ▁زۆربەی ان ▁بە تای بە ت ▁ئەوانەی ▁بەرەو ▁ڕۆژه ەڵات ▁و ▁جا کار / بۆ تان گ ▁لە ▁نێوان ▁ ٠ ٦ : ٣ ٠ ▁و ▁ ٠ ٧ : ٣ ٠ . ٣ ٠ .
[2026-03-18 00:10:12] Total translation time: 42.83305s
[2026-03-18 00:10:12] Saving model weights and runtime parameters to /workspace/OPUS-MT-train/work/en-ckb/curated-floresdev.spm4k-spm4k.transformer.model1.npz.best-chrf.npz
[2026-03-18 00:10:13] [valid] Ep. 26 : Up. 34000 : chrf : 43.8789 : new best
[2026-03-18 00:10:15] Saving model weights and runtime parameters to /workspace/OPUS-MT-train/work/en-ckb/curated-floresdev.spm4k-spm4k.transformer.model1.npz.best-perplexity.npz
[2026-03-18 00:10:16] [valid] Ep. 26 : Up. 34000 : perplexity : 8.81615 : new best
[2026-03-18 00:11:46] Seen 310,206 samples
[2026-03-18 00:11:46] Starting data epoch 27 in logical epoch 27
[2026-03-18 00:13:06] Ep. 27 : Up. 35000 : Sen. 110,189 : Cost 2.27663136 * 13,429,958 @ 13,635 after 470,336,769 : Time 265.44s : 50594.46 words/s : gNorm 0.5899 : L.r. 2.0284e-04
[2026-03-18 00:13:06] Saving model weights and runtime parameters to /workspace/OPUS-MT-train/work/en-ckb/curated-floresdev.spm4k-spm4k.transformer.model1.npz
[2026-03-18 00:13:07] Saving Adam parameters
[2026-03-18 00:13:09] [training] Saving training checkpoint to /workspace/OPUS-MT-train/work/en-ckb/curated-floresdev.spm4k-spm4k.transformer.model1.npz and /workspace/OPUS-MT-train/work/en-ckb/curated-floresdev.spm4k-spm4k.transformer.model1.npz.optimizer.npz
[2026-03-18 00:13:13] Translating validation set...
[2026-03-18 00:13:14] Best translation 0 : ▁ئەم ▁زار اوە یە ▁و ەر گیراو ە ▁لە ▁ئاشنا ی ی ▁دێ رین ی ▁ b ed - b o g s ▁کە ▁مێر وو ەکان ▁بە ▁شێوەیەکی ▁زۆر ▁گونجاو ن ▁بۆ ▁م شە خ ۆر کردنی ▁مرۆڤ ەکان .
[2026-03-18 00:13:14] Best translation 1 : ▁هێرش بەر ەکانی ▁م ۆم بای ▁لە ▁ڕێگەی ▁بە لە م ▁گەیشت نە ▁ڕۆمان ی ▁٢ ٦ ، ٢٠٠ ٨ ، ▁نار نج ۆک ، ▁چە کی ▁ئۆتۆ م اتی کی ▁و ▁چەندین ▁ئامانج یان ▁هێنا یە ▁ئامانج ▁لەوانە ▁قە ڵە ب اڵ غ ی ▁چ ەتە پ اتی ▁شی ڤا جی ▁ت ێر مین وس ▁و ▁وێستگ ەی ▁ش ە مەند ە فەر ی ▁بە ناو بان گی ▁هۆ تێ لی ▁تا ج ▁مە ح ال .
[2026-03-18 00:13:14] Best translation 2 : ▁ئه ▁م ▁گه ▁ڕان ه ▁له ▁لایه ▁ن ▁هه ▁مان ▁که ▁ش وه ه ▁وا ▁خراپ ه ▁وه ▁ته ▁قه ▁ی ▁لێ کراوه ▁که ▁بووه ▁ته ▁هۆی ▁بێ زار بوونی ▁نیشت نه ▁وه ▁که ▁.
[2026-03-18 00:13:14] Best translation 3 : ▁هه ▁روه ▁ها ▁ئاژانسی ▁" ئا ی ▁ئێم ا " ▁ئه ▁وه ▁شی ▁ئاشکرا کرد ، ▁سه ▁ره ▁ر ِ ای ▁بڵاوبوون ه ▁وه ▁ی ▁ئه ▁و ▁گرت ه ▁ڤیدیۆ یه ▁له ▁سه ▁ر ▁تۆر ِ ی ▁ئینته ▁رنێت ، ▁" بر ای ▁گه ▁وره ▁" ▁یاسا کانی ▁سان سۆر کردنی ▁ناوه ▁ر ِ است ی ▁ئینته ▁رنێت ی ▁له ▁کاتی ▁ئه ▁وه ▁ی ▁ڕاگه ▁یاندن ه ▁کان ▁له ▁ماڵپ ه ▁ر ِ ی ▁" بر ای ▁گه ▁وره ▁" ▁هه ▁ڵ نه ▁گیراوه ▁.
[2026-03-18 00:13:14] Best translation 4 : ▁سوپای ه ▁کی ▁لاواز تر ▁و ▁هێزی ▁ده ▁ری ایی ▁لاواز تر ی ▁هه ▁بوو ، ▁هه ▁رچ ه ▁نده ▁به ▁ر ▁له ▁ده ▁ست پێ کردنی ▁شه ▁ڕ ، ▁ته ▁نیا ▁چوار ▁که ▁شتی ▁نوێ یان ▁دروست ▁کردبوو .
[2026-03-18 00:13:14] Best translation 5 : ▁دووه ▁م ▁گۆڵی ▁شه ▁و ی ▁ئه ▁م ▁وه ▁رزه ▁بریتی ▁بوو ▁له ▁شه ▁ست ▁و ▁شه ▁سته ▁مین ▁گۆڵی ▁خۆی ، ▁که ▁بووه ▁یه ▁که ▁م ▁یاریزان ▁له ▁وه ▁رز ێک ه ▁وه ▁له ▁ساڵی ▁١٩ ٩ ٥ - ٩ ٦ ه ▁وه ▁٦ ٠ ▁گۆڵ ▁یان ▁زیاتر ▁تۆمار ▁بکات ، ▁کاتێک ▁جار ۆم یر ▁جا گر ▁و ▁مار ی ۆ ▁لی می و کس ▁هه ▁ری ه ▁که ▁یان ▁گه ▁یشتن ه ▁ئه ▁و ▁میل ۆن .
[2026-03-18 00:13:14] Best translation 10 : ▁خوێن ▁له ▁ناو ▁دڵ دا ▁ده ▁ر ِ وات ▁به ▁ناوی ▁خوێن به ▁ره ▁کان ▁و ▁دێت ه ▁وه ▁ناو ▁دڵ ه ▁وه ▁له ▁ل وول ه ▁کاندا ▁پێی ▁ده ▁گوت رێت ▁ده ▁مار ه ▁کان ، ▁بچوک ترین ▁ل وول ه ▁کان ▁پێی ▁ده ▁گوت رێت ▁کا پ ل ێت .
[2026-03-18 00:13:14] Best translation 20 : ▁سک اف ۆڵ د ▁دەکرێت ▁هەم ▁مە ج ازی ▁و ▁ڕاست ە قی نە ▁بێت ▁، ▁بە ▁و ات ەیەکی ▁تر ▁، ▁مامۆستا ▁جۆرێک ە ▁لە ▁پێو ەر ▁بەڵام ▁بۆیە ▁ک اغ ە زی ▁بچووک ی ▁ک اغ ە ز ▁لە ▁نووسینگ ەی ▁مای ک رۆس ۆف ت ▁.
[2026-03-18 00:13:14] Best translation 40 : ▁خۆپ ـ یش ـ اند انه ▁که ▁ده ▁س ـ تی پ ـ ێ ـ کرد ▁له ▁کاتژمێر ▁ی از ده ▁به ▁کاتی ▁خۆ جێ ی ی ▁( <0x55> T C <0x2B> 1 ) ▁له ▁سه ▁ر ▁ده ▁ره ▁وه ▁ی ▁پ ـ ۆلیس ▁که ▁له ▁به ▁رامب ه ▁ر ▁شه ▁قامی ▁دا ون ینگ ▁که ▁شوێنی ▁فه ▁رمی ▁سه ▁رۆک ▁وه ▁زیری ▁وڵاته ▁که ▁یه ▁.
[2026-03-18 00:13:15] Best translation 80 : ▁نیشان ەکە ▁لە ▁ڕووی ▁جەستە ی یەوە ▁زیانی ▁پێ نە گەی شت بوو ؛ ▁دەست کاری کردن ەکە ▁بە ▁بەکارهێنانی ▁تا ر پا لین ە ▁ڕە ش پێ ست ەکان ▁ئەنجام درا ▁بە ▁نیشان ەکانی ▁ئارامی ▁و ▁دڵ ▁بۆ ▁گۆڕینی ▁" تۆ " ▁بۆ ▁خوێندن ەوە ی ▁" کە م بوون ەوە " ▁.
[2026-03-18 00:13:18] Best translation 160 : ▁خه ▁ڵک ▁به ▁کورسی ه ▁وه ▁به ▁ر ▁په ▁نجه ▁ره ▁کان ▁که ▁وتوون ، ▁به ▁ڵام ▁په ▁نجه ▁ره ▁کان ▁نا ه ه ▁موار ▁بوون .
[2026-03-18 00:13:21] Best translation 320 : ▁بە دوا دا چوونی ▁نە خ شە ی ▁مۆر ی ▁دەریا ی ی ▁، ▁بە ▁بەکارهێنانی ▁R <0x4F> <0x56> ▁دۆزرای ەوە ▁.
[2026-03-18 00:13:27] Best translation 640 : ▁ژاپۆن یه ▁کان ▁نزیکه ▁ی ▁حه ▁وت ▁هه ▁زار ▁دور گه ▁یان ▁هه ▁یه ▁- ▁گه ▁وره ▁ترین ▁دوور گه ▁ی ▁" ه ون ش و " ▁بووه ▁، ▁به ▁مه ▁ش ▁ژاپۆن ▁حه ▁وته ▁مین ▁دوور گه ▁ی ▁گه ▁وره ▁ی ▁له ▁جیهاندا ▁هه ▁یه ▁ !
[2026-03-18 00:13:39] Best translation 1280 : ▁پاس ەکان ▁وێستگ ەی ▁پاس ی ▁نێوان ▁سنوور ▁بە ▁درێژایی ▁ڕۆژ ▁( ق ور س ەکانی ▁ڕووب ار ەکە ) ▁دە ڕۆ ن ، ▁هەر چ ەند ە ▁زۆربەی ان ▁بە ▁تایبەت ی ▁ئەوانەی ▁بەرەو ▁ڕۆژه ەڵات ▁و ▁جا کار / ب وم ت ەنگ ▁دە ڕۆ ن ▁لە ▁نێوان ▁ ٠ ٦ : ٣ ٠ ▁و ▁ ٠ ٧ : ٣ ٠ : ٣ ٠ .
[2026-03-18 00:13:54] Total translation time: 41.34862s
[2026-03-18 00:13:54] Saving model weights and runtime parameters to /workspace/OPUS-MT-train/work/en-ckb/curated-floresdev.spm4k-spm4k.transformer.model1.npz.best-bleu.npz
[2026-03-18 00:13:55] [valid] Ep. 27 : Up. 35000 : bleu : 13.4004 : new best
[2026-03-18 00:13:55] Translating validation set...
[2026-03-18 00:13:56] Best translation 0 : ▁ئەم ▁زار اوە یە ▁و ەر گیراو ە ▁لە ▁ئاشنا ی ی ▁دێ رین ی ▁ b ed - b o g s ▁کە ▁مێر وو ەکان ▁بە ▁شێوەیەکی ▁زۆر ▁گونجاو ن ▁بۆ ▁م شە خ ۆر کردنی ▁مرۆڤ ەکان .
[2026-03-18 00:13:56] Best translation 1 : ▁هێرش بەر ەکانی ▁م ۆم بای ▁لە ▁ڕێگەی ▁بە لە م ▁گەیشت نە ▁ڕۆمان ی ▁٢ ٦ ، ٢٠٠ ٨ ، ▁نار نج ۆک ، ▁چە کی ▁ئۆتۆ م اتی کی ▁و ▁چەندین ▁ئامانج یان ▁هێنا یە ▁ئامانج ▁لەوانە ▁قە ڵە ب اڵ غ ی ▁چ ەتە پ اتی ▁شی ڤا جی ▁ت ێر مین وس ▁و ▁وێستگ ەی ▁ش ە مەند ە فەر ی ▁بە ناو بان گی ▁هۆ تێ لی ▁تا ج ▁مە ح ال .
[2026-03-18 00:13:57] Best translation 2 : ▁ئه ▁م ▁گه ▁ڕان ه ▁له ▁لایه ▁ن ▁هه ▁مان ▁که ▁ش وه ه ▁وا ▁خراپ ه ▁وه ▁ته ▁قه ▁ی ▁لێ کراوه ▁که ▁بووه ▁ته ▁هۆی ▁بێ زار بوونی ▁نیشت نه ▁وه ▁که ▁.
[2026-03-18 00:13:57] Best translation 3 : ▁هه ▁روه ▁ها ▁ئاژانسی ▁" ئا ی ▁ئێم ا " ▁ئه ▁وه ▁شی ▁ئاشکرا کرد ، ▁سه ▁ره ▁ر ِ ای ▁بڵاوبوون ه ▁وه ▁ی ▁ئه ▁و ▁گرت ه ▁ڤیدیۆ یه ▁له ▁سه ▁ر ▁تۆر ِ ی ▁ئینته ▁رنێت ، ▁" بر ای ▁گه ▁وره ▁" ▁یاسا کانی ▁سان سۆر کردنی ▁ناوه ▁ر ِ است ی ▁ئینته ▁رنێت ی ▁له ▁کاتی ▁ئه ▁وه ▁ی ▁ڕاگه ▁یاندن ه ▁کان ▁له ▁ماڵپ ه ▁ر ِ ی ▁" بر ای ▁گه ▁وره ▁" ▁هه ▁ڵ نه ▁گیراوه ▁.
[2026-03-18 00:13:57] Best translation 4 : ▁سوپای ه ▁کی ▁لاواز تر ▁و ▁هێزی ▁ده ▁ری ایی ▁لاواز تر ی ▁هه ▁بوو ، ▁هه ▁رچ ه ▁نده ▁به ▁ر ▁له ▁ده ▁ست پێ کردنی ▁شه ▁ڕ ، ▁ته ▁نیا ▁چوار ▁که ▁شتی ▁نوێ یان ▁دروست ▁کردبوو .
[2026-03-18 00:13:57] Best translation 5 : ▁دووه ▁م ▁گۆڵی ▁شه ▁و ی ▁ئه ▁م ▁وه ▁رزه ▁بریتی ▁بوو ▁له ▁شه ▁ست ▁و ▁شه ▁سته ▁مین ▁گۆڵی ▁خۆی ، ▁که ▁بووه ▁یه ▁که ▁م ▁یاریزان ▁له ▁وه ▁رز ێک ه ▁وه ▁له ▁ساڵی ▁١٩ ٩ ٥ - ٩ ٦ ه ▁وه ▁٦ ٠ ▁گۆڵ ▁یان ▁زیاتر ▁تۆمار ▁بکات ، ▁کاتێک ▁جار ۆم یر ▁جا گر ▁و ▁مار ی ۆ ▁لی می و کس ▁هه ▁ری ه ▁که ▁یان ▁گه ▁یشتن ه ▁ئه ▁و ▁میل ۆن .
[2026-03-18 00:13:57] Best translation 10 : ▁خوێن ▁له ▁ناو ▁دڵ دا ▁ده ▁ر ِ وات ▁به ▁ناوی ▁خوێن به ▁ره ▁کان ▁و ▁دێت ه ▁وه ▁ناو ▁دڵ ه ▁وه ▁له ▁ل وول ه ▁کاندا ▁پێی ▁ده ▁گوت رێت ▁ده ▁مار ه ▁کان ، ▁بچوک ترین ▁ل وول ه ▁کان ▁پێی ▁ده ▁گوت رێت ▁کا پ ل ێت .
[2026-03-18 00:13:57] Best translation 20 : ▁سک اف ۆڵ د ▁دەکرێت ▁هەم ▁مە ج ازی ▁و ▁ڕاست ە قی نە ▁بێت ▁، ▁بە ▁و ات ەیەکی ▁تر ▁، ▁مامۆستا ▁جۆرێک ە ▁لە ▁پێو ەر ▁بەڵام ▁بۆیە ▁ک اغ ە زی ▁بچووک ی ▁ک اغ ە ز ▁لە ▁نووسینگ ەی ▁مای ک رۆس ۆف ت ▁.
[2026-03-18 00:13:57] Best translation 40 : ▁خۆپ ـ یش ـ اند انه ▁که ▁ده ▁س ـ تی پ ـ ێ ـ کرد ▁له ▁کاتژمێر ▁ی از ده ▁به ▁کاتی ▁خۆ جێ ی ی ▁( <0x55> T C <0x2B> 1 ) ▁له ▁سه ▁ر ▁ده ▁ره ▁وه ▁ی ▁پ ـ ۆلیس ▁که ▁له ▁به ▁رامب ه ▁ر ▁شه ▁قامی ▁دا ون ینگ ▁که ▁شوێنی ▁فه ▁رمی ▁سه ▁رۆک ▁وه ▁زیری ▁وڵاته ▁که ▁یه ▁.
[2026-03-18 00:13:57] Best translation 80 : ▁نیشان ەکە ▁لە ▁ڕووی ▁جەستە ی یەوە ▁زیانی ▁پێ نە گەی شت بوو ؛ ▁دەست کاری کردن ەکە ▁بە ▁بەکارهێنانی ▁تا ر پا لین ە ▁ڕە ش پێ ست ەکان ▁ئەنجام درا ▁بە ▁نیشان ەکانی ▁ئارامی ▁و ▁دڵ ▁بۆ ▁گۆڕینی ▁" تۆ " ▁بۆ ▁خوێندن ەوە ی ▁" کە م بوون ەوە " ▁.
[2026-03-18 00:14:00] Best translation 160 : ▁خه ▁ڵک ▁به ▁کورسی ه ▁وه ▁به ▁ر ▁په ▁نجه ▁ره ▁کان ▁که ▁وتوون ، ▁به ▁ڵام ▁په ▁نجه ▁ره ▁کان ▁نا ه ه ▁موار ▁بوون .
[2026-03-18 00:14:04] Best translation 320 : ▁بە دوا دا چوونی ▁نە خ شە ی ▁مۆر ی ▁دەریا ی ی ▁، ▁بە ▁بەکارهێنانی ▁R <0x4F> <0x56> ▁دۆزرای ەوە ▁.
[2026-03-18 00:14:10] Best translation 640 : ▁ژاپۆن یه ▁کان ▁نزیکه ▁ی ▁حه ▁وت ▁هه ▁زار ▁دور گه ▁یان ▁هه ▁یه ▁- ▁گه ▁وره ▁ترین ▁دوور گه ▁ی ▁" ه ون ش و " ▁بووه ▁، ▁به ▁مه ▁ش ▁ژاپۆن ▁حه ▁وته ▁مین ▁دوور گه ▁ی ▁گه ▁وره ▁ی ▁له ▁جیهاندا ▁هه ▁یه ▁ !
[2026-03-18 00:14:23] Best translation 1280 : ▁پاس ەکان ▁وێستگ ەی ▁پاس ی ▁نێوان ▁سنوور ▁بە ▁درێژایی ▁ڕۆژ ▁( ق ور س ەکانی ▁ڕووب ار ەکە ) ▁دە ڕۆ ن ، ▁هەر چ ەند ە ▁زۆربەی ان ▁بە ▁تایبەت ی ▁ئەوانەی ▁بەرەو ▁ڕۆژه ەڵات ▁و ▁جا کار / ب وم ت ەنگ ▁دە ڕۆ ن ▁لە ▁نێوان ▁ ٠ ٦ : ٣ ٠ ▁و ▁ ٠ ٧ : ٣ ٠ : ٣ ٠ .
[2026-03-18 00:14:38] Total translation time: 42.61939s
[2026-03-18 00:14:38] Saving model weights and runtime parameters to /workspace/OPUS-MT-train/work/en-ckb/curated-floresdev.spm4k-spm4k.transformer.model1.npz.best-chrf.npz
[2026-03-18 00:14:39] [valid] Ep. 27 : Up. 35000 : chrf : 44.0078 : new best
[2026-03-18 00:14:41] Saving model weights and runtime parameters to /workspace/OPUS-MT-train/work/en-ckb/curated-floresdev.spm4k-spm4k.transformer.model1.npz.best-perplexity.npz
[2026-03-18 00:14:42] [valid] Ep. 27 : Up. 35000 : perplexity : 8.76961 : new best
[2026-03-18 00:17:08] Seen 310,206 samples
[2026-03-18 00:17:08] Starting data epoch 28 in logical epoch 28
[2026-03-18 00:17:33] Ep. 28 : Up. 36000 : Sen. 32,937 : Cost 2.26292396 * 13,432,837 @ 11,830 after 483,769,606 : Time 266.71s : 50364.48 words/s : gNorm 0.5937 : L.r. 2.0000e-04
[2026-03-18 00:17:33] Saving model weights and runtime parameters to /workspace/OPUS-MT-train/work/en-ckb/curated-floresdev.spm4k-spm4k.transformer.model1.npz
[2026-03-18 00:17:34] Saving Adam parameters
[2026-03-18 00:17:36] [training] Saving training checkpoint to /workspace/OPUS-MT-train/work/en-ckb/curated-floresdev.spm4k-spm4k.transformer.model1.npz and /workspace/OPUS-MT-train/work/en-ckb/curated-floresdev.spm4k-spm4k.transformer.model1.npz.optimizer.npz
[2026-03-18 00:17:39] Translating validation set...
[2026-03-18 00:17:40] Best translation 0 : ▁ئەم ▁زار اوە یە ▁و ەر گیراو ە ▁لە ▁ئاشنا ی ی ▁دێ رین ی ▁ b ed - b o g s ▁کە ▁مێر وو ەکان ▁بە ▁شێوەیەکی ▁زۆر ▁گونجاو ن ▁بۆ ▁م شە خ ۆر کردنی ▁مرۆڤ ەکان .
[2026-03-18 00:17:40] Best translation 1 : ▁هێرش بەر ەکانی ▁م ۆم بای ▁لە ▁ڕێگەی ▁بە لە م ەوە ▁گەیشت نە ▁ڕۆمان ی ▁٢ ٦ ی ▁ساڵی ▁ ٢٠٠ ٨ ▁و ▁نار نج ۆک ▁و ▁چە کی ▁ئۆتۆ م اتی کی ▁و ▁چەندین ▁ئامانج یان ▁هێنا یە ▁ئامانج ▁لەوانە ▁قە ڵە ب اڵ غ ی ▁چ ەتە پ اتی ▁شی ڤا جی ▁ت ێر مین وس ▁و ▁وێستگ ەی ▁ش ە مەند ە فەر ی ▁بە ناو بان گی ▁هۆ تێ لی ▁تا ج ▁مە ح ال .
[2026-03-18 00:17:41] Best translation 2 : ▁ئه ▁م ▁گه ▁ڕان ه ▁له ▁لایه ▁ن ▁هه ▁مان ▁که ▁ش وه ه ▁وا ▁خراپ ه ▁وه ▁ته ▁قه ▁ی ▁لێ کراوه ▁که ▁بووه ▁ته ▁هۆی ▁بێ زار بوونی ▁نیشت نه ▁وه ▁که ▁.
[2026-03-18 00:17:41] Best translation 3 : ▁هه ▁روه ▁ها ▁ئاژانسی ▁" ئا ی ▁ئێم ا " ▁ئه ▁وه ▁شی ▁ئاشکرا کرد ، ▁سه ▁ره ▁ر ِ ای ▁بڵاوبوون ه ▁وه ▁ی ▁ئه ▁و ▁گرت ه ▁ڤیدیۆ یه ▁له ▁سه ▁ر ▁تۆر ِ ی ▁ئینته ▁رنێت ، ▁" بر ای ▁گه ▁وره ▁" ▁یاسا کانی ▁سان سۆر ی ▁سه ▁ر ▁ئینته ▁رنێت ی ▁له ▁سه ▁ر ▁ئینته ▁رنێت ▁وه ▁رنه ▁گرت بوو ، ▁له ▁کاتێکدا ▁که ▁ڕاگه ▁یاندن ه ▁کان ▁له ▁ماڵپ ه ▁ر ِ ی ▁" بر ای ▁گه ▁وره ▁" ▁هه ▁ڵ نه ▁گیرا بوون .
[2026-03-18 00:17:41] Best translation 4 : ▁سوپای ه ▁کی ▁لاواز تر ▁و ▁هێزی ▁ده ▁ری ایی ▁لاواز تر ی ▁هه ▁بوو ، ▁هه ▁رچ ه ▁نده ▁به ▁ر ▁له ▁ده ▁ست پێ کردنی ▁شه ▁ڕ ، ▁ته ▁نیا ▁چوار ▁که ▁شتی ▁نوێ یان ▁دروست ▁کردبوو .
[2026-03-18 00:17:41] Best translation 5 : ▁دووه ەم ▁گۆڵی ▁ش ەو ▁بریتی ▁بوو ▁لە ▁٦ ٠ ەم ین ▁و ەرز ەکەی ، ▁کە ▁بوو ▁بە ▁یەکەم ▁یاریزان ▁کە ▁٦ ٠ ▁یان ▁زیاتر ▁لە ▁و ەرز ێکدا ▁لە ▁ساڵی ▁١٩ ٩ ٥ - ٩ ٦ ەوە ▁٦ ٠ ▁گۆڵ ▁تۆمار ▁بکات ، ▁کاتێک ▁جە رم یر ▁جا گر ▁و ▁مار ی ۆ ▁لی می و کس ▁هەر ی ەکەیان ▁گەیشت نە ▁ئەو ▁میل ۆن .
[2026-03-18 00:17:41] Best translation 10 : ▁خوێن ▁له ▁ناو ▁ل وول ه ▁کان ▁دوور ▁ده ▁که ▁وێت ه ▁وه ▁به ▁ناوی ▁خوێن به ▁ره ▁کان ▁و ▁ده ▁گه ▁ڕێت ه ▁وه ▁بۆ ▁دڵ ▁له ▁ناو ▁ل وول ه ▁کاندا ▁که ▁پێی ▁ده ▁گوت رێت ▁ده ▁مار ه ▁کان ، ▁بچوک ترین ▁ل وول ه ▁کان ▁پێی ▁ده ▁گوت رێت ▁کا پ ل ێت .
[2026-03-18 00:17:41] Best translation 20 : ▁سک اف ۆڵ د ▁دەکرێت ▁هەم ▁مە ج ازی ▁و ▁ڕاست ە قی نە ▁بێت ▁، ▁بە ▁و ات ەیەکی ▁تر ▁، ▁مامۆستا ▁جۆرێک ە ▁لە ▁پێو ەر ▁بەڵام ▁بۆیە ▁بچووک ی ▁ک اغ ە ز ▁لە ▁نووسینگ ەی ▁مای ک رۆس ۆف ت ▁.
[2026-03-18 00:17:41] Best translation 40 : ▁خۆپ ـ یش ـ اند انه ▁که ▁ده ▁س ـ تی پ ـ ێ ـ کرد ▁له ▁ده ▁وروب ه ▁ری ▁کاتژمێر ▁ی از ده ▁به ▁کاتی ▁خۆ جێ ی ▁( ▁ی و ▁تی ▁سی <0x2B> 1 ) ▁له ▁سه ▁ر ▁ده ▁ره ▁وه ▁ی ▁پ ـ ۆلیس ▁که ▁له ▁به ▁رامب ه ▁ر ▁شه ▁قامی ▁دا ون ینگ ▁که ▁شوێنی ▁فه ▁رمی ▁سه ▁رۆک ▁وه ▁زیری ▁وڵاته ▁که ▁یه ▁.
[2026-03-18 00:17:41] Best translation 80 : ▁نیشان ەکە ▁لە ▁ڕووی ▁جەستە ی یەوە ▁زیانی ▁پێ نە گەی شت ووە ؛ ▁دەست کاری کردن ەکە ▁بە ▁بەکارهێنانی ▁ t ar p ol in s ی ▁ڕە ش ▁بە ▁نیشان ەکانی ▁ئارامی ▁و ▁دڵ ەوە ▁بۆ ▁گۆڕینی ▁" ▁ <0x4F> ▁" ▁ئەنجام ▁درا .
[2026-03-18 00:17:44] Best translation 160 : ▁خه ▁ڵک ▁به ▁کورسی ه ▁وه ▁به ▁ر ▁په ▁نجه ▁ره ▁کان ▁که ▁وتوون ، ▁به ▁ڵام ▁په ▁نجه ▁ره ▁کان ▁نا ه ه ▁موار ▁بوون .
[2026-03-18 00:17:48] Best translation 320 : ▁بە دوا دا چوونی ▁نە خ شە ی ▁مۆر ی ▁دەریا ی ی ، ▁بە ▁بەکارهێنانی ▁R <0x4F> <0x56> ▁دۆزرای ەوە .
[2026-03-18 00:17:53] Best translation 640 : ▁ژاپۆن یه ▁کان ▁نزیکه ▁ی ▁حه ▁وت ▁هه ▁زار ▁دور گه ▁یان ▁هه ▁یه ▁- ▁گه ▁وره ▁ترین ▁دوور گه ▁ی ▁" ه ون ش و " ▁بووه ▁، ▁به ▁مه ▁ش ▁ژاپۆن ▁حه ▁وته ▁مین ▁دوور گه ▁ی ▁گه ▁وره ▁ی ▁له ▁جیهاندا ▁هه ▁یه ▁ !
[2026-03-18 00:18:05] Best translation 1280 : ▁پاس ەکان ▁وێستگ ەی ▁پاس ی ▁نێوان ▁سنوور ▁دابەش ▁دەکەن ▁( بە ▁درێژایی ▁ڕۆژ ▁ڕووب ار ەکە ) ▁هەر چ ەند ە ▁زۆربەی ان ▁بە ▁تایبەت ی ▁ئەوانەی ▁بەرەو ▁ڕۆژه ەڵات ▁و ▁جا کار / ب وم ت ەنگ ▁دە ڕۆ ن ▁لە ▁نێوان ▁ ٠ ٦ : ٣ ٠ ▁بۆ ▁ ٠ ٧ : ٣ ٠ : ٣ ٠ . ٣ ٠ .
[2026-03-18 00:18:20] Total translation time: 40.97280s
[2026-03-18 00:18:20] [valid] Ep. 28 : Up. 36000 : bleu : 13.3117 : stalled 1 times (last best: 13.4004)
[2026-03-18 00:18:20] Translating validation set...
[2026-03-18 00:18:21] Best translation 0 : ▁ئەم ▁زار اوە یە ▁و ەر گیراو ە ▁لە ▁ئاشنا ی ی ▁دێ رین ی ▁ b ed - b o g s ▁کە ▁مێر وو ەکان ▁بە ▁شێوەیەکی ▁زۆر ▁گونجاو ن ▁بۆ ▁م شە خ ۆر کردنی ▁مرۆڤ ەکان .
[2026-03-18 00:18:21] Best translation 1 : ▁هێرش بەر ەکانی ▁م ۆم بای ▁لە ▁ڕێگەی ▁بە لە م ەوە ▁گەیشت نە ▁ڕۆمان ی ▁٢ ٦ ی ▁ساڵی ▁ ٢٠٠ ٨ ▁و ▁نار نج ۆک ▁و ▁چە کی ▁ئۆتۆ م اتی کی ▁و ▁چەندین ▁ئامانج یان ▁هێنا یە ▁ئامانج ▁لەوانە ▁قە ڵە ب اڵ غ ی ▁چ ەتە پ اتی ▁شی ڤا جی ▁ت ێر مین وس ▁و ▁وێستگ ەی ▁ش ە مەند ە فەر ی ▁بە ناو بان گی ▁هۆ تێ لی ▁تا ج ▁مە ح ال .
[2026-03-18 00:18:22] Best translation 2 : ▁ئه ▁م ▁گه ▁ڕان ه ▁له ▁لایه ▁ن ▁هه ▁مان ▁که ▁ش وه ه ▁وا ▁خراپ ه ▁وه ▁ته ▁قه ▁ی ▁لێ کراوه ▁که ▁بووه ▁ته ▁هۆی ▁بێ زار بوونی ▁نیشت نه ▁وه ▁که ▁.
[2026-03-18 00:18:22] Best translation 3 : ▁هه ▁روه ▁ها ▁ئاژانسی ▁" ئا ی ▁ئێم ا " ▁ئه ▁وه ▁شی ▁ئاشکرا کرد ، ▁سه ▁ره ▁ر ِ ای ▁بڵاوبوون ه ▁وه ▁ی ▁ئه ▁و ▁گرت ه ▁ڤیدیۆ یه ▁له ▁سه ▁ر ▁تۆر ِ ی ▁ئینته ▁رنێت ، ▁" بر ای ▁گه ▁وره ▁" ▁یاسا کانی ▁سان سۆر ی ▁سه ▁ر ▁ئینته ▁رنێت ی ▁له ▁سه ▁ر ▁ئینته ▁رنێت ▁وه ▁رنه ▁گرت بوو ، ▁له ▁کاتێکدا ▁که ▁ڕاگه ▁یاندن ه ▁کان ▁له ▁ماڵپ ه ▁ر ِ ی ▁" بر ای ▁گه ▁وره ▁" ▁هه ▁ڵ نه ▁گیرا بوون .
[2026-03-18 00:18:22] Best translation 4 : ▁سوپای ه ▁کی ▁لاواز تر ▁و ▁هێزی ▁ده ▁ری ایی ▁لاواز تر ی ▁هه ▁بوو ، ▁هه ▁رچ ه ▁نده ▁به ▁ر ▁له ▁ده ▁ست پێ کردنی ▁شه ▁ڕ ، ▁ته ▁نیا ▁چوار ▁که ▁شتی ▁نوێ یان ▁دروست ▁کردبوو .
[2026-03-18 00:18:22] Best translation 5 : ▁دووه ەم ▁گۆڵی ▁ش ەو ▁بریتی ▁بوو ▁لە ▁٦ ٠ ەم ین ▁و ەرز ەکەی ، ▁کە ▁بوو ▁بە ▁یەکەم ▁یاریزان ▁کە ▁٦ ٠ ▁یان ▁زیاتر ▁لە ▁و ەرز ێکدا ▁لە ▁ساڵی ▁١٩ ٩ ٥ - ٩ ٦ ەوە ▁٦ ٠ ▁گۆڵ ▁تۆمار ▁بکات ، ▁کاتێک ▁جە رم یر ▁جا گر ▁و ▁مار ی ۆ ▁لی می و کس ▁هەر ی ەکەیان ▁گەیشت نە ▁ئەو ▁میل ۆن .
[2026-03-18 00:18:22] Best translation 10 : ▁خوێن ▁له ▁ناو ▁ل وول ه ▁کان ▁دوور ▁ده ▁که ▁وێت ه ▁وه ▁به ▁ناوی ▁خوێن به ▁ره ▁کان ▁و ▁ده ▁گه ▁ڕێت ه ▁وه ▁بۆ ▁دڵ ▁له ▁ناو ▁ل وول ه ▁کاندا ▁که ▁پێی ▁ده ▁گوت رێت ▁ده ▁مار ه ▁کان ، ▁بچوک ترین ▁ل وول ه ▁کان ▁پێی ▁ده ▁گوت رێت ▁کا پ ل ێت .
[2026-03-18 00:18:22] Best translation 20 : ▁سک اف ۆڵ د ▁دەکرێت ▁هەم ▁مە ج ازی ▁و ▁ڕاست ە قی نە ▁بێت ▁، ▁بە ▁و ات ەیەکی ▁تر ▁، ▁مامۆستا ▁جۆرێک ە ▁لە ▁پێو ەر ▁بەڵام ▁بۆیە ▁بچووک ی ▁ک اغ ە ز ▁لە ▁نووسینگ ەی ▁مای ک رۆس ۆف ت ▁.
[2026-03-18 00:18:22] Best translation 40 : ▁خۆپ ـ یش ـ اند انه ▁که ▁ده ▁س ـ تی پ ـ ێ ـ کرد ▁له ▁ده ▁وروب ه ▁ری ▁کاتژمێر ▁ی از ده ▁به ▁کاتی ▁خۆ جێ ی ▁( ▁ی و ▁تی ▁سی <0x2B> 1 ) ▁له ▁سه ▁ر ▁ده ▁ره ▁وه ▁ی ▁پ ـ ۆلیس ▁که ▁له ▁به ▁رامب ه ▁ر ▁شه ▁قامی ▁دا ون ینگ ▁که ▁شوێنی ▁فه ▁رمی ▁سه ▁رۆک ▁وه ▁زیری ▁وڵاته ▁که ▁یه ▁.
[2026-03-18 00:18:22] Best translation 80 : ▁نیشان ەکە ▁لە ▁ڕووی ▁جەستە ی یەوە ▁زیانی ▁پێ نە گەی شت ووە ؛ ▁دەست کاری کردن ەکە ▁بە ▁بەکارهێنانی ▁ t ar p ol in s ی ▁ڕە ش ▁بە ▁نیشان ەکانی ▁ئارامی ▁و ▁دڵ ەوە ▁بۆ ▁گۆڕینی ▁" ▁ <0x4F> ▁" ▁ئەنجام ▁درا .
[2026-03-18 00:18:25] Best translation 160 : ▁خه ▁ڵک ▁به ▁کورسی ه ▁وه ▁به ▁ر ▁په ▁نجه ▁ره ▁کان ▁که ▁وتوون ، ▁به ▁ڵام ▁په ▁نجه ▁ره ▁کان ▁نا ه ه ▁موار ▁بوون .
[2026-03-18 00:18:29] Best translation 320 : ▁بە دوا دا چوونی ▁نە خ شە ی ▁مۆر ی ▁دەریا ی ی ، ▁بە ▁بەکارهێنانی ▁R <0x4F> <0x56> ▁دۆزرای ەوە .
[2026-03-18 00:18:35] Best translation 640 : ▁ژاپۆن یه ▁کان ▁نزیکه ▁ی ▁حه ▁وت ▁هه ▁زار ▁دور گه ▁یان ▁هه ▁یه ▁- ▁گه ▁وره ▁ترین ▁دوور گه ▁ی ▁" ه ون ش و " ▁بووه ▁، ▁به ▁مه ▁ش ▁ژاپۆن ▁حه ▁وته ▁مین ▁دوور گه ▁ی ▁گه ▁وره ▁ی ▁له ▁جیهاندا ▁هه ▁یه ▁ !
[2026-03-18 00:18:47] Best translation 1280 : ▁پاس ەکان ▁وێستگ ەی ▁پاس ی ▁نێوان ▁سنوور ▁دابەش ▁دەکەن ▁( بە ▁درێژایی ▁ڕۆژ ▁ڕووب ار ەکە ) ▁هەر چ ەند ە ▁زۆربەی ان ▁بە ▁تایبەت ی ▁ئەوانەی ▁بەرەو ▁ڕۆژه ەڵات ▁و ▁جا کار / ب وم ت ەنگ ▁دە ڕۆ ن ▁لە ▁نێوان ▁ ٠ ٦ : ٣ ٠ ▁بۆ ▁ ٠ ٧ : ٣ ٠ : ٣ ٠ . ٣ ٠ .
[2026-03-18 00:19:03] Total translation time: 42.24762s
[2026-03-18 00:19:03] Saving model weights and runtime parameters to /workspace/OPUS-MT-train/work/en-ckb/curated-floresdev.spm4k-spm4k.transformer.model1.npz.best-chrf.npz
[2026-03-18 00:19:04] [valid] Ep. 28 : Up. 36000 : chrf : 44.0426 : new best
[2026-03-18 00:19:06] Saving model weights and runtime parameters to /workspace/OPUS-MT-train/work/en-ckb/curated-floresdev.spm4k-spm4k.transformer.model1.npz.best-perplexity.npz
[2026-03-18 00:19:07] [valid] Ep. 28 : Up. 36000 : perplexity : 8.73285 : new best
[2026-03-18 00:21:58] Ep. 28 : Up. 37000 : Sen. 266,866 : Cost 2.24889016 * 13,487,904 @ 17,328 after 497,257,510 : Time 264.83s : 50929.84 words/s : gNorm 0.5843 : L.r. 1.9728e-04
[2026-03-18 00:21:58] Saving model weights and runtime parameters to /workspace/OPUS-MT-train/work/en-ckb/curated-floresdev.spm4k-spm4k.transformer.model1.npz
[2026-03-18 00:21:59] Saving Adam parameters
[2026-03-18 00:22:01] [training] Saving training checkpoint to /workspace/OPUS-MT-train/work/en-ckb/curated-floresdev.spm4k-spm4k.transformer.model1.npz and /workspace/OPUS-MT-train/work/en-ckb/curated-floresdev.spm4k-spm4k.transformer.model1.npz.optimizer.npz
[2026-03-18 00:22:05] Translating validation set...
[2026-03-18 00:22:05] Best translation 0 : ▁ئەم ▁زار اوە یە ▁و ەر گیراو ە ▁لە ▁ئاشنا ی ی ▁دێ رین ی ▁ b ed - b o g s ▁کە ▁مێر وو ەکان ▁بە ▁شێوەیەکی ▁زۆر ▁گونجاو ن ▁بۆ ▁م شە خ ۆر کردنی ▁مرۆڤ ەکان .
[2026-03-18 00:22:05] Best translation 1 : ▁هێرش بەر ەکانی ▁م ۆم بای ▁لە ▁ڕێگەی ▁بە لە م ەوە ▁گەیشت نە ▁ڕۆمان ی ▁٢ ٦ ی ▁ساڵی ▁ ٢٠٠ ٨ ▁و ▁نار نج ۆک ▁و ▁چە کی ▁ئۆتۆ م اتی کی ▁و ▁چەندین ▁ئامانج یان ▁هێنا یە ▁ئامانج ▁لەوانە ▁قە ڵە ب اڵ غ ی ▁چ ەتە پ اتی ▁شی ڤا جی ▁ت ێر مین وس ▁و ▁وێستگ ەی ▁ش ە مەند ە فەر ی ▁بە ناو بان گی ▁هۆ تێ لی ▁تا ج ▁مە ح ال .
[2026-03-18 00:22:06] Best translation 2 : ▁ئه ▁م ▁گه ▁ڕان ه ▁له ▁لایه ▁ن ▁هه ▁مان ▁که ▁ش وه ه ▁وا ▁خراپ ه ▁وه ▁ته ▁قه ▁ی ▁لێ کراوه ▁که ▁بووه ▁ته ▁هۆی ▁بێ زار بوونی ▁نیشت نه ▁وه ▁که ▁.
[2026-03-18 00:22:06] Best translation 3 : ▁هه ▁روه ▁ها ▁ئاژانسی ▁" ئا ی ▁ئێم ا " ▁بۆ ی ▁ده ▁رک ه ▁وت ▁که ▁سه ▁ره ▁ڕای ▁بڵاوبوون ه ▁وه ▁ی ▁ئه ▁و ▁گرت ه ▁ڤیدیۆ یه ▁له ▁سه ▁ر ▁ئینته ▁رنێت ، ▁" بر ای انی ▁گه ▁وره ▁" ▁یاسا کانی ▁سان سۆر ی ▁سه ▁ر ▁ئینته ▁رنێت ی ▁له ▁سه ▁ر ▁ئینته ▁رنێت ▁وه ▁رنه ▁گرت بوو ، ▁له ▁کاتێکدا ▁که ▁ڕاگه ▁یاندن ه ▁کان ▁له ▁ماڵپ ه ▁ڕی ▁" بر ای ت " ▁هه ▁ڵ نه ▁گیرا بوون .
[2026-03-18 00:22:06] Best translation 4 : ▁سوپای ه ▁کی ▁لاواز تر ▁و ▁هێزی ▁ده ▁ری ایی ▁لاواز تر ی ▁هه ▁بوو ، ▁هه ▁رچ ه ▁نده ▁به ▁ر ▁له ▁ده ▁ست پێ کردنی ▁شه ▁ڕ ، ▁ته ▁نیا ▁چوار ▁که ▁شتی ▁نوێ یان ▁دروست ▁کردبوو .
[2026-03-18 00:22:06] Best translation 5 : ▁دووه ەم ▁گۆڵی ▁ش ەو ▁بریتی ▁بوو ▁لە ▁٦ ٠ ه ەم ین ▁و ەرز ەکەی ، ▁کە ▁بووە ▁یەکەم ▁یاریزان ▁کە ▁لە ▁و ەرز ێک ەوە ▁٦ ٠ ▁یان ▁زیاتر ▁گۆڵ ▁تۆمار ▁بکات ▁لە ▁و ەرز ێکدا ▁لە ▁ساڵی ▁١٩ ٩ ٥ - ٩ ٦ ەوە ، ▁کاتێک ▁جە رم یر ▁جا گر ▁و ▁مار ی ۆ ▁لی می و کس ▁هەر ی ەکەیان ▁گەیشت نە ▁ئەو ▁میل ۆن .
[2026-03-18 00:22:06] Best translation 10 : ▁خوێن ▁له ▁ناو ▁ل وول ه ▁کان ▁دوور ▁ده ▁که ▁وێت ه ▁وه ▁به ▁ناوی ▁خوێن به ▁ره ▁کان ▁و ▁ده ▁گه ▁ڕێت ه ▁وه ▁بۆ ▁دڵ ▁له ▁ناو ▁ل وول ه ▁کاندا ▁که ▁پێی ▁ده ▁گوت رێت ▁ده ▁مار ه ▁کان ، ▁بچوک ترین ▁ل وول ه ▁کان ▁پێی ▁ده ▁گوت رێت ▁کا پ ل ێت .
[2026-03-18 00:22:06] Best translation 20 : ▁سک اف ۆڵ د ▁دەکرێت ▁هەم ▁مە ج ازی ▁و ▁ڕاست ە قی نە ▁بێت ▁، ▁بە ▁و ات ەیەکی ▁تر ▁، ▁مامۆستا ▁جۆرێک ە ▁لە ▁پێو ەر ▁بەڵام ▁بەم ▁شێوەیە ▁پیاو ە ▁ک اغ ە زی ی ەکە ▁لە ▁نووسینگ ەی ▁مای ک رۆس ۆف ت ▁.
[2026-03-18 00:22:06] Best translation 40 : ▁خۆپ ـ یش ـ اند انه ▁که ▁ده ▁س ـ تی پ ـ ێ ـ کرد ▁له ▁ده ▁وروب ه ▁ری ▁کاتژمێر ▁ی از ده ▁ی ▁به ▁یانی ▁به ▁کاتی ▁خۆ جێ ی ی ▁( ▁ی و ▁تی ▁سی <0x2B> 1 ) ▁له ▁سه ▁ر ▁ده ▁ره ▁وه ▁ی ▁پ ـ ۆلیس ▁که ▁پاس ه ▁وان ن ▁بۆ ▁شه ▁قامی ▁دا ون ینگ ▁که ▁شوێنی ▁فه ▁رمی ▁سه ▁رۆک ▁وه ▁زیری ▁وڵاته ▁که ▁یه ▁.
[2026-03-18 00:22:07] Best translation 80 : ▁نیشان ەکە ▁لە ▁ڕووی ▁جەستە ی یەوە ▁زیانی ▁پێ نە گەی شت ووە ؛ ▁دەست کاری کردن ەکە ▁بە ▁بەکارهێنانی ▁ t ar p ol in s ی ▁ڕە ش ▁کە ▁ڕ از ێن را وەتەوە ▁بە ▁نیشان ەکانی ▁ئارامی ▁و ▁دڵ ▁بۆ ▁ئەوەی ▁" <0x4F> " ▁ب خوێن ێتەوە .
[2026-03-18 00:22:09] Best translation 160 : ▁خه ▁ڵک ▁به ▁کورسی ه ▁وه ▁به ▁ر ▁په ▁نجه ▁ره ▁کان ▁که ▁وتوون ، ▁به ▁ڵام ▁په ▁نجه ▁ره ▁کان ▁له ▁و ▁په ▁نجه ▁رانه ▁نا ه ه ▁موار ▁بوون .
[2026-03-18 00:22:13] Best translation 320 : ▁بە دوا دا چوونی ▁نە خ شە ی ▁مۆر ی ▁دەریا ی ی ، ▁دۆز را وەتەوە ▁بە ▁بەکارهێنانی ▁R <0x4F> <0x56> .
[2026-03-18 00:22:19] Best translation 640 : ▁ژاپۆن یه ▁کان ▁نزیکه ▁ی ▁حه ▁وت ▁هه ▁زار ▁دور گه ▁یان ▁هه ▁یه ▁- ▁گه ▁وره ▁ترین ▁دوور گه ▁ی ▁" ه ان ش و " ▁بووه ▁، ▁به ▁مه ▁ش ▁ژاپۆن ▁حه ▁وته ▁مین ▁دوور گه ▁ی ▁گه ▁وره ▁ی ▁له ▁جیهاندا ▁هه ▁یه ▁ !
[2026-03-18 00:22:31] Best translation 1280 : ▁پاس ەکان ▁وێستگ ەی ▁پاس ی ▁نێوان ▁قە دە غ ە ▁دەکەن ▁( بە ▁درێژایی ▁ڕۆژ ▁ڕووب ار ەکە ) ▁هەر چ ەند ە ▁زۆربەی ان ▁بە ▁تایبەت ی ▁ئەوانەی ▁بەرەو ▁ڕۆژه ەڵات ▁و ▁جا کار / ب وم ت ەنگ ▁دە ڕۆ ن ▁لە ▁نێوان ▁ ٠ ٦ : ٣ ٠ ▁بۆ ▁ ٠ ٧ : ٣ ٠ : ٣ ٠ .
[2026-03-18 00:22:46] Total translation time: 41.13509s
[2026-03-18 00:22:46] [valid] Ep. 28 : Up. 37000 : bleu : 13.2895 : stalled 2 times (last best: 13.4004)
[2026-03-18 00:22:46] Translating validation set...
[2026-03-18 00:22:47] Best translation 0 : ▁ئەم ▁زار اوە یە ▁و ەر گیراو ە ▁لە ▁ئاشنا ی ی ▁دێ رین ی ▁ b ed - b o g s ▁کە ▁مێر وو ەکان ▁بە ▁شێوەیەکی ▁زۆر ▁گونجاو ن ▁بۆ ▁م شە خ ۆر کردنی ▁مرۆڤ ەکان .
[2026-03-18 00:22:47] Best translation 1 : ▁هێرش بەر ەکانی ▁م ۆم بای ▁لە ▁ڕێگەی ▁بە لە م ەوە ▁گەیشت نە ▁ڕۆمان ی ▁٢ ٦ ی ▁ساڵی ▁ ٢٠٠ ٨ ▁و ▁نار نج ۆک ▁و ▁چە کی ▁ئۆتۆ م اتی کی ▁و ▁چەندین ▁ئامانج یان ▁هێنا یە ▁ئامانج ▁لەوانە ▁قە ڵە ب اڵ غ ی ▁چ ەتە پ اتی ▁شی ڤا جی ▁ت ێر مین وس ▁و ▁وێستگ ەی ▁ش ە مەند ە فەر ی ▁بە ناو بان گی ▁هۆ تێ لی ▁تا ج ▁مە ح ال .
[2026-03-18 00:22:47] Best translation 2 : ▁ئه ▁م ▁گه ▁ڕان ه ▁له ▁لایه ▁ن ▁هه ▁مان ▁که ▁ش وه ه ▁وا ▁خراپ ه ▁وه ▁ته ▁قه ▁ی ▁لێ کراوه ▁که ▁بووه ▁ته ▁هۆی ▁بێ زار بوونی ▁نیشت نه ▁وه ▁که ▁.
[2026-03-18 00:22:47] Best translation 3 : ▁هه ▁روه ▁ها ▁ئاژانسی ▁" ئا ی ▁ئێم ا " ▁بۆ ی ▁ده ▁رک ه ▁وت ▁که ▁سه ▁ره ▁ڕای ▁بڵاوبوون ه ▁وه ▁ی ▁ئه ▁و ▁گرت ه ▁ڤیدیۆ یه ▁له ▁سه ▁ر ▁ئینته ▁رنێت ، ▁" بر ای انی ▁گه ▁وره ▁" ▁یاسا کانی ▁سان سۆر ی ▁سه ▁ر ▁ئینته ▁رنێت ی ▁له ▁سه ▁ر ▁ئینته ▁رنێت ▁وه ▁رنه ▁گرت بوو ، ▁له ▁کاتێکدا ▁که ▁ڕاگه ▁یاندن ه ▁کان ▁له ▁ماڵپ ه ▁ڕی ▁" بر ای ت " ▁هه ▁ڵ نه ▁گیرا بوون .
[2026-03-18 00:22:47] Best translation 4 : ▁سوپای ه ▁کی ▁لاواز تر ▁و ▁هێزی ▁ده ▁ری ایی ▁لاواز تر ی ▁هه ▁بوو ، ▁هه ▁رچ ه ▁نده ▁به ▁ر ▁له ▁ده ▁ست پێ کردنی ▁شه ▁ڕ ، ▁ته ▁نیا ▁چوار ▁که ▁شتی ▁نوێ یان ▁دروست ▁کردبوو .
[2026-03-18 00:22:47] Best translation 5 : ▁دووه ەم ▁گۆڵی ▁ش ەو ▁بریتی ▁بوو ▁لە ▁٦ ٠ ه ەم ین ▁و ەرز ەکەی ، ▁کە ▁بووە ▁یەکەم ▁یاریزان ▁کە ▁لە ▁و ەرز ێک ەوە ▁٦ ٠ ▁یان ▁زیاتر ▁گۆڵ ▁تۆمار ▁بکات ▁لە ▁و ەرز ێکدا ▁لە ▁ساڵی ▁١٩ ٩ ٥ - ٩ ٦ ەوە ، ▁کاتێک ▁جە رم یر ▁جا گر ▁و ▁مار ی ۆ ▁لی می و کس ▁هەر ی ەکەیان ▁گەیشت نە ▁ئەو ▁میل ۆن .
[2026-03-18 00:22:47] Best translation 10 : ▁خوێن ▁له ▁ناو ▁ل وول ه ▁کان ▁دوور ▁ده ▁که ▁وێت ه ▁وه ▁به ▁ناوی ▁خوێن به ▁ره ▁کان ▁و ▁ده ▁گه ▁ڕێت ه ▁وه ▁بۆ ▁دڵ ▁له ▁ناو ▁ل وول ه ▁کاندا ▁که ▁پێی ▁ده ▁گوت رێت ▁ده ▁مار ه ▁کان ، ▁بچوک ترین ▁ل وول ه ▁کان ▁پێی ▁ده ▁گوت رێت ▁کا پ ل ێت .
[2026-03-18 00:22:47] Best translation 20 : ▁سک اف ۆڵ د ▁دەکرێت ▁هەم ▁مە ج ازی ▁و ▁ڕاست ە قی نە ▁بێت ▁، ▁بە ▁و ات ەیەکی ▁تر ▁، ▁مامۆستا ▁جۆرێک ە ▁لە ▁پێو ەر ▁بەڵام ▁بەم ▁شێوەیە ▁پیاو ە ▁ک اغ ە زی ی ەکە ▁لە ▁نووسینگ ەی ▁مای ک رۆس ۆف ت ▁.
[2026-03-18 00:22:47] Best translation 40 : ▁خۆپ ـ یش ـ اند انه ▁که ▁ده ▁س ـ تی پ ـ ێ ـ کرد ▁له ▁ده ▁وروب ه ▁ری ▁کاتژمێر ▁ی از ده ▁ی ▁به ▁یانی ▁به ▁کاتی ▁خۆ جێ ی ی ▁( ▁ی و ▁تی ▁سی <0x2B> 1 ) ▁له ▁سه ▁ر ▁ده ▁ره ▁وه ▁ی ▁پ ـ ۆلیس ▁که ▁پاس ه ▁وان ن ▁بۆ ▁شه ▁قامی ▁دا ون ینگ ▁که ▁شوێنی ▁فه ▁رمی ▁سه ▁رۆک ▁وه ▁زیری ▁وڵاته ▁که ▁یه ▁.
[2026-03-18 00:22:48] Best translation 80 : ▁نیشان ەکە ▁لە ▁ڕووی ▁جەستە ی یەوە ▁زیانی ▁پێ نە گەی شت ووە ؛ ▁دەست کاری کردن ەکە ▁بە ▁بەکارهێنانی ▁ t ar p ol in s ی ▁ڕە ش ▁کە ▁ڕ از ێن را وەتەوە ▁بە ▁نیشان ەکانی ▁ئارامی ▁و ▁دڵ ▁بۆ ▁ئەوەی ▁" <0x4F> " ▁ب خوێن ێتەوە .
[2026-03-18 00:22:51] Best translation 160 : ▁خه ▁ڵک ▁به ▁کورسی ه ▁وه ▁به ▁ر ▁په ▁نجه ▁ره ▁کان ▁که ▁وتوون ، ▁به ▁ڵام ▁په ▁نجه ▁ره ▁کان ▁له ▁و ▁په ▁نجه ▁رانه ▁نا ه ه ▁موار ▁بوون .
[2026-03-18 00:22:54] Best translation 320 : ▁بە دوا دا چوونی ▁نە خ شە ی ▁مۆر ی ▁دەریا ی ی ، ▁دۆز را وەتەوە ▁بە ▁بەکارهێنانی ▁R <0x4F> <0x56> .
[2026-03-18 00:23:00] Best translation 640 : ▁ژاپۆن یه ▁کان ▁نزیکه ▁ی ▁حه ▁وت ▁هه ▁زار ▁دور گه ▁یان ▁هه ▁یه ▁- ▁گه ▁وره ▁ترین ▁دوور گه ▁ی ▁" ه ان ش و " ▁بووه ▁، ▁به ▁مه ▁ش ▁ژاپۆن ▁حه ▁وته ▁مین ▁دوور گه ▁ی ▁گه ▁وره ▁ی ▁له ▁جیهاندا ▁هه ▁یه ▁ !
[2026-03-18 00:23:13] Best translation 1280 : ▁پاس ەکان ▁وێستگ ەی ▁پاس ی ▁نێوان ▁قە دە غ ە ▁دەکەن ▁( بە ▁درێژایی ▁ڕۆژ ▁ڕووب ار ەکە ) ▁هەر چ ەند ە ▁زۆربەی ان ▁بە ▁تایبەت ی ▁ئەوانەی ▁بەرەو ▁ڕۆژه ەڵات ▁و ▁جا کار / ب وم ت ەنگ ▁دە ڕۆ ن ▁لە ▁نێوان ▁ ٠ ٦ : ٣ ٠ ▁بۆ ▁ ٠ ٧ : ٣ ٠ : ٣ ٠ .
[2026-03-18 00:23:29] Total translation time: 42.80092s
[2026-03-18 00:23:29] [valid] Ep. 28 : Up. 37000 : chrf : 43.9841 : stalled 1 times (last best: 44.0426)
[2026-03-18 00:23:30] Saving model weights and runtime parameters to /workspace/OPUS-MT-train/work/en-ckb/curated-floresdev.spm4k-spm4k.transformer.model1.npz.best-perplexity.npz
[2026-03-18 00:23:31] [valid] Ep. 28 : Up. 37000 : perplexity : 8.70685 : new best
[2026-03-18 00:24:03] Seen 310,206 samples
[2026-03-18 00:24:03] Starting data epoch 29 in logical epoch 29
[2026-03-18 00:26:22] Ep. 29 : Up. 38000 : Sen. 188,989 : Cost 2.23815703 * 13,402,664 @ 14,855 after 510,660,174 : Time 264.42s : 50687.74 words/s : gNorm 0.5893 : L.r. 1.9467e-04
[2026-03-18 00:26:22] Saving model weights and runtime parameters to /workspace/OPUS-MT-train/work/en-ckb/curated-floresdev.spm4k-spm4k.transformer.model1.npz
[2026-03-18 00:26:23] Saving Adam parameters
[2026-03-18 00:26:25] [training] Saving training checkpoint to /workspace/OPUS-MT-train/work/en-ckb/curated-floresdev.spm4k-spm4k.transformer.model1.npz and /workspace/OPUS-MT-train/work/en-ckb/curated-floresdev.spm4k-spm4k.transformer.model1.npz.optimizer.npz
[2026-03-18 00:26:29] Translating validation set...
[2026-03-18 00:26:30] Best translation 0 : ▁ئەم ▁زار اوە یە ▁و ەر گیراو ە ▁لە ▁ئاشنا ی ی ▁دێ رین ی ▁ b ed - b o g s ▁کە ▁مێر وو ەکان ▁بە ▁شێوەیەکی ▁زۆر ▁گونجاو ن ▁بۆ ▁م شە خ ۆر کردنی ▁مرۆڤ ەکان .
[2026-03-18 00:26:30] Best translation 1 : ▁هێرش بەر ەکانی ▁م ۆم بای ▁لە ▁ڕێگەی ▁بە لە م ەوە ▁گەیشت نە ▁ڕۆمان ی ▁٢ ٦ ی ▁ساڵی ▁ ٢٠٠ ٨ ▁و ▁نار نج ۆک ▁و ▁چە کی ▁ئۆتۆ م اتی کی ▁و ▁چەندین ▁ئامانج یان ▁هێنا یە ▁ئامانج ▁لەوانە ▁قە ڵە ب اڵ غ ی ▁چ ەتە پ اتی ▁شی ڤا جی ▁ت ێر مین وس ▁و ▁وێستگ ەی ▁ش ە مەند ە فەر ی ▁بە ناو بان گی ▁هۆ تێ لی ▁تا ج ▁مە ح ال .
[2026-03-18 00:26:30] Best translation 2 : ▁ئه ▁م ▁گه ▁ڕان ه ▁له ▁لایه ▁ن ▁هه ▁مان ▁که ▁ش وه ه ▁وا ▁خراپ ه ▁وه ▁ته ▁قه ▁ی ▁لێ کراوه ▁که ▁بووه ▁ته ▁هۆی ▁بێ زار بوونی ▁نیشت نه ▁وه ▁که ▁.
[2026-03-18 00:26:30] Best translation 3 : ▁هه ▁روه ▁ها ▁ئاژانسی ▁ئه ▁ی ▁سی ▁ئێم ا ▁ئه ▁وه ▁شی ▁ئاشکرا کرد ، ▁سه ▁ره ▁ر ِ ای ▁بڵاوبوون ه ▁وه ▁ی ▁ئه ▁و ▁گرت ه ▁ڤیدیۆ یه ▁له ▁سه ▁ر ▁تۆر ِ ی ▁ئینته ▁رنێت ، ▁برای ▁گه ▁وره ▁یاسا کانی ▁سان سۆر کردنی ▁ناوه ▁ر ِ است ی ▁ئینته ▁رنێت ی ▁له ▁سه ▁ر ▁ئینته ▁رنێت ▁وه ▁رنه ▁گرت بوو ▁له ▁کاتێکدا ▁که ▁ڕاگه ▁یاندن ه ▁کان ▁له ▁ماڵپ ه ▁ر ِ ی ▁" بی گ ▁برای ه ▁ر " ▁هه ▁ڵ نه ▁گیرا بوون .
[2026-03-18 00:26:30] Best translation 4 : ▁سوپای ه ▁کی ▁لاواز تر ▁و ▁هێزی ▁ده ▁ری ایی ▁لاواز تر ی ▁هه ▁بوو ، ▁هه ▁رچ ه ▁نده ▁به ▁ر ▁له ▁ده ▁ست پێ کردنی ▁شه ▁ڕ ، ▁ته ▁نیا ▁چوار ▁که ▁شتی ▁نوێ یان ▁دروست ▁کردبوو .
[2026-03-18 00:26:30] Best translation 5 : ▁دووه ەم ▁گۆڵی ▁ش ەو ▁بریتی ▁بوو ▁لە ▁٦ ٠ ه ەم ین ▁و ەرز ەکەی ، ▁کە ▁بووە ▁یەکەم ▁یاریزان ▁کە ▁لە ▁و ەرز ێک ەوە ▁٦ ٠ ▁یان ▁زیاتر ▁گۆڵ ▁تۆمار ▁بکات ▁لە ▁و ەرز ێکدا ▁لە ▁ساڵی ▁١٩ ٩ ٥ - ٩ ٦ ەوە ، ▁کاتێک ▁جە رم یر ▁جا گر ▁و ▁مار ی ۆ ▁لی می و کس ▁هەر ی ەکەیان ▁گەیشت نە ▁ئەو ▁میل ۆن .
[2026-03-18 00:26:30] Best translation 10 : ▁خوێن ▁له ▁ناو ▁ل وول ه ▁کان ▁دوور ▁ده ▁که ▁وێت ه ▁وه ▁به ▁ناوی ▁خوێن به ▁ره ▁کان ▁و ▁ده ▁گه ▁ڕێت ه ▁وه ▁بۆ ▁دڵ ▁له ▁ناو ▁ل وول ه ▁کاندا ▁که ▁پێی ▁ده ▁گوت رێت ▁ده ▁مار ه ▁کان ، ▁بچوک ترین ▁ل وول ه ▁کان ▁پێی ▁ده ▁گوت رێت ▁کا پ ل ێت .
[2026-03-18 00:26:30] Best translation 20 : ▁سک اف ۆڵ د ▁دەکرێت ▁هەم ▁مە ج ازی ▁و ▁ڕاست ە قی نە ▁بێت ▁، ▁بە ▁و ات ەیەکی ▁تر ▁، ▁مامۆستا ▁جۆرێک ە ▁لە ▁پێو ەر ▁بەڵام ▁بەم ▁شێوەیە ▁پیاو ە ▁ک اغ ە ز ەکە ▁لە ▁نووسینگ ەی ▁مای ک رۆس ۆف ت ▁.
[2026-03-18 00:26:30] Best translation 40 : ▁خۆپ ـ یش ـ اند انه ▁که ▁ده ▁س ـ تی پ ـ ێ ـ کرد ▁له ▁ده ▁وروب ه ▁ری ▁کاتژمێر ▁ی از ده ▁به ▁کاتی ▁خۆ جێ ی ▁( ▁ی و ▁تی ▁سی <0x2B> 1 ) ▁له ▁سه ▁ر ▁ده ▁ره ▁وه ▁ی ▁پ ـ ۆلیس ▁که ▁پاس ه ▁وان ن ▁بۆ ▁شه ▁قامی ▁دا ون ینگ ▁که ▁شوێنی ▁فه ▁رمی ▁سه ▁رۆک ▁وه ▁زیری ▁وڵاته ▁که ▁یه ▁.
[2026-03-18 00:26:31] Best translation 80 : ▁نیشان ەکە ▁لە ▁ڕووی ▁جەستە ی یەوە ▁زیانی ▁پێ نە گەی شت ووە ؛ ▁دەست کاری کردن ەکە ▁بە ▁بەکارهێنانی ▁تا رم ایی ▁ڕە ش ▁کە ▁بە ▁نیشان ەکانی ▁ئارامی ▁و ▁دڵ ▁ڕ از ێن را وەتەوە ▁بۆ ▁گۆڕینی ▁" بۆ ▁خوێندن ەوە ی ▁" ▁.
[2026-03-18 00:26:34] Best translation 160 : ▁خه ▁ڵک ▁به ▁کورسی ه ▁وه ▁به ▁ر ▁په ▁نجه ▁ره ▁کان ▁که ▁وت ، ▁به ▁ڵام ▁په ▁نجه ▁ره ▁کان ▁له ▁و ▁په ▁نجه ▁ره ▁یه ▁دا ▁نه ▁یان توانی وه ▁به ▁ر ▁په ▁نجه ▁ره ▁کان ▁بکه ▁و ن .
[2026-03-18 00:26:37] Best translation 320 : ▁بە دوا دا چوونی ▁نە خ شە ی ▁مۆر ی ▁دەریا ی ی ، ▁بە ▁بەکارهێنانی ▁R <0x4F> <0x56> ▁دۆزرای ەوە .
[2026-03-18 00:26:43] Best translation 640 : ▁ژاپۆن یه ▁کان ▁نزیکه ▁ی ▁حه ▁وت ▁هه ▁زار ▁دور گه ▁یان ▁هه ▁یه ▁- ▁گه ▁وره ▁ترین ▁دوور گه ▁ی ▁" ه ون ش و " ▁بووه ▁، ▁به ▁مه ▁ش ▁ژاپۆن ▁حه ▁وته ▁مین ▁دور گه ▁ی ▁گه ▁وره ▁ی ▁له ▁جیهاندا ▁هه ▁یه ▁ !
[2026-03-18 00:26:55] Best translation 1280 : ▁پاس ەکان ▁وێستگ ەی ▁پاس ی ▁نێوان ▁سنوور ▁دابەش ▁دەکەن ▁( بە ▁درێژایی ▁ڕۆژ ▁ڕووب ار ەکە ) ▁هەر چ ەند ە ▁زۆربەی ان ▁بە ▁تایبەت ی ▁ئەوانەی ▁بەرەو ▁ڕۆژه ەڵات ▁و ▁جا کار / ب وم ت ەنگ ▁دە ڕۆ ن ▁لە ▁نێوان ▁ ٠ ٦ : ٣ ٠ ▁بۆ ▁ ٠ ٧ : ٣ ٠ . ٣ ٠ : ٣ ٠ .
[2026-03-18 00:27:10] Total translation time: 41.10789s
[2026-03-18 00:27:10] [valid] Ep. 29 : Up. 38000 : bleu : 13.3402 : stalled 3 times (last best: 13.4004)
[2026-03-18 00:27:10] Translating validation set...
[2026-03-18 00:27:11] Best translation 0 : ▁ئەم ▁زار اوە یە ▁و ەر گیراو ە ▁لە ▁ئاشنا ی ی ▁دێ رین ی ▁ b ed - b o g s ▁کە ▁مێر وو ەکان ▁بە ▁شێوەیەکی ▁زۆر ▁گونجاو ن ▁بۆ ▁م شە خ ۆر کردنی ▁مرۆڤ ەکان .
[2026-03-18 00:27:11] Best translation 1 : ▁هێرش بەر ەکانی ▁م ۆم بای ▁لە ▁ڕێگەی ▁بە لە م ەوە ▁گەیشت نە ▁ڕۆمان ی ▁٢ ٦ ی ▁ساڵی ▁ ٢٠٠ ٨ ▁و ▁نار نج ۆک ▁و ▁چە کی ▁ئۆتۆ م اتی کی ▁و ▁چەندین ▁ئامانج یان ▁هێنا یە ▁ئامانج ▁لەوانە ▁قە ڵە ب اڵ غ ی ▁چ ەتە پ اتی ▁شی ڤا جی ▁ت ێر مین وس ▁و ▁وێستگ ەی ▁ش ە مەند ە فەر ی ▁بە ناو بان گی ▁هۆ تێ لی ▁تا ج ▁مە ح ال .
[2026-03-18 00:27:11] Best translation 2 : ▁ئه ▁م ▁گه ▁ڕان ه ▁له ▁لایه ▁ن ▁هه ▁مان ▁که ▁ش وه ه ▁وا ▁خراپ ه ▁وه ▁ته ▁قه ▁ی ▁لێ کراوه ▁که ▁بووه ▁ته ▁هۆی ▁بێ زار بوونی ▁نیشت نه ▁وه ▁که ▁.
[2026-03-18 00:27:11] Best translation 3 : ▁هه ▁روه ▁ها ▁ئاژانسی ▁ئه ▁ی ▁سی ▁ئێم ا ▁ئه ▁وه ▁شی ▁ئاشکرا کرد ، ▁سه ▁ره ▁ر ِ ای ▁بڵاوبوون ه ▁وه ▁ی ▁ئه ▁و ▁گرت ه ▁ڤیدیۆ یه ▁له ▁سه ▁ر ▁تۆر ِ ی ▁ئینته ▁رنێت ، ▁برای ▁گه ▁وره ▁یاسا کانی ▁سان سۆر کردنی ▁ناوه ▁ر ِ است ی ▁ئینته ▁رنێت ی ▁له ▁سه ▁ر ▁ئینته ▁رنێت ▁وه ▁رنه ▁گرت بوو ▁له ▁کاتێکدا ▁که ▁ڕاگه ▁یاندن ه ▁کان ▁له ▁ماڵپ ه ▁ر ِ ی ▁" بی گ ▁برای ه ▁ر " ▁هه ▁ڵ نه ▁گیرا بوون .
[2026-03-18 00:27:11] Best translation 4 : ▁سوپای ه ▁کی ▁لاواز تر ▁و ▁هێزی ▁ده ▁ری ایی ▁لاواز تر ی ▁هه ▁بوو ، ▁هه ▁رچ ه ▁نده ▁به ▁ر ▁له ▁ده ▁ست پێ کردنی ▁شه ▁ڕ ، ▁ته ▁نیا ▁چوار ▁که ▁شتی ▁نوێ یان ▁دروست ▁کردبوو .
[2026-03-18 00:27:11] Best translation 5 : ▁دووه ەم ▁گۆڵی ▁ش ەو ▁بریتی ▁بوو ▁لە ▁٦ ٠ ه ەم ین ▁و ەرز ەکەی ، ▁کە ▁بووە ▁یەکەم ▁یاریزان ▁کە ▁لە ▁و ەرز ێک ەوە ▁٦ ٠ ▁یان ▁زیاتر ▁گۆڵ ▁تۆمار ▁بکات ▁لە ▁و ەرز ێکدا ▁لە ▁ساڵی ▁١٩ ٩ ٥ - ٩ ٦ ەوە ، ▁کاتێک ▁جە رم یر ▁جا گر ▁و ▁مار ی ۆ ▁لی می و کس ▁هەر ی ەکەیان ▁گەیشت نە ▁ئەو ▁میل ۆن .
[2026-03-18 00:27:11] Best translation 10 : ▁خوێن ▁له ▁ناو ▁ل وول ه ▁کان ▁دوور ▁ده ▁که ▁وێت ه ▁وه ▁به ▁ناوی ▁خوێن به ▁ره ▁کان ▁و ▁ده ▁گه ▁ڕێت ه ▁وه ▁بۆ ▁دڵ ▁له ▁ناو ▁ل وول ه ▁کاندا ▁که ▁پێی ▁ده ▁گوت رێت ▁ده ▁مار ه ▁کان ، ▁بچوک ترین ▁ل وول ه ▁کان ▁پێی ▁ده ▁گوت رێت ▁کا پ ل ێت .
[2026-03-18 00:27:11] Best translation 20 : ▁سک اف ۆڵ د ▁دەکرێت ▁هەم ▁مە ج ازی ▁و ▁ڕاست ە قی نە ▁بێت ▁، ▁بە ▁و ات ەیەکی ▁تر ▁، ▁مامۆستا ▁جۆرێک ە ▁لە ▁پێو ەر ▁بەڵام ▁بەم ▁شێوەیە ▁پیاو ە ▁ک اغ ە ز ەکە ▁لە ▁نووسینگ ەی ▁مای ک رۆس ۆف ت ▁.
[2026-03-18 00:27:11] Best translation 40 : ▁خۆپ ـ یش ـ اند انه ▁که ▁ده ▁س ـ تی پ ـ ێ ـ کرد ▁له ▁ده ▁وروب ه ▁ری ▁کاتژمێر ▁ی از ده ▁به ▁کاتی ▁خۆ جێ ی ▁( ▁ی و ▁تی ▁سی <0x2B> 1 ) ▁له ▁سه ▁ر ▁ده ▁ره ▁وه ▁ی ▁پ ـ ۆلیس ▁که ▁پاس ه ▁وان ن ▁بۆ ▁شه ▁قامی ▁دا ون ینگ ▁که ▁شوێنی ▁فه ▁رمی ▁سه ▁رۆک ▁وه ▁زیری ▁وڵاته ▁که ▁یه ▁.
[2026-03-18 00:27:12] Best translation 80 : ▁نیشان ەکە ▁لە ▁ڕووی ▁جەستە ی یەوە ▁زیانی ▁پێ نە گەی شت ووە ؛ ▁دەست کاری کردن ەکە ▁بە ▁بەکارهێنانی ▁تا رم ایی ▁ڕە ش ▁کە ▁بە ▁نیشان ەکانی ▁ئارامی ▁و ▁دڵ ▁ڕ از ێن را وەتەوە ▁بۆ ▁گۆڕینی ▁" بۆ ▁خوێندن ەوە ی ▁" ▁.
[2026-03-18 00:27:15] Best translation 160 : ▁خه ▁ڵک ▁به ▁کورسی ه ▁وه ▁به ▁ر ▁په ▁نجه ▁ره ▁کان ▁که ▁وت ، ▁به ▁ڵام ▁په ▁نجه ▁ره ▁کان ▁له ▁و ▁په ▁نجه ▁ره ▁یه ▁دا ▁نه ▁یان توانی وه ▁به ▁ر ▁په ▁نجه ▁ره ▁کان ▁بکه ▁و ن .
[2026-03-18 00:27:18] Best translation 320 : ▁بە دوا دا چوونی ▁نە خ شە ی ▁مۆر ی ▁دەریا ی ی ، ▁بە ▁بەکارهێنانی ▁R <0x4F> <0x56> ▁دۆزرای ەوە .
[2026-03-18 00:27:24] Best translation 640 : ▁ژاپۆن یه ▁کان ▁نزیکه ▁ی ▁حه ▁وت ▁هه ▁زار ▁دور گه ▁یان ▁هه ▁یه ▁- ▁گه ▁وره ▁ترین ▁دوور گه ▁ی ▁" ه ون ش و " ▁بووه ▁، ▁به ▁مه ▁ش ▁ژاپۆن ▁حه ▁وته ▁مین ▁دور گه ▁ی ▁گه ▁وره ▁ی ▁له ▁جیهاندا ▁هه ▁یه ▁ !
[2026-03-18 00:27:37] Best translation 1280 : ▁پاس ەکان ▁وێستگ ەی ▁پاس ی ▁نێوان ▁سنوور ▁دابەش ▁دەکەن ▁( بە ▁درێژایی ▁ڕۆژ ▁ڕووب ار ەکە ) ▁هەر چ ەند ە ▁زۆربەی ان ▁بە ▁تایبەت ی ▁ئەوانەی ▁بەرەو ▁ڕۆژه ەڵات ▁و ▁جا کار / ب وم ت ەنگ ▁دە ڕۆ ن ▁لە ▁نێوان ▁ ٠ ٦ : ٣ ٠ ▁بۆ ▁ ٠ ٧ : ٣ ٠ . ٣ ٠ : ٣ ٠ .
[2026-03-18 00:27:52] Total translation time: 42.37628s
[2026-03-18 00:27:52] Saving model weights and runtime parameters to /workspace/OPUS-MT-train/work/en-ckb/curated-floresdev.spm4k-spm4k.transformer.model1.npz.best-chrf.npz
[2026-03-18 00:27:54] [valid] Ep. 29 : Up. 38000 : chrf : 44.0601 : new best
[2026-03-18 00:27:55] Saving model weights and runtime parameters to /workspace/OPUS-MT-train/work/en-ckb/curated-floresdev.spm4k-spm4k.transformer.model1.npz.best-perplexity.npz
[2026-03-18 00:27:57] [valid] Ep. 29 : Up. 38000 : perplexity : 8.68509 : new best
[2026-03-18 00:29:24] Seen 310,206 samples
[2026-03-18 00:29:24] Starting data epoch 30 in logical epoch 30
[2026-03-18 00:30:47] Ep. 30 : Up. 39000 : Sen. 114,281 : Cost 2.22583842 * 13,414,437 @ 17,098 after 524,074,611 : Time 265.27s : 50569.81 words/s : gNorm 0.6122 : L.r. 1.9215e-04
[2026-03-18 00:30:47] Saving model weights and runtime parameters to /workspace/OPUS-MT-train/work/en-ckb/curated-floresdev.spm4k-spm4k.transformer.model1.npz
[2026-03-18 00:30:49] Saving Adam parameters
[2026-03-18 00:30:51] [training] Saving training checkpoint to /workspace/OPUS-MT-train/work/en-ckb/curated-floresdev.spm4k-spm4k.transformer.model1.npz and /workspace/OPUS-MT-train/work/en-ckb/curated-floresdev.spm4k-spm4k.transformer.model1.npz.optimizer.npz
[2026-03-18 00:30:54] Translating validation set...
[2026-03-18 00:30:55] Best translation 0 : ▁ئەم ▁زار اوە یە ▁و ەر گیراو ە ▁لە ▁ئاشنا ی ی ▁دێ رین ی ▁ b ed - b o g s ▁کە ▁مێر وو ەکان ▁بە ▁شێوەیەکی ▁زۆر ▁گونجاو ن ▁بۆ ▁م شە خ ۆر کردنی ▁مرۆڤ ەکان .
[2026-03-18 00:30:55] Best translation 1 : ▁هێرش بەر ەکانی ▁م ۆم بای ▁لە ▁ڕێگەی ▁بە لە م ەوە ▁گەیشت نە ▁ڕۆمان ی ▁٢ ٦ ی ▁ساڵی ▁ ٢٠٠ ٨ ▁و ▁نار نج ۆک ▁و ▁چە کی ▁ئۆتۆ م اتی کی ▁و ▁چەندین ▁ئامانج یان ▁هێنا بوو ▁لەوانە ▁قە ڵە ب اڵ غ ی ▁چ ەتە پ اتی ▁شی ڤا جی ▁ت ێر مین ۆس ▁وێستگ ەی ▁ش ە مەند ە فەر ▁و ▁هۆ تێ لی ▁بە ناو بان گی ▁تا ج ▁مە ح ال .
[2026-03-18 00:30:56] Best translation 2 : ▁ئه ▁م ▁گه ▁ڕان ه ▁له ▁لایه ▁ن ▁هه ▁مان ▁که ▁ش وه ه ▁وا ▁خراپ ه ▁وه ▁ته ▁قه ▁ی ▁لێ کراوه ▁که ▁بووه ▁ته ▁هۆی ▁بێ زار بوونی ▁نیشت نه ▁وه ▁که ▁.
[2026-03-18 00:30:56] Best translation 3 : ▁هه ▁روه ▁ها ▁ئه ▁ی ▁سی ▁ئێم ا ▁بۆ ی ▁ده ▁رک ه ▁وت ▁که ▁سه ▁ره ▁ر ِ ای ▁ئه ▁و ▁گرت ه ▁ڤیدیۆ یه ▁له ▁سه ▁ر ▁تۆر ِ ی ▁ئینته ▁رنێت ▁بڵاو بۆ ته ▁وه ▁، ▁برای ▁گه ▁وره ▁یاسا کانی ▁سان سۆر کردنی ▁ناوه ▁ر ِ است ی ▁ئینته ▁رنێت ی ▁له ▁کاتی ▁ئه ▁وه ▁ی ▁ڕاگه ▁یاندن ه ▁کان ▁له ▁ماڵپ ه ▁ر ِ ی ▁" بی گ ▁برای " ▁عه ▁م بار ▁نه ▁کراون .
[2026-03-18 00:30:56] Best translation 4 : ▁سوپای ه ▁کی ▁لاواز تر ▁و ▁هێزی ▁ده ▁ری ایی ▁لاواز تر ی ▁هه ▁بوو ، ▁هه ▁رچ ه ▁نده ▁به ▁ر ▁له ▁ده ▁ست پێ کردنی ▁شه ▁ڕ ، ▁ته ▁نیا ▁چوار ▁که ▁شتی ▁نوێ یان ▁دروست ▁کردبوو .
[2026-03-18 00:30:56] Best translation 5 : ▁دووه ەم ▁گۆڵی ▁ش ەو ▁بریتی ▁بوو ▁لە ▁٦ ٠ ه ەم ین ▁و ەرز ەکەی ، ▁کە ▁بووە ▁یەکەم ▁یاریزان ▁کە ▁لە ▁و ەرز ێک ەوە ▁٦ ٠ ▁یان ▁زیاتر ▁گۆڵ ▁تۆمار ▁بکات ▁لە ▁و ەرز ێکدا ▁لە ▁ساڵی ▁١٩ ٩ ٥ - ٩ ٦ ەوە ، ▁کاتێک ▁جە رم یر ▁جا گر ▁و ▁مار ی ۆ ▁لی می و کس ▁هەر ی ەکەیان ▁گەیشت نە ▁ئەو ▁میل ۆن .
[2026-03-18 00:30:56] Best translation 10 : ▁خوێن ▁له ▁ناو ▁ل وول ه ▁کان ▁دوور ▁ده ▁که ▁وێت ه ▁وه ▁به ▁ناوی ▁خوێن به ▁ره ▁کان ▁و ▁ده ▁گه ▁ڕێت ه ▁وه ▁بۆ ▁دڵ ▁له ▁ناو ▁ل وول ه ▁کاندا ▁که ▁پێی ▁ده ▁گوت رێت ▁ده ▁مار ه ▁کان ، ▁بچوک ترین ▁ل وول ه ▁کان ▁پێی ▁ده ▁گوت رێت ▁کا پ ل ێت .
[2026-03-18 00:30:56] Best translation 20 : ▁سک اف ۆڵ د ▁دەکرێت ▁هەم ▁مە ج ازی ▁و ▁ڕاست ە قی نە ▁بێت ▁، ▁بە ▁و ات ەیەکی ▁تر ▁، ▁مامۆستا ▁جۆرێک ە ▁لە ▁س کان ف ۆڵ د ▁بەڵام ▁بۆیە ▁پیاو ە ▁بچووک ی ▁ک اغ ە ز ەکەی ە ▁لە ▁نووسینگ ەی ▁مای ک رۆس ۆف ت ▁.
[2026-03-18 00:30:56] Best translation 40 : ▁خۆپ ـ یش ـ اند انه ▁که ▁ده ▁س ـ تی پ ـ ێ ـ کرد ▁له ▁کاتژمێر ▁ی از ده ▁به ▁کاتی ▁خۆ جێ ی ی ▁( <0x55> T C <0x2B> 1 ) ▁له ▁سه ▁ر ▁ده ▁ره ▁وه ▁ی ▁پ ـ ۆلیس ▁که ▁له ▁به ▁رامب ه ▁ر ▁شه ▁قامی ▁دا ون ینگ ▁که ▁شوێنی ▁فه ▁رمی ▁سه ▁رۆک ▁وه ▁زیران ه ▁.
[2026-03-18 00:30:56] Best translation 80 : ▁نیشان ەکە ▁لە ▁ڕووی ▁جەستە ی یەوە ▁زیانی ▁پێ نە گەی شت ووە ؛ ▁دەست کاری کردن ەکە ▁بە ▁بەکارهێنانی ▁تا رم ایی ▁ڕە ش ▁کە ▁بە ▁نیشان ەکانی ▁ئارامی ▁و ▁دڵ ▁ڕ از ێن را وەتەوە ▁بۆ ▁گۆڕینی ▁" بۆ ▁خوێندن ەوە ی ▁" ▁.
[2026-03-18 00:30:59] Best translation 160 : ▁خه ▁ڵک ▁به ▁کورسی ه ▁وه ▁به ▁ر ▁په ▁نجه ▁ره ▁کان ▁که ▁وت ، ▁به ▁ڵام ▁په ▁نجه ▁ره ▁کان ▁له ▁و ▁په ▁نجه ▁رانه ▁نه ▁خر اب ▁بوون .
[2026-03-18 00:31:02] Best translation 320 : ▁بە دوا دا چوونی ▁نە خ شە ی ▁تی ژ ەکە ▁دۆزرای ەوە ▁بە ▁بەکارهێنانی ▁R <0x4F> <0x56> .
[2026-03-18 00:31:08] Best translation 640 : ▁ژاپۆن ▁نزیکه ▁ی ▁حه ▁وت ▁هه ▁زار ▁دور گه ▁ی ▁له ▁خۆ گرتوو ه ▁- ▁گه ▁وره ▁ترین ▁دوور گه ▁ی ▁" ه ون ش و " ▁بووه ▁، ▁به ▁مه ▁ش ▁ژاپۆن ▁حه ▁وته ▁مین ▁د وڕ گه ▁ی ▁گه ▁وره ▁ی ▁له ▁جیهاندا ▁هه ▁یه ▁ !
[2026-03-18 00:31:20] Best translation 1280 : ▁پاس ەکان ▁وێستگ ەی ▁پاس ی ▁نێوان ▁قە دە غ ە ▁دەکەن ▁( بە ▁درێژایی ▁ڕۆژ ▁ڕووب ار ەکە ) ▁هەر چ ەند ە ▁زۆربەی ان ▁بە ▁تایبەت ی ▁ئەوانەی ▁بەرەو ▁ڕۆژه ەڵات ▁و ▁جا کار / ب وم ت ەنگ ▁دە ڕۆ ن ▁لە ▁نێوان ▁ ٠ ٦ : ٣ ٠ ▁بۆ ▁ ٠ ٧ : ٣ ٠ : ٣ ٠ .
[2026-03-18 00:31:35] Total translation time: 40.76887s
[2026-03-18 00:31:35] Saving model weights and runtime parameters to /workspace/OPUS-MT-train/work/en-ckb/curated-floresdev.spm4k-spm4k.transformer.model1.npz.best-bleu.npz
[2026-03-18 00:31:36] [valid] Ep. 30 : Up. 39000 : bleu : 13.6008 : new best
[2026-03-18 00:31:36] Translating validation set...
[2026-03-18 00:31:37] Best translation 0 : ▁ئەم ▁زار اوە یە ▁و ەر گیراو ە ▁لە ▁ئاشنا ی ی ▁دێ رین ی ▁ b ed - b o g s ▁کە ▁مێر وو ەکان ▁بە ▁شێوەیەکی ▁زۆر ▁گونجاو ن ▁بۆ ▁م شە خ ۆر کردنی ▁مرۆڤ ەکان .
[2026-03-18 00:31:37] Best translation 1 : ▁هێرش بەر ەکانی ▁م ۆم بای ▁لە ▁ڕێگەی ▁بە لە م ەوە ▁گەیشت نە ▁ڕۆمان ی ▁٢ ٦ ی ▁ساڵی ▁ ٢٠٠ ٨ ▁و ▁نار نج ۆک ▁و ▁چە کی ▁ئۆتۆ م اتی کی ▁و ▁چەندین ▁ئامانج یان ▁هێنا بوو ▁لەوانە ▁قە ڵە ب اڵ غ ی ▁چ ەتە پ اتی ▁شی ڤا جی ▁ت ێر مین ۆس ▁وێستگ ەی ▁ش ە مەند ە فەر ▁و ▁هۆ تێ لی ▁بە ناو بان گی ▁تا ج ▁مە ح ال .
[2026-03-18 00:31:38] Best translation 2 : ▁ئه ▁م ▁گه ▁ڕان ه ▁له ▁لایه ▁ن ▁هه ▁مان ▁که ▁ش وه ه ▁وا ▁خراپ ه ▁وه ▁ته ▁قه ▁ی ▁لێ کراوه ▁که ▁بووه ▁ته ▁هۆی ▁بێ زار بوونی ▁نیشت نه ▁وه ▁که ▁.
[2026-03-18 00:31:38] Best translation 3 : ▁هه ▁روه ▁ها ▁ئه ▁ی ▁سی ▁ئێم ا ▁بۆ ی ▁ده ▁رک ه ▁وت ▁که ▁سه ▁ره ▁ر ِ ای ▁ئه ▁و ▁گرت ه ▁ڤیدیۆ یه ▁له ▁سه ▁ر ▁تۆر ِ ی ▁ئینته ▁رنێت ▁بڵاو بۆ ته ▁وه ▁، ▁برای ▁گه ▁وره ▁یاسا کانی ▁سان سۆر کردنی ▁ناوه ▁ر ِ است ی ▁ئینته ▁رنێت ی ▁له ▁کاتی ▁ئه ▁وه ▁ی ▁ڕاگه ▁یاندن ه ▁کان ▁له ▁ماڵپ ه ▁ر ِ ی ▁" بی گ ▁برای " ▁عه ▁م بار ▁نه ▁کراون .
[2026-03-18 00:31:38] Best translation 4 : ▁سوپای ه ▁کی ▁لاواز تر ▁و ▁هێزی ▁ده ▁ری ایی ▁لاواز تر ی ▁هه ▁بوو ، ▁هه ▁رچ ه ▁نده ▁به ▁ر ▁له ▁ده ▁ست پێ کردنی ▁شه ▁ڕ ، ▁ته ▁نیا ▁چوار ▁که ▁شتی ▁نوێ یان ▁دروست ▁کردبوو .
[2026-03-18 00:31:38] Best translation 5 : ▁دووه ەم ▁گۆڵی ▁ش ەو ▁بریتی ▁بوو ▁لە ▁٦ ٠ ه ەم ین ▁و ەرز ەکەی ، ▁کە ▁بووە ▁یەکەم ▁یاریزان ▁کە ▁لە ▁و ەرز ێک ەوە ▁٦ ٠ ▁یان ▁زیاتر ▁گۆڵ ▁تۆمار ▁بکات ▁لە ▁و ەرز ێکدا ▁لە ▁ساڵی ▁١٩ ٩ ٥ - ٩ ٦ ەوە ، ▁کاتێک ▁جە رم یر ▁جا گر ▁و ▁مار ی ۆ ▁لی می و کس ▁هەر ی ەکەیان ▁گەیشت نە ▁ئەو ▁میل ۆن .
[2026-03-18 00:31:38] Best translation 10 : ▁خوێن ▁له ▁ناو ▁ل وول ه ▁کان ▁دوور ▁ده ▁که ▁وێت ه ▁وه ▁به ▁ناوی ▁خوێن به ▁ره ▁کان ▁و ▁ده ▁گه ▁ڕێت ه ▁وه ▁بۆ ▁دڵ ▁له ▁ناو ▁ل وول ه ▁کاندا ▁که ▁پێی ▁ده ▁گوت رێت ▁ده ▁مار ه ▁کان ، ▁بچوک ترین ▁ل وول ه ▁کان ▁پێی ▁ده ▁گوت رێت ▁کا پ ل ێت .
[2026-03-18 00:31:38] Best translation 20 : ▁سک اف ۆڵ د ▁دەکرێت ▁هەم ▁مە ج ازی ▁و ▁ڕاست ە قی نە ▁بێت ▁، ▁بە ▁و ات ەیەکی ▁تر ▁، ▁مامۆستا ▁جۆرێک ە ▁لە ▁س کان ف ۆڵ د ▁بەڵام ▁بۆیە ▁پیاو ە ▁بچووک ی ▁ک اغ ە ز ەکەی ە ▁لە ▁نووسینگ ەی ▁مای ک رۆس ۆف ت ▁.
[2026-03-18 00:31:38] Best translation 40 : ▁خۆپ ـ یش ـ اند انه ▁که ▁ده ▁س ـ تی پ ـ ێ ـ کرد ▁له ▁کاتژمێر ▁ی از ده ▁به ▁کاتی ▁خۆ جێ ی ی ▁( <0x55> T C <0x2B> 1 ) ▁له ▁سه ▁ر ▁ده ▁ره ▁وه ▁ی ▁پ ـ ۆلیس ▁که ▁له ▁به ▁رامب ه ▁ر ▁شه ▁قامی ▁دا ون ینگ ▁که ▁شوێنی ▁فه ▁رمی ▁سه ▁رۆک ▁وه ▁زیران ه ▁.
[2026-03-18 00:31:38] Best translation 80 : ▁نیشان ەکە ▁لە ▁ڕووی ▁جەستە ی یەوە ▁زیانی ▁پێ نە گەی شت ووە ؛ ▁دەست کاری کردن ەکە ▁بە ▁بەکارهێنانی ▁تا رم ایی ▁ڕە ش ▁کە ▁بە ▁نیشان ەکانی ▁ئارامی ▁و ▁دڵ ▁ڕ از ێن را وەتەوە ▁بۆ ▁گۆڕینی ▁" بۆ ▁خوێندن ەوە ی ▁" ▁.
[2026-03-18 00:31:41] Best translation 160 : ▁خه ▁ڵک ▁به ▁کورسی ه ▁وه ▁به ▁ر ▁په ▁نجه ▁ره ▁کان ▁که ▁وت ، ▁به ▁ڵام ▁په ▁نجه ▁ره ▁کان ▁له ▁و ▁په ▁نجه ▁رانه ▁نه ▁خر اب ▁بوون .
[2026-03-18 00:31:45] Best translation 320 : ▁بە دوا دا چوونی ▁نە خ شە ی ▁تی ژ ەکە ▁دۆزرای ەوە ▁بە ▁بەکارهێنانی ▁R <0x4F> <0x56> .
[2026-03-18 00:31:51] Best translation 640 : ▁ژاپۆن ▁نزیکه ▁ی ▁حه ▁وت ▁هه ▁زار ▁دور گه ▁ی ▁له ▁خۆ گرتوو ه ▁- ▁گه ▁وره ▁ترین ▁دوور گه ▁ی ▁" ه ون ش و " ▁بووه ▁، ▁به ▁مه ▁ش ▁ژاپۆن ▁حه ▁وته ▁مین ▁د وڕ گه ▁ی ▁گه ▁وره ▁ی ▁له ▁جیهاندا ▁هه ▁یه ▁ !
[2026-03-18 00:32:04] Best translation 1280 : ▁پاس ەکان ▁وێستگ ەی ▁پاس ی ▁نێوان ▁قە دە غ ە ▁دەکەن ▁( بە ▁درێژایی ▁ڕۆژ ▁ڕووب ار ەکە ) ▁هەر چ ەند ە ▁زۆربەی ان ▁بە ▁تایبەت ی ▁ئەوانەی ▁بەرەو ▁ڕۆژه ەڵات ▁و ▁جا کار / ب وم ت ەنگ ▁دە ڕۆ ن ▁لە ▁نێوان ▁ ٠ ٦ : ٣ ٠ ▁بۆ ▁ ٠ ٧ : ٣ ٠ : ٣ ٠ .
[2026-03-18 00:32:19] Total translation time: 42.25759s
[2026-03-18 00:32:19] Saving model weights and runtime parameters to /workspace/OPUS-MT-train/work/en-ckb/curated-floresdev.spm4k-spm4k.transformer.model1.npz.best-chrf.npz
[2026-03-18 00:32:20] [valid] Ep. 30 : Up. 39000 : chrf : 44.3392 : new best
[2026-03-18 00:32:22] Saving model weights and runtime parameters to /workspace/OPUS-MT-train/work/en-ckb/curated-floresdev.spm4k-spm4k.transformer.model1.npz.best-perplexity.npz
[2026-03-18 00:32:23] [valid] Ep. 30 : Up. 39000 : perplexity : 8.66606 : new best
[2026-03-18 00:34:47] Seen 310,206 samples
[2026-03-18 00:34:47] Starting data epoch 31 in logical epoch 31
[2026-03-18 00:35:14] Ep. 31 : Up. 40000 : Sen. 37,169 : Cost 2.21392369 * 13,448,831 @ 15,352 after 537,523,442 : Time 266.96s : 50378.13 words/s : gNorm 0.5861 : L.r. 1.8974e-04
[2026-03-18 00:35:14] Saving model weights and runtime parameters to /workspace/OPUS-MT-train/work/en-ckb/curated-floresdev.spm4k-spm4k.transformer.model1.npz
[2026-03-18 00:35:16] Saving Adam parameters
[2026-03-18 00:35:18] [training] Saving training checkpoint to /workspace/OPUS-MT-train/work/en-ckb/curated-floresdev.spm4k-spm4k.transformer.model1.npz and /workspace/OPUS-MT-train/work/en-ckb/curated-floresdev.spm4k-spm4k.transformer.model1.npz.optimizer.npz
[2026-03-18 00:35:21] Translating validation set...
[2026-03-18 00:35:22] Best translation 0 : ▁ئەم ▁زار اوە یە ▁لە ▁ئاشنا ی ی ▁کۆن ی ▁بێ د - ب گ ەکان ▁و ەر گیراو ە ▁کە ▁بە ▁ڕێژ ەیەکی ▁زۆر ▁مێر وو ەکان ▁بۆ ▁م شە خۆ ری ▁مرۆڤ ▁دە گونج ێن رێن .
[2026-03-18 00:35:22] Best translation 1 : ▁هێرش بەر ەکانی ▁م ۆم بای ▁لە ▁ڕێگەی ▁بە لە م ەوە ▁گەیشت نە ▁ڕۆمان ی ▁٢ ٦ ی ▁ساڵی ▁ ٢٠٠ ٨ ▁و ▁نار نج ۆک ▁و ▁چە کی ▁ئۆتۆ م اتی کی ▁و ▁چەندین ▁ئامانج یان ▁لەگەڵ ▁خۆیان ▁هێنا بوو ▁لەوانە ▁قە ڵە ب اڵ غ انی ▁چ ەتە پ اتی ▁شی ڤا جی ▁ت ێر مین ۆس ▁و ▁وێستگ ەی ▁هێڵی ▁ئاس ن ینی ▁بە ناو بان گ ▁هو تێ لی ▁تا ج ▁مە ح ال .
[2026-03-18 00:35:22] Best translation 2 : ▁ئه ▁م ▁گه ▁ڕان ه ▁له ▁لایه ▁ن ▁هه ▁مان ▁که ▁ش وه ه ▁وا ▁خراپ ه ▁وه ▁ته ▁قه ▁ی ▁لێ کراوه ▁که ▁بووه ▁ته ▁هۆی ▁بێ زار بوونی ▁نیشت نه ▁وه ▁که ▁.
[2026-03-18 00:35:22] Best translation 3 : ▁هه ▁روه ▁ها ▁ئاژانسی ▁" ئا ی ▁سی ▁ئێم ا " ▁بۆ ی ▁ده ▁رک ه ▁وت ▁که ▁سه ▁ره ▁ڕای ▁ئه ▁و ▁گرت ه ▁ڤیدیۆ یه ▁له ▁سه ▁ر ▁تۆڕی ▁ئینته ▁رنێت ▁بڵاو بۆ ته ▁وه ▁، ▁کۆمپانیای ▁" بر ای انی ▁گه ▁وره ▁" ▁یاسا کانی ▁سان سۆر کردنی ▁ناوه ▁ڕۆک ی ▁ئێن ته ▁رنێت ی ▁له ▁کاتێکدا ▁که ▁ڕاگه ▁یاندن ه ▁کان ▁له ▁ماڵپ ه ▁ڕی ▁" بی گ ▁برای " ▁عه ▁م بار ▁نه ▁کراون .
[2026-03-18 00:35:22] Best translation 4 : ▁سوپای ه ▁کی ▁لاواز تر ▁و ▁هێزی ▁ده ▁ری ایی ▁لاواز تر ی ▁هه ▁بوو ، ▁هه ▁رچ ه ▁نده ▁به ▁ر ▁له ▁ده ▁ست پێ کردنی ▁شه ▁ڕ ، ▁ته ▁نیا ▁چوار ▁که ▁شتی ▁نوێ یان ▁دروست ▁کردبوو .
[2026-03-18 00:35:22] Best translation 5 : ▁دووه ەم ▁گۆڵی ▁ش ەو ▁بریتی ▁بوو ▁لە ▁٦ ٠ ەم ین ▁و ەرز ەکەی ، ▁کە ▁بوو ▁بە ▁یەکەم ▁یاریزان ▁کە ▁لە ▁و ەرز ێک ەوە ▁٦ ٠ ▁یان ▁زیاتر ▁گۆڵ ▁تۆمار ▁بکات ▁لە ▁و ەرز ێکدا ▁لە ▁ساڵی ▁١٩ ٩ ٥ - ٩ ٦ ەوە ، ▁کە ▁ی ە رۆ می ر ▁جا گر ▁و ▁مار ی ۆ ▁لێ می و کس ▁هەر ی ەکەیان ▁گەیشت نە ▁ئەو ▁میل ۆن .
[2026-03-18 00:35:23] Best translation 10 : ▁خوێن ▁له ▁ناو ▁ل وول ه ▁کان ▁دوور ▁ده ▁که ▁وێت ه ▁وه ▁به ▁ناوی ▁خوێن به ▁ره ▁کان ▁و ▁له ▁ناو ▁ل وول ه ▁کاندا ▁ده ▁گه ▁ڕێت ه ▁وه ▁بۆ ▁دڵ ▁که ▁پێی ▁ده ▁گوت رێت ▁ده ▁مار ه ▁کان ، ▁بچوک ترین ▁ل وول ه ▁کان ▁پێی ▁ده ▁گوت رێت ▁کا پ ل ێت .
[2026-03-18 00:35:23] Best translation 20 : ▁سک اف ۆڵ د ▁دەکرێت ▁هەم ▁مە ج ازی ▁و ▁ڕاست ە قی نە ▁بێت ▁، ▁بە ▁و ات ەیەکی ▁تر ▁، ▁مامۆستا ▁جۆرێک ە ▁لە ▁س کان ف ۆڵ د ▁بەڵام ▁بۆیە ▁پیاو ە ▁بچووک ی ▁ک اغ ە ز ەکەی ە ▁لە ▁نووسینگ ەی ▁مای ک رۆس ۆف ت ▁.
[2026-03-18 00:35:23] Best translation 40 : ▁خۆپ ـ یش ـ اند انه ▁که ▁ده ▁س ـ تی پ ـ ێ ـ کرد ▁له ▁کاتژمێر ▁ی از ده ▁به ▁کاتی ▁خۆ جێ ی ی ▁( ▁ی و ▁تی ▁سی <0x2B> ١ ) ▁له ▁سه ▁ر ▁ده ▁ره ▁وه ▁ی ▁وا یت اڵ ▁له ▁به ▁رامب ه ▁ر ▁ئه ▁و ▁ده ▁ره ▁کی ـ یان ه ▁ی ▁پ ـ ۆلیس ▁پاس ه ▁وانی ▁لێ ـ یه ▁بۆ ▁شه ▁قامی ▁دا ون ینگ ▁که ▁شوێنی ▁فه ▁رمی ▁سه ▁رۆک ▁وه ▁زیران ه ▁.
[2026-03-18 00:35:23] Best translation 80 : ▁نیشان ەکە ▁لە ▁ڕووی ▁جەستە ی یەوە ▁زیانی ▁پێ نە گەی شت ووە ؛ ▁دەست کاری کردن ەکە ▁بە ▁بەکارهێنانی ▁تا رم ایی ▁ڕە ش ▁کە ▁بە ▁نیشان ەکانی ▁ئارامی ▁و ▁دڵ ▁ڕ از ێن را وەتەوە ▁بۆ ▁گۆڕینی ▁" بۆ ▁خوێندن ەوە ی ▁" ▁.
[2026-03-18 00:35:26] Best translation 160 : ▁خه ▁ڵک ▁به ▁کورسی ▁به ▁ر ▁په ▁نجه ▁ره ▁کان ▁که ▁وت ، ▁به ▁ڵام ▁په ▁نجه ▁ره ▁کان ▁له ▁و ▁په ▁نجه ▁رانه ▁نه ▁یان توانی وه ▁به ▁ر ▁په ▁نجه ▁ره ▁کان ▁بکه ▁و ن .
[2026-03-18 00:35:29] Best translation 320 : ▁بە دوا دا چوونی ▁نە خ شە ی ▁تی ژ ەکە ▁دۆزرای ەوە ▁بە ▁بەکارهێنانی ▁R <0x4F> <0x56> .
[2026-03-18 00:35:35] Best translation 640 : ▁ژاپۆن یه ▁کان ▁نزیکه ▁ی ▁حه ▁وت ▁هه ▁زار ▁دوور گه ▁یان ▁هه ▁یه ▁- ▁گه ▁وره ▁ترین ▁دوور گه ▁ی ▁" ه ون ش و " ـ یان ▁هه ▁یه ▁و ▁.، به ▁مه ▁ش ▁ژاپۆن ▁حه ▁وته ▁مین ▁دوور گه ▁ی ▁جیهان ▁داد ه ▁نێت !
[2026-03-18 00:35:48] Best translation 1280 : ▁پاس ەکان ▁وێستگ ەی ▁پاس ی ▁نێوان ▁قە دە غ ە ▁دەکەن ▁( بە ▁درێژایی ▁ڕۆژ ▁ڕووب ار ەکە ) ▁هەر چ ەند ە ▁زۆربەی ان ▁بە ▁تایبەت ی ▁ئەوانەی ▁بەرەو ▁ڕۆژه ەڵات ▁و ▁جا کار / بۆ تان گ ▁دە ڕۆ ن ▁لە ▁نێوان ▁ ٠ ٦ : ٣ ٠ ▁بۆ ▁ ٠ ٧ : ٣ ٠ . ٣ ٠ .
[2026-03-18 00:36:02] Total translation time: 41.16186s
[2026-03-18 00:36:02] [valid] Ep. 31 : Up. 40000 : bleu : 13.5698 : stalled 1 times (last best: 13.6008)
[2026-03-18 00:36:02] Translating validation set...
[2026-03-18 00:36:03] Best translation 0 : ▁ئەم ▁زار اوە یە ▁لە ▁ئاشنا ی ی ▁کۆن ی ▁بێ د - ب گ ەکان ▁و ەر گیراو ە ▁کە ▁بە ▁ڕێژ ەیەکی ▁زۆر ▁مێر وو ەکان ▁بۆ ▁م شە خۆ ری ▁مرۆڤ ▁دە گونج ێن رێن .
[2026-03-18 00:36:03] Best translation 1 : ▁هێرش بەر ەکانی ▁م ۆم بای ▁لە ▁ڕێگەی ▁بە لە م ەوە ▁گەیشت نە ▁ڕۆمان ی ▁٢ ٦ ی ▁ساڵی ▁ ٢٠٠ ٨ ▁و ▁نار نج ۆک ▁و ▁چە کی ▁ئۆتۆ م اتی کی ▁و ▁چەندین ▁ئامانج یان ▁لەگەڵ ▁خۆیان ▁هێنا بوو ▁لەوانە ▁قە ڵە ب اڵ غ انی ▁چ ەتە پ اتی ▁شی ڤا جی ▁ت ێر مین ۆس ▁و ▁وێستگ ەی ▁هێڵی ▁ئاس ن ینی ▁بە ناو بان گ ▁هو تێ لی ▁تا ج ▁مە ح ال .
[2026-03-18 00:36:04] Best translation 2 : ▁ئه ▁م ▁گه ▁ڕان ه ▁له ▁لایه ▁ن ▁هه ▁مان ▁که ▁ش وه ه ▁وا ▁خراپ ه ▁وه ▁ته ▁قه ▁ی ▁لێ کراوه ▁که ▁بووه ▁ته ▁هۆی ▁بێ زار بوونی ▁نیشت نه ▁وه ▁که ▁.
[2026-03-18 00:36:04] Best translation 3 : ▁هه ▁روه ▁ها ▁ئاژانسی ▁" ئا ی ▁سی ▁ئێم ا " ▁بۆ ی ▁ده ▁رک ه ▁وت ▁که ▁سه ▁ره ▁ڕای ▁ئه ▁و ▁گرت ه ▁ڤیدیۆ یه ▁له ▁سه ▁ر ▁تۆڕی ▁ئینته ▁رنێت ▁بڵاو بۆ ته ▁وه ▁، ▁کۆمپانیای ▁" بر ای انی ▁گه ▁وره ▁" ▁یاسا کانی ▁سان سۆر کردنی ▁ناوه ▁ڕۆک ی ▁ئێن ته ▁رنێت ی ▁له ▁کاتێکدا ▁که ▁ڕاگه ▁یاندن ه ▁کان ▁له ▁ماڵپ ه ▁ڕی ▁" بی گ ▁برای " ▁عه ▁م بار ▁نه ▁کراون .
[2026-03-18 00:36:04] Best translation 4 : ▁سوپای ه ▁کی ▁لاواز تر ▁و ▁هێزی ▁ده ▁ری ایی ▁لاواز تر ی ▁هه ▁بوو ، ▁هه ▁رچ ه ▁نده ▁به ▁ر ▁له ▁ده ▁ست پێ کردنی ▁شه ▁ڕ ، ▁ته ▁نیا ▁چوار ▁که ▁شتی ▁نوێ یان ▁دروست ▁کردبوو .
[2026-03-18 00:36:04] Best translation 5 : ▁دووه ەم ▁گۆڵی ▁ش ەو ▁بریتی ▁بوو ▁لە ▁٦ ٠ ەم ین ▁و ەرز ەکەی ، ▁کە ▁بوو ▁بە ▁یەکەم ▁یاریزان ▁کە ▁لە ▁و ەرز ێک ەوە ▁٦ ٠ ▁یان ▁زیاتر ▁گۆڵ ▁تۆمار ▁بکات ▁لە ▁و ەرز ێکدا ▁لە ▁ساڵی ▁١٩ ٩ ٥ - ٩ ٦ ەوە ، ▁کە ▁ی ە رۆ می ر ▁جا گر ▁و ▁مار ی ۆ ▁لێ می و کس ▁هەر ی ەکەیان ▁گەیشت نە ▁ئەو ▁میل ۆن .
[2026-03-18 00:36:04] Best translation 10 : ▁خوێن ▁له ▁ناو ▁ل وول ه ▁کان ▁دوور ▁ده ▁که ▁وێت ه ▁وه ▁به ▁ناوی ▁خوێن به ▁ره ▁کان ▁و ▁له ▁ناو ▁ل وول ه ▁کاندا ▁ده ▁گه ▁ڕێت ه ▁وه ▁بۆ ▁دڵ ▁که ▁پێی ▁ده ▁گوت رێت ▁ده ▁مار ه ▁کان ، ▁بچوک ترین ▁ل وول ه ▁کان ▁پێی ▁ده ▁گوت رێت ▁کا پ ل ێت .
[2026-03-18 00:36:04] Best translation 20 : ▁سک اف ۆڵ د ▁دەکرێت ▁هەم ▁مە ج ازی ▁و ▁ڕاست ە قی نە ▁بێت ▁، ▁بە ▁و ات ەیەکی ▁تر ▁، ▁مامۆستا ▁جۆرێک ە ▁لە ▁س کان ف ۆڵ د ▁بەڵام ▁بۆیە ▁پیاو ە ▁بچووک ی ▁ک اغ ە ز ەکەی ە ▁لە ▁نووسینگ ەی ▁مای ک رۆس ۆف ت ▁.
[2026-03-18 00:36:04] Best translation 40 : ▁خۆپ ـ یش ـ اند انه ▁که ▁ده ▁س ـ تی پ ـ ێ ـ کرد ▁له ▁کاتژمێر ▁ی از ده ▁به ▁کاتی ▁خۆ جێ ی ی ▁( ▁ی و ▁تی ▁سی <0x2B> ١ ) ▁له ▁سه ▁ر ▁ده ▁ره ▁وه ▁ی ▁وا یت اڵ ▁له ▁به ▁رامب ه ▁ر ▁ئه ▁و ▁ده ▁ره ▁کی ـ یان ه ▁ی ▁پ ـ ۆلیس ▁پاس ه ▁وانی ▁لێ ـ یه ▁بۆ ▁شه ▁قامی ▁دا ون ینگ ▁که ▁شوێنی ▁فه ▁رمی ▁سه ▁رۆک ▁وه ▁زیران ه ▁.
[2026-03-18 00:36:04] Best translation 80 : ▁نیشان ەکە ▁لە ▁ڕووی ▁جەستە ی یەوە ▁زیانی ▁پێ نە گەی شت ووە ؛ ▁دەست کاری کردن ەکە ▁بە ▁بەکارهێنانی ▁تا رم ایی ▁ڕە ش ▁کە ▁بە ▁نیشان ەکانی ▁ئارامی ▁و ▁دڵ ▁ڕ از ێن را وەتەوە ▁بۆ ▁گۆڕینی ▁" بۆ ▁خوێندن ەوە ی ▁" ▁.
[2026-03-18 00:36:07] Best translation 160 : ▁خه ▁ڵک ▁به ▁کورسی ▁به ▁ر ▁په ▁نجه ▁ره ▁کان ▁که ▁وت ، ▁به ▁ڵام ▁په ▁نجه ▁ره ▁کان ▁له ▁و ▁په ▁نجه ▁رانه ▁نه ▁یان توانی وه ▁به ▁ر ▁په ▁نجه ▁ره ▁کان ▁بکه ▁و ن .
[2026-03-18 00:36:11] Best translation 320 : ▁بە دوا دا چوونی ▁نە خ شە ی ▁تی ژ ەکە ▁دۆزرای ەوە ▁بە ▁بەکارهێنانی ▁R <0x4F> <0x56> .
[2026-03-18 00:36:17] Best translation 640 : ▁ژاپۆن یه ▁کان ▁نزیکه ▁ی ▁حه ▁وت ▁هه ▁زار ▁دوور گه ▁یان ▁هه ▁یه ▁- ▁گه ▁وره ▁ترین ▁دوور گه ▁ی ▁" ه ون ش و " ـ یان ▁هه ▁یه ▁و ▁.، به ▁مه ▁ش ▁ژاپۆن ▁حه ▁وته ▁مین ▁دوور گه ▁ی ▁جیهان ▁داد ه ▁نێت !
[2026-03-18 00:36:30] Best translation 1280 : ▁پاس ەکان ▁وێستگ ەی ▁پاس ی ▁نێوان ▁قە دە غ ە ▁دەکەن ▁( بە ▁درێژایی ▁ڕۆژ ▁ڕووب ار ەکە ) ▁هەر چ ەند ە ▁زۆربەی ان ▁بە ▁تایبەت ی ▁ئەوانەی ▁بەرەو ▁ڕۆژه ەڵات ▁و ▁جا کار / بۆ تان گ ▁دە ڕۆ ن ▁لە ▁نێوان ▁ ٠ ٦ : ٣ ٠ ▁بۆ ▁ ٠ ٧ : ٣ ٠ . ٣ ٠ .
[2026-03-18 00:36:45] Total translation time: 42.47430s
[2026-03-18 00:36:45] Saving model weights and runtime parameters to /workspace/OPUS-MT-train/work/en-ckb/curated-floresdev.spm4k-spm4k.transformer.model1.npz.best-chrf.npz
[2026-03-18 00:36:46] [valid] Ep. 31 : Up. 40000 : chrf : 44.365 : new best
[2026-03-18 00:36:48] Saving model weights and runtime parameters to /workspace/OPUS-MT-train/work/en-ckb/curated-floresdev.spm4k-spm4k.transformer.model1.npz.best-perplexity.npz
[2026-03-18 00:36:49] [valid] Ep. 31 : Up. 40000 : perplexity : 8.65573 : new best
[2026-03-18 00:39:40] Ep. 31 : Up. 41000 : Sen. 271,603 : Cost 2.20608616 * 13,482,915 @ 14,540 after 551,006,357 : Time 265.40s : 50801.34 words/s : gNorm 0.6133 : L.r. 1.8741e-04
[2026-03-18 00:39:40] Saving model weights and runtime parameters to /workspace/OPUS-MT-train/work/en-ckb/curated-floresdev.spm4k-spm4k.transformer.model1.npz
[2026-03-18 00:39:41] Saving Adam parameters
[2026-03-18 00:39:43] [training] Saving training checkpoint to /workspace/OPUS-MT-train/work/en-ckb/curated-floresdev.spm4k-spm4k.transformer.model1.npz and /workspace/OPUS-MT-train/work/en-ckb/curated-floresdev.spm4k-spm4k.transformer.model1.npz.optimizer.npz
[2026-03-18 00:39:47] Translating validation set...
[2026-03-18 00:39:48] Best translation 0 : ▁ئەم ▁زار اوە یە ▁لە ▁ئاشنا ی ی ▁کۆن ی ▁بێ د - ب گ ەکان ▁و ەر گیراو ە ▁کە ▁بە ▁شێوەیەکی ▁زۆر ▁مێر وو ەکان ▁بۆ ▁م شە خۆ ری ▁مرۆڤ ▁دە گونج ێن رێن .
[2026-03-18 00:39:48] Best translation 1 : ▁هێرش بەر ەکانی ▁م ۆم بای ▁لە ▁ڕێگەی ▁بە لە م ▁گەیشت نە ▁ڕۆمان ی ▁2 6 ی ▁20 0 8 ▁و ▁نار نج ۆک ▁و ▁چە کی ▁ئۆتۆ م اتی کی ▁و ▁چەندین ▁ئامانج یان ▁لەگەڵ ▁خۆیان ▁هێنا بوو ▁لەوانە ▁قە ڵە ب اڵ غ ی ▁چ تر اپ اتی ▁شی ڤا جی ▁تر مین ۆس ▁وێستگ ەی ▁ش ە مەند ە فەر ▁و ▁هۆ تێ لی ▁بە ناو بان گی ▁تا ج ▁مە ح ال .
[2026-03-18 00:39:48] Best translation 2 : ▁ئه ▁م ▁گه ▁ڕان ه ▁له ▁لایه ▁ن ▁هه ▁مان ▁که ▁ش وه ه ▁وا ▁خراپ ه ▁وه ▁ته ▁قه ▁ی ▁لێ کراوه ▁که ▁بووه ▁ته ▁هۆی ▁بێ زار بوونی ▁نیشت نه ▁وه ▁که ▁.
[2026-03-18 00:39:48] Best translation 3 : ▁هه ▁روه ▁ها ▁ئاژانسی ▁" ئا ی ▁سی ▁ئێم ا " ▁بۆ ی ▁ده ▁رک ه ▁وت ▁که ▁سه ▁ره ▁ڕای ▁ئه ▁و ▁گرت ه ▁ڤیدیۆ یه ▁له ▁سه ▁ر ▁تۆڕی ▁ئینته ▁رنێت ▁بڵاو بۆ ته ▁وه ▁، ▁کۆمپانیای ▁" بر ای انی ▁گه ▁وره ▁" ▁یاسا کانی ▁سان سۆر کردنی ▁ناوه ▁ڕۆک ی ▁ئینته ▁رنێت ی ▁له ▁کاتی ▁ئه ▁وه ▁ی ▁ڕاگه ▁یاندن ه ▁کان ▁له ▁ماڵپ ه ▁ڕی ▁" بی گ ▁برای " ▁عه ▁م بار ▁نه ▁کراون .
[2026-03-18 00:39:48] Best translation 4 : ▁سوپای ه ▁کی ▁لاواز تر ▁و ▁هێزی ▁ده ▁ری ایی ▁لاواز تر ی ▁هه ▁بوو ، ▁هه ▁رچ ه ▁نده ▁ته ▁نها ▁پێش ▁ده ▁ست پێ کردنی ▁شه ▁ڕه ▁که ▁چوار ▁که ▁شتی ▁نوێ یان ▁دروست ▁کردبوو .
[2026-03-18 00:39:48] Best translation 5 : ▁دووه ەم ▁گۆڵی ▁ش ەو ▁بریتی ▁بوو ▁لە ▁٦ ٠ ه ەم ین ▁و ەرز ەکەی ، ▁کە ▁بووە ▁یەکەم ▁یاریزان ▁کە ▁لە ▁و ەرز ێکدا ▁٦ ٠ ▁یان ▁زیاتر ▁گۆڵ ▁تۆمار ▁بکات ▁لە ▁و ەرز ێکدا ▁لە ▁ساڵی ▁١٩ ٩ ٥ - ٩ ٦ ▁ ەوە ، ▁کە ▁ی ە رۆ می ر ▁جا گر ▁و ▁مار ی ۆ ▁لێ می و کس ▁هەر ی ەکەیان ▁گەیشت نە ▁ئەو ▁میل ۆن .
[2026-03-18 00:39:48] Best translation 10 : ▁خوێن ▁له ▁ناو ▁ل وول ه ▁کان ▁دوور ▁ده ▁که ▁وێت ه ▁وه ▁به ▁ناوی ▁خوێن به ▁ره ▁کان ▁و ▁له ▁ناو ▁ل وول ه ▁کاندا ▁ده ▁گه ▁ڕێت ه ▁وه ▁بۆ ▁دڵ ▁که ▁پێی ▁ده ▁گوت رێت ▁ده ▁مار ه ▁کان ، ▁بچوک ترین ▁ل وول ه ▁کان ▁پێی ▁ده ▁گوت رێت ▁کا پ ل ێت .
[2026-03-18 00:39:48] Best translation 20 : ▁سک اف ۆڵ د ▁دەکرێت ▁هەم ▁مە ج ازی ▁و ▁ڕاست ە قی نە ▁بێت ▁، ▁بە ▁و ات ەیەکی ▁تر ▁، ▁مامۆستا ▁جۆرێک ە ▁لە ▁س کان ف ۆڵ د ▁بەڵام ▁بۆیە ▁پیاو ە ▁بچووک ی ▁ک اغ ە ز ەکەی ە ▁لە ▁نووسینگ ەی ▁مای ک رۆس ۆف ت ▁.
[2026-03-18 00:39:48] Best translation 40 : ▁خۆپ ـ یش ـ اند انه ▁که ▁ده ▁س ـ تی پ ـ ێ ـ کرد ▁له ▁کاتژمێر ▁ی از ده ▁به ▁کاتی ▁خۆ جێ ی ی ▁( ▁ی و ▁تی ▁سی <0x2B> ١ ) ▁له ▁سه ▁ر ▁ده ▁ره ▁وه ▁ی ▁وا یت اڵ ▁له ▁به ▁رامب ه ▁ر ▁ئه ▁و ▁ده ▁ره ▁کی ـ یان ه ▁ی ▁پ ـ ۆلیس ▁پاس ه ▁وانی ▁لێ ـ یه ▁بۆ ▁شه ▁قامی ▁دا ون ینگ ▁که ▁شوێنی ▁فه ▁رمی ▁سه ▁رۆک ▁وه ▁زیران ه ▁.
[2026-03-18 00:39:49] Best translation 80 : ▁نیشان ەکە ▁لە ▁ڕووی ▁جەستە ی یەوە ▁زیانی ▁پێ نە گەی شت ووە ؛ ▁دەست کاری کردن ەکە ▁بە ▁بەکارهێنانی ▁تا رم ایی ▁ڕە ش ▁کە ▁بە ▁نیشان ەکانی ▁ئارامی ▁و ▁دڵ ▁ڕ از ێن را وەتەوە ▁بۆ ▁گۆڕینی ▁" بۆ ▁خوێندن ەوە ی ▁" ▁.
[2026-03-18 00:39:51] Best translation 160 : ▁خه ▁ڵک ▁به ▁کورسی ▁به ▁ر ▁په ▁نجه ▁ره ▁کان ▁که ▁وت ، ▁به ▁ڵام ▁په ▁نجه ▁ره ▁کان ▁نه ▁یان توانی وه ▁به ▁ر ▁په ▁نجه ▁ره ▁کان ▁بکه ▁و ن .
[2026-03-18 00:39:55] Best translation 320 : ▁بە دوا دا چوونی ▁نە خ شە ی ▁مۆر ی ▁دەریا ی ی ، ▁بە ▁بەکارهێنانی ▁R <0x4F> <0x56> ▁دۆزرای ەوە .
[2026-03-18 00:40:01] Best translation 640 : ▁ژاپۆن یه ▁کان ▁نزیکه ▁ی ▁حه ▁وت ▁هه ▁زار ▁دوور گه ▁یان ▁هه ▁یه ▁- ▁گه ▁وره ▁ترین ▁دوور گه ▁ی ▁" ه ان ش و " ـ یان ▁هه ▁یه ▁و ▁.، به ▁مه ▁ش ▁ژاپۆن ▁حه ▁وته ▁مین ▁دوور گه ▁ی ▁له ▁جیهاندا ▁داد ه ▁نێت !
[2026-03-18 00:40:13] Best translation 1280 : ▁پاس ەکان ▁وێستگ ەی ▁پاس ی ▁نێوان ▁قە دە غ ە ▁دەکەن ▁( بە ▁درێژایی ▁ڕۆژ ▁ڕووب ار ەکە ) ▁هەر چ ەند ە ▁زۆربەی ان ▁بە ▁تایبەت ی ▁ئەوانەی ▁بەرەو ▁ڕۆژه ەڵات ▁و ▁جا کار / بۆ تان گ ▁لە ▁نێوان ▁ ٠ ٦ : ٣ ٠ ▁بۆ ▁ ٠ ٧ : ٣ ٠ ) ▁دە ڕۆ ن .
[2026-03-18 00:40:27] Total translation time: 40.71869s
[2026-03-18 00:40:27] [valid] Ep. 31 : Up. 41000 : bleu : 13.5604 : stalled 2 times (last best: 13.6008)
[2026-03-18 00:40:27] Translating validation set...
[2026-03-18 00:40:28] Best translation 0 : ▁ئەم ▁زار اوە یە ▁لە ▁ئاشنا ی ی ▁کۆن ی ▁بێ د - ب گ ەکان ▁و ەر گیراو ە ▁کە ▁بە ▁شێوەیەکی ▁زۆر ▁مێر وو ەکان ▁بۆ ▁م شە خۆ ری ▁مرۆڤ ▁دە گونج ێن رێن .
[2026-03-18 00:40:28] Best translation 1 : ▁هێرش بەر ەکانی ▁م ۆم بای ▁لە ▁ڕێگەی ▁بە لە م ▁گەیشت نە ▁ڕۆمان ی ▁2 6 ی ▁20 0 8 ▁و ▁نار نج ۆک ▁و ▁چە کی ▁ئۆتۆ م اتی کی ▁و ▁چەندین ▁ئامانج یان ▁لەگەڵ ▁خۆیان ▁هێنا بوو ▁لەوانە ▁قە ڵە ب اڵ غ ی ▁چ تر اپ اتی ▁شی ڤا جی ▁تر مین ۆس ▁وێستگ ەی ▁ش ە مەند ە فەر ▁و ▁هۆ تێ لی ▁بە ناو بان گی ▁تا ج ▁مە ح ال .
[2026-03-18 00:40:29] Best translation 2 : ▁ئه ▁م ▁گه ▁ڕان ه ▁له ▁لایه ▁ن ▁هه ▁مان ▁که ▁ش وه ه ▁وا ▁خراپ ه ▁وه ▁ته ▁قه ▁ی ▁لێ کراوه ▁که ▁بووه ▁ته ▁هۆی ▁بێ زار بوونی ▁نیشت نه ▁وه ▁که ▁.
[2026-03-18 00:40:29] Best translation 3 : ▁هه ▁روه ▁ها ▁ئاژانسی ▁" ئا ی ▁سی ▁ئێم ا " ▁بۆ ی ▁ده ▁رک ه ▁وت ▁که ▁سه ▁ره ▁ڕای ▁ئه ▁و ▁گرت ه ▁ڤیدیۆ یه ▁له ▁سه ▁ر ▁تۆڕی ▁ئینته ▁رنێت ▁بڵاو بۆ ته ▁وه ▁، ▁کۆمپانیای ▁" بر ای انی ▁گه ▁وره ▁" ▁یاسا کانی ▁سان سۆر کردنی ▁ناوه ▁ڕۆک ی ▁ئینته ▁رنێت ی ▁له ▁کاتی ▁ئه ▁وه ▁ی ▁ڕاگه ▁یاندن ه ▁کان ▁له ▁ماڵپ ه ▁ڕی ▁" بی گ ▁برای " ▁عه ▁م بار ▁نه ▁کراون .
[2026-03-18 00:40:29] Best translation 4 : ▁سوپای ه ▁کی ▁لاواز تر ▁و ▁هێزی ▁ده ▁ری ایی ▁لاواز تر ی ▁هه ▁بوو ، ▁هه ▁رچ ه ▁نده ▁ته ▁نها ▁پێش ▁ده ▁ست پێ کردنی ▁شه ▁ڕه ▁که ▁چوار ▁که ▁شتی ▁نوێ یان ▁دروست ▁کردبوو .
[2026-03-18 00:40:29] Best translation 5 : ▁دووه ەم ▁گۆڵی ▁ش ەو ▁بریتی ▁بوو ▁لە ▁٦ ٠ ه ەم ین ▁و ەرز ەکەی ، ▁کە ▁بووە ▁یەکەم ▁یاریزان ▁کە ▁لە ▁و ەرز ێکدا ▁٦ ٠ ▁یان ▁زیاتر ▁گۆڵ ▁تۆمار ▁بکات ▁لە ▁و ەرز ێکدا ▁لە ▁ساڵی ▁١٩ ٩ ٥ - ٩ ٦ ▁ ەوە ، ▁کە ▁ی ە رۆ می ر ▁جا گر ▁و ▁مار ی ۆ ▁لێ می و کس ▁هەر ی ەکەیان ▁گەیشت نە ▁ئەو ▁میل ۆن .
[2026-03-18 00:40:29] Best translation 10 : ▁خوێن ▁له ▁ناو ▁ل وول ه ▁کان ▁دوور ▁ده ▁که ▁وێت ه ▁وه ▁به ▁ناوی ▁خوێن به ▁ره ▁کان ▁و ▁له ▁ناو ▁ل وول ه ▁کاندا ▁ده ▁گه ▁ڕێت ه ▁وه ▁بۆ ▁دڵ ▁که ▁پێی ▁ده ▁گوت رێت ▁ده ▁مار ه ▁کان ، ▁بچوک ترین ▁ل وول ه ▁کان ▁پێی ▁ده ▁گوت رێت ▁کا پ ل ێت .
[2026-03-18 00:40:29] Best translation 20 : ▁سک اف ۆڵ د ▁دەکرێت ▁هەم ▁مە ج ازی ▁و ▁ڕاست ە قی نە ▁بێت ▁، ▁بە ▁و ات ەیەکی ▁تر ▁، ▁مامۆستا ▁جۆرێک ە ▁لە ▁س کان ف ۆڵ د ▁بەڵام ▁بۆیە ▁پیاو ە ▁بچووک ی ▁ک اغ ە ز ەکەی ە ▁لە ▁نووسینگ ەی ▁مای ک رۆس ۆف ت ▁.
[2026-03-18 00:40:29] Best translation 40 : ▁خۆپ ـ یش ـ اند انه ▁که ▁ده ▁س ـ تی پ ـ ێ ـ کرد ▁له ▁کاتژمێر ▁ی از ده ▁به ▁کاتی ▁خۆ جێ ی ی ▁( ▁ی و ▁تی ▁سی <0x2B> ١ ) ▁له ▁سه ▁ر ▁ده ▁ره ▁وه ▁ی ▁وا یت اڵ ▁له ▁به ▁رامب ه ▁ر ▁ئه ▁و ▁ده ▁ره ▁کی ـ یان ه ▁ی ▁پ ـ ۆلیس ▁پاس ه ▁وانی ▁لێ ـ یه ▁بۆ ▁شه ▁قامی ▁دا ون ینگ ▁که ▁شوێنی ▁فه ▁رمی ▁سه ▁رۆک ▁وه ▁زیران ه ▁.
[2026-03-18 00:40:29] Best translation 80 : ▁نیشان ەکە ▁لە ▁ڕووی ▁جەستە ی یەوە ▁زیانی ▁پێ نە گەی شت ووە ؛ ▁دەست کاری کردن ەکە ▁بە ▁بەکارهێنانی ▁تا رم ایی ▁ڕە ش ▁کە ▁بە ▁نیشان ەکانی ▁ئارامی ▁و ▁دڵ ▁ڕ از ێن را وەتەوە ▁بۆ ▁گۆڕینی ▁" بۆ ▁خوێندن ەوە ی ▁" ▁.
[2026-03-18 00:40:32] Best translation 160 : ▁خه ▁ڵک ▁به ▁کورسی ▁به ▁ر ▁په ▁نجه ▁ره ▁کان ▁که ▁وت ، ▁به ▁ڵام ▁په ▁نجه ▁ره ▁کان ▁نه ▁یان توانی وه ▁به ▁ر ▁په ▁نجه ▁ره ▁کان ▁بکه ▁و ن .
[2026-03-18 00:40:36] Best translation 320 : ▁بە دوا دا چوونی ▁نە خ شە ی ▁مۆر ی ▁دەریا ی ی ، ▁بە ▁بەکارهێنانی ▁R <0x4F> <0x56> ▁دۆزرای ەوە .
[2026-03-18 00:40:42] Best translation 640 : ▁ژاپۆن یه ▁کان ▁نزیکه ▁ی ▁حه ▁وت ▁هه ▁زار ▁دوور گه ▁یان ▁هه ▁یه ▁- ▁گه ▁وره ▁ترین ▁دوور گه ▁ی ▁" ه ان ش و " ـ یان ▁هه ▁یه ▁و ▁.، به ▁مه ▁ش ▁ژاپۆن ▁حه ▁وته ▁مین ▁دوور گه ▁ی ▁له ▁جیهاندا ▁داد ه ▁نێت !
[2026-03-18 00:40:54] Best translation 1280 : ▁پاس ەکان ▁وێستگ ەی ▁پاس ی ▁نێوان ▁قە دە غ ە ▁دەکەن ▁( بە ▁درێژایی ▁ڕۆژ ▁ڕووب ار ەکە ) ▁هەر چ ەند ە ▁زۆربەی ان ▁بە ▁تایبەت ی ▁ئەوانەی ▁بەرەو ▁ڕۆژه ەڵات ▁و ▁جا کار / بۆ تان گ ▁لە ▁نێوان ▁ ٠ ٦ : ٣ ٠ ▁بۆ ▁ ٠ ٧ : ٣ ٠ ) ▁دە ڕۆ ن .
[2026-03-18 00:41:09] Total translation time: 41.94481s
[2026-03-18 00:41:09] [valid] Ep. 31 : Up. 41000 : chrf : 44.351 : stalled 1 times (last best: 44.365)
[2026-03-18 00:41:11] [valid] Ep. 31 : Up. 41000 : perplexity : 8.6564 : stalled 1 times (last best: 8.65573)
[2026-03-18 00:41:40] Seen 310,206 samples
[2026-03-18 00:41:40] Starting data epoch 32 in logical epoch 32
[2026-03-18 00:44:02] Ep. 32 : Up. 42000 : Sen. 194,573 : Cost 2.19023776 * 13,393,061 @ 13,641 after 564,399,418 : Time 262.18s : 51084.11 words/s : gNorm 0.5959 : L.r. 1.8516e-04
[2026-03-18 00:44:02] Saving model weights and runtime parameters to /workspace/OPUS-MT-train/work/en-ckb/curated-floresdev.spm4k-spm4k.transformer.model1.npz
[2026-03-18 00:44:03] Saving Adam parameters
[2026-03-18 00:44:05] [training] Saving training checkpoint to /workspace/OPUS-MT-train/work/en-ckb/curated-floresdev.spm4k-spm4k.transformer.model1.npz and /workspace/OPUS-MT-train/work/en-ckb/curated-floresdev.spm4k-spm4k.transformer.model1.npz.optimizer.npz
[2026-03-18 00:44:09] Translating validation set...
[2026-03-18 00:44:10] Best translation 0 : ▁ئەم ▁زار اوە یە ▁لە ▁ئاشنا ی ی ▁دێ رین ی ▁بێ د - بو گ ▁و ەر گیراو ە ▁کە ▁بە ▁شێوەیەکی ▁بەر چاو ▁مێر وو ەکان ▁دە گونج ێن رێن ▁بۆ ▁م شە خ ۆر کردنی ▁مرۆڤ ەکان .
[2026-03-18 00:44:10] Best translation 1 : ▁هێرش بەر ەکانی ▁م ۆم بای ▁لە ▁ڕێگەی ▁بە لە م ەوە ▁گەیشت نە ▁ڕۆمان ی ▁٢ ٦ ی ▁تشرین ی ▁دووەمی ▁ ٢٠٠ ٨ ▁و ▁نار نج ۆک ▁و ▁چە کی ▁ئۆتۆ م اتی کی ▁و ▁چەندین ▁ئامانج یان ▁پێک ا ▁لەوانە ▁قە ڵە ب اڵ غ ی ▁چ تر اپ اتی ▁شی ڤا جی ▁ت ێر مین ۆس ▁وێستگ ەی ▁ش ە مەند ە فەر ▁و ▁هۆ تێ لی ▁بە ناو بان گی ▁تا ج ▁مە ح ال .
[2026-03-18 00:44:10] Best translation 2 : ▁ئه ▁م ▁گه ▁ڕان ه ▁له ▁لایه ▁ن ▁هه ▁مان ▁که ▁ش ▁و ▁هه ▁وای ▁خراپ ه ▁وه ▁کۆ سپ ی ▁خ راوه ▁ته ▁به ▁ر ▁که ▁بووه ▁ته ▁هۆی ▁بێ زار بوونی ▁نیشت نه ▁وه ▁که ▁.
[2026-03-18 00:44:10] Best translation 3 : ▁هه ▁روه ▁ها ▁ئه ▁ی ▁سی ▁ئێم ا ▁بۆ ی ▁ده ▁رک ه ▁وت ▁که ▁سه ▁ره ▁ڕای ▁بڵاوبوون ه ▁وه ▁ی ▁ئه ▁و ▁گرت ه ▁ڤیدیۆ یه ▁له ▁سه ▁ر ▁تۆڕی ▁ئینته ▁رنێت ، ▁برا ▁گه ▁وره ▁که ▁یاسا کانی ▁سان سۆر کردنی ▁ناوه ▁ڕۆک ی ▁ئینته ▁رنێت ی ▁له ▁کاتی ▁هه ▁ڵ نه ▁گیراوه ▁ته ▁وه ▁که ▁ڕاگه ▁یاندن ه ▁کان ▁له ▁ماڵپ ه ▁ڕی ▁" بی گ ▁برای ه ▁ر " ▁عه ▁م بار ▁نه ▁کراون .
[2026-03-18 00:44:10] Best translation 4 : ▁سوپای ه ▁کی ▁لاواز تر ▁و ▁هێزی ▁ده ▁ری ایی ▁لاواز تر ی ▁هه ▁بوو ، ▁هه ▁رچ ه ▁نده ▁ته ▁نها ▁پێش ▁ده ▁ست پێ کردنی ▁شه ▁ڕه ▁که ▁چوار ▁که ▁شتی ▁نوێ یان ▁دروست ▁کردبوو .
[2026-03-18 00:44:10] Best translation 5 : ▁دووه ەم ▁گۆڵی ▁ش ەو ی ▁بریتی ▁بوو ▁لە ▁٦ ٠ ەم ین ▁و ەرز ەکەی ، ▁کە ▁بوو ▁بە ▁یەکەم ▁یاریزان ▁لە ▁و ەرز ێکدا ▁لە ▁ساڵی ▁١٩ ٩ ٥ - ٩ ٦ ەوە ▁٦ ٠ ▁گۆڵ ▁یان ▁زیاتر ▁تۆمار ▁بکات ، ▁کاتێک ▁جە رم یر ▁جا گر ▁و ▁مار ی ۆ ▁لێ می ۆ کس ▁هەر ی ەکەیان ▁گەیشت نە ▁ئەو ▁میل ۆن .
[2026-03-18 00:44:10] Best translation 10 : ▁خوێن ▁له ▁ناو ▁دڵ دا ▁ده ▁چێت ه ▁وه ▁به ▁ناوی ▁خوێن به ▁ره ▁کان ▁و ▁له ▁بۆ ری یه ▁کاندا ▁ده ▁گه ▁ڕێت ه ▁وه ▁بۆ ▁دڵ ▁که ▁پێی ▁ده ▁گوت رێت ▁ده ▁مار ه ▁کان ، ▁بچوک ترین ▁ل وول ه ▁کان ▁پێی ▁ده ▁گوت رێت ▁کا پ ل ێت .
[2026-03-18 00:44:10] Best translation 20 : ▁سک اف ۆڵ د ▁دەکرێت ▁هەم ▁مە ج ازی ▁و ▁ڕاست ە قی نە ▁بێت ▁، ▁بە ▁و ات ەیەکی ▁تر ▁، ▁مامۆستا ▁جۆرێک ە ▁لە ▁پەی کەر ی ▁بەڵام ▁بۆیە ▁پیاو ە ▁بچووک ی ▁ک اغ ە ز ەکەی ە ▁لە ▁نووسینگ ەی ▁مای ک رۆس ۆف ت ▁.
[2026-03-18 00:44:10] Best translation 40 : ▁خۆپ ـ یش ـ اند انه ▁که ▁ده ▁س ـ تی پ ـ ێ ـ کرد ▁له ▁کاتژمێر ▁ی از ده ▁به ▁کاتی ▁خۆ جێ ی ی ▁( ▁ی و ▁تی ▁سی <0x2B> ١ ) ▁له ▁سه ▁ر ▁ده ▁ره ▁وه ▁ی ▁وا یت اڵ ▁له ▁به ▁رامب ه ▁ر ▁ئه ▁و ▁ده ▁ره ▁کی ـ یان ه ▁ی ▁پ ـ ۆلیس ▁پاس ه ▁وانی ▁لێ ـ یه ▁بۆ ▁شه ▁قامی ▁دا ون ینگ ▁که ▁شوێنی ▁فه ▁رمی ▁سه ▁رۆک ▁وه ▁زیران ه ▁.
[2026-03-18 00:44:11] Best translation 80 : ▁نیشان ەکە ▁لە ▁ڕووی ▁جەستە ی یەوە ▁زیانی ▁پێ نە گەی شت ووە ؛ ▁دەست کاری کردن ەکە ▁بە ▁بەکارهێنانی ▁تا رم ایی ▁ڕە ش ▁کە ▁بە ▁نیشان ەکانی ▁ئارامی ▁و ▁دڵ ▁ڕ از ێن را وەتەوە ▁بۆ ▁گۆڕینی ▁" بۆ ▁خوێندن ەوە ی ▁" ▁.
[2026-03-18 00:44:14] Best translation 160 : ▁خه ▁ڵک ▁به ▁کورسی ه ▁وه ▁به ▁په ▁نجه ▁ره ▁کان ▁ده ▁دا ، ▁به ▁ڵام ▁په ▁نجه ▁ره ▁کان ▁بێ ▁سه ▁ر وش ون ▁نه ▁بوون .
[2026-03-18 00:44:17] Best translation 320 : ▁بە دوا دا چوونی ▁نە خ شە ی ▁مۆر ی ▁دەریا ی ی ▁، ▁بە ▁بەکارهێنانی ▁ئامێری ▁R <0x4F> <0x56> ▁دۆزرای ەوە ▁.
[2026-03-18 00:44:23] Best translation 640 : ▁ژاپۆن یه ▁کان ▁نزیکه ▁ی ▁حه ▁وت ▁هه ▁زار ▁دوور گه ▁یان ▁هه ▁یه ▁- ▁گه ▁وره ▁ترین ▁دوور گه ▁ی ▁" ه ون ش و " ـ یان ▁هه ▁یه ▁و ▁.، به ▁مه ▁ش ▁ژاپۆن ▁حه ▁وته ▁مین ▁دوور گه ▁ی ▁له ▁جیهاندا ▁داد ه ▁نێت !
[2026-03-18 00:44:35] Best translation 1280 : ▁پاس ەکان ▁وێستگ ەی ▁پاس ی ▁نێوان ▁قە دە غ ە ▁دەکەن ▁( بە ▁درێژایی ▁ڕۆژ ▁ڕووب ار ەکە ) ▁هەر چ ەند ە ▁زۆربەی ان ▁بە ▁تایبەت ی ▁ئەوانەی ▁بەرەو ▁ڕۆژه ەڵات ▁و ▁جا کار / ب وم ت ەنگ ▁دە ڕۆ ن ▁لە ▁نێوان ▁ ٠ ٦ : ٣ ٠ ▁بۆ ▁ ٠ ٧ : ٣ ٠ .
[2026-03-18 00:44:49] Total translation time: 40.63069s
[2026-03-18 00:44:49] [valid] Ep. 32 : Up. 42000 : bleu : 13.5609 : stalled 3 times (last best: 13.6008)
[2026-03-18 00:44:49] Translating validation set...
[2026-03-18 00:44:50] Best translation 0 : ▁ئەم ▁زار اوە یە ▁لە ▁ئاشنا ی ی ▁دێ رین ی ▁بێ د - بو گ ▁و ەر گیراو ە ▁کە ▁بە ▁شێوەیەکی ▁بەر چاو ▁مێر وو ەکان ▁دە گونج ێن رێن ▁بۆ ▁م شە خ ۆر کردنی ▁مرۆڤ ەکان .
[2026-03-18 00:44:50] Best translation 1 : ▁هێرش بەر ەکانی ▁م ۆم بای ▁لە ▁ڕێگەی ▁بە لە م ەوە ▁گەیشت نە ▁ڕۆمان ی ▁٢ ٦ ی ▁تشرین ی ▁دووەمی ▁ ٢٠٠ ٨ ▁و ▁نار نج ۆک ▁و ▁چە کی ▁ئۆتۆ م اتی کی ▁و ▁چەندین ▁ئامانج یان ▁پێک ا ▁لەوانە ▁قە ڵە ب اڵ غ ی ▁چ تر اپ اتی ▁شی ڤا جی ▁ت ێر مین ۆس ▁وێستگ ەی ▁ش ە مەند ە فەر ▁و ▁هۆ تێ لی ▁بە ناو بان گی ▁تا ج ▁مە ح ال .
[2026-03-18 00:44:51] Best translation 2 : ▁ئه ▁م ▁گه ▁ڕان ه ▁له ▁لایه ▁ن ▁هه ▁مان ▁که ▁ش ▁و ▁هه ▁وای ▁خراپ ه ▁وه ▁کۆ سپ ی ▁خ راوه ▁ته ▁به ▁ر ▁که ▁بووه ▁ته ▁هۆی ▁بێ زار بوونی ▁نیشت نه ▁وه ▁که ▁.
[2026-03-18 00:44:51] Best translation 3 : ▁هه ▁روه ▁ها ▁ئه ▁ی ▁سی ▁ئێم ا ▁بۆ ی ▁ده ▁رک ه ▁وت ▁که ▁سه ▁ره ▁ڕای ▁بڵاوبوون ه ▁وه ▁ی ▁ئه ▁و ▁گرت ه ▁ڤیدیۆ یه ▁له ▁سه ▁ر ▁تۆڕی ▁ئینته ▁رنێت ، ▁برا ▁گه ▁وره ▁که ▁یاسا کانی ▁سان سۆر کردنی ▁ناوه ▁ڕۆک ی ▁ئینته ▁رنێت ی ▁له ▁کاتی ▁هه ▁ڵ نه ▁گیراوه ▁ته ▁وه ▁که ▁ڕاگه ▁یاندن ه ▁کان ▁له ▁ماڵپ ه ▁ڕی ▁" بی گ ▁برای ه ▁ر " ▁عه ▁م بار ▁نه ▁کراون .
[2026-03-18 00:44:51] Best translation 4 : ▁سوپای ه ▁کی ▁لاواز تر ▁و ▁هێزی ▁ده ▁ری ایی ▁لاواز تر ی ▁هه ▁بوو ، ▁هه ▁رچ ه ▁نده ▁ته ▁نها ▁پێش ▁ده ▁ست پێ کردنی ▁شه ▁ڕه ▁که ▁چوار ▁که ▁شتی ▁نوێ یان ▁دروست ▁کردبوو .
[2026-03-18 00:44:51] Best translation 5 : ▁دووه ەم ▁گۆڵی ▁ش ەو ی ▁بریتی ▁بوو ▁لە ▁٦ ٠ ەم ین ▁و ەرز ەکەی ، ▁کە ▁بوو ▁بە ▁یەکەم ▁یاریزان ▁لە ▁و ەرز ێکدا ▁لە ▁ساڵی ▁١٩ ٩ ٥ - ٩ ٦ ەوە ▁٦ ٠ ▁گۆڵ ▁یان ▁زیاتر ▁تۆمار ▁بکات ، ▁کاتێک ▁جە رم یر ▁جا گر ▁و ▁مار ی ۆ ▁لێ می ۆ کس ▁هەر ی ەکەیان ▁گەیشت نە ▁ئەو ▁میل ۆن .
[2026-03-18 00:44:51] Best translation 10 : ▁خوێن ▁له ▁ناو ▁دڵ دا ▁ده ▁چێت ه ▁وه ▁به ▁ناوی ▁خوێن به ▁ره ▁کان ▁و ▁له ▁بۆ ری یه ▁کاندا ▁ده ▁گه ▁ڕێت ه ▁وه ▁بۆ ▁دڵ ▁که ▁پێی ▁ده ▁گوت رێت ▁ده ▁مار ه ▁کان ، ▁بچوک ترین ▁ل وول ه ▁کان ▁پێی ▁ده ▁گوت رێت ▁کا پ ل ێت .
[2026-03-18 00:44:51] Best translation 20 : ▁سک اف ۆڵ د ▁دەکرێت ▁هەم ▁مە ج ازی ▁و ▁ڕاست ە قی نە ▁بێت ▁، ▁بە ▁و ات ەیەکی ▁تر ▁، ▁مامۆستا ▁جۆرێک ە ▁لە ▁پەی کەر ی ▁بەڵام ▁بۆیە ▁پیاو ە ▁بچووک ی ▁ک اغ ە ز ەکەی ە ▁لە ▁نووسینگ ەی ▁مای ک رۆس ۆف ت ▁.
[2026-03-18 00:44:51] Best translation 40 : ▁خۆپ ـ یش ـ اند انه ▁که ▁ده ▁س ـ تی پ ـ ێ ـ کرد ▁له ▁کاتژمێر ▁ی از ده ▁به ▁کاتی ▁خۆ جێ ی ی ▁( ▁ی و ▁تی ▁سی <0x2B> ١ ) ▁له ▁سه ▁ر ▁ده ▁ره ▁وه ▁ی ▁وا یت اڵ ▁له ▁به ▁رامب ه ▁ر ▁ئه ▁و ▁ده ▁ره ▁کی ـ یان ه ▁ی ▁پ ـ ۆلیس ▁پاس ه ▁وانی ▁لێ ـ یه ▁بۆ ▁شه ▁قامی ▁دا ون ینگ ▁که ▁شوێنی ▁فه ▁رمی ▁سه ▁رۆک ▁وه ▁زیران ه ▁.
[2026-03-18 00:44:51] Best translation 80 : ▁نیشان ەکە ▁لە ▁ڕووی ▁جەستە ی یەوە ▁زیانی ▁پێ نە گەی شت ووە ؛ ▁دەست کاری کردن ەکە ▁بە ▁بەکارهێنانی ▁تا رم ایی ▁ڕە ش ▁کە ▁بە ▁نیشان ەکانی ▁ئارامی ▁و ▁دڵ ▁ڕ از ێن را وەتەوە ▁بۆ ▁گۆڕینی ▁" بۆ ▁خوێندن ەوە ی ▁" ▁.
[2026-03-18 00:44:54] Best translation 160 : ▁خه ▁ڵک ▁به ▁کورسی ه ▁وه ▁به ▁په ▁نجه ▁ره ▁کان ▁ده ▁دا ، ▁به ▁ڵام ▁په ▁نجه ▁ره ▁کان ▁بێ ▁سه ▁ر وش ون ▁نه ▁بوون .
[2026-03-18 00:44:58] Best translation 320 : ▁بە دوا دا چوونی ▁نە خ شە ی ▁مۆر ی ▁دەریا ی ی ▁، ▁بە ▁بەکارهێنانی ▁ئامێری ▁R <0x4F> <0x56> ▁دۆزرای ەوە ▁.
[2026-03-18 00:45:04] Best translation 640 : ▁ژاپۆن یه ▁کان ▁نزیکه ▁ی ▁حه ▁وت ▁هه ▁زار ▁دوور گه ▁یان ▁هه ▁یه ▁- ▁گه ▁وره ▁ترین ▁دوور گه ▁ی ▁" ه ون ش و " ـ یان ▁هه ▁یه ▁و ▁.، به ▁مه ▁ش ▁ژاپۆن ▁حه ▁وته ▁مین ▁دوور گه ▁ی ▁له ▁جیهاندا ▁داد ه ▁نێت !
[2026-03-18 00:45:16] Best translation 1280 : ▁پاس ەکان ▁وێستگ ەی ▁پاس ی ▁نێوان ▁قە دە غ ە ▁دەکەن ▁( بە ▁درێژایی ▁ڕۆژ ▁ڕووب ار ەکە ) ▁هەر چ ەند ە ▁زۆربەی ان ▁بە ▁تایبەت ی ▁ئەوانەی ▁بەرەو ▁ڕۆژه ەڵات ▁و ▁جا کار / ب وم ت ەنگ ▁دە ڕۆ ن ▁لە ▁نێوان ▁ ٠ ٦ : ٣ ٠ ▁بۆ ▁ ٠ ٧ : ٣ ٠ .
[2026-03-18 00:45:31] Total translation time: 42.00349s
[2026-03-18 00:45:31] Saving model weights and runtime parameters to /workspace/OPUS-MT-train/work/en-ckb/curated-floresdev.spm4k-spm4k.transformer.model1.npz.best-chrf.npz
[2026-03-18 00:45:33] [valid] Ep. 32 : Up. 42000 : chrf : 44.4206 : new best
[2026-03-18 00:45:35] [valid] Ep. 32 : Up. 42000 : perplexity : 8.6577 : stalled 2 times (last best: 8.65573)
[2026-03-18 00:46:59] Seen 310,206 samples
[2026-03-18 00:46:59] Starting data epoch 33 in logical epoch 33
[2026-03-18 00:48:25] Ep. 33 : Up. 43000 : Sen. 116,174 : Cost 2.18508220 * 13,406,716 @ 16,016 after 577,806,134 : Time 263.39s : 50901.13 words/s : gNorm 0.6155 : L.r. 1.8300e-04
[2026-03-18 00:48:25] Saving model weights and runtime parameters to /workspace/OPUS-MT-train/work/en-ckb/curated-floresdev.spm4k-spm4k.transformer.model1.npz
[2026-03-18 00:48:27] Saving Adam parameters
[2026-03-18 00:48:29] [training] Saving training checkpoint to /workspace/OPUS-MT-train/work/en-ckb/curated-floresdev.spm4k-spm4k.transformer.model1.npz and /workspace/OPUS-MT-train/work/en-ckb/curated-floresdev.spm4k-spm4k.transformer.model1.npz.optimizer.npz
[2026-03-18 00:48:32] Translating validation set...
[2026-03-18 00:48:33] Best translation 0 : ▁ئەم ▁زار اوە یە ▁لە ▁ئاشنا ی ی ▁دێ رین ی ▁بێ د - بو گ ▁و ەر گیراو ە ▁کە ▁بە ▁شێوەیەکی ▁بەر چاو ▁مێر وو ەکان ▁دە گونج ێن رێن ▁بۆ ▁م شە خ ۆر کردنی ▁مرۆڤ ەکان .
[2026-03-18 00:48:33] Best translation 1 : ▁هێرش بەر ەکانی ▁م ۆم بای ▁لە ▁ڕێگەی ▁بە لە م ەوە ▁گەیشت نە ▁ڕۆمان ی ▁٢ ٦ ی ▁ساڵی ▁ ٢٠٠ ٨ ▁و ▁نار نج ۆک ▁و ▁چە کی ▁ئۆتۆ م اتی کی ▁و ▁چەندین ▁ئامانج یان ▁پێک ا ▁لەوانە ▁قە ڵە ب اڵ غ ی ▁چ تر اپ اتی ▁شی ڤا جی ▁ت ێر مین ۆس ▁وێستگ ەی ▁ش ە مەند ە فەر ▁و ▁هۆ تێ لی ▁بە ناو بان گی ▁تا ج ▁مە ح ال .
[2026-03-18 00:48:34] Best translation 2 : ▁ئه ▁م ▁گه ▁ڕان ه ▁له ▁لایه ▁ن ▁هه ▁مان ▁که ▁ش ▁و ▁هه ▁وای ▁خراپ ه ▁وه ▁کۆ سپ ی ▁له ▁سه ▁ر ▁بووه ▁که ▁بووه ▁ته ▁هۆی ▁بێ زار بوونی ▁نیشت نه ▁وه ▁که ▁.
[2026-03-18 00:48:34] Best translation 3 : ▁هه ▁روه ▁ها ▁ماڵپ ه ▁ڕی ▁" ئه ▁ی ▁سی ▁ئێم ا " ▁بۆ ی ▁ده ▁رک ه ▁وت ▁که ▁سه ▁ره ▁ڕای ▁ئه ▁و ▁گرت ه ▁ڤیدیۆ یه ▁ی ▁له ▁سه ▁ر ▁تۆڕی ▁ئینته ▁رنێت ▁بڵاو بۆ ته ▁وه ▁، ▁کۆمپانیای ▁" بر ای ▁گه ▁وره ▁" ▁یاسا کانی ▁سان سۆر کردنی ▁ناوه ▁ڕۆک ی ▁ئێن ته ▁رنێت ی ▁له ▁کاتێکدا ▁که ▁ڕاگه ▁یاندن ه ▁کان ▁له ▁سه ▁ر ▁ماڵپ ه ▁ڕی ▁" بی گ ▁برای ه ▁ر " ▁هه ▁ڵ نه ▁گیراوه ▁.
[2026-03-18 00:48:34] Best translation 4 : ▁سوپای ه ▁کی ▁لاواز تر ▁و ▁هێزی ▁ده ▁ری ایی ▁لاواز تر ی ▁هه ▁بوو ، ▁هه ▁رچ ه ▁نده ▁تازه ▁پێش ▁ده ▁ست پێ کردنی ▁شه ▁ڕ ، ▁چوار ▁که ▁شتی ▁نوێ یان ▁دروست ▁کردبوو .
[2026-03-18 00:48:34] Best translation 5 : ▁دووه ەم ▁گۆڵی ▁ش ەو ی ▁بریتی ▁بوو ▁لە ▁٦ ٠ ەم ین ▁و ەرز ەکەی ، ▁کە ▁بووە ▁یەکەم ▁یاریزان ▁کە ▁لە ▁و ەرز ێکدا ▁٦ ٠ ▁یان ▁زیاتر ▁گۆڵ ▁تۆمار ▁بکات ▁لە ▁و ەرز ێکدا ▁لە ▁ساڵی ▁١٩ ٩ ٥ - ٩ ٦ ەوە ، ▁کە ▁ی ە رۆ می ر ▁جا گر ▁و ▁مار ی ۆ ▁لێ می ۆ کس ▁هەر ی ەکەیان ▁گەیشت نە ▁ئەو ▁کەم ترین ▁ئاست ە .
[2026-03-18 00:48:34] Best translation 10 : ▁خوێن ▁له ▁ناو ▁دڵ دا ▁ده ▁چێت ه ▁وه ▁که ▁پێی ▁ده ▁گوت رێت ▁خوێن به ▁ره ▁کان ▁و ▁ده ▁گه ▁ڕێت ه ▁وه ▁بۆ ▁دڵ ▁له ▁ناو ▁ل وول ه ▁کاندا ▁که ▁پێی ▁ده ▁گوت رێت ▁ده ▁مار ه ▁کان ، ▁بچوک ترین ▁ل وول ه ▁کان ▁پێی ▁ده ▁گوت رێت ▁کا پ ل ێت .
[2026-03-18 00:48:34] Best translation 20 : ▁سک اف ۆڵ د ▁دەکرێت ▁هەم ▁مە ج ازی ▁و ▁ڕاست ە قی نە ▁بێت ، ▁بە ▁وا تا یەکی ▁تر ، ▁مامۆستا ▁جۆرێک ە ▁لە ▁پەی کەر ە دار ەکان ▁بەڵام ▁لەبەر ▁ئەوە ▁پیاو ە ▁بچووک ی ▁ک اغ ە ز ەکەی ە ▁لە ▁نووسینگ ەی ▁مای ک رۆس ۆف ت .
[2026-03-18 00:48:34] Best translation 40 : ▁خۆپ ـ یش ـ اند انه ▁که ▁ده ▁س ـ تی پ ـ ێ ـ کرد ▁له ▁کاتژمێر ▁ی از ده ▁به ▁کاتی ▁خۆ جێ ی ی ▁( ▁ی و ▁تی ▁سی <0x2B> ١ ) ▁له ▁سه ▁ر ▁ده ▁ره ▁وه ▁ی ▁وا یت اڵ ▁له ▁به ▁رامب ه ▁ر ▁ئه ▁و ▁ده ▁ره ▁کی ـ یه ▁ی ▁پ ـ ۆلیس ی ▁پاس ه ▁وانه ▁بۆ ▁شه ▁قامی ▁دا ون ینگ ▁که ▁شوێنی ▁فه ▁رمی ▁سه ▁رۆک ▁وه ▁زیران ه ▁.
[2026-03-18 00:48:34] Best translation 80 : ▁نیشان ەکە ▁لە ▁ڕووی ▁جەستە ی یەوە ▁زیانی ▁پێ نە گەی شت ووە ؛ ▁دەست کاری کردن ەکە ▁بە ▁بەکارهێنانی ▁تا رم ایی ▁ڕە ش ▁کە ▁بە ▁نیشان ەکانی ▁ئاشتی ▁و ▁دڵ ▁ڕ از ێن را وەتەوە ▁بۆ ▁گۆڕینی ▁" ئۆ " ▁بۆ ▁خوێندن ەوە ی ▁" کە م بوون ەوە " ▁ئەنجام دراو ە .
[2026-03-18 00:48:37] Best translation 160 : ▁خه ▁ڵک ▁به ▁کورسی ه ▁وه ▁به ▁په ▁نجه ▁ره ▁کان ▁ده ▁دا ، ▁به ▁ڵام ▁په ▁نجه ▁ره ▁کان ▁بێ ▁سه ▁ر وش ون ▁نه ▁بوون .
[2026-03-18 00:48:40] Best translation 320 : ▁بە دوا دا چوونی ▁نە خ شە سازی ▁دەریا ی ی ▁پاش م اوە ▁بە ▁بەکارهێنانی ▁R <0x4F> <0x56> ▁دۆزرای ەوە .
[2026-03-18 00:48:46] Best translation 640 : ▁ژاپۆن یه ▁کان ▁نزیکه ▁ی ▁حه ▁وت ▁هه ▁زار ▁دوور گه ▁یان ▁هه ▁یه ▁- ▁گه ▁وره ▁ترین ▁دوور گه ▁ی ▁" ه ون ش و " ـ یان ▁هه ▁یه ▁و ▁.، به ▁مه ▁ش ▁ژاپۆن ▁حه ▁وته ▁مین ▁دوور گه ▁ی ▁له ▁جیهاندا ▁داد ه ▁نێت !
[2026-03-18 00:48:59] Best translation 1280 : ▁پاس ەکان ▁وێستگ ەی ▁پاس ی ▁نێوان ▁قە دە غ ە ▁دەکەن ▁( بە ▁درێژایی ▁ڕۆژ ▁ڕووب ار ەکە ) ▁هەر چ ەند ە ▁زۆربەی ان ▁بە ▁تایبەت ی ▁ئەوانەی ▁بەرەو ▁ڕۆژه ەڵات ▁و ▁جا کار / ب وم ت ەنگ ▁دە ڕۆ ن ▁لە ▁نێوان ▁ ٠ ٦ : ٣ ٠ ▁بۆ ▁ ٠ ٧ : ٣ ٠ .
[2026-03-18 00:49:13] Total translation time: 40.98801s
[2026-03-18 00:49:13] Saving model weights and runtime parameters to /workspace/OPUS-MT-train/work/en-ckb/curated-floresdev.spm4k-spm4k.transformer.model1.npz.best-bleu.npz
[2026-03-18 00:49:15] [valid] Ep. 33 : Up. 43000 : bleu : 13.6683 : new best
[2026-03-18 00:49:15] Translating validation set...
[2026-03-18 00:49:15] Best translation 0 : ▁ئەم ▁زار اوە یە ▁لە ▁ئاشنا ی ی ▁دێ رین ی ▁بێ د - بو گ ▁و ەر گیراو ە ▁کە ▁بە ▁شێوەیەکی ▁بەر چاو ▁مێر وو ەکان ▁دە گونج ێن رێن ▁بۆ ▁م شە خ ۆر کردنی ▁مرۆڤ ەکان .
[2026-03-18 00:49:15] Best translation 1 : ▁هێرش بەر ەکانی ▁م ۆم بای ▁لە ▁ڕێگەی ▁بە لە م ەوە ▁گەیشت نە ▁ڕۆمان ی ▁٢ ٦ ی ▁ساڵی ▁ ٢٠٠ ٨ ▁و ▁نار نج ۆک ▁و ▁چە کی ▁ئۆتۆ م اتی کی ▁و ▁چەندین ▁ئامانج یان ▁پێک ا ▁لەوانە ▁قە ڵە ب اڵ غ ی ▁چ تر اپ اتی ▁شی ڤا جی ▁ت ێر مین ۆس ▁وێستگ ەی ▁ش ە مەند ە فەر ▁و ▁هۆ تێ لی ▁بە ناو بان گی ▁تا ج ▁مە ح ال .
[2026-03-18 00:49:16] Best translation 2 : ▁ئه ▁م ▁گه ▁ڕان ه ▁له ▁لایه ▁ن ▁هه ▁مان ▁که ▁ش ▁و ▁هه ▁وای ▁خراپ ه ▁وه ▁کۆ سپ ی ▁له ▁سه ▁ر ▁بووه ▁که ▁بووه ▁ته ▁هۆی ▁بێ زار بوونی ▁نیشت نه ▁وه ▁که ▁.
[2026-03-18 00:49:16] Best translation 3 : ▁هه ▁روه ▁ها ▁ماڵپ ه ▁ڕی ▁" ئه ▁ی ▁سی ▁ئێم ا " ▁بۆ ی ▁ده ▁رک ه ▁وت ▁که ▁سه ▁ره ▁ڕای ▁ئه ▁و ▁گرت ه ▁ڤیدیۆ یه ▁ی ▁له ▁سه ▁ر ▁تۆڕی ▁ئینته ▁رنێت ▁بڵاو بۆ ته ▁وه ▁، ▁کۆمپانیای ▁" بر ای ▁گه ▁وره ▁" ▁یاسا کانی ▁سان سۆر کردنی ▁ناوه ▁ڕۆک ی ▁ئێن ته ▁رنێت ی ▁له ▁کاتێکدا ▁که ▁ڕاگه ▁یاندن ه ▁کان ▁له ▁سه ▁ر ▁ماڵپ ه ▁ڕی ▁" بی گ ▁برای ه ▁ر " ▁هه ▁ڵ نه ▁گیراوه ▁.
[2026-03-18 00:49:16] Best translation 4 : ▁سوپای ه ▁کی ▁لاواز تر ▁و ▁هێزی ▁ده ▁ری ایی ▁لاواز تر ی ▁هه ▁بوو ، ▁هه ▁رچ ه ▁نده ▁تازه ▁پێش ▁ده ▁ست پێ کردنی ▁شه ▁ڕ ، ▁چوار ▁که ▁شتی ▁نوێ یان ▁دروست ▁کردبوو .
[2026-03-18 00:49:16] Best translation 5 : ▁دووه ەم ▁گۆڵی ▁ش ەو ی ▁بریتی ▁بوو ▁لە ▁٦ ٠ ەم ین ▁و ەرز ەکەی ، ▁کە ▁بووە ▁یەکەم ▁یاریزان ▁کە ▁لە ▁و ەرز ێکدا ▁٦ ٠ ▁یان ▁زیاتر ▁گۆڵ ▁تۆمار ▁بکات ▁لە ▁و ەرز ێکدا ▁لە ▁ساڵی ▁١٩ ٩ ٥ - ٩ ٦ ەوە ، ▁کە ▁ی ە رۆ می ر ▁جا گر ▁و ▁مار ی ۆ ▁لێ می ۆ کس ▁هەر ی ەکەیان ▁گەیشت نە ▁ئەو ▁کەم ترین ▁ئاست ە .
[2026-03-18 00:49:16] Best translation 10 : ▁خوێن ▁له ▁ناو ▁دڵ دا ▁ده ▁چێت ه ▁وه ▁که ▁پێی ▁ده ▁گوت رێت ▁خوێن به ▁ره ▁کان ▁و ▁ده ▁گه ▁ڕێت ه ▁وه ▁بۆ ▁دڵ ▁له ▁ناو ▁ل وول ه ▁کاندا ▁که ▁پێی ▁ده ▁گوت رێت ▁ده ▁مار ه ▁کان ، ▁بچوک ترین ▁ل وول ه ▁کان ▁پێی ▁ده ▁گوت رێت ▁کا پ ل ێت .
[2026-03-18 00:49:16] Best translation 20 : ▁سک اف ۆڵ د ▁دەکرێت ▁هەم ▁مە ج ازی ▁و ▁ڕاست ە قی نە ▁بێت ، ▁بە ▁وا تا یەکی ▁تر ، ▁مامۆستا ▁جۆرێک ە ▁لە ▁پەی کەر ە دار ەکان ▁بەڵام ▁لەبەر ▁ئەوە ▁پیاو ە ▁بچووک ی ▁ک اغ ە ز ەکەی ە ▁لە ▁نووسینگ ەی ▁مای ک رۆس ۆف ت .
[2026-03-18 00:49:16] Best translation 40 : ▁خۆپ ـ یش ـ اند انه ▁که ▁ده ▁س ـ تی پ ـ ێ ـ کرد ▁له ▁کاتژمێر ▁ی از ده ▁به ▁کاتی ▁خۆ جێ ی ی ▁( ▁ی و ▁تی ▁سی <0x2B> ١ ) ▁له ▁سه ▁ر ▁ده ▁ره ▁وه ▁ی ▁وا یت اڵ ▁له ▁به ▁رامب ه ▁ر ▁ئه ▁و ▁ده ▁ره ▁کی ـ یه ▁ی ▁پ ـ ۆلیس ی ▁پاس ه ▁وانه ▁بۆ ▁شه ▁قامی ▁دا ون ینگ ▁که ▁شوێنی ▁فه ▁رمی ▁سه ▁رۆک ▁وه ▁زیران ه ▁.
[2026-03-18 00:49:16] Best translation 80 : ▁نیشان ەکە ▁لە ▁ڕووی ▁جەستە ی یەوە ▁زیانی ▁پێ نە گەی شت ووە ؛ ▁دەست کاری کردن ەکە ▁بە ▁بەکارهێنانی ▁تا رم ایی ▁ڕە ش ▁کە ▁بە ▁نیشان ەکانی ▁ئاشتی ▁و ▁دڵ ▁ڕ از ێن را وەتەوە ▁بۆ ▁گۆڕینی ▁" ئۆ " ▁بۆ ▁خوێندن ەوە ی ▁" کە م بوون ەوە " ▁ئەنجام دراو ە .
[2026-03-18 00:49:19] Best translation 160 : ▁خه ▁ڵک ▁به ▁کورسی ه ▁وه ▁به ▁په ▁نجه ▁ره ▁کان ▁ده ▁دا ، ▁به ▁ڵام ▁په ▁نجه ▁ره ▁کان ▁بێ ▁سه ▁ر وش ون ▁نه ▁بوون .
[2026-03-18 00:49:23] Best translation 320 : ▁بە دوا دا چوونی ▁نە خ شە سازی ▁دەریا ی ی ▁پاش م اوە ▁بە ▁بەکارهێنانی ▁R <0x4F> <0x56> ▁دۆزرای ەوە .
[2026-03-18 00:49:29] Best translation 640 : ▁ژاپۆن یه ▁کان ▁نزیکه ▁ی ▁حه ▁وت ▁هه ▁زار ▁دوور گه ▁یان ▁هه ▁یه ▁- ▁گه ▁وره ▁ترین ▁دوور گه ▁ی ▁" ه ون ش و " ـ یان ▁هه ▁یه ▁و ▁.، به ▁مه ▁ش ▁ژاپۆن ▁حه ▁وته ▁مین ▁دوور گه ▁ی ▁له ▁جیهاندا ▁داد ه ▁نێت !
[2026-03-18 00:49:42] Best translation 1280 : ▁پاس ەکان ▁وێستگ ەی ▁پاس ی ▁نێوان ▁قە دە غ ە ▁دەکەن ▁( بە ▁درێژایی ▁ڕۆژ ▁ڕووب ار ەکە ) ▁هەر چ ەند ە ▁زۆربەی ان ▁بە ▁تایبەت ی ▁ئەوانەی ▁بەرەو ▁ڕۆژه ەڵات ▁و ▁جا کار / ب وم ت ەنگ ▁دە ڕۆ ن ▁لە ▁نێوان ▁ ٠ ٦ : ٣ ٠ ▁بۆ ▁ ٠ ٧ : ٣ ٠ .
[2026-03-18 00:49:57] Total translation time: 42.34581s
[2026-03-18 00:49:57] Saving model weights and runtime parameters to /workspace/OPUS-MT-train/work/en-ckb/curated-floresdev.spm4k-spm4k.transformer.model1.npz.best-chrf.npz
[2026-03-18 00:49:58] [valid] Ep. 33 : Up. 43000 : chrf : 44.4475 : new best
[2026-03-18 00:50:00] [valid] Ep. 33 : Up. 43000 : perplexity : 8.66089 : stalled 3 times (last best: 8.65573)
[2026-03-18 00:52:21] Seen 310,206 samples
[2026-03-18 00:52:21] Starting data epoch 34 in logical epoch 34
[2026-03-18 00:52:51] Ep. 34 : Up. 44000 : Sen. 40,096 : Cost 2.17387462 * 13,472,787 @ 13,279 after 591,278,921 : Time 265.92s : 50665.54 words/s : gNorm 0.6046 : L.r. 1.8091e-04
[2026-03-18 00:52:51] Saving model weights and runtime parameters to /workspace/OPUS-MT-train/work/en-ckb/curated-floresdev.spm4k-spm4k.transformer.model1.npz
[2026-03-18 00:52:53] Saving Adam parameters
[2026-03-18 00:52:54] [training] Saving training checkpoint to /workspace/OPUS-MT-train/work/en-ckb/curated-floresdev.spm4k-spm4k.transformer.model1.npz and /workspace/OPUS-MT-train/work/en-ckb/curated-floresdev.spm4k-spm4k.transformer.model1.npz.optimizer.npz
[2026-03-18 00:52:58] Translating validation set...
[2026-03-18 00:52:59] Best translation 0 : ▁ئەم ▁زار اوە یە ▁لە ▁ئاشنا ی ی ▁دێ رین ی ▁بێ د - ب گ ەوە ▁و ەر گیراو ە ▁کە ▁بە ▁شێوەیەکی ▁بەر چاو ▁مێر وو ەکان ▁دە گونج ێن رێن ▁بۆ ▁م شە خ ۆر کردنی ▁مرۆڤ ەکان .
[2026-03-18 00:52:59] Best translation 1 : ▁هێرش بەر ەکانی ▁م ۆم بای ▁لە ▁ڕێگەی ▁بە لە م ەوە ▁گەیشت نە ▁ڕۆمان ی ▁2 6 ی ▁20 0 8 ▁و ▁نار نج ۆک ▁و ▁چە کی ▁ئۆتۆ م اتی کی ▁و ▁چەندین ▁ئامانج یان ▁پێک ا ▁لەوانە ▁قە ڵە ب اڵ غ ی ▁چ تر اپ اتی ▁شی ڤا جی ▁تر مین ۆس ▁وێستگ ەی ▁ش ە مەند ە فەر ▁و ▁هۆ تێ لی ▁بە ناو بان گی ▁تا ج ▁مە ح ال .
[2026-03-18 00:52:59] Best translation 2 : ▁ئه ▁م ▁گه ▁ڕان ه ▁له ▁لایه ▁ن ▁هه ▁مان ▁که ▁ش ▁و ▁هه ▁وای ▁خراپ ه ▁وه ▁کۆ سپ ی ▁خ راوه ▁ته ▁به ▁رده ▁م ▁گه ▁ڕان ه ▁وه ▁که ▁بووه ▁ته ▁هۆی ▁بێ زار بوونی ▁نیشت نه ▁وه ▁که ▁.
[2026-03-18 00:52:59] Best translation 3 : ▁هه ▁روه ▁ها ▁ئاژانسی ▁" ئا ی ▁سی ▁ئێم ا " ▁ئه ▁وه ▁شی ▁ئاشکرا کرد ، ▁سه ▁ره ▁ر ِ ای ▁ئه ▁و ▁گرت ه ▁ڤیدیۆ یه ▁ی ▁له ▁سه ▁ر ▁تۆر ِ ی ▁ئینته ▁رنێت ▁بڵاو بۆ ته ▁وه ▁، ▁کۆمپانیای ▁" بر ای ▁گه ▁وره ▁" ▁یاسا کانی ▁سان سۆر کردنی ▁ناوه ▁ر ِ ۆکی ▁ئێن ته ▁رنێت ی ▁له ▁کاتێکدا ▁که ▁ڕاگه ▁یاندن ه ▁کان ▁له ▁ماڵپ ه ▁ر ِ ی ▁" بر ای ▁گه ▁وره ▁" دا ▁هه ▁ڵ نه ▁گیراوه ▁.
[2026-03-18 00:52:59] Best translation 4 : ▁سوپای ه ▁کی ▁لاواز تر ▁و ▁هێزی ▁ده ▁ری ایی ▁لاواز تر ی ▁هه ▁بوو ، ▁هه ▁رچ ه ▁نده ▁تازه ▁پێش ▁ده ▁ست پێ کردنی ▁شه ▁ڕ ، ▁چوار ▁که ▁شتی ▁نوێ یان ▁دروست ▁کردبوو .
[2026-03-18 00:52:59] Best translation 5 : ▁دووه ەم ▁گۆڵی ▁ش ەو ی ▁بریتی ▁بوو ▁لە ▁٦ ٠ ەم ین ▁و ەرز ەکەی ، ▁کە ▁بووە ▁یەکەم ▁یاریزان ▁کە ▁لە ▁و ەرز ێکدا ▁٦ ٠ ▁یان ▁زیاتر ▁گۆڵ ▁تۆمار ▁بکات ▁لە ▁و ەرز ێکدا ▁لە ▁ساڵی ▁١٩ ٩ ٥ - ٩ ٦ ەوە ، ▁کە ▁ی ە رۆ می ر ▁جا گر ▁و ▁مار ی ۆ ▁لێ می و کس ▁هەر ی ەکەیان ▁گەیشت نە ▁ئەو ▁کەم ترین ▁ئاست ە .
[2026-03-18 00:52:59] Best translation 10 : ▁خوێن ▁له ▁ناو ▁دڵ دا ▁ده ▁چێت ه ▁وه ▁که ▁پێی ▁ده ▁گوت رێت ▁خوێن به ▁ره ▁کان ▁و ▁ده ▁گه ▁ڕێت ه ▁وه ▁بۆ ▁دڵ ▁له ▁ناو ▁ل وول ه ▁کاندا ▁که ▁پێی ▁ده ▁گوت رێت ▁ده ▁مار ه ▁کان ، ▁بچوک ترین ▁لو ته ▁به ▁ناوی ▁کا پ ل ێت ییه ▁کان ه ▁.
[2026-03-18 00:52:59] Best translation 20 : ▁سک اف ۆڵ د ▁دەکرێت ▁هەم ▁مە ج ازی ▁و ▁ڕاست ە قی نە ▁بێت ، ▁بە ▁وا تا یەکی ▁تر ، ▁مامۆستا ▁جۆرێک ە ▁لە ▁پەی کەر ە دار ەکان ▁بەڵام ▁لەبەر ▁ئەوە ▁پیاو ە ▁بچووک ی ▁ک اغ ە ز ەکەی ە ▁لە ▁نووسینگ ەی ▁مای ک رۆس ۆف ت .
[2026-03-18 00:52:59] Best translation 40 : ▁خۆپ ـ یش ـ اند انه ▁که ▁ده ▁س ـ تی پ ـ ێ ـ کرد ▁له ▁کاتژمێر ▁ی از ده ▁به ▁کاتی ▁خۆ جێ ی ی ▁( ▁ی و ▁تی ▁سی <0x2B> ١ ) ▁له ▁سه ▁ر ▁ده ▁ره ▁وه ▁ی ▁وا یت اڵ ▁له ▁به ▁رامب ه ▁ر ▁ئه ▁و ▁ده ▁ره ▁کی ـ یان ه ▁ی ▁پ ـ ۆلیس ▁پاس ه ▁وانی ▁ده ▁کات ▁بۆ ▁شه ▁قامی ▁دا ون ینگ ▁که ▁شوێنی ▁فه ▁رمی ▁سه ▁رۆک ▁وه ▁زیری ▁وڵاته ▁که ▁یه ▁.
[2026-03-18 00:53:00] Best translation 80 : ▁نیشان ەکە ▁لە ▁ڕووی ▁جەستە ی یەوە ▁زیانی ▁پێ نە گەی شت ووە ؛ ▁دەست کاری کردن ەکە ▁بە ▁بەکارهێنانی ▁ t ar p ol in s ی ▁ڕە ش ▁کە ▁بە ▁نیشان ەکانی ▁ئاشتی ▁و ▁دڵ ▁ڕ از ێن راون ەتەوە ▁بۆ ▁گۆڕینی ▁" <0x4F> " ▁بۆ ▁خوێندن ەوە ی ▁" کە م بوون ەوە " ▁ئەنجام دراو ە .
[2026-03-18 00:53:02] Best translation 160 : ▁خه ▁ڵک ▁به ▁کورسی ه ▁وه ▁به ▁په ▁نجه ▁ره ▁کان ▁ده ▁دا ، ▁به ▁ڵام ▁په ▁نجه ▁ره ▁کان ▁بێ ▁سه ▁ر وش ون ▁نه ▁بوون .
[2026-03-18 00:53:06] Best translation 320 : ▁بە دوا دا چوونی ▁نە خ شە سازی ▁دەریا ی ی ▁پاش ماو ەی ▁چە ماو ەکە ▁دۆزرای ەوە ▁بە ▁بەکارهێنانی ▁ئار ▁ئۆ ▁ڤی ▁.
[2026-03-18 00:53:12] Best translation 640 : ▁ژاپۆن یه ▁کان ▁نزیکه ▁ی ▁حه ▁وت ▁هه ▁زار ▁دوور گه ▁یان ▁هه ▁یه ▁- ▁گه ▁وره ▁ترین ▁دوور گه ▁ی ▁" ه ون ش و " ـ یان ▁هه ▁یه ▁و ▁.، به ▁مه ▁ش ▁ژاپۆن ▁حه ▁وته ▁مین ▁دوور گه ▁ی ▁له ▁جیهاندا ▁داد ه ▁نێت !
[2026-03-18 00:53:24] Best translation 1280 : ▁پاس ەکان ▁وێستگ ەی ▁پاس ی ▁نێوان ▁قە دە غ ە ▁دەکەن ▁( بە ▁درێژایی ▁ڕۆژ ▁ڕووب ار ەکە ) ▁هەر چ ەند ە ▁زۆربەی ان ▁بە ▁تایبەت ی ▁ئەوانەی ▁بەرەو ▁ڕۆژه ەڵات ▁و ▁جا کار / بۆ تان گ ▁لە ▁نێوان ▁ ٠ ٦ : ٣ ٠ ▁بۆ ▁ ٠ ٧ : ٣ ٠ ) ▁دە ڕۆ ن .
[2026-03-18 00:53:38] Total translation time: 40.52015s
[2026-03-18 00:53:38] Saving model weights and runtime parameters to /workspace/OPUS-MT-train/work/en-ckb/curated-floresdev.spm4k-spm4k.transformer.model1.npz.best-bleu.npz
[2026-03-18 00:53:39] [valid] Ep. 34 : Up. 44000 : bleu : 13.7364 : new best
[2026-03-18 00:53:40] Translating validation set...
[2026-03-18 00:53:40] Best translation 0 : ▁ئەم ▁زار اوە یە ▁لە ▁ئاشنا ی ی ▁دێ رین ی ▁بێ د - ب گ ەوە ▁و ەر گیراو ە ▁کە ▁بە ▁شێوەیەکی ▁بەر چاو ▁مێر وو ەکان ▁دە گونج ێن رێن ▁بۆ ▁م شە خ ۆر کردنی ▁مرۆڤ ەکان .
[2026-03-18 00:53:40] Best translation 1 : ▁هێرش بەر ەکانی ▁م ۆم بای ▁لە ▁ڕێگەی ▁بە لە م ەوە ▁گەیشت نە ▁ڕۆمان ی ▁2 6 ی ▁20 0 8 ▁و ▁نار نج ۆک ▁و ▁چە کی ▁ئۆتۆ م اتی کی ▁و ▁چەندین ▁ئامانج یان ▁پێک ا ▁لەوانە ▁قە ڵە ب اڵ غ ی ▁چ تر اپ اتی ▁شی ڤا جی ▁تر مین ۆس ▁وێستگ ەی ▁ش ە مەند ە فەر ▁و ▁هۆ تێ لی ▁بە ناو بان گی ▁تا ج ▁مە ح ال .
[2026-03-18 00:53:41] Best translation 2 : ▁ئه ▁م ▁گه ▁ڕان ه ▁له ▁لایه ▁ن ▁هه ▁مان ▁که ▁ش ▁و ▁هه ▁وای ▁خراپ ه ▁وه ▁کۆ سپ ی ▁خ راوه ▁ته ▁به ▁رده ▁م ▁گه ▁ڕان ه ▁وه ▁که ▁بووه ▁ته ▁هۆی ▁بێ زار بوونی ▁نیشت نه ▁وه ▁که ▁.
[2026-03-18 00:53:41] Best translation 3 : ▁هه ▁روه ▁ها ▁ئاژانسی ▁" ئا ی ▁سی ▁ئێم ا " ▁ئه ▁وه ▁شی ▁ئاشکرا کرد ، ▁سه ▁ره ▁ر ِ ای ▁ئه ▁و ▁گرت ه ▁ڤیدیۆ یه ▁ی ▁له ▁سه ▁ر ▁تۆر ِ ی ▁ئینته ▁رنێت ▁بڵاو بۆ ته ▁وه ▁، ▁کۆمپانیای ▁" بر ای ▁گه ▁وره ▁" ▁یاسا کانی ▁سان سۆر کردنی ▁ناوه ▁ر ِ ۆکی ▁ئێن ته ▁رنێت ی ▁له ▁کاتێکدا ▁که ▁ڕاگه ▁یاندن ه ▁کان ▁له ▁ماڵپ ه ▁ر ِ ی ▁" بر ای ▁گه ▁وره ▁" دا ▁هه ▁ڵ نه ▁گیراوه ▁.
[2026-03-18 00:53:41] Best translation 4 : ▁سوپای ه ▁کی ▁لاواز تر ▁و ▁هێزی ▁ده ▁ری ایی ▁لاواز تر ی ▁هه ▁بوو ، ▁هه ▁رچ ه ▁نده ▁تازه ▁پێش ▁ده ▁ست پێ کردنی ▁شه ▁ڕ ، ▁چوار ▁که ▁شتی ▁نوێ یان ▁دروست ▁کردبوو .
[2026-03-18 00:53:41] Best translation 5 : ▁دووه ەم ▁گۆڵی ▁ش ەو ی ▁بریتی ▁بوو ▁لە ▁٦ ٠ ەم ین ▁و ەرز ەکەی ، ▁کە ▁بووە ▁یەکەم ▁یاریزان ▁کە ▁لە ▁و ەرز ێکدا ▁٦ ٠ ▁یان ▁زیاتر ▁گۆڵ ▁تۆمار ▁بکات ▁لە ▁و ەرز ێکدا ▁لە ▁ساڵی ▁١٩ ٩ ٥ - ٩ ٦ ەوە ، ▁کە ▁ی ە رۆ می ر ▁جا گر ▁و ▁مار ی ۆ ▁لێ می و کس ▁هەر ی ەکەیان ▁گەیشت نە ▁ئەو ▁کەم ترین ▁ئاست ە .
[2026-03-18 00:53:41] Best translation 10 : ▁خوێن ▁له ▁ناو ▁دڵ دا ▁ده ▁چێت ه ▁وه ▁که ▁پێی ▁ده ▁گوت رێت ▁خوێن به ▁ره ▁کان ▁و ▁ده ▁گه ▁ڕێت ه ▁وه ▁بۆ ▁دڵ ▁له ▁ناو ▁ل وول ه ▁کاندا ▁که ▁پێی ▁ده ▁گوت رێت ▁ده ▁مار ه ▁کان ، ▁بچوک ترین ▁لو ته ▁به ▁ناوی ▁کا پ ل ێت ییه ▁کان ه ▁.
[2026-03-18 00:53:41] Best translation 20 : ▁سک اف ۆڵ د ▁دەکرێت ▁هەم ▁مە ج ازی ▁و ▁ڕاست ە قی نە ▁بێت ، ▁بە ▁وا تا یەکی ▁تر ، ▁مامۆستا ▁جۆرێک ە ▁لە ▁پەی کەر ە دار ەکان ▁بەڵام ▁لەبەر ▁ئەوە ▁پیاو ە ▁بچووک ی ▁ک اغ ە ز ەکەی ە ▁لە ▁نووسینگ ەی ▁مای ک رۆس ۆف ت .
[2026-03-18 00:53:41] Best translation 40 : ▁خۆپ ـ یش ـ اند انه ▁که ▁ده ▁س ـ تی پ ـ ێ ـ کرد ▁له ▁کاتژمێر ▁ی از ده ▁به ▁کاتی ▁خۆ جێ ی ی ▁( ▁ی و ▁تی ▁سی <0x2B> ١ ) ▁له ▁سه ▁ر ▁ده ▁ره ▁وه ▁ی ▁وا یت اڵ ▁له ▁به ▁رامب ه ▁ر ▁ئه ▁و ▁ده ▁ره ▁کی ـ یان ه ▁ی ▁پ ـ ۆلیس ▁پاس ه ▁وانی ▁ده ▁کات ▁بۆ ▁شه ▁قامی ▁دا ون ینگ ▁که ▁شوێنی ▁فه ▁رمی ▁سه ▁رۆک ▁وه ▁زیری ▁وڵاته ▁که ▁یه ▁.
[2026-03-18 00:53:41] Best translation 80 : ▁نیشان ەکە ▁لە ▁ڕووی ▁جەستە ی یەوە ▁زیانی ▁پێ نە گەی شت ووە ؛ ▁دەست کاری کردن ەکە ▁بە ▁بەکارهێنانی ▁ t ar p ol in s ی ▁ڕە ش ▁کە ▁بە ▁نیشان ەکانی ▁ئاشتی ▁و ▁دڵ ▁ڕ از ێن راون ەتەوە ▁بۆ ▁گۆڕینی ▁" <0x4F> " ▁بۆ ▁خوێندن ەوە ی ▁" کە م بوون ەوە " ▁ئەنجام دراو ە .
[2026-03-18 00:53:44] Best translation 160 : ▁خه ▁ڵک ▁به ▁کورسی ه ▁وه ▁به ▁په ▁نجه ▁ره ▁کان ▁ده ▁دا ، ▁به ▁ڵام ▁په ▁نجه ▁ره ▁کان ▁بێ ▁سه ▁ر وش ون ▁نه ▁بوون .
[2026-03-18 00:53:48] Best translation 320 : ▁بە دوا دا چوونی ▁نە خ شە سازی ▁دەریا ی ی ▁پاش ماو ەی ▁چە ماو ەکە ▁دۆزرای ەوە ▁بە ▁بەکارهێنانی ▁ئار ▁ئۆ ▁ڤی ▁.
[2026-03-18 00:53:54] Best translation 640 : ▁ژاپۆن یه ▁کان ▁نزیکه ▁ی ▁حه ▁وت ▁هه ▁زار ▁دوور گه ▁یان ▁هه ▁یه ▁- ▁گه ▁وره ▁ترین ▁دوور گه ▁ی ▁" ه ون ش و " ـ یان ▁هه ▁یه ▁و ▁.، به ▁مه ▁ش ▁ژاپۆن ▁حه ▁وته ▁مین ▁دوور گه ▁ی ▁له ▁جیهاندا ▁داد ه ▁نێت !
[2026-03-18 00:54:06] Best translation 1280 : ▁پاس ەکان ▁وێستگ ەی ▁پاس ی ▁نێوان ▁قە دە غ ە ▁دەکەن ▁( بە ▁درێژایی ▁ڕۆژ ▁ڕووب ار ەکە ) ▁هەر چ ەند ە ▁زۆربەی ان ▁بە ▁تایبەت ی ▁ئەوانەی ▁بەرەو ▁ڕۆژه ەڵات ▁و ▁جا کار / بۆ تان گ ▁لە ▁نێوان ▁ ٠ ٦ : ٣ ٠ ▁بۆ ▁ ٠ ٧ : ٣ ٠ ) ▁دە ڕۆ ن .
[2026-03-18 00:54:22] Total translation time: 42.07456s
[2026-03-18 00:54:22] Saving model weights and runtime parameters to /workspace/OPUS-MT-train/work/en-ckb/curated-floresdev.spm4k-spm4k.transformer.model1.npz.best-chrf.npz
[2026-03-18 00:54:23] [valid] Ep. 34 : Up. 44000 : chrf : 44.4936 : new best
[2026-03-18 00:54:25] [valid] Ep. 34 : Up. 44000 : perplexity : 8.6616 : stalled 4 times (last best: 8.65573)
[2026-03-18 00:57:15] Ep. 34 : Up. 45000 : Sen. 274,756 : Cost 2.16637111 * 13,479,650 @ 17,838 after 604,758,571 : Time 264.04s : 51051.86 words/s : gNorm 0.6118 : L.r. 1.7889e-04
[2026-03-18 00:57:15] Saving model weights and runtime parameters to /workspace/OPUS-MT-train/work/en-ckb/curated-floresdev.spm4k-spm4k.transformer.model1.npz
[2026-03-18 00:57:17] Saving Adam parameters
[2026-03-18 00:57:19] [training] Saving training checkpoint to /workspace/OPUS-MT-train/work/en-ckb/curated-floresdev.spm4k-spm4k.transformer.model1.npz and /workspace/OPUS-MT-train/work/en-ckb/curated-floresdev.spm4k-spm4k.transformer.model1.npz.optimizer.npz
[2026-03-18 00:57:22] Translating validation set...
[2026-03-18 00:57:23] Best translation 0 : ▁ئەم ▁زار اوە یە ▁لە ▁ئاشنا ی ی ▁دێ رین ی ▁بێ د - بو گ ▁و ەر گیراو ە ▁کە ▁بە ▁شێوەیەکی ▁زۆر ▁مێر و ەکان ▁بۆ ▁م شە خ ۆر کردنی ▁مرۆڤ ▁دە گونج ێن رێن .
[2026-03-18 00:57:23] Best translation 1 : ▁هێرش بەر ەکانی ▁م ۆم بای ▁گەیشت نە ▁ڕێگەی ▁بە لە م ▁لە ▁2 6 ی ▁تشرین ی ▁دووەمی ▁20 0 8 ▁و ▁نار نج ۆک ▁و ▁چە کی ▁ئۆتۆ م اتی کی ▁و ▁چەندین ▁ئامانج یان ▁پێک ا ▁لەوانە ▁قە ڵە ب اڵ غ ی ▁چ تر اپ اتی ▁شی ڤا جی ▁تر مین ۆس ▁وێستگ ەی ▁ش ە مەند ە فەر ی ▁بە ناو بان گ ▁و ▁هۆ تێ لی ▁تا ج ▁مە ح ال .
[2026-03-18 00:57:23] Best translation 2 : ▁ئه ▁م ▁گه ▁ڕان ه ▁له ▁لایه ▁ن ▁هه ▁مان ▁که ▁ش ▁و ▁هه ▁وای ▁خراپ ه ▁وه ▁کۆ سپ ی ▁خ راوه ▁ته ▁به ▁ر ▁که ▁بووه ▁ته ▁هۆی ▁بێ زار بوونی ▁نیشت نه ▁وه ▁که ▁.
[2026-03-18 00:57:23] Best translation 3 : ▁هه ▁روه ▁ها ▁ئه ▁ی ▁سی ▁ئێم ا ▁بۆ ی ▁ده ▁رک ه ▁وت ▁که ▁سه ▁ره ▁ڕای ▁ئه ▁و ▁گرت ه ▁ڤیدیۆ یه ▁ی ▁له ▁سه ▁ر ▁تۆڕی ▁ئینته ▁رنێت ▁بڵاو بۆ ته ▁وه ▁، ▁برا ▁گه ▁وره ▁که ▁یاسا کانی ▁سان سۆر کردنی ▁ناوه ▁ڕۆک ی ▁ئینته ▁رنێت ی ▁له ▁کاتی ▁هه ▁ڵ نه ▁گیراوه ▁ته ▁وه ▁که ▁ڕاگه ▁یاندن ه ▁کان ▁له ▁ماڵپ ه ▁ڕی ▁" بر اگ ▁برای ه ▁ر " ▁هه ▁ڵ نه ▁گیراوه ▁.
[2026-03-18 00:57:23] Best translation 4 : ▁سوپای ه ▁کی ▁لاواز تر ▁و ▁هێزی ▁ده ▁ری ایی ▁لاواز تر ی ▁هه ▁بوو ، ▁هه ▁رچ ه ▁نده ▁تازه ▁به ▁ر ▁له ▁ده ▁ست پێ کردنی ▁شه ▁ڕ ، ▁چوار ▁که ▁شتی ▁نوێ یان ▁دروست ▁کردبوو .
[2026-03-18 00:57:23] Best translation 5 : ▁دووه ەم ▁گۆڵی ▁ش ەو ەکە ▁٦ ٠ ەم ین ▁و ەرز ەکەی ▁بوو ، ▁کە ▁بوو ▁بە ▁یەکەم ▁یاریزان ▁لە ▁و ەرز ێکدا ▁لە ▁ساڵی ▁١٩ ٩ ٥ - ٩ ٦ ەوە ▁٦ ٠ ▁گۆڵ ▁یان ▁زیاتر ▁تۆمار ▁بکات ، ▁کاتێک ▁جا ڕۆ می ر ▁جا گر ▁و ▁مار ی ۆ ▁لێ می ۆ کس ▁هەر ی ەکەیان ▁گەیشت نە ▁ئەو ▁قۆناغ ە .
[2026-03-18 00:57:24] Best translation 10 : ▁خوێن ▁له ▁ناو ▁ل وول ه ▁کان ▁دوور ▁ده ▁که ▁وێت ه ▁وه ▁به ▁ناوی ▁خوێن به ▁ره ▁کان ▁و ▁له ▁ناو ▁ل وول ه ▁کاندا ▁ده ▁گه ▁ڕێت ه ▁وه ▁بۆ ▁دڵ ▁به ▁ناوی ▁ده ▁مار ه ▁کان ، ▁بچوک ترین ▁ل وول ه ▁کان ▁پێی ▁ده ▁گوت رێت ▁کا پ ل ێت .
[2026-03-18 00:57:24] Best translation 20 : ▁سک اف ۆڵ د ▁دەکرێت ▁هەم ▁مە ج ازی ▁و ▁ڕاست ە قی نە ▁بێت ، ▁بە ▁وا تا یەکی ▁تر ، ▁مامۆستا ▁جۆرێک ە ▁لە ▁پەی کەر ە دار ەکان ▁بەڵام ▁لەبەر ▁ئەوە ▁پیاو ە ▁بچووک ی ▁ک اغ ە ز ەکەی ە ▁لە ▁نووسینگ ەی ▁مای ک رۆس ۆف ت .
[2026-03-18 00:57:24] Best translation 40 : ▁خۆپ ـ یش ـ اند انه ▁که ▁ده ▁س ـ تی پ ـ ێ ـ کرد ▁له ▁کاتژمێر ▁ی از ده ▁به ▁کاتی ▁خۆ جێ ی ی ▁( ▁ی و ▁تی ▁سی <0x2B> ١ ) ▁له ▁سه ▁ر ▁ده ▁ره ▁وه ▁ی ▁وا یت اڵ ▁له ▁به ▁رامب ه ▁ر ▁ده ▁ره ▁وه ▁ی ▁پاس ه ▁وانی ▁پ ـ ۆلیس ▁بۆ ▁شه ▁قامی ▁دا ون ینگ ▁که ▁شوێنی ▁فه ▁رمی ▁سه ▁رۆک ▁وه ▁زیری ▁وڵاته ▁که ▁یه ▁.
[2026-03-18 00:57:24] Best translation 80 : ▁نیشان ەکە ▁لە ▁ڕووی ▁جەستە ی یەوە ▁زیانی ▁پێ نە گەی شت ووە ؛ ▁دەست کاری کردن ەکە ▁بە ▁بەکارهێنانی ▁ t ar p ol in s ی ▁ڕە ش ▁کە ▁بە ▁نیشان ەکانی ▁ئارامی ▁و ▁دڵ ▁ڕ از ێن راون ەتەوە ▁بۆ ▁گۆڕینی ▁" <0x4F> " ▁بۆ ▁خوێندن ەوە ی ▁" کە م بوون ەوە " ▁ئەنجام دراو ە .
[2026-03-18 00:57:27] Best translation 160 : ▁خەڵک ▁بە ▁کورسی ▁لێ یان ▁دە دا ▁، ▁بەڵام ▁پ ە نج ەر ەکان ▁بێ ▁پ ە نج ەر ەکان ▁نە ش تەر گەر ی ▁بوون ▁.
[2026-03-18 00:57:30] Best translation 320 : ▁بە دوا دا چوونی ▁نە خ شە کێش انی ▁دەریا ی ی ▁کە شتی ی ەکە ▁لە ▁ڕێگەی ▁بەکارهێنانی ▁R <0x4F> <0x56> ▁دۆزرای ەوە .
[2026-03-18 00:57:36] Best translation 640 : ▁ژاپۆن یه ▁کان ▁نزیکه ▁ی ▁حه ▁وت ▁هه ▁زار ▁دوور گه ▁یان ▁هه ▁یه ▁- ▁گه ▁وره ▁ترین ▁دوور گه ▁ی ▁" ه ون ش و " ـ یان ▁هه ▁یه ▁و ▁.، به ▁مه ▁ش ▁ژاپۆن ▁حه ▁وته ▁مین ▁دوور گه ▁ی ▁له ▁جیهاندا ▁داد ه ▁نێت !
[2026-03-18 00:57:48] Best translation 1280 : ▁پاس ەکان ▁وێستگ ەی ▁پاس ی ▁نێوان ▁قە دە غ ە ▁دەکەن ▁( بە ▁درێژایی ▁ڕۆژ ▁ڕووب ار ەکە ) ▁هەر چ ەند ە ▁زۆربەی ان ▁بە ▁تایبەت ی ▁ئەوانەی ▁بەرەو ▁ڕۆژه ەڵات ▁و ▁جا کار / بۆ تان گ ▁دە ڕۆ ن ▁لە ▁نێوان ▁ ٠ ٦ : ٣ ٠ ▁بۆ ▁ ٠ ٧ : ٣ ٠ .
[2026-03-18 00:58:03] Total translation time: 41.20837s
[2026-03-18 00:58:03] [valid] Ep. 34 : Up. 45000 : bleu : 13.6899 : stalled 1 times (last best: 13.7364)
[2026-03-18 00:58:03] Translating validation set...
[2026-03-18 00:58:04] Best translation 0 : ▁ئەم ▁زار اوە یە ▁لە ▁ئاشنا ی ی ▁دێ رین ی ▁بێ د - بو گ ▁و ەر گیراو ە ▁کە ▁بە ▁شێوەیەکی ▁زۆر ▁مێر و ەکان ▁بۆ ▁م شە خ ۆر کردنی ▁مرۆڤ ▁دە گونج ێن رێن .
[2026-03-18 00:58:04] Best translation 1 : ▁هێرش بەر ەکانی ▁م ۆم بای ▁گەیشت نە ▁ڕێگەی ▁بە لە م ▁لە ▁2 6 ی ▁تشرین ی ▁دووەمی ▁20 0 8 ▁و ▁نار نج ۆک ▁و ▁چە کی ▁ئۆتۆ م اتی کی ▁و ▁چەندین ▁ئامانج یان ▁پێک ا ▁لەوانە ▁قە ڵە ب اڵ غ ی ▁چ تر اپ اتی ▁شی ڤا جی ▁تر مین ۆس ▁وێستگ ەی ▁ش ە مەند ە فەر ی ▁بە ناو بان گ ▁و ▁هۆ تێ لی ▁تا ج ▁مە ح ال .
[2026-03-18 00:58:05] Best translation 2 : ▁ئه ▁م ▁گه ▁ڕان ه ▁له ▁لایه ▁ن ▁هه ▁مان ▁که ▁ش ▁و ▁هه ▁وای ▁خراپ ه ▁وه ▁کۆ سپ ی ▁خ راوه ▁ته ▁به ▁ر ▁که ▁بووه ▁ته ▁هۆی ▁بێ زار بوونی ▁نیشت نه ▁وه ▁که ▁.
[2026-03-18 00:58:05] Best translation 3 : ▁هه ▁روه ▁ها ▁ئه ▁ی ▁سی ▁ئێم ا ▁بۆ ی ▁ده ▁رک ه ▁وت ▁که ▁سه ▁ره ▁ڕای ▁ئه ▁و ▁گرت ه ▁ڤیدیۆ یه ▁ی ▁له ▁سه ▁ر ▁تۆڕی ▁ئینته ▁رنێت ▁بڵاو بۆ ته ▁وه ▁، ▁برا ▁گه ▁وره ▁که ▁یاسا کانی ▁سان سۆر کردنی ▁ناوه ▁ڕۆک ی ▁ئینته ▁رنێت ی ▁له ▁کاتی ▁هه ▁ڵ نه ▁گیراوه ▁ته ▁وه ▁که ▁ڕاگه ▁یاندن ه ▁کان ▁له ▁ماڵپ ه ▁ڕی ▁" بر اگ ▁برای ه ▁ر " ▁هه ▁ڵ نه ▁گیراوه ▁.
[2026-03-18 00:58:05] Best translation 4 : ▁سوپای ه ▁کی ▁لاواز تر ▁و ▁هێزی ▁ده ▁ری ایی ▁لاواز تر ی ▁هه ▁بوو ، ▁هه ▁رچ ه ▁نده ▁تازه ▁به ▁ر ▁له ▁ده ▁ست پێ کردنی ▁شه ▁ڕ ، ▁چوار ▁که ▁شتی ▁نوێ یان ▁دروست ▁کردبوو .
[2026-03-18 00:58:05] Best translation 5 : ▁دووه ەم ▁گۆڵی ▁ش ەو ەکە ▁٦ ٠ ەم ین ▁و ەرز ەکەی ▁بوو ، ▁کە ▁بوو ▁بە ▁یەکەم ▁یاریزان ▁لە ▁و ەرز ێکدا ▁لە ▁ساڵی ▁١٩ ٩ ٥ - ٩ ٦ ەوە ▁٦ ٠ ▁گۆڵ ▁یان ▁زیاتر ▁تۆمار ▁بکات ، ▁کاتێک ▁جا ڕۆ می ر ▁جا گر ▁و ▁مار ی ۆ ▁لێ می ۆ کس ▁هەر ی ەکەیان ▁گەیشت نە ▁ئەو ▁قۆناغ ە .
[2026-03-18 00:58:05] Best translation 10 : ▁خوێن ▁له ▁ناو ▁ل وول ه ▁کان ▁دوور ▁ده ▁که ▁وێت ه ▁وه ▁به ▁ناوی ▁خوێن به ▁ره ▁کان ▁و ▁له ▁ناو ▁ل وول ه ▁کاندا ▁ده ▁گه ▁ڕێت ه ▁وه ▁بۆ ▁دڵ ▁به ▁ناوی ▁ده ▁مار ه ▁کان ، ▁بچوک ترین ▁ل وول ه ▁کان ▁پێی ▁ده ▁گوت رێت ▁کا پ ل ێت .
[2026-03-18 00:58:05] Best translation 20 : ▁سک اف ۆڵ د ▁دەکرێت ▁هەم ▁مە ج ازی ▁و ▁ڕاست ە قی نە ▁بێت ، ▁بە ▁وا تا یەکی ▁تر ، ▁مامۆستا ▁جۆرێک ە ▁لە ▁پەی کەر ە دار ەکان ▁بەڵام ▁لەبەر ▁ئەوە ▁پیاو ە ▁بچووک ی ▁ک اغ ە ز ەکەی ە ▁لە ▁نووسینگ ەی ▁مای ک رۆس ۆف ت .
[2026-03-18 00:58:05] Best translation 40 : ▁خۆپ ـ یش ـ اند انه ▁که ▁ده ▁س ـ تی پ ـ ێ ـ کرد ▁له ▁کاتژمێر ▁ی از ده ▁به ▁کاتی ▁خۆ جێ ی ی ▁( ▁ی و ▁تی ▁سی <0x2B> ١ ) ▁له ▁سه ▁ر ▁ده ▁ره ▁وه ▁ی ▁وا یت اڵ ▁له ▁به ▁رامب ه ▁ر ▁ده ▁ره ▁وه ▁ی ▁پاس ه ▁وانی ▁پ ـ ۆلیس ▁بۆ ▁شه ▁قامی ▁دا ون ینگ ▁که ▁شوێنی ▁فه ▁رمی ▁سه ▁رۆک ▁وه ▁زیری ▁وڵاته ▁که ▁یه ▁.
[2026-03-18 00:58:05] Best translation 80 : ▁نیشان ەکە ▁لە ▁ڕووی ▁جەستە ی یەوە ▁زیانی ▁پێ نە گەی شت ووە ؛ ▁دەست کاری کردن ەکە ▁بە ▁بەکارهێنانی ▁ t ar p ol in s ی ▁ڕە ش ▁کە ▁بە ▁نیشان ەکانی ▁ئارامی ▁و ▁دڵ ▁ڕ از ێن راون ەتەوە ▁بۆ ▁گۆڕینی ▁" <0x4F> " ▁بۆ ▁خوێندن ەوە ی ▁" کە م بوون ەوە " ▁ئەنجام دراو ە .
[2026-03-18 00:58:08] Best translation 160 : ▁خەڵک ▁بە ▁کورسی ▁لێ یان ▁دە دا ▁، ▁بەڵام ▁پ ە نج ەر ەکان ▁بێ ▁پ ە نج ەر ەکان ▁نە ش تەر گەر ی ▁بوون ▁.
[2026-03-18 00:58:11] Best translation 320 : ▁بە دوا دا چوونی ▁نە خ شە کێش انی ▁دەریا ی ی ▁کە شتی ی ەکە ▁لە ▁ڕێگەی ▁بەکارهێنانی ▁R <0x4F> <0x56> ▁دۆزرای ەوە .
[2026-03-18 00:58:17] Best translation 640 : ▁ژاپۆن یه ▁کان ▁نزیکه ▁ی ▁حه ▁وت ▁هه ▁زار ▁دوور گه ▁یان ▁هه ▁یه ▁- ▁گه ▁وره ▁ترین ▁دوور گه ▁ی ▁" ه ون ش و " ـ یان ▁هه ▁یه ▁و ▁.، به ▁مه ▁ش ▁ژاپۆن ▁حه ▁وته ▁مین ▁دوور گه ▁ی ▁له ▁جیهاندا ▁داد ه ▁نێت !
[2026-03-18 00:58:30] Best translation 1280 : ▁پاس ەکان ▁وێستگ ەی ▁پاس ی ▁نێوان ▁قە دە غ ە ▁دەکەن ▁( بە ▁درێژایی ▁ڕۆژ ▁ڕووب ار ەکە ) ▁هەر چ ەند ە ▁زۆربەی ان ▁بە ▁تایبەت ی ▁ئەوانەی ▁بەرەو ▁ڕۆژه ەڵات ▁و ▁جا کار / بۆ تان گ ▁دە ڕۆ ن ▁لە ▁نێوان ▁ ٠ ٦ : ٣ ٠ ▁بۆ ▁ ٠ ٧ : ٣ ٠ .
[2026-03-18 00:58:45] Total translation time: 41.95991s
[2026-03-18 00:58:45] Saving model weights and runtime parameters to /workspace/OPUS-MT-train/work/en-ckb/curated-floresdev.spm4k-spm4k.transformer.model1.npz.best-chrf.npz
[2026-03-18 00:58:46] [valid] Ep. 34 : Up. 45000 : chrf : 44.5556 : new best
[2026-03-18 00:58:48] [valid] Ep. 34 : Up. 45000 : perplexity : 8.67226 : stalled 5 times (last best: 8.65573)
[2026-03-18 00:59:14] Seen 310,206 samples
[2026-03-18 00:59:14] Starting data epoch 35 in logical epoch 35
[2026-03-18 01:01:39] Ep. 35 : Up. 46000 : Sen. 197,474 : Cost 2.15478349 * 13,410,485 @ 13,011 after 618,169,056 : Time 264.28s : 50743.76 words/s : gNorm 0.6100 : L.r. 1.7693e-04
[2026-03-18 01:01:39] Saving model weights and runtime parameters to /workspace/OPUS-MT-train/work/en-ckb/curated-floresdev.spm4k-spm4k.transformer.model1.npz
[2026-03-18 01:01:41] Saving Adam parameters
[2026-03-18 01:01:43] [training] Saving training checkpoint to /workspace/OPUS-MT-train/work/en-ckb/curated-floresdev.spm4k-spm4k.transformer.model1.npz and /workspace/OPUS-MT-train/work/en-ckb/curated-floresdev.spm4k-spm4k.transformer.model1.npz.optimizer.npz
[2026-03-18 01:01:46] Translating validation set...
[2026-03-18 01:01:47] Best translation 0 : ▁ئەم ▁دەست ەو اژ ەیە ▁لە ▁ئاشنا ی ی ▁دێ رین ▁لەگەڵ ▁بێ د - گ س ▁و ەر گیراو ە ، ▁کە ▁مێر وو ەکان ▁بە ▁شێوەیەکی ▁زۆر ▁گونجاو ن ▁بۆ ▁م شە خۆ ری ▁مرۆڤ .
[2026-03-18 01:01:47] Best translation 1 : ▁هێرش بەر ەکانی ▁م ۆم بای ▁لە ▁ڕێگەی ▁بە لە م ەوە ▁گەیشت نە ▁ڕۆمان ی ▁٢ ٦ ی ▁ساڵی ▁ ٢٠٠ ٨ ▁و ▁نار نج ۆک ▁و ▁چە کی ▁ئۆتۆ م اتی کی ▁و ▁چەندین ▁ئامانج یان ▁پێک ا ▁لەوانە ▁قە ڵە ب اڵ غ ی ▁چ تر اپ اتی ▁شی ڤا جی ▁ت ێر مین ۆس ▁وێستگ ەی ▁ش ە مەند ە فەر ی ▁بە ناو بان گ ▁و ▁هۆ تێ لی ▁تا ج ▁مە ح ال .
[2026-03-18 01:01:48] Best translation 2 : ▁ئه ▁م ▁گه ▁ڕان ه ▁له ▁لایه ▁ن ▁هه ▁مان ▁که ▁ش ▁و ▁هه ▁وای ▁خراپ ه ▁وه ▁کۆ سپ ی ▁خ راوه ▁ته ▁به ▁رده ▁م ▁گه ▁ڕان ه ▁وه ▁که ▁بووه ▁مایه ▁ی ▁بێ زار بوونی ▁نیشت نه ▁وه ▁که ▁.
[2026-03-18 01:01:48] Best translation 3 : ▁هه ▁روه ▁ها ▁ماڵپ ه ▁ڕی ▁ئه ▁ی ▁سی ▁ئێم ا ▁بۆ ی ▁ده ▁رک ه ▁وت ▁که ▁سه ▁ره ▁ڕای ▁ئه ▁و ▁گرت ه ▁ڤیدیۆ یه ▁ی ▁له ▁سه ▁ر ▁تۆڕی ▁ئینته ▁رنێت ▁بڵاو بۆ ته ▁وه ▁، ▁برا ▁گه ▁وره ▁که ▁یاسا کانی ▁سان سۆر کردنی ▁ناوه ▁ڕۆک ی ▁ئینته ▁رنێت ی ▁له ▁کاتی ▁هه ▁ڵ نه ▁گیراوه ▁ته ▁وه ▁که ▁ڕاگه ▁یاندن ه ▁کان ▁له ▁ماڵپ ه ▁ڕی ▁برا گە ور ه ▁هه ▁ڵ نه ▁گیراوه ▁.
[2026-03-18 01:01:48] Best translation 4 : ▁سوپای ه ▁کی ▁لاواز تر ▁و ▁هێزی ▁ده ▁ری ایی ▁لاواز تر ی ▁هه ▁بوو ، ▁هه ▁رچ ه ▁نده ▁تازه ▁به ▁ر ▁له ▁ده ▁ست پێ کردنی ▁شه ▁ڕ ، ▁چوار ▁که ▁شتی ▁نوێ یان ▁دروست ▁کردبوو .
[2026-03-18 01:01:48] Best translation 5 : ▁دووه ەم ▁گۆڵی ▁ش ەو ەکە ▁٦ ٠ ی ▁و ەرز ەکەی ▁بوو ، ▁کە ▁بووە ▁یەکەم ▁یاریزان ▁کە ▁٦ ٠ ▁یان ▁زیاتر ▁لە ▁و ەرز ێک ▁لە ▁ساڵی ▁١٩ ٩ ٥ - ٩ ٦ ەوە ▁٦ ٠ ▁گۆڵ ▁تۆمار ▁بکات ، ▁کە ▁ی ە رۆ می ر ▁جا گر ▁و ▁مار ی ۆ ▁لێ می ۆ کس ▁هەر ی ەکەیان ▁گەیشت ە ▁ئەو ▁کەم ترین ▁ئاست ە .
[2026-03-18 01:01:48] Best translation 10 : ▁خوێن ▁له ▁ناو ▁ل وول ه ▁کان ▁دوور ▁ده ▁که ▁وێت ه ▁وه ▁به ▁ناوی ▁خوێن به ▁ره ▁کان ▁و ▁ده ▁گه ▁ڕێت ه ▁وه ▁بۆ ▁دڵ ▁له ▁ناو ▁ل وول ه ▁کاندا ▁که ▁پێی ▁ده ▁گوت رێت ▁ده ▁مار ه ▁کان ، ▁بچوک ترین ▁ل وول ه ▁کان ▁پێی ▁ده ▁گوت رێت ▁کا پ ل ێت .
[2026-03-18 01:01:48] Best translation 20 : ▁سک اف ۆڵ د ▁دەکرێت ▁هەم ▁مە ج ازی ▁و ▁ڕاست ە قی نە ▁بێت ، ▁بە ▁وا تا یەکی ▁تر ، ▁مامۆستا ▁جۆرێک ە ▁لە ▁پەی کەر ە ▁بەڵام ▁لەبەر ▁ئەوە ▁پیاو ە ▁بچووک ی ▁ک اغ ە ز ەکەی ە ▁لە ▁نووسینگ ەی ▁مای ک رۆس ۆف ت .
[2026-03-18 01:01:48] Best translation 40 : ▁خۆپ ـ یش ـ اند انه ▁که ▁ده ▁س ـ تی پ ـ ێ ـ کرد ▁له ▁کاتژمێر ▁ی از ده ▁به ▁کاتی ▁خۆ جێ ی ی ▁ی و ▁تی ▁سی <0x2B> ١ ▁له ▁سه ▁ر ▁ده ▁ره ▁وه ▁ی ▁وا یت اڵ ▁له ▁به ▁رامب ه ▁ر ▁ده ▁ره ▁وه ▁ی ▁پاس ه ▁وانی ▁پ ـ ۆلیس ▁بۆ ▁شه ▁قامی ▁دا ون ینگ ▁که ▁شوێنی ▁فه ▁رمی ▁سه ▁رۆک ▁وه ▁زیری ▁وڵاته ▁که ▁یه ▁.
[2026-03-18 01:01:48] Best translation 80 : ▁نیشان ەکە ▁لە ▁ڕووی ▁جەستە ی یەوە ▁زیانی ▁پێ نە گەی شت ووە ؛ ▁دەست کاری کردن ەکە ▁بە ▁بەکارهێنانی ▁ t ar p ol in s ی ▁ڕە ش ▁کە ▁بە ▁نیشان ەکانی ▁ئارامی ▁و ▁دڵ ▁ڕ از ێن راون ەتەوە ▁بۆ ▁گۆڕینی ▁" <0x4F> " ▁بۆ ▁خوێندن ەوە ی ▁" کە م بوون ەوە " ▁ئەنجام درا .
[2026-03-18 01:01:51] Best translation 160 : ▁خەڵک ▁بە ▁کورسی ▁لێ یان ▁دە دا ▁، ▁بەڵام ▁پ ە نج ەر ەکان ▁بێ ▁پ ە نج ەر ەکان ▁نە ش تەر گەر ی ▁بوون ▁.
[2026-03-18 01:01:54] Best translation 320 : ▁بە دوا دا چوونی ▁نە خ شە کێش انی ▁دەریا ی ی ▁کە شتی ی ەکە ▁لە ▁ڕێگەی ▁بەکارهێنانی ▁R <0x4F> <0x56> ▁دۆزرای ەوە .
[2026-03-18 01:02:00] Best translation 640 : ▁ژاپۆن یه ▁کان ▁نزیکه ▁ی ▁حه ▁وت ▁هه ▁زار ▁دوور گه ▁یان ▁هه ▁یه ▁- ▁گه ▁وره ▁ترین ▁دوور گه ▁ی ▁" ه ون ش و " ـ یان ▁هه ▁یه ▁و ▁.، به ▁مه ▁ش ▁ژاپۆن ▁حه ▁وته ▁مین ▁دوور گه ▁ی ▁له ▁جیهاندا ▁داد ه ▁نێت !
[2026-03-18 01:02:13] Best translation 1280 : ▁پاس ەکان ▁وێستگ ەی ▁پاس ی ▁نێوان ▁قە دە غ ە ▁دەکەن ▁( بە ▁درێژایی ▁ڕۆژ ▁ڕووب ار ەکە ) ▁هەر چ ەند ە ▁زۆربەی ان ▁بە تای بە ت ▁ئەوانەی ▁بەرەو ▁ڕۆژه ەڵات ▁و ▁جا کار / بۆ تان گ ▁دە ڕۆ ن ▁لە ▁نێوان ▁ ٠ ٦ : ٣ ٠ ▁بۆ ▁ ٠ ٧ : ٣ ٠ .
[2026-03-18 01:02:28] Total translation time: 41.24745s
[2026-03-18 01:02:28] Saving model weights and runtime parameters to /workspace/OPUS-MT-train/work/en-ckb/curated-floresdev.spm4k-spm4k.transformer.model1.npz.best-bleu.npz
[2026-03-18 01:02:29] [valid] Ep. 35 : Up. 46000 : bleu : 13.8239 : new best
[2026-03-18 01:02:29] Translating validation set...
[2026-03-18 01:02:30] Best translation 0 : ▁ئەم ▁دەست ەو اژ ەیە ▁لە ▁ئاشنا ی ی ▁دێ رین ▁لەگەڵ ▁بێ د - گ س ▁و ەر گیراو ە ، ▁کە ▁مێر وو ەکان ▁بە ▁شێوەیەکی ▁زۆر ▁گونجاو ن ▁بۆ ▁م شە خۆ ری ▁مرۆڤ .
[2026-03-18 01:02:30] Best translation 1 : ▁هێرش بەر ەکانی ▁م ۆم بای ▁لە ▁ڕێگەی ▁بە لە م ەوە ▁گەیشت نە ▁ڕۆمان ی ▁٢ ٦ ی ▁ساڵی ▁ ٢٠٠ ٨ ▁و ▁نار نج ۆک ▁و ▁چە کی ▁ئۆتۆ م اتی کی ▁و ▁چەندین ▁ئامانج یان ▁پێک ا ▁لەوانە ▁قە ڵە ب اڵ غ ی ▁چ تر اپ اتی ▁شی ڤا جی ▁ت ێر مین ۆس ▁وێستگ ەی ▁ش ە مەند ە فەر ی ▁بە ناو بان گ ▁و ▁هۆ تێ لی ▁تا ج ▁مە ح ال .
[2026-03-18 01:02:30] Best translation 2 : ▁ئه ▁م ▁گه ▁ڕان ه ▁له ▁لایه ▁ن ▁هه ▁مان ▁که ▁ش ▁و ▁هه ▁وای ▁خراپ ه ▁وه ▁کۆ سپ ی ▁خ راوه ▁ته ▁به ▁رده ▁م ▁گه ▁ڕان ه ▁وه ▁که ▁بووه ▁مایه ▁ی ▁بێ زار بوونی ▁نیشت نه ▁وه ▁که ▁.
[2026-03-18 01:02:30] Best translation 3 : ▁هه ▁روه ▁ها ▁ماڵپ ه ▁ڕی ▁ئه ▁ی ▁سی ▁ئێم ا ▁بۆ ی ▁ده ▁رک ه ▁وت ▁که ▁سه ▁ره ▁ڕای ▁ئه ▁و ▁گرت ه ▁ڤیدیۆ یه ▁ی ▁له ▁سه ▁ر ▁تۆڕی ▁ئینته ▁رنێت ▁بڵاو بۆ ته ▁وه ▁، ▁برا ▁گه ▁وره ▁که ▁یاسا کانی ▁سان سۆر کردنی ▁ناوه ▁ڕۆک ی ▁ئینته ▁رنێت ی ▁له ▁کاتی ▁هه ▁ڵ نه ▁گیراوه ▁ته ▁وه ▁که ▁ڕاگه ▁یاندن ه ▁کان ▁له ▁ماڵپ ه ▁ڕی ▁برا گە ور ه ▁هه ▁ڵ نه ▁گیراوه ▁.
[2026-03-18 01:02:30] Best translation 4 : ▁سوپای ه ▁کی ▁لاواز تر ▁و ▁هێزی ▁ده ▁ری ایی ▁لاواز تر ی ▁هه ▁بوو ، ▁هه ▁رچ ه ▁نده ▁تازه ▁به ▁ر ▁له ▁ده ▁ست پێ کردنی ▁شه ▁ڕ ، ▁چوار ▁که ▁شتی ▁نوێ یان ▁دروست ▁کردبوو .
[2026-03-18 01:02:30] Best translation 5 : ▁دووه ەم ▁گۆڵی ▁ش ەو ەکە ▁٦ ٠ ی ▁و ەرز ەکەی ▁بوو ، ▁کە ▁بووە ▁یەکەم ▁یاریزان ▁کە ▁٦ ٠ ▁یان ▁زیاتر ▁لە ▁و ەرز ێک ▁لە ▁ساڵی ▁١٩ ٩ ٥ - ٩ ٦ ەوە ▁٦ ٠ ▁گۆڵ ▁تۆمار ▁بکات ، ▁کە ▁ی ە رۆ می ر ▁جا گر ▁و ▁مار ی ۆ ▁لێ می ۆ کس ▁هەر ی ەکەیان ▁گەیشت ە ▁ئەو ▁کەم ترین ▁ئاست ە .
[2026-03-18 01:02:30] Best translation 10 : ▁خوێن ▁له ▁ناو ▁ل وول ه ▁کان ▁دوور ▁ده ▁که ▁وێت ه ▁وه ▁به ▁ناوی ▁خوێن به ▁ره ▁کان ▁و ▁ده ▁گه ▁ڕێت ه ▁وه ▁بۆ ▁دڵ ▁له ▁ناو ▁ل وول ه ▁کاندا ▁که ▁پێی ▁ده ▁گوت رێت ▁ده ▁مار ه ▁کان ، ▁بچوک ترین ▁ل وول ه ▁کان ▁پێی ▁ده ▁گوت رێت ▁کا پ ل ێت .
[2026-03-18 01:02:30] Best translation 20 : ▁سک اف ۆڵ د ▁دەکرێت ▁هەم ▁مە ج ازی ▁و ▁ڕاست ە قی نە ▁بێت ، ▁بە ▁وا تا یەکی ▁تر ، ▁مامۆستا ▁جۆرێک ە ▁لە ▁پەی کەر ە ▁بەڵام ▁لەبەر ▁ئەوە ▁پیاو ە ▁بچووک ی ▁ک اغ ە ز ەکەی ە ▁لە ▁نووسینگ ەی ▁مای ک رۆس ۆف ت .
[2026-03-18 01:02:30] Best translation 40 : ▁خۆپ ـ یش ـ اند انه ▁که ▁ده ▁س ـ تی پ ـ ێ ـ کرد ▁له ▁کاتژمێر ▁ی از ده ▁به ▁کاتی ▁خۆ جێ ی ی ▁ی و ▁تی ▁سی <0x2B> ١ ▁له ▁سه ▁ر ▁ده ▁ره ▁وه ▁ی ▁وا یت اڵ ▁له ▁به ▁رامب ه ▁ر ▁ده ▁ره ▁وه ▁ی ▁پاس ه ▁وانی ▁پ ـ ۆلیس ▁بۆ ▁شه ▁قامی ▁دا ون ینگ ▁که ▁شوێنی ▁فه ▁رمی ▁سه ▁رۆک ▁وه ▁زیری ▁وڵاته ▁که ▁یه ▁.
[2026-03-18 01:02:31] Best translation 80 : ▁نیشان ەکە ▁لە ▁ڕووی ▁جەستە ی یەوە ▁زیانی ▁پێ نە گەی شت ووە ؛ ▁دەست کاری کردن ەکە ▁بە ▁بەکارهێنانی ▁ t ar p ol in s ی ▁ڕە ش ▁کە ▁بە ▁نیشان ەکانی ▁ئارامی ▁و ▁دڵ ▁ڕ از ێن راون ەتەوە ▁بۆ ▁گۆڕینی ▁" <0x4F> " ▁بۆ ▁خوێندن ەوە ی ▁" کە م بوون ەوە " ▁ئەنجام درا .
[2026-03-18 01:02:34] Best translation 160 : ▁خەڵک ▁بە ▁کورسی ▁لێ یان ▁دە دا ▁، ▁بەڵام ▁پ ە نج ەر ەکان ▁بێ ▁پ ە نج ەر ەکان ▁نە ش تەر گەر ی ▁بوون ▁.
[2026-03-18 01:02:37] Best translation 320 : ▁بە دوا دا چوونی ▁نە خ شە کێش انی ▁دەریا ی ی ▁کە شتی ی ەکە ▁لە ▁ڕێگەی ▁بەکارهێنانی ▁R <0x4F> <0x56> ▁دۆزرای ەوە .
[2026-03-18 01:02:43] Best translation 640 : ▁ژاپۆن یه ▁کان ▁نزیکه ▁ی ▁حه ▁وت ▁هه ▁زار ▁دوور گه ▁یان ▁هه ▁یه ▁- ▁گه ▁وره ▁ترین ▁دوور گه ▁ی ▁" ه ون ش و " ـ یان ▁هه ▁یه ▁و ▁.، به ▁مه ▁ش ▁ژاپۆن ▁حه ▁وته ▁مین ▁دوور گه ▁ی ▁له ▁جیهاندا ▁داد ه ▁نێت !
[2026-03-18 01:02:56] Best translation 1280 : ▁پاس ەکان ▁وێستگ ەی ▁پاس ی ▁نێوان ▁قە دە غ ە ▁دەکەن ▁( بە ▁درێژایی ▁ڕۆژ ▁ڕووب ار ەکە ) ▁هەر چ ەند ە ▁زۆربەی ان ▁بە تای بە ت ▁ئەوانەی ▁بەرەو ▁ڕۆژه ەڵات ▁و ▁جا کار / بۆ تان گ ▁دە ڕۆ ن ▁لە ▁نێوان ▁ ٠ ٦ : ٣ ٠ ▁بۆ ▁ ٠ ٧ : ٣ ٠ .
[2026-03-18 01:03:12] Total translation time: 42.67602s
[2026-03-18 01:03:12] Saving model weights and runtime parameters to /workspace/OPUS-MT-train/work/en-ckb/curated-floresdev.spm4k-spm4k.transformer.model1.npz.best-chrf.npz
[2026-03-18 01:03:13] [valid] Ep. 35 : Up. 46000 : chrf : 44.6231 : new best
[2026-03-18 01:03:15] [valid] Ep. 35 : Up. 46000 : perplexity : 8.68188 : stalled 6 times (last best: 8.65573)
[2026-03-18 01:04:37] Seen 310,206 samples
[2026-03-18 01:04:37] Starting data epoch 36 in logical epoch 36
[2026-03-18 01:06:05] Ep. 36 : Up. 47000 : Sen. 119,847 : Cost 2.14906573 * 13,422,607 @ 10,891 after 631,591,663 : Time 265.94s : 50471.57 words/s : gNorm 0.6206 : L.r. 1.7504e-04
[2026-03-18 01:06:05] Saving model weights and runtime parameters to /workspace/OPUS-MT-train/work/en-ckb/curated-floresdev.spm4k-spm4k.transformer.model1.npz
[2026-03-18 01:06:07] Saving Adam parameters
[2026-03-18 01:06:09] [training] Saving training checkpoint to /workspace/OPUS-MT-train/work/en-ckb/curated-floresdev.spm4k-spm4k.transformer.model1.npz and /workspace/OPUS-MT-train/work/en-ckb/curated-floresdev.spm4k-spm4k.transformer.model1.npz.optimizer.npz
[2026-03-18 01:06:13] Translating validation set...
[2026-03-18 01:06:13] Best translation 0 : ▁ئەم ▁دەست ەو اژ ەیە ▁لە ▁ئاشنا ی ی ▁دێ رین ▁لەگەڵ ▁بێ د - گ س ▁و ەر دە گیر ێت ، ▁کە ▁مێر وو ەکان ▁بە ▁شێوەیەکی ▁زۆر ▁گونجاو ن ▁بۆ ▁م شە خۆ ری ▁مرۆڤ .
[2026-03-18 01:06:13] Best translation 1 : ▁هێرش بەر ەکانی ▁م ۆم بای ▁لە ▁ڕێگەی ▁بە لە م ەوە ▁گەیشت نە ▁نۆڤ ەم بەر ی ▁بیست ▁و ▁شەش ▁ھەزار ▁و ▁ھە شت ▁، ▁نار نج ۆک ▁و ▁چە کی ▁ئۆتۆ م اتی کی ▁و ▁چەندین ▁ئامانج یان ▁پێک ا ▁، ▁لەوانە ▁قە ڵە ب اڵ غ ی ▁چ تر اپ اتی ▁شی ڤا جی ▁تر مین ۆس ▁وێستگ ەی ▁ش ە مەند ە فەر ی ▁بە ناو بان گ ▁و ▁هۆ تێ لی ▁تا ج ▁مە ح ال ▁.
[2026-03-18 01:06:14] Best translation 2 : ▁ئه ▁م ▁گه ▁ڕان ه ▁له ▁لایه ▁ن ▁هه ▁مان ▁که ▁ش ▁و ▁هه ▁وای ▁خراپ ه ▁وه ▁کۆ سپ ی ▁خ راوه ▁ته ▁به ▁رده ▁م ▁که ▁وتنه ▁وه ▁ی ▁ئه ▁و ▁نیشت نه ▁وه ▁له ▁نا کاو ه ▁.
[2026-03-18 01:06:14] Best translation 3 : ▁هه ▁روه ▁ها ▁ماڵپ ه ▁ڕی ▁" ئه ▁ی ▁سی ▁ئێم ا " ▁ئاشکرایکرد ووه ▁، ▁سه ▁ره ▁ڕای ▁ئه ▁و ▁گرت ه ▁ڤیدیۆ ییه ▁ی ▁له ▁سه ▁ر ▁تۆڕی ▁ئینته ▁رنێت ▁بڵاو بۆ ته ▁وه ▁، ▁کۆمپانیای ▁" بر ای ▁گه ▁وره ▁" ▁یاسا کانی ▁سان سۆر کردنی ▁ناوه ▁ڕۆک ی ▁ئینته ▁رنێت ی ▁له ▁کاتی ▁هه ▁ڵ نه ▁گیراوه ▁ته ▁وه ▁که ▁ڕاگه ▁یاندن ه ▁کان ▁له ▁ماڵپ ه ▁ڕی ▁" بی گ ▁برای ه ▁ر " ▁هه ▁ڵ نه ▁گیراوه ▁.
[2026-03-18 01:06:14] Best translation 4 : ▁سوپای ه ▁کی ▁لاواز تر ▁و ▁هێزی ▁ده ▁ری ایی ▁لاواز تر ی ▁هه ▁بوو ، ▁هه ▁رچ ه ▁نده ▁تازه ▁به ▁ر ▁له ▁ده ▁ست پێ کردنی ▁شه ▁ڕ ، ▁چوار ▁که ▁شتی ▁نوێ یان ▁دروست ▁کردبوو .
[2026-03-18 01:06:14] Best translation 5 : ▁دووەم ▁گۆڵی ▁ش ەو ەکە ▁٦ ٠ ەم ین ▁و ەرز ەکەی ▁بوو ، ▁کە ▁بووە ▁یەکەم ▁یاریزان ▁کە ▁٦ ٠ ▁یان ▁زیاتر ▁لە ▁و ەرز ێک ▁لە ▁ساڵی ▁١٩ ٩ ٥ - ٩ ٦ ەوە ▁٦ ٠ ▁گۆڵ ▁تۆمار ▁بکات ، ▁کاتێک ▁جا ڕۆ می ر ▁جا گر ▁و ▁مار ی ۆ ▁لێ می ۆ کس ▁هەر ی ەکەیان ▁گەیشت نە ▁ئەو ▁قۆناغ ە .
[2026-03-18 01:06:14] Best translation 10 : ▁خوێن ▁له ▁ناو ▁ل وول ه ▁کان ▁دوور ▁ده ▁که ▁وێت ه ▁وه ▁به ▁ناوی ▁خوێن به ▁ره ▁کان ▁و ▁ده ▁گه ▁ڕێت ه ▁وه ▁بۆ ▁دڵ ▁له ▁ناو ▁ل وول ه ▁کاندا ▁که ▁پێی ▁ده ▁گوت رێت ▁ده ▁مار ه ▁کان ، ▁بچوک ترین ▁ل وول ه ▁کان ▁پێی ▁ده ▁گوت رێت ▁کا پ ل ێت .
[2026-03-18 01:06:14] Best translation 20 : ▁سک اف ۆڵ د ▁دەکرێت ▁هەم ▁مە ج ازی ▁و ▁ڕاست ە قی نە ▁بێت ، ▁بە ▁وا تا یەکی ▁تر ، ▁مامۆستا ▁جۆرێک ە ▁لە ▁پەی کەر ە دار ▁بەڵام ▁لەبەر ▁ئەوە ▁پیاو ە ▁بچووک ی ▁ک اغ ە ز ەکەی ە ▁لە ▁نووسینگ ەی ▁مای ک رۆس ۆف ت .
[2026-03-18 01:06:14] Best translation 40 : ▁خۆپ ـ یش ـ اند انه ▁که ▁ده ▁س ـ تی پ ـ ێ ـ کرد ▁له ▁کاتژمێر ▁ی از ده ▁به ▁کاتی ▁خۆ جێ ی ی ▁ی و ▁تی ▁سی <0x2B> ١ ▁له ▁سه ▁ر ▁ده ▁ره ▁وه ▁ی ▁واڵ ▁له ▁به ▁رامب ه ▁ر ▁شه ▁قامی ▁دا ون ینگ ▁که ▁شوێنی ▁فه ▁رمی ▁سه ▁رۆک ▁وه ▁زیر ▁بوو .
[2026-03-18 01:06:14] Best translation 80 : ▁نیشان ەکە ▁لە ▁ڕووی ▁جەستە ی یەوە ▁زیانی ▁پێ نە گەی شت ووە ؛ ▁دەست کاری کردن ەکە ▁بە ▁بەکارهێنانی ▁ t ar p ol in s ی ▁ڕە ش ▁کە ▁بە ▁نیشان ەکانی ▁ئارامی ▁و ▁دڵ ▁ڕ از ێن راون ەتەوە ▁بۆ ▁گۆڕینی ▁" <0x4F> " ▁بۆ ▁خوێندن ەوە ی ▁" کە م بوون ەوە " ▁ئەنجام درا .
[2026-03-18 01:06:17] Best translation 160 : ▁خەڵک ▁بە ▁کورسی ▁لێ یان ▁دە دا ▁، ▁بەڵام ▁پ ە نج ەر ەکان ▁بێ ▁پ ە نج ەر ەکان ▁بێ ▁پ ە نج ەر ▁بوون ▁.
[2026-03-18 01:06:20] Best translation 320 : ▁بە دوا دا چوونی ▁نە خ شە سازی ▁دەریا ی ی ▁لە ▁خشت ەکە دا ▁دۆز را وەتەوە ▁بە ▁بەکارهێنانی ▁ئار ▁ئۆ ▁ڤی ▁.
[2026-03-18 01:06:26] Best translation 640 : ▁ژاپۆن یه ▁کان ▁نزیکه ▁ی ▁حه ▁وت ▁هه ▁زار ▁دوور گه ▁یان ▁هه ▁یه ▁- ▁گه ▁وره ▁ترین ▁دوور گه ▁ی ▁" ه ۆن ش و " ـ یان ▁هه ▁یه ▁و ▁.، به ▁مه ▁ش ▁ژاپۆن ▁حه ▁وته ▁مین ▁دوور گه ▁ی ▁له ▁جیهاندا ▁داد ه ▁نێت !
[2026-03-18 01:06:39] Best translation 1280 : ▁پاس ەکان ▁وێستگ ەی ▁پاس ی ▁نێوان ▁قە دە غ ە ▁دەکەن ▁( بە ▁درێژایی ▁ڕۆژ ▁ڕووب ار ەکە ) ▁هەر چ ەند ە ▁زۆربەی ▁ڕۆژ ەکان ▁بە ▁تایبەت ی ▁ئەوانەی ▁بەرەو ▁ڕۆژه ەڵات ▁و ▁جا کار / بۆ تان گ ▁دە ڕۆ ن ▁لە ▁نێوان ▁ ٠ ٦ : ٣ ٠ ▁بۆ ▁ ٠ ٧ : ٣ ٠ .
[2026-03-18 01:06:54] Total translation time: 41.16135s
[2026-03-18 01:06:54] Saving model weights and runtime parameters to /workspace/OPUS-MT-train/work/en-ckb/curated-floresdev.spm4k-spm4k.transformer.model1.npz.best-bleu.npz
[2026-03-18 01:06:55] [valid] Ep. 36 : Up. 47000 : bleu : 13.8916 : new best
[2026-03-18 01:06:55] Translating validation set...
[2026-03-18 01:06:56] Best translation 0 : ▁ئەم ▁دەست ەو اژ ەیە ▁لە ▁ئاشنا ی ی ▁دێ رین ▁لەگەڵ ▁بێ د - گ س ▁و ەر دە گیر ێت ، ▁کە ▁مێر وو ەکان ▁بە ▁شێوەیەکی ▁زۆر ▁گونجاو ن ▁بۆ ▁م شە خۆ ری ▁مرۆڤ .
[2026-03-18 01:06:56] Best translation 1 : ▁هێرش بەر ەکانی ▁م ۆم بای ▁لە ▁ڕێگەی ▁بە لە م ەوە ▁گەیشت نە ▁نۆڤ ەم بەر ی ▁بیست ▁و ▁شەش ▁ھەزار ▁و ▁ھە شت ▁، ▁نار نج ۆک ▁و ▁چە کی ▁ئۆتۆ م اتی کی ▁و ▁چەندین ▁ئامانج یان ▁پێک ا ▁، ▁لەوانە ▁قە ڵە ب اڵ غ ی ▁چ تر اپ اتی ▁شی ڤا جی ▁تر مین ۆس ▁وێستگ ەی ▁ش ە مەند ە فەر ی ▁بە ناو بان گ ▁و ▁هۆ تێ لی ▁تا ج ▁مە ح ال ▁.
[2026-03-18 01:06:56] Best translation 2 : ▁ئه ▁م ▁گه ▁ڕان ه ▁له ▁لایه ▁ن ▁هه ▁مان ▁که ▁ش ▁و ▁هه ▁وای ▁خراپ ه ▁وه ▁کۆ سپ ی ▁خ راوه ▁ته ▁به ▁رده ▁م ▁که ▁وتنه ▁وه ▁ی ▁ئه ▁و ▁نیشت نه ▁وه ▁له ▁نا کاو ه ▁.
[2026-03-18 01:06:56] Best translation 3 : ▁هه ▁روه ▁ها ▁ماڵپ ه ▁ڕی ▁" ئه ▁ی ▁سی ▁ئێم ا " ▁ئاشکرایکرد ووه ▁، ▁سه ▁ره ▁ڕای ▁ئه ▁و ▁گرت ه ▁ڤیدیۆ ییه ▁ی ▁له ▁سه ▁ر ▁تۆڕی ▁ئینته ▁رنێت ▁بڵاو بۆ ته ▁وه ▁، ▁کۆمپانیای ▁" بر ای ▁گه ▁وره ▁" ▁یاسا کانی ▁سان سۆر کردنی ▁ناوه ▁ڕۆک ی ▁ئینته ▁رنێت ی ▁له ▁کاتی ▁هه ▁ڵ نه ▁گیراوه ▁ته ▁وه ▁که ▁ڕاگه ▁یاندن ه ▁کان ▁له ▁ماڵپ ه ▁ڕی ▁" بی گ ▁برای ه ▁ر " ▁هه ▁ڵ نه ▁گیراوه ▁.
[2026-03-18 01:06:56] Best translation 4 : ▁سوپای ه ▁کی ▁لاواز تر ▁و ▁هێزی ▁ده ▁ری ایی ▁لاواز تر ی ▁هه ▁بوو ، ▁هه ▁رچ ه ▁نده ▁تازه ▁به ▁ر ▁له ▁ده ▁ست پێ کردنی ▁شه ▁ڕ ، ▁چوار ▁که ▁شتی ▁نوێ یان ▁دروست ▁کردبوو .
[2026-03-18 01:06:56] Best translation 5 : ▁دووەم ▁گۆڵی ▁ش ەو ەکە ▁٦ ٠ ەم ین ▁و ەرز ەکەی ▁بوو ، ▁کە ▁بووە ▁یەکەم ▁یاریزان ▁کە ▁٦ ٠ ▁یان ▁زیاتر ▁لە ▁و ەرز ێک ▁لە ▁ساڵی ▁١٩ ٩ ٥ - ٩ ٦ ەوە ▁٦ ٠ ▁گۆڵ ▁تۆمار ▁بکات ، ▁کاتێک ▁جا ڕۆ می ر ▁جا گر ▁و ▁مار ی ۆ ▁لێ می ۆ کس ▁هەر ی ەکەیان ▁گەیشت نە ▁ئەو ▁قۆناغ ە .
[2026-03-18 01:06:57] Best translation 10 : ▁خوێن ▁له ▁ناو ▁ل وول ه ▁کان ▁دوور ▁ده ▁که ▁وێت ه ▁وه ▁به ▁ناوی ▁خوێن به ▁ره ▁کان ▁و ▁ده ▁گه ▁ڕێت ه ▁وه ▁بۆ ▁دڵ ▁له ▁ناو ▁ل وول ه ▁کاندا ▁که ▁پێی ▁ده ▁گوت رێت ▁ده ▁مار ه ▁کان ، ▁بچوک ترین ▁ل وول ه ▁کان ▁پێی ▁ده ▁گوت رێت ▁کا پ ل ێت .
[2026-03-18 01:06:57] Best translation 20 : ▁سک اف ۆڵ د ▁دەکرێت ▁هەم ▁مە ج ازی ▁و ▁ڕاست ە قی نە ▁بێت ، ▁بە ▁وا تا یەکی ▁تر ، ▁مامۆستا ▁جۆرێک ە ▁لە ▁پەی کەر ە دار ▁بەڵام ▁لەبەر ▁ئەوە ▁پیاو ە ▁بچووک ی ▁ک اغ ە ز ەکەی ە ▁لە ▁نووسینگ ەی ▁مای ک رۆس ۆف ت .
[2026-03-18 01:06:57] Best translation 40 : ▁خۆپ ـ یش ـ اند انه ▁که ▁ده ▁س ـ تی پ ـ ێ ـ کرد ▁له ▁کاتژمێر ▁ی از ده ▁به ▁کاتی ▁خۆ جێ ی ی ▁ی و ▁تی ▁سی <0x2B> ١ ▁له ▁سه ▁ر ▁ده ▁ره ▁وه ▁ی ▁واڵ ▁له ▁به ▁رامب ه ▁ر ▁شه ▁قامی ▁دا ون ینگ ▁که ▁شوێنی ▁فه ▁رمی ▁سه ▁رۆک ▁وه ▁زیر ▁بوو .
[2026-03-18 01:06:57] Best translation 80 : ▁نیشان ەکە ▁لە ▁ڕووی ▁جەستە ی یەوە ▁زیانی ▁پێ نە گەی شت ووە ؛ ▁دەست کاری کردن ەکە ▁بە ▁بەکارهێنانی ▁ t ar p ol in s ی ▁ڕە ش ▁کە ▁بە ▁نیشان ەکانی ▁ئارامی ▁و ▁دڵ ▁ڕ از ێن راون ەتەوە ▁بۆ ▁گۆڕینی ▁" <0x4F> " ▁بۆ ▁خوێندن ەوە ی ▁" کە م بوون ەوە " ▁ئەنجام درا .
[2026-03-18 01:07:00] Best translation 160 : ▁خەڵک ▁بە ▁کورسی ▁لێ یان ▁دە دا ▁، ▁بەڵام ▁پ ە نج ەر ەکان ▁بێ ▁پ ە نج ەر ەکان ▁بێ ▁پ ە نج ەر ▁بوون ▁.
[2026-03-18 01:07:03] Best translation 320 : ▁بە دوا دا چوونی ▁نە خ شە سازی ▁دەریا ی ی ▁لە ▁خشت ەکە دا ▁دۆز را وەتەوە ▁بە ▁بەکارهێنانی ▁ئار ▁ئۆ ▁ڤی ▁.
[2026-03-18 01:07:09] Best translation 640 : ▁ژاپۆن یه ▁کان ▁نزیکه ▁ی ▁حه ▁وت ▁هه ▁زار ▁دوور گه ▁یان ▁هه ▁یه ▁- ▁گه ▁وره ▁ترین ▁دوور گه ▁ی ▁" ه ۆن ش و " ـ یان ▁هه ▁یه ▁و ▁.، به ▁مه ▁ش ▁ژاپۆن ▁حه ▁وته ▁مین ▁دوور گه ▁ی ▁له ▁جیهاندا ▁داد ه ▁نێت !
[2026-03-18 01:07:22] Best translation 1280 : ▁پاس ەکان ▁وێستگ ەی ▁پاس ی ▁نێوان ▁قە دە غ ە ▁دەکەن ▁( بە ▁درێژایی ▁ڕۆژ ▁ڕووب ار ەکە ) ▁هەر چ ەند ە ▁زۆربەی ▁ڕۆژ ەکان ▁بە ▁تایبەت ی ▁ئەوانەی ▁بەرەو ▁ڕۆژه ەڵات ▁و ▁جا کار / بۆ تان گ ▁دە ڕۆ ن ▁لە ▁نێوان ▁ ٠ ٦ : ٣ ٠ ▁بۆ ▁ ٠ ٧ : ٣ ٠ .
[2026-03-18 01:07:37] Total translation time: 42.09888s
[2026-03-18 01:07:37] Saving model weights and runtime parameters to /workspace/OPUS-MT-train/work/en-ckb/curated-floresdev.spm4k-spm4k.transformer.model1.npz.best-chrf.npz
[2026-03-18 01:07:38] [valid] Ep. 36 : Up. 47000 : chrf : 44.7754 : new best
[2026-03-18 01:07:40] [valid] Ep. 36 : Up. 47000 : perplexity : 8.68936 : stalled 7 times (last best: 8.65573)
[2026-03-18 01:09:58] Seen 310,206 samples
[2026-03-18 01:09:58] Starting data epoch 37 in logical epoch 37
[2026-03-18 01:10:31] Ep. 37 : Up. 48000 : Sen. 44,451 : Cost 2.14031482 * 13,459,772 @ 14,865 after 645,051,435 : Time 265.51s : 50694.40 words/s : gNorm 0.6111 : L.r. 1.7321e-04
[2026-03-18 01:10:31] Saving model weights and runtime parameters to /workspace/OPUS-MT-train/work/en-ckb/curated-floresdev.spm4k-spm4k.transformer.model1.npz
[2026-03-18 01:10:32] Saving Adam parameters
[2026-03-18 01:10:34] [training] Saving training checkpoint to /workspace/OPUS-MT-train/work/en-ckb/curated-floresdev.spm4k-spm4k.transformer.model1.npz and /workspace/OPUS-MT-train/work/en-ckb/curated-floresdev.spm4k-spm4k.transformer.model1.npz.optimizer.npz
[2026-03-18 01:10:38] Translating validation set...
[2026-03-18 01:10:39] Best translation 0 : ▁ئەم ▁دەست ەو اژ ەیە ▁لە ▁ئاشنا ی ی ▁دێ رین ▁لەگەڵ ▁بێ د - گ س ▁و ەر دە گیر ێت ، ▁کە ▁مێر وو ەکان ▁بە ▁شێوەیەکی ▁زۆر ▁گونجاو ن ▁بۆ ▁م شە خۆ ری ▁مرۆڤ .
[2026-03-18 01:10:39] Best translation 1 : ▁هێرش بەر ەکانی ▁م ۆم بای ▁گەیشت نە ▁ڕێگەی ▁بە لە م ▁لە ▁2 6 ی ▁تشرین ی ▁دووەمی ▁20 0 8 ▁و ▁نار نج ۆک ▁و ▁چە کی ▁ئۆتۆ م اتی کی ▁و ▁چەندین ▁ئامانج یان ▁لە خۆ گرت بوو ▁لەنێو یاندا ▁خەڵکی ▁چ تر اپ اتی ▁شی ڤا جی ▁ت ێر مین ۆس ▁و ▁وێستگ ەی ▁ش ە مەند ە فەر ی ▁بە ناو بان گی ▁تا ج ▁مە ح ال .
[2026-03-18 01:10:39] Best translation 2 : ▁ئه ▁م ▁گه ▁ڕان ه ▁له ▁لایه ▁ن ▁هه ▁مان ▁که ▁ش ▁و ▁هه ▁وای ▁خراپ ه ▁وه ▁کۆ سپ ی ▁خ راوه ▁ته ▁به ▁ر ▁که ▁بووه ▁ته ▁هۆی ▁بێ زار بوونی ▁نیشت نه ▁وه ▁که ▁.
[2026-03-18 01:10:39] Best translation 3 : ▁هه ▁روه ▁ها ▁ئه ▁ی ▁سی ▁ئێم ا ▁ئه ▁وه ▁شی ▁ئاشکرا کرد ، ▁سه ▁ره ▁ر ِ ای ▁ئه ▁و ▁گرت ه ▁ڤیدیۆ ییه ▁ی ▁له ▁سه ▁ر ▁تۆر ِ ی ▁ئینته ▁رنێت ▁بڵاو بۆ ته ▁وه ▁، ▁برا ▁گه ▁وره ▁که ▁یاسا کانی ▁سان سۆر کردنی ▁ناوه ▁ر ِ ۆکی ▁ئێن ته ▁رنێت ی ▁له ▁کاتی ▁ئه ▁وه ▁ی ▁ڕاگه ▁یاندن ▁له ▁ماڵپ ه ▁ر ِ ی ▁" بر ای ▁گه ▁وره ▁" ▁نه ▁هه ▁ڵ نه ▁گیراوه ▁ته ▁وه ▁.
[2026-03-18 01:10:39] Best translation 4 : ▁سوپای ه ▁کی ▁لاواز تر ▁و ▁هێزی ▁ده ▁ری ایی ▁لاواز تر ی ▁هه ▁بوو ، ▁هه ▁رچ ه ▁نده ▁تازه ▁به ▁ر ▁له ▁ده ▁ست پێ کردنی ▁شه ▁ڕ ، ▁چوار ▁که ▁شتی ▁نوێ یان ▁دروست ▁کردبوو .
[2026-03-18 01:10:39] Best translation 5 : ▁دووه ▁م ▁گۆڵی ▁ئه ▁و ▁شه ▁و ▁بریتی ▁بوو ▁له ▁شه ▁سته ▁مین ▁گۆڵی ▁له ▁و ▁وه ▁رزه ▁، ▁به ▁مه ▁ش ▁بووه ▁یه ▁که ▁م ▁یاریزان ▁له ▁وه ▁رز ێک ▁له ▁ساڵی ▁١٩ ٩ ٥ - ٩ ٦ ه ▁وه ▁٦ ٠ ▁گۆڵ ▁یان ▁زیاتر ▁تۆمار ▁بکات ، ▁کاتێک ▁هه ▁ری ه ▁که ▁له ▁یاریزانان ▁یا رۆ می ر ▁جا گر ▁و ▁مار ی ۆ ▁لێ می ۆ کس ▁هه ▁ری ه ▁که ▁یان ▁گه ▁یشتن ه ▁ئه ▁و ▁قۆناغ ه ▁.
[2026-03-18 01:10:39] Best translation 10 : ▁خوێن ▁له ▁ناو ▁ل وول ه ▁کاندا ▁له ▁دڵ ▁دوور ▁ده ▁که ▁وێت ه ▁وه ▁به ▁ناوی ▁خوێن به ▁ره ▁کان ه ▁وه ▁و ▁.، له ▁بۆ ری یه ▁کاندا ▁دێت ه ▁وه ▁ناو ▁دڵ ه ▁وه ▁که ▁پێی ▁ده ▁گوت رێ ▁ده ▁مار ه ▁کان ، ▁بچوک ترین ▁ل وول ه ▁کان ▁به ▁کا پ ل ێت ▁ناو ده ▁بر ێن .
[2026-03-18 01:10:39] Best translation 20 : ▁سک اف ۆڵ د ▁دەکرێت ▁هەم ▁مە ج ازی ▁و ▁ڕاست ە قی نە ▁بێت ، ▁بە ▁وا تا یەکی ▁تر ، ▁مامۆستا ▁جۆرێک ە ▁لە ▁پەی کەر ە دار ▁بەڵام ▁لەبەر ▁ئەوە ▁پیاو ە ▁بچووک ی ▁ک اغ ە ز ەکەی ە ▁لە ▁نووسینگ ەی ▁مای ک رۆس ۆف ت .
[2026-03-18 01:10:39] Best translation 40 : ▁خۆپ ـ یش ـ اند انه ▁که ▁ده ▁س ـ تی پ ـ ێ ـ کرد ▁له ▁کاتژمێر ▁ی از ده ▁به ▁کاتی ▁خۆ جێ ی ی ▁ی و ▁تی ▁سی <0x2B> ١ ▁له ▁سه ▁ر ▁ده ▁ره ▁وه ▁ی ▁وا یت اڵ ▁له ▁به ▁رامب ه ▁ر ▁ئه ▁و ▁ده ▁ره ▁کی ـ یه ▁ی ▁پ ـ ۆلیس ▁پاس ه ▁وانی ▁ده ▁بێت ▁بۆ ▁شه ▁قامی ▁دا ون ینگ ▁که ▁شوێنی ▁فه ▁رمی ▁سه ▁رۆک ▁وه ▁زیران ه ▁.
[2026-03-18 01:10:40] Best translation 80 : ▁نیشان ەکە ▁لە ▁ڕووی ▁جەستە ی یەوە ▁زیانی ▁پێ نە گەی شت ووە ؛ ▁دەست کاری کردن ەکە ▁بە ▁بەکارهێنانی ▁ t ar p ol in s ی ▁ڕە ش ▁کە ▁بە ▁نیشان ەکانی ▁ئاشتی ▁و ▁دڵ ▁ڕ از ێن راون ەتەوە ▁بۆ ▁گۆڕینی ▁" <0x4F> " ▁بۆ ▁خوێندن ەوە ی ▁" کە م بوون ەوە " ▁ئەنجام درا .
[2026-03-18 01:10:42] Best translation 160 : ▁خەڵک ▁بە ▁کورسی ▁لێ یان ▁دە دا ▁، ▁بەڵام ▁پ ە نج ەر ەکان ▁بێ ▁پ ە نج ەرە ▁بوون ▁.
[2026-03-18 01:10:46] Best translation 320 : ▁بە دوا دا چوونی ▁نە خ شە سازی ▁دەریا ی ی ▁لە ▁خشت ەکە دا ▁دۆز را وەتەوە ▁بە ▁بەکارهێنانی ▁ئار ▁ئۆ ▁ڤی ▁.
[2026-03-18 01:10:52] Best translation 640 : ▁ژاپۆن یه ▁کان ▁نزیکه ▁ی ▁حه ▁وت ▁هه ▁زار ▁دوور گه ▁یان ▁هه ▁یه ▁- ▁گه ▁وره ▁ترین ▁دوور گه ▁ی ▁" ه ۆن ش و " ـ یان ▁هه ▁یه ▁، ▁به ▁مه ▁ش ▁ژاپۆن ▁حه ▁وته ▁مین ▁د وڕ گه ▁ی ▁گه ▁وره ▁ی ▁له ▁جیهاندا ▁هه ▁یه ▁ !
[2026-03-18 01:11:04] Best translation 1280 : ▁پاس ەکان ▁وێستگ ەی ▁پاس ی ▁نێوان ▁قە دە غ ە ▁دەکەن ▁( بە ▁درێژایی ▁ڕۆژ ▁ڕووب ار ەکە ) ▁هەر چ ەند ە ▁زۆربەی ▁ڕۆژ ەکان ▁بە ▁تایبەت ی ▁ئەوانەی ▁بەرەو ▁ڕۆژه ەڵات ▁و ▁جا کار / بۆ تان گ ▁لە ▁نێوان ▁ ٠ ٦ : ٣ ٠ ▁بۆ ▁ ٠ ٧ : ٣ ٠ ) ▁دە ڕۆ ن .
[2026-03-18 01:11:18] Total translation time: 40.63705s
[2026-03-18 01:11:18] Saving model weights and runtime parameters to /workspace/OPUS-MT-train/work/en-ckb/curated-floresdev.spm4k-spm4k.transformer.model1.npz.best-bleu.npz
[2026-03-18 01:11:20] [valid] Ep. 37 : Up. 48000 : bleu : 13.9146 : new best
[2026-03-18 01:11:20] Translating validation set...
[2026-03-18 01:11:20] Best translation 0 : ▁ئەم ▁دەست ەو اژ ەیە ▁لە ▁ئاشنا ی ی ▁دێ رین ▁لەگەڵ ▁بێ د - گ س ▁و ەر دە گیر ێت ، ▁کە ▁مێر وو ەکان ▁بە ▁شێوەیەکی ▁زۆر ▁گونجاو ن ▁بۆ ▁م شە خۆ ری ▁مرۆڤ .
[2026-03-18 01:11:20] Best translation 1 : ▁هێرش بەر ەکانی ▁م ۆم بای ▁گەیشت نە ▁ڕێگەی ▁بە لە م ▁لە ▁2 6 ی ▁تشرین ی ▁دووەمی ▁20 0 8 ▁و ▁نار نج ۆک ▁و ▁چە کی ▁ئۆتۆ م اتی کی ▁و ▁چەندین ▁ئامانج یان ▁لە خۆ گرت بوو ▁لەنێو یاندا ▁خەڵکی ▁چ تر اپ اتی ▁شی ڤا جی ▁ت ێر مین ۆس ▁و ▁وێستگ ەی ▁ش ە مەند ە فەر ی ▁بە ناو بان گی ▁تا ج ▁مە ح ال .
[2026-03-18 01:11:21] Best translation 2 : ▁ئه ▁م ▁گه ▁ڕان ه ▁له ▁لایه ▁ن ▁هه ▁مان ▁که ▁ش ▁و ▁هه ▁وای ▁خراپ ه ▁وه ▁کۆ سپ ی ▁خ راوه ▁ته ▁به ▁ر ▁که ▁بووه ▁ته ▁هۆی ▁بێ زار بوونی ▁نیشت نه ▁وه ▁که ▁.
[2026-03-18 01:11:21] Best translation 3 : ▁هه ▁روه ▁ها ▁ئه ▁ی ▁سی ▁ئێم ا ▁ئه ▁وه ▁شی ▁ئاشکرا کرد ، ▁سه ▁ره ▁ر ِ ای ▁ئه ▁و ▁گرت ه ▁ڤیدیۆ ییه ▁ی ▁له ▁سه ▁ر ▁تۆر ِ ی ▁ئینته ▁رنێت ▁بڵاو بۆ ته ▁وه ▁، ▁برا ▁گه ▁وره ▁که ▁یاسا کانی ▁سان سۆر کردنی ▁ناوه ▁ر ِ ۆکی ▁ئێن ته ▁رنێت ی ▁له ▁کاتی ▁ئه ▁وه ▁ی ▁ڕاگه ▁یاندن ▁له ▁ماڵپ ه ▁ر ِ ی ▁" بر ای ▁گه ▁وره ▁" ▁نه ▁هه ▁ڵ نه ▁گیراوه ▁ته ▁وه ▁.
[2026-03-18 01:11:21] Best translation 4 : ▁سوپای ه ▁کی ▁لاواز تر ▁و ▁هێزی ▁ده ▁ری ایی ▁لاواز تر ی ▁هه ▁بوو ، ▁هه ▁رچ ه ▁نده ▁تازه ▁به ▁ر ▁له ▁ده ▁ست پێ کردنی ▁شه ▁ڕ ، ▁چوار ▁که ▁شتی ▁نوێ یان ▁دروست ▁کردبوو .
[2026-03-18 01:11:21] Best translation 5 : ▁دووه ▁م ▁گۆڵی ▁ئه ▁و ▁شه ▁و ▁بریتی ▁بوو ▁له ▁شه ▁سته ▁مین ▁گۆڵی ▁له ▁و ▁وه ▁رزه ▁، ▁به ▁مه ▁ش ▁بووه ▁یه ▁که ▁م ▁یاریزان ▁له ▁وه ▁رز ێک ▁له ▁ساڵی ▁١٩ ٩ ٥ - ٩ ٦ ه ▁وه ▁٦ ٠ ▁گۆڵ ▁یان ▁زیاتر ▁تۆمار ▁بکات ، ▁کاتێک ▁هه ▁ری ه ▁که ▁له ▁یاریزانان ▁یا رۆ می ر ▁جا گر ▁و ▁مار ی ۆ ▁لێ می ۆ کس ▁هه ▁ری ه ▁که ▁یان ▁گه ▁یشتن ه ▁ئه ▁و ▁قۆناغ ه ▁.
[2026-03-18 01:11:21] Best translation 10 : ▁خوێن ▁له ▁ناو ▁ل وول ه ▁کاندا ▁له ▁دڵ ▁دوور ▁ده ▁که ▁وێت ه ▁وه ▁به ▁ناوی ▁خوێن به ▁ره ▁کان ه ▁وه ▁و ▁.، له ▁بۆ ری یه ▁کاندا ▁دێت ه ▁وه ▁ناو ▁دڵ ه ▁وه ▁که ▁پێی ▁ده ▁گوت رێ ▁ده ▁مار ه ▁کان ، ▁بچوک ترین ▁ل وول ه ▁کان ▁به ▁کا پ ل ێت ▁ناو ده ▁بر ێن .
[2026-03-18 01:11:21] Best translation 20 : ▁سک اف ۆڵ د ▁دەکرێت ▁هەم ▁مە ج ازی ▁و ▁ڕاست ە قی نە ▁بێت ، ▁بە ▁وا تا یەکی ▁تر ، ▁مامۆستا ▁جۆرێک ە ▁لە ▁پەی کەر ە دار ▁بەڵام ▁لەبەر ▁ئەوە ▁پیاو ە ▁بچووک ی ▁ک اغ ە ز ەکەی ە ▁لە ▁نووسینگ ەی ▁مای ک رۆس ۆف ت .
[2026-03-18 01:11:21] Best translation 40 : ▁خۆپ ـ یش ـ اند انه ▁که ▁ده ▁س ـ تی پ ـ ێ ـ کرد ▁له ▁کاتژمێر ▁ی از ده ▁به ▁کاتی ▁خۆ جێ ی ی ▁ی و ▁تی ▁سی <0x2B> ١ ▁له ▁سه ▁ر ▁ده ▁ره ▁وه ▁ی ▁وا یت اڵ ▁له ▁به ▁رامب ه ▁ر ▁ئه ▁و ▁ده ▁ره ▁کی ـ یه ▁ی ▁پ ـ ۆلیس ▁پاس ه ▁وانی ▁ده ▁بێت ▁بۆ ▁شه ▁قامی ▁دا ون ینگ ▁که ▁شوێنی ▁فه ▁رمی ▁سه ▁رۆک ▁وه ▁زیران ه ▁.
[2026-03-18 01:11:22] Best translation 80 : ▁نیشان ەکە ▁لە ▁ڕووی ▁جەستە ی یەوە ▁زیانی ▁پێ نە گەی شت ووە ؛ ▁دەست کاری کردن ەکە ▁بە ▁بەکارهێنانی ▁ t ar p ol in s ی ▁ڕە ش ▁کە ▁بە ▁نیشان ەکانی ▁ئاشتی ▁و ▁دڵ ▁ڕ از ێن راون ەتەوە ▁بۆ ▁گۆڕینی ▁" <0x4F> " ▁بۆ ▁خوێندن ەوە ی ▁" کە م بوون ەوە " ▁ئەنجام درا .
[2026-03-18 01:11:24] Best translation 160 : ▁خەڵک ▁بە ▁کورسی ▁لێ یان ▁دە دا ▁، ▁بەڵام ▁پ ە نج ەر ەکان ▁بێ ▁پ ە نج ەرە ▁بوون ▁.
[2026-03-18 01:11:28] Best translation 320 : ▁بە دوا دا چوونی ▁نە خ شە سازی ▁دەریا ی ی ▁لە ▁خشت ەکە دا ▁دۆز را وەتەوە ▁بە ▁بەکارهێنانی ▁ئار ▁ئۆ ▁ڤی ▁.
[2026-03-18 01:11:34] Best translation 640 : ▁ژاپۆن یه ▁کان ▁نزیکه ▁ی ▁حه ▁وت ▁هه ▁زار ▁دوور گه ▁یان ▁هه ▁یه ▁- ▁گه ▁وره ▁ترین ▁دوور گه ▁ی ▁" ه ۆن ش و " ـ یان ▁هه ▁یه ▁، ▁به ▁مه ▁ش ▁ژاپۆن ▁حه ▁وته ▁مین ▁د وڕ گه ▁ی ▁گه ▁وره ▁ی ▁له ▁جیهاندا ▁هه ▁یه ▁ !
[2026-03-18 01:11:47] Best translation 1280 : ▁پاس ەکان ▁وێستگ ەی ▁پاس ی ▁نێوان ▁قە دە غ ە ▁دەکەن ▁( بە ▁درێژایی ▁ڕۆژ ▁ڕووب ار ەکە ) ▁هەر چ ەند ە ▁زۆربەی ▁ڕۆژ ەکان ▁بە ▁تایبەت ی ▁ئەوانەی ▁بەرەو ▁ڕۆژه ەڵات ▁و ▁جا کار / بۆ تان گ ▁لە ▁نێوان ▁ ٠ ٦ : ٣ ٠ ▁بۆ ▁ ٠ ٧ : ٣ ٠ ) ▁دە ڕۆ ن .
[2026-03-18 01:12:02] Total translation time: 41.93267s
[2026-03-18 01:12:02] [valid] Ep. 37 : Up. 48000 : chrf : 44.7653 : stalled 1 times (last best: 44.7754)
[2026-03-18 01:12:03] [valid] Ep. 37 : Up. 48000 : perplexity : 8.70269 : stalled 8 times (last best: 8.65573)
[2026-03-18 01:14:54] Ep. 37 : Up. 49000 : Sen. 276,223 : Cost 2.13510370 * 13,471,798 @ 9,045 after 658,523,233 : Time 263.12s : 51200.57 words/s : gNorm 0.6086 : L.r. 1.7143e-04
[2026-03-18 01:14:54] Saving model weights and runtime parameters to /workspace/OPUS-MT-train/work/en-ckb/curated-floresdev.spm4k-spm4k.transformer.model1.npz
[2026-03-18 01:14:56] Saving Adam parameters
[2026-03-18 01:14:58] [training] Saving training checkpoint to /workspace/OPUS-MT-train/work/en-ckb/curated-floresdev.spm4k-spm4k.transformer.model1.npz and /workspace/OPUS-MT-train/work/en-ckb/curated-floresdev.spm4k-spm4k.transformer.model1.npz.optimizer.npz
[2026-03-18 01:15:01] Translating validation set...
[2026-03-18 01:15:02] Best translation 0 : ▁ئەم ▁زار اوە یە ▁لە ▁ئاشنا ی ی ▁کۆن ▁و ەر گیراو ە ▁لەگەڵ ▁بێ د - گ س ، ▁کە ▁مێر وو ەکان ▁بە ▁شێوەیەکی ▁زۆر ▁گونجاو ن ▁بۆ ▁م شە خۆ ری ▁مرۆڤ .
[2026-03-18 01:15:02] Best translation 1 : ▁هێرش بەر ەکانی ▁م ۆم بای ▁لە ▁٢ ٦ ی ▁تشرین ی ▁دووەمی ▁ ٢٠٠ ٨ دا ▁گەیشت نە ▁بە لە م ەکە ▁و ▁نار نج ۆک ▁و ▁چە کی ▁ئۆتۆ م اتی کی ▁و ▁چەندین ▁ئامانج یان ▁لە خۆ گرت بوو ▁لەنێو یاندا ▁جە ماو ەر ەکەی ▁چ تر اپ اتی ▁شی ڤا جی ▁ت ێر مین ۆس ▁و ▁وێستگ ەی ▁ش ە مەند ە فەر ی ▁بە ناو بان گی ▁هۆ تێ لی ▁تا ج ▁مە ح ال .
[2026-03-18 01:15:02] Best translation 2 : ▁ئه ▁م ▁گه ▁ڕان ه ▁له ▁لایه ▁ن ▁هه ▁مان ▁که ▁ش ▁و ▁هه ▁وای ▁خراپ ه ▁وه ▁کۆ سپ ی ▁خ راوه ▁ته ▁به ▁رده ▁م ▁ئه ▁م ▁گه ▁ڕان ه ▁ی ▁که ▁بۆ ته ▁مایه ▁ی ▁بێ زار بوونی ▁نیشت نه ▁وه ▁که ▁.
[2026-03-18 01:15:02] Best translation 3 : ▁هه ▁روه ▁ها ▁ئه ▁ی ▁سی ▁ئێم ا ▁بۆ ی ▁ده ▁رک ه ▁وت ▁که ▁سه ▁ره ▁ڕای ▁ئه ▁و ▁گرت ه ▁ڤیدیۆ یه ▁ی ▁له ▁سه ▁ر ▁تۆڕی ▁ئینته ▁رنێت ▁بڵاو بۆ ته ▁وه ▁، ▁برا ▁گه ▁وره ▁که ▁یاسا کانی ▁سان سۆر کردنی ▁ناوه ▁ڕۆک ی ▁ئینته ▁رنێت ی ▁له ▁کاتی ▁ئه ▁وه ▁ی ▁ڕاگه ▁یاندن ه ▁کان ▁له ▁سه ▁ر ▁ماڵپ ه ▁ڕی ▁برای ه ▁تی ▁نه ▁هه ▁ڵ نه ▁گیراوه ▁ته ▁وه ▁.
[2026-03-18 01:15:02] Best translation 4 : ▁سوپای ه ▁کی ▁لاواز تر ▁و ▁هێزی ▁ده ▁ری ایی ▁لاواز تر ی ▁هه ▁بوو ، ▁هه ▁رچ ه ▁نده ▁تازه ▁به ▁ر ▁له ▁ده ▁ست پێ کردنی ▁شه ▁ڕ ، ▁چوار ▁که ▁شتی ▁نوێ یان ▁دروست ▁کردبوو .
[2026-03-18 01:15:02] Best translation 5 : ▁دووه ▁م ▁گۆڵی ▁ئه ▁و ▁شه ▁و ▁بریتی ▁بوو ▁له ▁شه ▁سته ▁مین ▁گۆڵی ▁له ▁و ▁وه ▁رزه ▁، ▁که ▁بووه ▁یه ▁که ▁م ▁یاریزان ▁له ▁وه ▁رز ێک ▁له ▁ساڵی ▁١٩ ٩ ٥ - ٩ ٦ ه ▁وه ▁٦ ٠ ▁گۆڵ ▁یان ▁زیاتر ▁تۆمار ▁بکات ، ▁کاتێک ▁هه ▁ری ه ▁که ▁له ▁یاریزانان ▁یا رۆ می ر ▁جا گر ▁و ▁مار ی ۆ ▁لێ می ۆ کس ▁هه ▁ری ه ▁که ▁یان ▁گه ▁یشتن ه ▁ئه ▁و ▁قۆناغ ه ▁.
[2026-03-18 01:15:02] Best translation 10 : ▁خوێن ▁له ▁ناو ▁ل وول ه ▁کاندا ▁له ▁دڵ ▁دوور ▁ده ▁که ▁وێت ه ▁وه ▁به ▁ناوی ▁خوێن به ▁ره ▁کان ه ▁وه ▁و ▁.، له ▁بۆ ری یه ▁کاندا ▁دێت ه ▁وه ▁ناو ▁دڵ ه ▁وه ▁که ▁پێی ▁ده ▁گوت رێ ▁ده ▁مار ه ▁کان ، ▁بچوک ترین ▁ل وول ه ▁کان ▁به ▁کا پ ل ێت ▁ناو ده ▁بر ێن .
[2026-03-18 01:15:02] Best translation 20 : ▁سک اف ۆڵ د ▁دەکرێت ▁هەم ▁مە ج ازی ▁و ▁ڕاست ە قی نە ▁بێت ، ▁بە ▁وا تا یەکی ▁تر ، ▁مامۆستا ▁جۆرێک ە ▁لە ▁پەی کەر ە دار ▁بەڵام ▁لەبەر ▁ئەوە ▁پیاو ە ▁بچووک ی ▁ک اغ ە ز ەکەی ە ▁لە ▁نووسینگ ەی ▁مای ک رۆس ۆف ت .
[2026-03-18 01:15:02] Best translation 40 : ▁خۆپ ـ یش ـ اند انه ▁که ▁ده ▁س ـ تی پ ـ ێ ـ کرد ▁له ▁کاتژمێر ▁ی از ده ▁به ▁کاتی ▁خۆ جێ ی ی ▁ی و ▁تی ▁سی <0x2B> ١ ▁له ▁سه ▁ر ▁ده ▁ره ▁وه ▁ی ▁وا یت اڵ ▁له ▁به ▁رامب ه ▁ر ▁ئه ▁و ▁ده ▁ره ▁کی ـ یه ▁ی ▁پ ـ ۆلیس ی ▁پاس ه ▁وانه ▁بۆ ▁شه ▁قامی ▁دا ون ینگ ▁که ▁شوێنی ▁فه ▁رمی ▁سه ▁رۆک ▁وه ▁زیری ▁وڵاته ▁که ▁یه ▁.
[2026-03-18 01:15:03] Best translation 80 : ▁نیشان ەکە ▁لە ▁ڕووی ▁جەستە ی یەوە ▁زیانی ▁پێ نە گەی شت ووە ؛ ▁دەست کاری کردن ەکە ▁بە ▁بەکارهێنانی ▁ t ar p ol in s ی ▁ڕە ش ▁کە ▁بە ▁نیشان ەکانی ▁ئاشتی ▁و ▁دڵ ▁ڕ از ێن راون ەتەوە ▁بۆ ▁گۆڕینی ▁" <0x4F> " ▁بۆ ▁خوێندن ەوە ی ▁" کە م بوون ەوە " ▁ئەنجام درا .
[2026-03-18 01:15:06] Best translation 160 : ▁خەڵک ▁بە ▁کورسی ▁لێ یان ▁دە دا ▁، ▁بەڵام ▁پ ە نج ەر ەکان ▁بێ ▁پ ە نج ەرە ▁بوون ▁.
[2026-03-18 01:15:09] Best translation 320 : ▁بە دوا دا چوونی ▁نە خ شە کێش انی ▁دەریا ی ی ▁کە شتی ی ەکە ▁لە ▁جۆری ▁R <0x4F> <0x56> ▁دۆز را وەتەوە ▁بە ▁بەکارهێنانی ▁ئامێری ▁R <0x4F> <0x56> .
[2026-03-18 01:15:15] Best translation 640 : ▁ژاپۆن یه ▁کان ▁نزیکه ▁ی ▁حه ▁وت ▁هه ▁زار ▁دوور گه ▁یان ▁هه ▁یه ▁- ▁گه ▁وره ▁ترین ▁دوور گه ▁ی ▁" ه ۆن ش و " ـ یان ▁هه ▁یه ▁و ▁.، به ▁مه ▁ش ▁ژاپۆن ▁حه ▁وته ▁مین ▁دوور گه ▁ی ▁له ▁جیهاندا ▁داد ه ▁نێت !
[2026-03-18 01:15:27] Best translation 1280 : ▁پاس ەکان ▁وێستگ ەی ▁پاس ی ▁نێوان ▁قە دە غ ە ▁دەکەن ▁( بە ▁درێژایی ▁ڕۆژ ▁ڕووب ار ەکە ) ▁هەر چ ەند ە ▁زۆربەی ▁ڕۆژ ەکان ▁بە ▁تایبەت ی ▁ئەوانەی ▁بەرەو ▁ڕۆژه ەڵات ▁دە ڕۆ ن ▁و ▁مۆڵ ەتی ▁جا کار / بۆ م تە نگ ▁لە ▁نێوان ▁ ٠ ٦ : ٣ ٠ ▁بۆ ▁ ٠ ٧ : ٣ ٠ .
[2026-03-18 01:15:42] Total translation time: 40.86389s
[2026-03-18 01:15:42] Saving model weights and runtime parameters to /workspace/OPUS-MT-train/work/en-ckb/curated-floresdev.spm4k-spm4k.transformer.model1.npz.best-bleu.npz
[2026-03-18 01:15:43] [valid] Ep. 37 : Up. 49000 : bleu : 14.059 : new best
[2026-03-18 01:15:43] Translating validation set...
[2026-03-18 01:15:44] Best translation 0 : ▁ئەم ▁زار اوە یە ▁لە ▁ئاشنا ی ی ▁کۆن ▁و ەر گیراو ە ▁لەگەڵ ▁بێ د - گ س ، ▁کە ▁مێر وو ەکان ▁بە ▁شێوەیەکی ▁زۆر ▁گونجاو ن ▁بۆ ▁م شە خۆ ری ▁مرۆڤ .
[2026-03-18 01:15:44] Best translation 1 : ▁هێرش بەر ەکانی ▁م ۆم بای ▁لە ▁٢ ٦ ی ▁تشرین ی ▁دووەمی ▁ ٢٠٠ ٨ دا ▁گەیشت نە ▁بە لە م ەکە ▁و ▁نار نج ۆک ▁و ▁چە کی ▁ئۆتۆ م اتی کی ▁و ▁چەندین ▁ئامانج یان ▁لە خۆ گرت بوو ▁لەنێو یاندا ▁جە ماو ەر ەکەی ▁چ تر اپ اتی ▁شی ڤا جی ▁ت ێر مین ۆس ▁و ▁وێستگ ەی ▁ش ە مەند ە فەر ی ▁بە ناو بان گی ▁هۆ تێ لی ▁تا ج ▁مە ح ال .
[2026-03-18 01:15:44] Best translation 2 : ▁ئه ▁م ▁گه ▁ڕان ه ▁له ▁لایه ▁ن ▁هه ▁مان ▁که ▁ش ▁و ▁هه ▁وای ▁خراپ ه ▁وه ▁کۆ سپ ی ▁خ راوه ▁ته ▁به ▁رده ▁م ▁ئه ▁م ▁گه ▁ڕان ه ▁ی ▁که ▁بۆ ته ▁مایه ▁ی ▁بێ زار بوونی ▁نیشت نه ▁وه ▁که ▁.
[2026-03-18 01:15:44] Best translation 3 : ▁هه ▁روه ▁ها ▁ئه ▁ی ▁سی ▁ئێم ا ▁بۆ ی ▁ده ▁رک ه ▁وت ▁که ▁سه ▁ره ▁ڕای ▁ئه ▁و ▁گرت ه ▁ڤیدیۆ یه ▁ی ▁له ▁سه ▁ر ▁تۆڕی ▁ئینته ▁رنێت ▁بڵاو بۆ ته ▁وه ▁، ▁برا ▁گه ▁وره ▁که ▁یاسا کانی ▁سان سۆر کردنی ▁ناوه ▁ڕۆک ی ▁ئینته ▁رنێت ی ▁له ▁کاتی ▁ئه ▁وه ▁ی ▁ڕاگه ▁یاندن ه ▁کان ▁له ▁سه ▁ر ▁ماڵپ ه ▁ڕی ▁برای ه ▁تی ▁نه ▁هه ▁ڵ نه ▁گیراوه ▁ته ▁وه ▁.
[2026-03-18 01:15:44] Best translation 4 : ▁سوپای ه ▁کی ▁لاواز تر ▁و ▁هێزی ▁ده ▁ری ایی ▁لاواز تر ی ▁هه ▁بوو ، ▁هه ▁رچ ه ▁نده ▁تازه ▁به ▁ر ▁له ▁ده ▁ست پێ کردنی ▁شه ▁ڕ ، ▁چوار ▁که ▁شتی ▁نوێ یان ▁دروست ▁کردبوو .
[2026-03-18 01:15:44] Best translation 5 : ▁دووه ▁م ▁گۆڵی ▁ئه ▁و ▁شه ▁و ▁بریتی ▁بوو ▁له ▁شه ▁سته ▁مین ▁گۆڵی ▁له ▁و ▁وه ▁رزه ▁، ▁که ▁بووه ▁یه ▁که ▁م ▁یاریزان ▁له ▁وه ▁رز ێک ▁له ▁ساڵی ▁١٩ ٩ ٥ - ٩ ٦ ه ▁وه ▁٦ ٠ ▁گۆڵ ▁یان ▁زیاتر ▁تۆمار ▁بکات ، ▁کاتێک ▁هه ▁ری ه ▁که ▁له ▁یاریزانان ▁یا رۆ می ر ▁جا گر ▁و ▁مار ی ۆ ▁لێ می ۆ کس ▁هه ▁ری ه ▁که ▁یان ▁گه ▁یشتن ه ▁ئه ▁و ▁قۆناغ ه ▁.
[2026-03-18 01:15:45] Best translation 10 : ▁خوێن ▁له ▁ناو ▁ل وول ه ▁کاندا ▁له ▁دڵ ▁دوور ▁ده ▁که ▁وێت ه ▁وه ▁به ▁ناوی ▁خوێن به ▁ره ▁کان ه ▁وه ▁و ▁.، له ▁بۆ ری یه ▁کاندا ▁دێت ه ▁وه ▁ناو ▁دڵ ه ▁وه ▁که ▁پێی ▁ده ▁گوت رێ ▁ده ▁مار ه ▁کان ، ▁بچوک ترین ▁ل وول ه ▁کان ▁به ▁کا پ ل ێت ▁ناو ده ▁بر ێن .
[2026-03-18 01:15:45] Best translation 20 : ▁سک اف ۆڵ د ▁دەکرێت ▁هەم ▁مە ج ازی ▁و ▁ڕاست ە قی نە ▁بێت ، ▁بە ▁وا تا یەکی ▁تر ، ▁مامۆستا ▁جۆرێک ە ▁لە ▁پەی کەر ە دار ▁بەڵام ▁لەبەر ▁ئەوە ▁پیاو ە ▁بچووک ی ▁ک اغ ە ز ەکەی ە ▁لە ▁نووسینگ ەی ▁مای ک رۆس ۆف ت .
[2026-03-18 01:15:45] Best translation 40 : ▁خۆپ ـ یش ـ اند انه ▁که ▁ده ▁س ـ تی پ ـ ێ ـ کرد ▁له ▁کاتژمێر ▁ی از ده ▁به ▁کاتی ▁خۆ جێ ی ی ▁ی و ▁تی ▁سی <0x2B> ١ ▁له ▁سه ▁ر ▁ده ▁ره ▁وه ▁ی ▁وا یت اڵ ▁له ▁به ▁رامب ه ▁ر ▁ئه ▁و ▁ده ▁ره ▁کی ـ یه ▁ی ▁پ ـ ۆلیس ی ▁پاس ه ▁وانه ▁بۆ ▁شه ▁قامی ▁دا ون ینگ ▁که ▁شوێنی ▁فه ▁رمی ▁سه ▁رۆک ▁وه ▁زیری ▁وڵاته ▁که ▁یه ▁.
[2026-03-18 01:15:45] Best translation 80 : ▁نیشان ەکە ▁لە ▁ڕووی ▁جەستە ی یەوە ▁زیانی ▁پێ نە گەی شت ووە ؛ ▁دەست کاری کردن ەکە ▁بە ▁بەکارهێنانی ▁ t ar p ol in s ی ▁ڕە ش ▁کە ▁بە ▁نیشان ەکانی ▁ئاشتی ▁و ▁دڵ ▁ڕ از ێن راون ەتەوە ▁بۆ ▁گۆڕینی ▁" <0x4F> " ▁بۆ ▁خوێندن ەوە ی ▁" کە م بوون ەوە " ▁ئەنجام درا .
[2026-03-18 01:15:48] Best translation 160 : ▁خەڵک ▁بە ▁کورسی ▁لێ یان ▁دە دا ▁، ▁بەڵام ▁پ ە نج ەر ەکان ▁بێ ▁پ ە نج ەرە ▁بوون ▁.
[2026-03-18 01:15:51] Best translation 320 : ▁بە دوا دا چوونی ▁نە خ شە کێش انی ▁دەریا ی ی ▁کە شتی ی ەکە ▁لە ▁جۆری ▁R <0x4F> <0x56> ▁دۆز را وەتەوە ▁بە ▁بەکارهێنانی ▁ئامێری ▁R <0x4F> <0x56> .
[2026-03-18 01:15:57] Best translation 640 : ▁ژاپۆن یه ▁کان ▁نزیکه ▁ی ▁حه ▁وت ▁هه ▁زار ▁دوور گه ▁یان ▁هه ▁یه ▁- ▁گه ▁وره ▁ترین ▁دوور گه ▁ی ▁" ه ۆن ش و " ـ یان ▁هه ▁یه ▁و ▁.، به ▁مه ▁ش ▁ژاپۆن ▁حه ▁وته ▁مین ▁دوور گه ▁ی ▁له ▁جیهاندا ▁داد ه ▁نێت !
[2026-03-18 01:16:10] Best translation 1280 : ▁پاس ەکان ▁وێستگ ەی ▁پاس ی ▁نێوان ▁قە دە غ ە ▁دەکەن ▁( بە ▁درێژایی ▁ڕۆژ ▁ڕووب ار ەکە ) ▁هەر چ ەند ە ▁زۆربەی ▁ڕۆژ ەکان ▁بە ▁تایبەت ی ▁ئەوانەی ▁بەرەو ▁ڕۆژه ەڵات ▁دە ڕۆ ن ▁و ▁مۆڵ ەتی ▁جا کار / بۆ م تە نگ ▁لە ▁نێوان ▁ ٠ ٦ : ٣ ٠ ▁بۆ ▁ ٠ ٧ : ٣ ٠ .
[2026-03-18 01:16:25] Total translation time: 42.19511s
[2026-03-18 01:16:25] Saving model weights and runtime parameters to /workspace/OPUS-MT-train/work/en-ckb/curated-floresdev.spm4k-spm4k.transformer.model1.npz.best-chrf.npz
[2026-03-18 01:16:27] [valid] Ep. 37 : Up. 49000 : chrf : 44.9104 : new best
[2026-03-18 01:16:28] [valid] Ep. 37 : Up. 49000 : perplexity : 8.72126 : stalled 9 times (last best: 8.65573)
[2026-03-18 01:16:51] Seen 310,206 samples
[2026-03-18 01:16:51] Starting data epoch 38 in logical epoch 38
[2026-03-18 01:19:19] Ep. 38 : Up. 50000 : Sen. 200,416 : Cost 2.12326264 * 13,416,450 @ 12,597 after 671,939,683 : Time 264.78s : 50670.57 words/s : gNorm 0.6100 : L.r. 1.6971e-04
[2026-03-18 01:19:19] Saving model weights and runtime parameters to /workspace/OPUS-MT-train/work/en-ckb/curated-floresdev.spm4k-spm4k.transformer.model1.npz
[2026-03-18 01:19:20] Saving Adam parameters
[2026-03-18 01:19:22] [training] Saving training checkpoint to /workspace/OPUS-MT-train/work/en-ckb/curated-floresdev.spm4k-spm4k.transformer.model1.npz and /workspace/OPUS-MT-train/work/en-ckb/curated-floresdev.spm4k-spm4k.transformer.model1.npz.optimizer.npz
[2026-03-18 01:19:25] Translating validation set...
[2026-03-18 01:19:26] Best translation 0 : ▁ئەم ▁زار اوە یە ▁لە ▁ئاشنا ی ی ▁کۆن ▁و ەر گیراو ە ▁لەگەڵ ▁بێ د - گ س ، ▁کە ▁مێر وو ەکان ▁بە ▁شێوەیەکی ▁زۆر ▁گونجاو ن ▁بۆ ▁م شە خۆ ری ▁مرۆڤ .
[2026-03-18 01:19:26] Best translation 1 : ▁هێرش بەر ەکانی ▁م ۆم بای ▁گەیشت نە ▁ڕێگەی ▁بە لە م ▁لە ▁٢ ٦ ی ▁تشرین ی ▁یەکەم ی ▁ ٢٠٠ ٨ ▁و ▁نار نج ۆک ▁و ▁چە کی ▁ئۆتۆ م اتی کی ▁و ▁چەندین ▁ئامانج یان ▁پێک ا ▁لەنێو یاندا ▁قە ڵە ب اڵ غ انی ▁چ تر اپ اتی ▁شی ڤا جی ▁ت ێر مین ۆس ▁وێستگ ەی ▁ش ە مەند ە فەر ی ▁بە ناو بان گ ▁و ▁هۆ تێ لی ▁تا ج ▁مە ح ال .
[2026-03-18 01:19:27] Best translation 2 : ▁ئه ▁م ▁گه ▁ڕان ه ▁له ▁لایه ▁ن ▁هه ▁مان ▁که ▁ش ▁و ▁هه ▁وای ▁خراپ ه ▁وه ▁کۆ سپ ی ▁خ رابوو ه ▁به ▁رده ▁م ▁گه ▁ڕان ه ▁وه ▁که ▁بووه ▁مایه ▁ی ▁بێ زار بوونی ▁نیشت نه ▁وه ▁که ▁.
[2026-03-18 01:19:27] Best translation 3 : ▁هه ▁روه ▁ها ▁ئه ▁ی ▁سی ▁ئێم ا ▁بۆ ی ▁ده ▁رک ه ▁وت ▁که ▁سه ▁ره ▁ڕای ▁ئه ▁و ▁گرت ه ▁ڤیدیۆ یه ▁ی ▁له ▁سه ▁ر ▁تۆڕی ▁ئینته ▁رنێت ▁بڵاو بۆ ته ▁وه ▁، ▁برا ▁گه ▁وره ▁که ▁یاسا کانی ▁سان سۆر کردنی ▁ناوه ▁ڕۆک ی ▁ئینته ▁رنێت ی ▁له ▁سه ▁ر ▁ئینته ▁رنێت ▁نه ▁ش ک اندووه ▁له ▁کاتێکدا ▁که ▁ڕاگه ▁یاندن ه ▁کان ▁له ▁سه ▁ر ▁ماڵپ ه ▁ڕی ▁برا گە ور ه ▁هه ▁ڵ نه ▁گیراوه ▁.
[2026-03-18 01:19:27] Best translation 4 : ▁سوپای ه ▁کی ▁لاواز تر ▁و ▁هێزی ▁ده ▁ری ایی ▁لاواز تر ی ▁هه ▁بوو ، ▁هه ▁رچ ه ▁نده ▁تازه ▁به ▁ر ▁له ▁ده ▁ست پێ کردنی ▁شه ▁ڕ ، ▁چوار ▁که ▁شتی ▁نوێ یان ▁دروست ▁کردبوو .
[2026-03-18 01:19:27] Best translation 5 : ▁دووه ەم ▁گۆڵی ▁ش ەو ەکە ▁٦ ٠ ی ▁و ەرز ەکەی ▁بوو ، ▁کە ▁بووە ▁یەکەم ▁یاریزان ▁کە ▁لە ▁و ەرز ێکدا ▁٦ ٠ ▁یان ▁زیاتر ▁گۆڵ ▁تۆمار ▁بکات ▁لە ▁و ەرز ێکدا ▁لە ▁ساڵی ▁١٩ ٩ ٥ - ٩ ٦ ەوە ، ▁کاتێک ▁جا ڕۆ می ر ▁جا گر ▁و ▁مار ی ۆ ▁لێ می ۆ کس ▁هەر ی ەکەیان ▁گەیشت ە ▁ئەو ▁کەم ترین ▁ئاست ە .
[2026-03-18 01:19:27] Best translation 10 : ▁خوێن ▁له ▁ناو ▁ل وول ه ▁کاندا ▁له ▁دڵ ▁دوور ▁ده ▁که ▁وێت ه ▁وه ▁به ▁ناوی ▁خوێن به ▁ره ▁کان ه ▁وه ▁و ▁.، له ▁بۆ ری یه ▁کاندا ▁دێت ه ▁وه ▁ناو ▁دڵ ه ▁وه ▁که ▁پێی ▁ده ▁گوت رێ ▁ده ▁مار ه ▁کان ، ▁بچوک ترین ▁ل وول ه ▁کان ▁پێی ▁ده ▁گوت رێت ▁کا پ ل ێت .
[2026-03-18 01:19:27] Best translation 20 : ▁سک اف ۆڵ د ▁دەکرێت ▁هەم ▁مە ج ازی ▁و ▁ڕاست ە قی نە ▁بێت ، ▁بە ▁وا تا یەکی ▁تر ، ▁مامۆستا ▁جۆرێک ە ▁لە ▁پەی کەر ە دار ەکان ▁بەڵام ▁لەبەر ▁ئەوە ▁پیاو ە ▁بچووک ی ▁ک اغ ە ز ەکەی ە ▁لە ▁نووسینگ ەی ▁مای ک رۆس ۆف ت .
[2026-03-18 01:19:27] Best translation 40 : ▁خۆپ ـ یش ـ اند انه ▁که ▁ده ▁س ـ تی پ ـ ێ ـ کرد ▁له ▁کاتژمێر ▁ی از ده ▁به ▁کاتی ▁خۆ جێ ی ی ▁ی و ▁تی ▁سی <0x2B> ١ ▁له ▁سه ▁ر ▁ڕێ باز ی ▁وا یت اڵ ▁به ▁رامب ه ▁ر ▁به ▁چوون ه ▁ژوور ه ▁وه ▁ی ▁پ ـ ۆلیس ▁بۆ ▁شه ▁قامی ▁دا ون ینگ ▁که ▁شوێنی ▁فه ▁رمی ▁سه ▁رۆک ▁وه ▁زیری ▁وڵاته ▁که ▁یه ▁.
[2026-03-18 01:19:27] Best translation 80 : ▁نیشان ەکە ▁لە ▁ڕووی ▁جەستە ی یەوە ▁زیانی ▁پێ نە گەی شت ووە ؛ ▁دەست کاری کردن ەکە ▁بە ▁بەکارهێنانی ▁ t ar p ol in s ی ▁ڕە ش ▁کە ▁بە ▁نیشان ەکانی ▁ئاشتی ▁و ▁دڵ ▁ڕ از ێن راون ەتەوە ▁بۆ ▁گۆڕینی ▁" <0x4F> " ▁بۆ ▁خوێندن ەوە ی ▁" کە م بوون ەوە " ▁ئەنجام درا .
[2026-03-18 01:19:30] Best translation 160 : ▁خەڵک ▁بە ▁کورسی ▁لێ یان ▁دە دا ▁، ▁بەڵام ▁پ ە نج ەر ەکان ▁بێ ▁پ ە نج ەرە ▁بوون ▁.
[2026-03-18 01:19:33] Best translation 320 : ▁بە دوا دا چوونی ▁نە خ شە کێش انی ▁دەریا ی ی ▁کە شتی ی ەکە ▁لە ▁ڕێگەی ▁بەکارهێنانی ▁R <0x4F> <0x56> ▁دۆزرای ەوە .
[2026-03-18 01:19:39] Best translation 640 : ▁ژاپۆن یه ▁کان ▁نزیکه ▁ی ▁حه ▁وت ▁هه ▁زار ▁دوور گه ▁یان ▁هه ▁یه ▁- ▁گه ▁وره ▁ترین ▁دوور گه ▁ی ▁" ه ۆن ش و " ـ یان ▁هه ▁یه ▁و ▁.، به ▁مه ▁ش ▁ژاپۆن ▁حه ▁وته ▁مین ▁دوور گه ▁ی ▁له ▁جیهاندا ▁داد ه ▁نێت !
[2026-03-18 01:19:52] Best translation 1280 : ▁پاس ەکان ▁وێستگ ەی ▁پاس ی ▁نێوان ▁قە دە غ ە ▁دەکەن ▁( بە ▁درێژایی ▁ڕۆژ ▁ڕووب ار ەکە ) ▁هەر چ ەند ە ▁زۆربەی ▁ڕۆژ ەکان ▁بە ▁تایبەت ی ▁ئەوانەی ▁بەرەو ▁ڕۆژه ەڵات ▁و ▁مۆڵ ەتی ▁جا کار / بۆ م ت ەنگ ▁لە ▁نێوان ▁ ٠ ٦ : ٣ ٠ ▁بۆ ▁ ٠ ٧ : ٣ ٠ .
[2026-03-18 01:20:06] Total translation time: 40.85201s
[2026-03-18 01:20:06] Saving model weights and runtime parameters to /workspace/OPUS-MT-train/work/en-ckb/curated-floresdev.spm4k-spm4k.transformer.model1.npz.best-bleu.npz
[2026-03-18 01:20:07] [valid] Ep. 38 : Up. 50000 : bleu : 14.1573 : new best
[2026-03-18 01:20:07] Translating validation set...
[2026-03-18 01:20:08] Best translation 0 : ▁ئەم ▁زار اوە یە ▁لە ▁ئاشنا ی ی ▁کۆن ▁و ەر گیراو ە ▁لەگەڵ ▁بێ د - گ س ، ▁کە ▁مێر وو ەکان ▁بە ▁شێوەیەکی ▁زۆر ▁گونجاو ن ▁بۆ ▁م شە خۆ ری ▁مرۆڤ .
[2026-03-18 01:20:08] Best translation 1 : ▁هێرش بەر ەکانی ▁م ۆم بای ▁گەیشت نە ▁ڕێگەی ▁بە لە م ▁لە ▁٢ ٦ ی ▁تشرین ی ▁یەکەم ی ▁ ٢٠٠ ٨ ▁و ▁نار نج ۆک ▁و ▁چە کی ▁ئۆتۆ م اتی کی ▁و ▁چەندین ▁ئامانج یان ▁پێک ا ▁لەنێو یاندا ▁قە ڵە ب اڵ غ انی ▁چ تر اپ اتی ▁شی ڤا جی ▁ت ێر مین ۆس ▁وێستگ ەی ▁ش ە مەند ە فەر ی ▁بە ناو بان گ ▁و ▁هۆ تێ لی ▁تا ج ▁مە ح ال .
[2026-03-18 01:20:09] Best translation 2 : ▁ئه ▁م ▁گه ▁ڕان ه ▁له ▁لایه ▁ن ▁هه ▁مان ▁که ▁ش ▁و ▁هه ▁وای ▁خراپ ه ▁وه ▁کۆ سپ ی ▁خ رابوو ه ▁به ▁رده ▁م ▁گه ▁ڕان ه ▁وه ▁که ▁بووه ▁مایه ▁ی ▁بێ زار بوونی ▁نیشت نه ▁وه ▁که ▁.
[2026-03-18 01:20:09] Best translation 3 : ▁هه ▁روه ▁ها ▁ئه ▁ی ▁سی ▁ئێم ا ▁بۆ ی ▁ده ▁رک ه ▁وت ▁که ▁سه ▁ره ▁ڕای ▁ئه ▁و ▁گرت ه ▁ڤیدیۆ یه ▁ی ▁له ▁سه ▁ر ▁تۆڕی ▁ئینته ▁رنێت ▁بڵاو بۆ ته ▁وه ▁، ▁برا ▁گه ▁وره ▁که ▁یاسا کانی ▁سان سۆر کردنی ▁ناوه ▁ڕۆک ی ▁ئینته ▁رنێت ی ▁له ▁سه ▁ر ▁ئینته ▁رنێت ▁نه ▁ش ک اندووه ▁له ▁کاتێکدا ▁که ▁ڕاگه ▁یاندن ه ▁کان ▁له ▁سه ▁ر ▁ماڵپ ه ▁ڕی ▁برا گە ور ه ▁هه ▁ڵ نه ▁گیراوه ▁.
[2026-03-18 01:20:09] Best translation 4 : ▁سوپای ه ▁کی ▁لاواز تر ▁و ▁هێزی ▁ده ▁ری ایی ▁لاواز تر ی ▁هه ▁بوو ، ▁هه ▁رچ ه ▁نده ▁تازه ▁به ▁ر ▁له ▁ده ▁ست پێ کردنی ▁شه ▁ڕ ، ▁چوار ▁که ▁شتی ▁نوێ یان ▁دروست ▁کردبوو .
[2026-03-18 01:20:09] Best translation 5 : ▁دووه ەم ▁گۆڵی ▁ش ەو ەکە ▁٦ ٠ ی ▁و ەرز ەکەی ▁بوو ، ▁کە ▁بووە ▁یەکەم ▁یاریزان ▁کە ▁لە ▁و ەرز ێکدا ▁٦ ٠ ▁یان ▁زیاتر ▁گۆڵ ▁تۆمار ▁بکات ▁لە ▁و ەرز ێکدا ▁لە ▁ساڵی ▁١٩ ٩ ٥ - ٩ ٦ ەوە ، ▁کاتێک ▁جا ڕۆ می ر ▁جا گر ▁و ▁مار ی ۆ ▁لێ می ۆ کس ▁هەر ی ەکەیان ▁گەیشت ە ▁ئەو ▁کەم ترین ▁ئاست ە .
[2026-03-18 01:20:09] Best translation 10 : ▁خوێن ▁له ▁ناو ▁ل وول ه ▁کاندا ▁له ▁دڵ ▁دوور ▁ده ▁که ▁وێت ه ▁وه ▁به ▁ناوی ▁خوێن به ▁ره ▁کان ه ▁وه ▁و ▁.، له ▁بۆ ری یه ▁کاندا ▁دێت ه ▁وه ▁ناو ▁دڵ ه ▁وه ▁که ▁پێی ▁ده ▁گوت رێ ▁ده ▁مار ه ▁کان ، ▁بچوک ترین ▁ل وول ه ▁کان ▁پێی ▁ده ▁گوت رێت ▁کا پ ل ێت .
[2026-03-18 01:20:09] Best translation 20 : ▁سک اف ۆڵ د ▁دەکرێت ▁هەم ▁مە ج ازی ▁و ▁ڕاست ە قی نە ▁بێت ، ▁بە ▁وا تا یەکی ▁تر ، ▁مامۆستا ▁جۆرێک ە ▁لە ▁پەی کەر ە دار ەکان ▁بەڵام ▁لەبەر ▁ئەوە ▁پیاو ە ▁بچووک ی ▁ک اغ ە ز ەکەی ە ▁لە ▁نووسینگ ەی ▁مای ک رۆس ۆف ت .
[2026-03-18 01:20:09] Best translation 40 : ▁خۆپ ـ یش ـ اند انه ▁که ▁ده ▁س ـ تی پ ـ ێ ـ کرد ▁له ▁کاتژمێر ▁ی از ده ▁به ▁کاتی ▁خۆ جێ ی ی ▁ی و ▁تی ▁سی <0x2B> ١ ▁له ▁سه ▁ر ▁ڕێ باز ی ▁وا یت اڵ ▁به ▁رامب ه ▁ر ▁به ▁چوون ه ▁ژوور ه ▁وه ▁ی ▁پ ـ ۆلیس ▁بۆ ▁شه ▁قامی ▁دا ون ینگ ▁که ▁شوێنی ▁فه ▁رمی ▁سه ▁رۆک ▁وه ▁زیری ▁وڵاته ▁که ▁یه ▁.
[2026-03-18 01:20:09] Best translation 80 : ▁نیشان ەکە ▁لە ▁ڕووی ▁جەستە ی یەوە ▁زیانی ▁پێ نە گەی شت ووە ؛ ▁دەست کاری کردن ەکە ▁بە ▁بەکارهێنانی ▁ t ar p ol in s ی ▁ڕە ش ▁کە ▁بە ▁نیشان ەکانی ▁ئاشتی ▁و ▁دڵ ▁ڕ از ێن راون ەتەوە ▁بۆ ▁گۆڕینی ▁" <0x4F> " ▁بۆ ▁خوێندن ەوە ی ▁" کە م بوون ەوە " ▁ئەنجام درا .
[2026-03-18 01:20:12] Best translation 160 : ▁خەڵک ▁بە ▁کورسی ▁لێ یان ▁دە دا ▁، ▁بەڵام ▁پ ە نج ەر ەکان ▁بێ ▁پ ە نج ەرە ▁بوون ▁.
[2026-03-18 01:20:15] Best translation 320 : ▁بە دوا دا چوونی ▁نە خ شە کێش انی ▁دەریا ی ی ▁کە شتی ی ەکە ▁لە ▁ڕێگەی ▁بەکارهێنانی ▁R <0x4F> <0x56> ▁دۆزرای ەوە .
[2026-03-18 01:20:21] Best translation 640 : ▁ژاپۆن یه ▁کان ▁نزیکه ▁ی ▁حه ▁وت ▁هه ▁زار ▁دوور گه ▁یان ▁هه ▁یه ▁- ▁گه ▁وره ▁ترین ▁دوور گه ▁ی ▁" ه ۆن ش و " ـ یان ▁هه ▁یه ▁و ▁.، به ▁مه ▁ش ▁ژاپۆن ▁حه ▁وته ▁مین ▁دوور گه ▁ی ▁له ▁جیهاندا ▁داد ه ▁نێت !
[2026-03-18 01:20:34] Best translation 1280 : ▁پاس ەکان ▁وێستگ ەی ▁پاس ی ▁نێوان ▁قە دە غ ە ▁دەکەن ▁( بە ▁درێژایی ▁ڕۆژ ▁ڕووب ار ەکە ) ▁هەر چ ەند ە ▁زۆربەی ▁ڕۆژ ەکان ▁بە ▁تایبەت ی ▁ئەوانەی ▁بەرەو ▁ڕۆژه ەڵات ▁و ▁مۆڵ ەتی ▁جا کار / بۆ م ت ەنگ ▁لە ▁نێوان ▁ ٠ ٦ : ٣ ٠ ▁بۆ ▁ ٠ ٧ : ٣ ٠ .
[2026-03-18 01:20:49] Total translation time: 41.73460s
[2026-03-18 01:20:49] Saving model weights and runtime parameters to /workspace/OPUS-MT-train/work/en-ckb/curated-floresdev.spm4k-spm4k.transformer.model1.npz.best-chrf.npz
[2026-03-18 01:20:50] [valid] Ep. 38 : Up. 50000 : chrf : 44.9692 : new best
[2026-03-18 01:20:52] [valid] Ep. 38 : Up. 50000 : perplexity : 8.73584 : stalled 10 times (last best: 8.65573)
[2026-03-18 01:22:11] Seen 310,206 samples
[2026-03-18 01:22:11] Starting data epoch 39 in logical epoch 39
[2026-03-18 01:23:42] Ep. 39 : Up. 51000 : Sen. 125,323 : Cost 2.11658430 * 13,394,925 @ 9,235 after 685,334,608 : Time 263.36s : 50861.52 words/s : gNorm 0.6179 : L.r. 1.6803e-04
[2026-03-18 01:23:42] Saving model weights and runtime parameters to /workspace/OPUS-MT-train/work/en-ckb/curated-floresdev.spm4k-spm4k.transformer.model1.npz
[2026-03-18 01:23:44] Saving Adam parameters
[2026-03-18 01:23:46] [training] Saving training checkpoint to /workspace/OPUS-MT-train/work/en-ckb/curated-floresdev.spm4k-spm4k.transformer.model1.npz and /workspace/OPUS-MT-train/work/en-ckb/curated-floresdev.spm4k-spm4k.transformer.model1.npz.optimizer.npz
[2026-03-18 01:23:49] Translating validation set...
[2026-03-18 01:23:50] Best translation 0 : ▁ئەم ▁زار اوە یە ▁لە ▁ئاشنا ی ی ▁کۆن ▁و ەر گیراو ە ▁لەگەڵ ▁بێ د - بە گ ەکان ، ▁کە ▁مێر وو ەکان ▁بە ▁شێوەیەکی ▁زۆر ▁گونجاو ن ▁بۆ ▁م شە خ ۆر کردنی ▁مرۆڤ ەکان .
[2026-03-18 01:23:50] Best translation 1 : ▁هێرش بەر ەکانی ▁م ۆم بای ▁گەیشت نە ▁ڕێگەی ▁بە لە م ▁لە ▁٢ ٦ ی ▁تشرین ی ▁یەکەم ی ▁ ٢٠٠ ٨ ▁و ▁نار نج ۆک ▁و ▁چە کی ▁ئۆتۆ م اتی کی ▁و ▁چەندین ▁ئامانج یان ▁پێک ا ▁لەنێو یاندا ▁قە ڵە ب اڵ غ ی ▁چ تر اپ اتی ▁شی ڤا جی ▁ت ێر مین ۆس ▁وێستگ ەی ▁ش ە مەند ە فەر ی ▁بە ناو بان گ ▁و ▁هۆ تێ لی ▁تا ج ▁مە ح ال .
[2026-03-18 01:23:50] Best translation 2 : ▁ئه ▁م ▁گه ▁ڕان ه ▁له ▁لایه ▁ن ▁هه ▁مان ▁که ▁ش ▁و ▁هه ▁وای ▁خراپ ه ▁وه ▁کۆ سپ ی ▁خ رابوو ه ▁به ▁رده ▁م ▁گه ▁ڕان ه ▁وه ▁که ▁بووه ▁مایه ▁ی ▁بێ زار بوونی ▁نیشت نه ▁وه ▁که ▁.
[2026-03-18 01:23:50] Best translation 3 : ▁هه ▁روه ▁ها ▁ئه ▁ی ▁سی ▁ئێم ا ▁بۆ ی ▁ده ▁رک ه ▁وت ▁که ▁سه ▁ره ▁ڕای ▁ئه ▁و ▁گرت ه ▁ڤیدیۆ یه ▁ی ▁له ▁سه ▁ر ▁تۆڕی ▁ئینته ▁رنێت ▁بڵاو بۆ ته ▁وه ▁، ▁برا ▁گه ▁وره ▁که ▁یاسا کانی ▁سان سۆر کردنی ▁ناوه ▁ڕۆک ی ▁ئێن ته ▁رنێت ی ▁له ▁کاتی ▁هه ▁ڵ نه ▁گیراوه ▁ته ▁وه ▁که ▁ڕاگه ▁یاندن ه ▁کان ▁له ▁سه ▁ر ▁ماڵپ ه ▁ڕی ▁برا گە ور ه ▁هه ▁ڵ نه ▁گیراوه ▁.
[2026-03-18 01:23:50] Best translation 4 : ▁سوپای ه ▁کی ▁لاواز تر ▁و ▁هێزی ▁ده ▁ری ایی ▁لاواز تر ی ▁هه ▁بوو ، ▁هه ▁رچ ه ▁نده ▁تازه ▁به ▁ر ▁له ▁ده ▁ست پێ کردنی ▁شه ▁ڕ ، ▁چوار ▁که ▁شتی ▁نوێ یان ▁دروست ▁کردبوو .
[2026-03-18 01:23:50] Best translation 5 : ▁دووه ەم ▁گۆڵی ▁ش ەو ەکە ▁٦ ٠ ی ▁و ەرز ەکەی ▁بوو ، ▁کە ▁بووە ▁یەکەم ▁یاریزان ▁کە ▁لە ▁و ەرز ێکدا ▁٦ ٠ ▁یان ▁زیاتر ▁گۆڵ ▁تۆمار ▁بکات ▁لە ▁و ەرز ێکدا ▁لە ▁ساڵی ▁١٩ ٩ ٥ - ٩ ٦ ەوە ، ▁کاتێک ▁ی ە رۆ می ر ▁جا گر ▁و ▁مار ی ۆ ▁لێ می ۆ کس ▁هەر ی ەکەیان ▁گەیشت ە ▁ئەو ▁کەم ترین ▁ئاست ە .
[2026-03-18 01:23:50] Best translation 10 : ▁خوێن ▁له ▁ناو ▁ل وول ه ▁کان ▁له ▁دڵ ▁دوور ▁ده ▁که ▁وێت ه ▁وه ▁به ▁ناوی ▁خوێن به ▁ره ▁کان ه ▁وه ▁و ▁.، له ▁بۆ ری یه ▁کاندا ▁دێت ه ▁وه ▁دڵ ▁که ▁پێی ▁ده ▁گوت رێ ▁ده ▁مار ه ▁کان ، ▁بچوک ترین ▁ل وول ه ▁کان ▁پێی ▁ده ▁گوت رێت ▁کا پ ل ێت .
[2026-03-18 01:23:50] Best translation 20 : ▁کا ف ۆڵ د ▁دەکرێت ▁هەم ▁مە ج ازی ▁و ▁ڕاست ە قی نە ▁بێت ، ▁بە ▁مانای ەکی ▁تر ، ▁مامۆستا ▁جۆرێک ە ▁لە ▁پەی کەر ە ▁سەر کەوت وو ەکان ▁بەڵام ▁لەبەر ▁ئەوە ▁پیاو ە ▁بچووک ی ▁ک اغ ە ز ەکەی ە ▁لە ▁نووسینگ ەی ▁مای ک رۆس ۆف ت .
[2026-03-18 01:23:50] Best translation 40 : ▁خۆپ ـ یش ـ اند انه ▁که ▁ده ▁س ـ تی پ ـ ێ ـ کرد ▁له ▁کاتژمێر ▁ی از ده ▁به ▁کاتی ▁خۆ جێ ی ی ▁ی و ▁تی ▁سی <0x2B> ١ ▁له ▁سه ▁ر ▁ڕێ باز ی ▁وا یت اڵ ▁له ▁به ▁رامب ه ▁ر ▁ده ▁ر چوونی ▁پاس ه ▁وانی ▁پ ـ ۆلیس ▁بۆ ▁شه ▁قامی ▁دا ون ینگ ▁که ▁شوێنی ▁فه ▁رمی ▁سه ▁رۆک ▁وه ▁زیری ▁وڵاته ▁که ▁یه ▁.
[2026-03-18 01:23:51] Best translation 80 : ▁نیشان ەکە ▁لە ▁ڕووی ▁جەستە ی یەوە ▁زیانی ▁پێ نە گەی شت ووە ؛ ▁دەست کاری کردن ەکە ▁بە ▁بەکارهێنانی ▁ t ar p ol in s ی ▁ڕە ش ▁کە ▁بە ▁نیشان ەکانی ▁ئارامی ▁و ▁دڵ ▁ڕ از ێن راون ەتەوە ▁بۆ ▁گۆڕینی ▁" <0x4F> " ▁بۆ ▁خوێندن ەوە ی ▁" کە م بوون ەوە " ▁ئەنجام درا .
[2026-03-18 01:23:54] Best translation 160 : ▁خەڵک ▁بە ▁کورسی ▁لێ یان ▁دە دا ▁، ▁بەڵام ▁پ ە نج ەر ەکان ▁بێ ▁پ ە نج ەرە ▁بوون ▁.
[2026-03-18 01:23:57] Best translation 320 : ▁بە دوا دا چوونی ▁نە خ شە کێش انی ▁دەریا ی ی ▁کە شتی ی ەکە ▁بە ▁بەکارهێنانی ▁R <0x4F> <0x56> ▁دۆزرای ەوە .
[2026-03-18 01:24:03] Best translation 640 : ▁ژاپۆن یه ▁کان ▁نزیکه ▁ی ▁حه ▁وت ▁هه ▁زار ▁دوور گه ▁یان ▁هه ▁یه ▁- ▁گه ▁وره ▁ترین ▁دوور گه ▁ی ▁" ه ۆن ش ۆ " ـ یان ▁هه ▁یه ▁و ▁.، به ▁مه ▁ش ▁ژاپۆن ▁حه ▁وته ▁مین ▁دوور گه ▁ی ▁له ▁جیهاندا ▁داد ه ▁نێت !
[2026-03-18 01:24:15] Best translation 1280 : ▁پاس ەکان ▁وێستگ ەی ▁پاس ی ▁نێوان ▁قە دە غ ە ▁دەکەن ▁( بە ▁درێژایی ▁ڕۆژ ▁ڕووب ار ەکە ) ▁هەر چ ەند ە ▁زۆربەی ▁ڕۆژ ەکان ▁بە ▁تایبەت ی ▁ئەوانەی ▁بەرەو ▁ڕۆژه ەڵات ▁و ▁مۆڵ ەتی ▁جا کار / بۆ م ت ەنگ ▁لە ▁نێوان ▁ ٠ ٦ : ٣ ٠ ▁بۆ ▁ ٠ ٧ : ٣ ٠ .
[2026-03-18 01:24:30] Total translation time: 40.82800s
[2026-03-18 01:24:30] [valid] Ep. 39 : Up. 51000 : bleu : 14.1394 : stalled 1 times (last best: 14.1573)
[2026-03-18 01:24:30] Translating validation set...
[2026-03-18 01:24:31] Best translation 0 : ▁ئەم ▁زار اوە یە ▁لە ▁ئاشنا ی ی ▁کۆن ▁و ەر گیراو ە ▁لەگەڵ ▁بێ د - بە گ ەکان ، ▁کە ▁مێر وو ەکان ▁بە ▁شێوەیەکی ▁زۆر ▁گونجاو ن ▁بۆ ▁م شە خ ۆر کردنی ▁مرۆڤ ەکان .
[2026-03-18 01:24:31] Best translation 1 : ▁هێرش بەر ەکانی ▁م ۆم بای ▁گەیشت نە ▁ڕێگەی ▁بە لە م ▁لە ▁٢ ٦ ی ▁تشرین ی ▁یەکەم ی ▁ ٢٠٠ ٨ ▁و ▁نار نج ۆک ▁و ▁چە کی ▁ئۆتۆ م اتی کی ▁و ▁چەندین ▁ئامانج یان ▁پێک ا ▁لەنێو یاندا ▁قە ڵە ب اڵ غ ی ▁چ تر اپ اتی ▁شی ڤا جی ▁ت ێر مین ۆس ▁وێستگ ەی ▁ش ە مەند ە فەر ی ▁بە ناو بان گ ▁و ▁هۆ تێ لی ▁تا ج ▁مە ح ال .
[2026-03-18 01:24:31] Best translation 2 : ▁ئه ▁م ▁گه ▁ڕان ه ▁له ▁لایه ▁ن ▁هه ▁مان ▁که ▁ش ▁و ▁هه ▁وای ▁خراپ ه ▁وه ▁کۆ سپ ی ▁خ رابوو ه ▁به ▁رده ▁م ▁گه ▁ڕان ه ▁وه ▁که ▁بووه ▁مایه ▁ی ▁بێ زار بوونی ▁نیشت نه ▁وه ▁که ▁.
[2026-03-18 01:24:31] Best translation 3 : ▁هه ▁روه ▁ها ▁ئه ▁ی ▁سی ▁ئێم ا ▁بۆ ی ▁ده ▁رک ه ▁وت ▁که ▁سه ▁ره ▁ڕای ▁ئه ▁و ▁گرت ه ▁ڤیدیۆ یه ▁ی ▁له ▁سه ▁ر ▁تۆڕی ▁ئینته ▁رنێت ▁بڵاو بۆ ته ▁وه ▁، ▁برا ▁گه ▁وره ▁که ▁یاسا کانی ▁سان سۆر کردنی ▁ناوه ▁ڕۆک ی ▁ئێن ته ▁رنێت ی ▁له ▁کاتی ▁هه ▁ڵ نه ▁گیراوه ▁ته ▁وه ▁که ▁ڕاگه ▁یاندن ه ▁کان ▁له ▁سه ▁ر ▁ماڵپ ه ▁ڕی ▁برا گە ور ه ▁هه ▁ڵ نه ▁گیراوه ▁.
[2026-03-18 01:24:31] Best translation 4 : ▁سوپای ه ▁کی ▁لاواز تر ▁و ▁هێزی ▁ده ▁ری ایی ▁لاواز تر ی ▁هه ▁بوو ، ▁هه ▁رچ ه ▁نده ▁تازه ▁به ▁ر ▁له ▁ده ▁ست پێ کردنی ▁شه ▁ڕ ، ▁چوار ▁که ▁شتی ▁نوێ یان ▁دروست ▁کردبوو .
[2026-03-18 01:24:31] Best translation 5 : ▁دووه ەم ▁گۆڵی ▁ش ەو ەکە ▁٦ ٠ ی ▁و ەرز ەکەی ▁بوو ، ▁کە ▁بووە ▁یەکەم ▁یاریزان ▁کە ▁لە ▁و ەرز ێکدا ▁٦ ٠ ▁یان ▁زیاتر ▁گۆڵ ▁تۆمار ▁بکات ▁لە ▁و ەرز ێکدا ▁لە ▁ساڵی ▁١٩ ٩ ٥ - ٩ ٦ ەوە ، ▁کاتێک ▁ی ە رۆ می ر ▁جا گر ▁و ▁مار ی ۆ ▁لێ می ۆ کس ▁هەر ی ەکەیان ▁گەیشت ە ▁ئەو ▁کەم ترین ▁ئاست ە .
[2026-03-18 01:24:31] Best translation 10 : ▁خوێن ▁له ▁ناو ▁ل وول ه ▁کان ▁له ▁دڵ ▁دوور ▁ده ▁که ▁وێت ه ▁وه ▁به ▁ناوی ▁خوێن به ▁ره ▁کان ه ▁وه ▁و ▁.، له ▁بۆ ری یه ▁کاندا ▁دێت ه ▁وه ▁دڵ ▁که ▁پێی ▁ده ▁گوت رێ ▁ده ▁مار ه ▁کان ، ▁بچوک ترین ▁ل وول ه ▁کان ▁پێی ▁ده ▁گوت رێت ▁کا پ ل ێت .
[2026-03-18 01:24:31] Best translation 20 : ▁کا ف ۆڵ د ▁دەکرێت ▁هەم ▁مە ج ازی ▁و ▁ڕاست ە قی نە ▁بێت ، ▁بە ▁مانای ەکی ▁تر ، ▁مامۆستا ▁جۆرێک ە ▁لە ▁پەی کەر ە ▁سەر کەوت وو ەکان ▁بەڵام ▁لەبەر ▁ئەوە ▁پیاو ە ▁بچووک ی ▁ک اغ ە ز ەکەی ە ▁لە ▁نووسینگ ەی ▁مای ک رۆس ۆف ت .
[2026-03-18 01:24:31] Best translation 40 : ▁خۆپ ـ یش ـ اند انه ▁که ▁ده ▁س ـ تی پ ـ ێ ـ کرد ▁له ▁کاتژمێر ▁ی از ده ▁به ▁کاتی ▁خۆ جێ ی ی ▁ی و ▁تی ▁سی <0x2B> ١ ▁له ▁سه ▁ر ▁ڕێ باز ی ▁وا یت اڵ ▁له ▁به ▁رامب ه ▁ر ▁ده ▁ر چوونی ▁پاس ه ▁وانی ▁پ ـ ۆلیس ▁بۆ ▁شه ▁قامی ▁دا ون ینگ ▁که ▁شوێنی ▁فه ▁رمی ▁سه ▁رۆک ▁وه ▁زیری ▁وڵاته ▁که ▁یه ▁.
[2026-03-18 01:24:32] Best translation 80 : ▁نیشان ەکە ▁لە ▁ڕووی ▁جەستە ی یەوە ▁زیانی ▁پێ نە گەی شت ووە ؛ ▁دەست کاری کردن ەکە ▁بە ▁بەکارهێنانی ▁ t ar p ol in s ی ▁ڕە ش ▁کە ▁بە ▁نیشان ەکانی ▁ئارامی ▁و ▁دڵ ▁ڕ از ێن راون ەتەوە ▁بۆ ▁گۆڕینی ▁" <0x4F> " ▁بۆ ▁خوێندن ەوە ی ▁" کە م بوون ەوە " ▁ئەنجام درا .
[2026-03-18 01:24:35] Best translation 160 : ▁خەڵک ▁بە ▁کورسی ▁لێ یان ▁دە دا ▁، ▁بەڵام ▁پ ە نج ەر ەکان ▁بێ ▁پ ە نج ەرە ▁بوون ▁.
[2026-03-18 01:24:38] Best translation 320 : ▁بە دوا دا چوونی ▁نە خ شە کێش انی ▁دەریا ی ی ▁کە شتی ی ەکە ▁بە ▁بەکارهێنانی ▁R <0x4F> <0x56> ▁دۆزرای ەوە .
[2026-03-18 01:24:44] Best translation 640 : ▁ژاپۆن یه ▁کان ▁نزیکه ▁ی ▁حه ▁وت ▁هه ▁زار ▁دوور گه ▁یان ▁هه ▁یه ▁- ▁گه ▁وره ▁ترین ▁دوور گه ▁ی ▁" ه ۆن ش ۆ " ـ یان ▁هه ▁یه ▁و ▁.، به ▁مه ▁ش ▁ژاپۆن ▁حه ▁وته ▁مین ▁دوور گه ▁ی ▁له ▁جیهاندا ▁داد ه ▁نێت !
[2026-03-18 01:24:57] Best translation 1280 : ▁پاس ەکان ▁وێستگ ەی ▁پاس ی ▁نێوان ▁قە دە غ ە ▁دەکەن ▁( بە ▁درێژایی ▁ڕۆژ ▁ڕووب ار ەکە ) ▁هەر چ ەند ە ▁زۆربەی ▁ڕۆژ ەکان ▁بە ▁تایبەت ی ▁ئەوانەی ▁بەرەو ▁ڕۆژه ەڵات ▁و ▁مۆڵ ەتی ▁جا کار / بۆ م ت ەنگ ▁لە ▁نێوان ▁ ٠ ٦ : ٣ ٠ ▁بۆ ▁ ٠ ٧ : ٣ ٠ .
[2026-03-18 01:25:12] Total translation time: 42.06214s
[2026-03-18 01:25:12] Saving model weights and runtime parameters to /workspace/OPUS-MT-train/work/en-ckb/curated-floresdev.spm4k-spm4k.transformer.model1.npz.best-chrf.npz
[2026-03-18 01:25:13] [valid] Ep. 39 : Up. 51000 : chrf : 44.97 : new best
[2026-03-18 01:25:15] [valid] Ep. 39 : Up. 51000 : perplexity : 8.75196 : stalled 11 times (last best: 8.65573)
[2026-03-18 01:27:30] Seen 310,206 samples
[2026-03-18 01:27:30] Starting data epoch 40 in logical epoch 40
[2026-03-18 01:28:06] Ep. 40 : Up. 52000 : Sen. 49,541 : Cost 2.11189008 * 13,460,465 @ 15,789 after 698,795,073 : Time 263.74s : 51036.05 words/s : gNorm 0.6195 : L.r. 1.6641e-04
[2026-03-18 01:28:06] Saving model weights and runtime parameters to /workspace/OPUS-MT-train/work/en-ckb/curated-floresdev.spm4k-spm4k.transformer.model1.npz
[2026-03-18 01:28:07] Saving Adam parameters
[2026-03-18 01:28:09] [training] Saving training checkpoint to /workspace/OPUS-MT-train/work/en-ckb/curated-floresdev.spm4k-spm4k.transformer.model1.npz and /workspace/OPUS-MT-train/work/en-ckb/curated-floresdev.spm4k-spm4k.transformer.model1.npz.optimizer.npz
[2026-03-18 01:28:13] Translating validation set...
[2026-03-18 01:28:13] Best translation 0 : ▁ئەم ▁زار اوە یە ▁لە ▁ئاشنا ی ی ▁کۆن ▁و ەر گیراو ە ▁لەگەڵ ▁بێ د - بە گ ەکان ، ▁کە ▁مێر وو ەکان ▁بە ▁شێوەیەکی ▁زۆر ▁گونجاو ن ▁بۆ ▁م شە خ ۆر کردنی ▁مرۆڤ ەکان .
[2026-03-18 01:28:13] Best translation 1 : ▁هێرش بەر ەکانی ▁م ۆم بای ▁گەیشت نە ▁بە لە م ەکان ▁لە ▁٢ ٦ ی ▁تشرین ی ▁یەکەم ی ▁ ٢٠٠ ٨ ▁و ▁نار نج ۆک ▁و ▁چە کی ▁ئۆتۆ م اتی کی ▁و ▁چەندین ▁ئامانج یان ▁پێک ا ▁لەنێو یاندا ▁قە ڵە ب اڵ غ ی ▁چ تر اپ اتی ▁شی ڤا جی ▁ت ێر مین ۆس ▁وێستگ ەی ▁ش ە مەند ە فەر ی ▁بە ناو بان گ ▁و ▁هۆ تێ لی ▁تا ج ▁مە ح ال .
[2026-03-18 01:28:14] Best translation 2 : ▁گەڕ ان ەکە ▁لە ▁لایەن ▁هەمان ▁کە ش وه ە وای ▁خراپ ەوە ▁کۆ سپ ی ▁بەسەر دا ▁هات بوو ▁کە ▁بوو بوو ە ▁هۆی ▁نە ه ێ شتنی ▁زەوی ەکە ▁.
[2026-03-18 01:28:14] Best translation 3 : ▁هه ▁روه ▁ها ▁ئه ▁ی ▁سی ▁ئێم ا ▁ئه ▁وه ▁شی ▁ئاشکرا کرد ، ▁سه ▁ره ▁ر ِ ای ▁ئه ▁و ▁گرت ه ▁ڤیدیۆ ییه ▁ی ▁له ▁سه ▁ر ▁تۆر ِ ی ▁ئینته ▁رنێت ▁بڵاو بۆ ته ▁وه ▁، ▁برا ▁گه ▁وره ▁که ▁یاسا کانی ▁سان سۆر کردنی ▁ناوه ▁ر ِ ۆکی ▁ئێن ته ▁رنێت ی ▁له ▁کاتێکدا ▁که ▁ڕاگه ▁یاندن ه ▁کان ▁له ▁سه ▁ر ▁ماڵپ ه ▁ر ِ ی ▁برا گ ▁نه ▁هه ▁ڵ نه ▁گیراوه ▁ته ▁وه ▁.
[2026-03-18 01:28:14] Best translation 4 : ▁سوپای ه ▁کی ▁لاواز تر ▁و ▁هێزی ▁ده ▁ری ایی ▁لاواز تر ی ▁هه ▁بوو ، ▁هه ▁رچ ه ▁نده ▁تازه ▁به ▁ر ▁له ▁ده ▁ست پێ کردنی ▁شه ▁ڕ ، ▁چوار ▁که ▁شتی ▁نوێ یان ▁دروست ▁کردبوو .
[2026-03-18 01:28:14] Best translation 5 : ▁دووه ەم ▁گۆڵی ▁ش ەو ەکە ▁٦ ٠ ی ▁و ەرز ەکەی ▁بوو ، ▁کە ▁بووە ▁یەکەم ▁یاریزان ▁کە ▁لە ▁و ەرز ێکدا ▁٦ ٠ ▁یان ▁زیاتر ▁گۆڵ ▁تۆمار ▁بکات ▁لە ▁و ەرز ێکدا ▁لە ▁ساڵی ▁١٩ ٩ ٥ - ٩ ٦ ەوە ، ▁کاتێک ▁ی ار ۆم یر ▁جا گر ▁و ▁مار ی ۆ ▁لێ می ۆ کس ▁هەر ی ەکەیان ▁گەیشت نە ▁ئەو ▁کەم ترین ▁ئاست ە .
[2026-03-18 01:28:14] Best translation 10 : ▁خوێن ▁له ▁ناو ▁ل وول ه ▁کان ▁له ▁دڵ ▁دوور ▁ده ▁که ▁وێت ه ▁وه ▁به ▁ناوی ▁خوێن به ▁ره ▁کان ه ▁وه ▁و ▁.، له ▁بۆ ری یه ▁کاندا ▁دێت ه ▁وه ▁ناو ▁دڵ ه ▁وه ▁که ▁پێی ▁ده ▁گوت رێ ▁ده ▁مار ه ▁کان ، ▁بچوک ترین ▁ل وول ه ▁کان ▁پێی ▁ده ▁گوت رێت ▁کا پ ل ێت .
[2026-03-18 01:28:14] Best translation 20 : ▁کا ف ۆڵ د ▁دەکرێت ▁هەم ▁مە ج ازی ▁و ▁ڕاست ە ق ین ▁بێت ، ▁بە ▁وا تا یەکی ▁تر ، ▁مامۆستا ▁جۆرێک ە ▁لە ▁پەی کەر ە دار ەکان ▁بەڵام ▁لەبەر ▁ئەوە ▁پیاو ە ▁بچووک ی ▁ک اغ ە ز ەکەی ە ▁لە ▁مای ک رۆس ۆف ت ▁ئۆفیس .
[2026-03-18 01:28:14] Best translation 40 : ▁خۆپ ـ یش ـ اند انه ▁که ▁ده ▁س ـ تی پ ـ ێ ـ کرد ▁له ▁کاتژمێر ▁ی از ده ▁به ▁کاتی ▁خۆ جێ ی ی ▁ی و ▁تی ▁سی <0x2B> ١ ▁له ▁سه ▁ر ▁ڕێ باز ی ▁وا یت اڵ ▁به ▁رامب ه ▁ر ▁به ▁چوون ه ▁ژوور ه ▁وه ▁ی ▁هێزه ▁کانی ▁پ ـ ۆلیس ▁بۆ ▁شه ▁قامی ▁دا ون ینگ ▁که ▁شوێنی ▁فه ▁رمی ▁سه ▁رۆک ▁وه ▁زیری ▁وڵاته ▁که ▁یه ▁.
[2026-03-18 01:28:14] Best translation 80 : ▁نیشان ەکە ▁لە ▁ڕووی ▁جەستە ی یەوە ▁زیانی ▁پێ نە گەی شت ووە ؛ ▁دەست کاری کردن ەکە ▁بە ▁بەکارهێنانی ▁ t ar p ol in s ی ▁ڕە ش ▁کە ▁بە ▁نیشان ەکانی ▁ئاشتی ▁و ▁دڵ ▁ڕ از ێن راون ەتەوە ▁بۆ ▁گۆڕینی ▁" <0x4F> " ▁بۆ ▁خوێندن ەوە ی ▁" کە م بوون ەوە " ▁ئەنجام درا .
[2026-03-18 01:28:17] Best translation 160 : ▁خەڵک ▁بە ▁کورسی ▁لێی دە دان ▁، ▁بەڵام ▁پ ە نج ەر ەکان ▁بێ ▁پ ە نج ەرە ▁بوون ▁.
[2026-03-18 01:28:20] Best translation 320 : ▁بە دوا دا چوونی ▁نە خ شە کێش انی ▁دەریا ی ی ▁تی ژ ەکە ▁دۆزرای ەوە ▁بە ▁بەکارهێنانی ▁ئا ڕ ▁ئۆ ▁ڤی .
[2026-03-18 01:28:26] Best translation 640 : ▁ژاپۆن یه ▁کان ▁نزیکه ▁ی ▁حه ▁وت ▁هه ▁زار ▁دوور گه ▁یان ▁هه ▁یه ▁- ▁گه ▁وره ▁ترین ▁دوور گه ▁ی ▁" ه ۆن ش ۆ " ـ یان ▁هه ▁یه ▁و ▁.، به ▁مه ▁ش ▁ژاپۆن ▁حه ▁وته ▁مین ▁دوور گه ▁ی ▁له ▁جیهاندا ▁داد ه ▁نێت !
[2026-03-18 01:28:39] Best translation 1280 : ▁پاس ەکان ▁وێستگ ەی ▁پاس ی ▁نێوان ▁قە دە غ ە ▁دەکەن ▁( بە ▁درێژایی ▁ڕۆژ ▁ڕووب ار ەکە ) ▁هەر چ ەند ە ▁زۆربەی ▁ڕۆژ ەکان ▁بە ▁تایبەت ی ▁ئەوانەی ▁بەرەو ▁ڕۆژه ەڵات ▁دە ڕۆ ن ▁و ▁مۆڵ ەتی ▁جا کار / بۆ م تە نگ ▁لە ▁نێوان ▁ ٠ ٦ : ٣ ٠ ▁بۆ ▁ ٠ ٧ : ٣ ٠ .
[2026-03-18 01:28:53] Total translation time: 40.86907s
[2026-03-18 01:28:53] [valid] Ep. 40 : Up. 52000 : bleu : 14.0851 : stalled 2 times (last best: 14.1573)
[2026-03-18 01:28:53] Translating validation set...
[2026-03-18 01:28:54] Best translation 0 : ▁ئەم ▁زار اوە یە ▁لە ▁ئاشنا ی ی ▁کۆن ▁و ەر گیراو ە ▁لەگەڵ ▁بێ د - بە گ ەکان ، ▁کە ▁مێر وو ەکان ▁بە ▁شێوەیەکی ▁زۆر ▁گونجاو ن ▁بۆ ▁م شە خ ۆر کردنی ▁مرۆڤ ەکان .
[2026-03-18 01:28:54] Best translation 1 : ▁هێرش بەر ەکانی ▁م ۆم بای ▁گەیشت نە ▁بە لە م ەکان ▁لە ▁٢ ٦ ی ▁تشرین ی ▁یەکەم ی ▁ ٢٠٠ ٨ ▁و ▁نار نج ۆک ▁و ▁چە کی ▁ئۆتۆ م اتی کی ▁و ▁چەندین ▁ئامانج یان ▁پێک ا ▁لەنێو یاندا ▁قە ڵە ب اڵ غ ی ▁چ تر اپ اتی ▁شی ڤا جی ▁ت ێر مین ۆس ▁وێستگ ەی ▁ش ە مەند ە فەر ی ▁بە ناو بان گ ▁و ▁هۆ تێ لی ▁تا ج ▁مە ح ال .
[2026-03-18 01:28:55] Best translation 2 : ▁گەڕ ان ەکە ▁لە ▁لایەن ▁هەمان ▁کە ش وه ە وای ▁خراپ ەوە ▁کۆ سپ ی ▁بەسەر دا ▁هات بوو ▁کە ▁بوو بوو ە ▁هۆی ▁نە ه ێ شتنی ▁زەوی ەکە ▁.
[2026-03-18 01:28:55] Best translation 3 : ▁هه ▁روه ▁ها ▁ئه ▁ی ▁سی ▁ئێم ا ▁ئه ▁وه ▁شی ▁ئاشکرا کرد ، ▁سه ▁ره ▁ر ِ ای ▁ئه ▁و ▁گرت ه ▁ڤیدیۆ ییه ▁ی ▁له ▁سه ▁ر ▁تۆر ِ ی ▁ئینته ▁رنێت ▁بڵاو بۆ ته ▁وه ▁، ▁برا ▁گه ▁وره ▁که ▁یاسا کانی ▁سان سۆر کردنی ▁ناوه ▁ر ِ ۆکی ▁ئێن ته ▁رنێت ی ▁له ▁کاتێکدا ▁که ▁ڕاگه ▁یاندن ه ▁کان ▁له ▁سه ▁ر ▁ماڵپ ه ▁ر ِ ی ▁برا گ ▁نه ▁هه ▁ڵ نه ▁گیراوه ▁ته ▁وه ▁.
[2026-03-18 01:28:55] Best translation 4 : ▁سوپای ه ▁کی ▁لاواز تر ▁و ▁هێزی ▁ده ▁ری ایی ▁لاواز تر ی ▁هه ▁بوو ، ▁هه ▁رچ ه ▁نده ▁تازه ▁به ▁ر ▁له ▁ده ▁ست پێ کردنی ▁شه ▁ڕ ، ▁چوار ▁که ▁شتی ▁نوێ یان ▁دروست ▁کردبوو .
[2026-03-18 01:28:55] Best translation 5 : ▁دووه ەم ▁گۆڵی ▁ش ەو ەکە ▁٦ ٠ ی ▁و ەرز ەکەی ▁بوو ، ▁کە ▁بووە ▁یەکەم ▁یاریزان ▁کە ▁لە ▁و ەرز ێکدا ▁٦ ٠ ▁یان ▁زیاتر ▁گۆڵ ▁تۆمار ▁بکات ▁لە ▁و ەرز ێکدا ▁لە ▁ساڵی ▁١٩ ٩ ٥ - ٩ ٦ ەوە ، ▁کاتێک ▁ی ار ۆم یر ▁جا گر ▁و ▁مار ی ۆ ▁لێ می ۆ کس ▁هەر ی ەکەیان ▁گەیشت نە ▁ئەو ▁کەم ترین ▁ئاست ە .
[2026-03-18 01:28:55] Best translation 10 : ▁خوێن ▁له ▁ناو ▁ل وول ه ▁کان ▁له ▁دڵ ▁دوور ▁ده ▁که ▁وێت ه ▁وه ▁به ▁ناوی ▁خوێن به ▁ره ▁کان ه ▁وه ▁و ▁.، له ▁بۆ ری یه ▁کاندا ▁دێت ه ▁وه ▁ناو ▁دڵ ه ▁وه ▁که ▁پێی ▁ده ▁گوت رێ ▁ده ▁مار ه ▁کان ، ▁بچوک ترین ▁ل وول ه ▁کان ▁پێی ▁ده ▁گوت رێت ▁کا پ ل ێت .
[2026-03-18 01:28:55] Best translation 20 : ▁کا ف ۆڵ د ▁دەکرێت ▁هەم ▁مە ج ازی ▁و ▁ڕاست ە ق ین ▁بێت ، ▁بە ▁وا تا یەکی ▁تر ، ▁مامۆستا ▁جۆرێک ە ▁لە ▁پەی کەر ە دار ەکان ▁بەڵام ▁لەبەر ▁ئەوە ▁پیاو ە ▁بچووک ی ▁ک اغ ە ز ەکەی ە ▁لە ▁مای ک رۆس ۆف ت ▁ئۆفیس .
[2026-03-18 01:28:55] Best translation 40 : ▁خۆپ ـ یش ـ اند انه ▁که ▁ده ▁س ـ تی پ ـ ێ ـ کرد ▁له ▁کاتژمێر ▁ی از ده ▁به ▁کاتی ▁خۆ جێ ی ی ▁ی و ▁تی ▁سی <0x2B> ١ ▁له ▁سه ▁ر ▁ڕێ باز ی ▁وا یت اڵ ▁به ▁رامب ه ▁ر ▁به ▁چوون ه ▁ژوور ه ▁وه ▁ی ▁هێزه ▁کانی ▁پ ـ ۆلیس ▁بۆ ▁شه ▁قامی ▁دا ون ینگ ▁که ▁شوێنی ▁فه ▁رمی ▁سه ▁رۆک ▁وه ▁زیری ▁وڵاته ▁که ▁یه ▁.
[2026-03-18 01:28:55] Best translation 80 : ▁نیشان ەکە ▁لە ▁ڕووی ▁جەستە ی یەوە ▁زیانی ▁پێ نە گەی شت ووە ؛ ▁دەست کاری کردن ەکە ▁بە ▁بەکارهێنانی ▁ t ar p ol in s ی ▁ڕە ش ▁کە ▁بە ▁نیشان ەکانی ▁ئاشتی ▁و ▁دڵ ▁ڕ از ێن راون ەتەوە ▁بۆ ▁گۆڕینی ▁" <0x4F> " ▁بۆ ▁خوێندن ەوە ی ▁" کە م بوون ەوە " ▁ئەنجام درا .
[2026-03-18 01:28:58] Best translation 160 : ▁خەڵک ▁بە ▁کورسی ▁لێی دە دان ▁، ▁بەڵام ▁پ ە نج ەر ەکان ▁بێ ▁پ ە نج ەرە ▁بوون ▁.
[2026-03-18 01:29:02] Best translation 320 : ▁بە دوا دا چوونی ▁نە خ شە کێش انی ▁دەریا ی ی ▁تی ژ ەکە ▁دۆزرای ەوە ▁بە ▁بەکارهێنانی ▁ئا ڕ ▁ئۆ ▁ڤی .
[2026-03-18 01:29:08] Best translation 640 : ▁ژاپۆن یه ▁کان ▁نزیکه ▁ی ▁حه ▁وت ▁هه ▁زار ▁دوور گه ▁یان ▁هه ▁یه ▁- ▁گه ▁وره ▁ترین ▁دوور گه ▁ی ▁" ه ۆن ش ۆ " ـ یان ▁هه ▁یه ▁و ▁.، به ▁مه ▁ش ▁ژاپۆن ▁حه ▁وته ▁مین ▁دوور گه ▁ی ▁له ▁جیهاندا ▁داد ه ▁نێت !
[2026-03-18 01:29:20] Best translation 1280 : ▁پاس ەکان ▁وێستگ ەی ▁پاس ی ▁نێوان ▁قە دە غ ە ▁دەکەن ▁( بە ▁درێژایی ▁ڕۆژ ▁ڕووب ار ەکە ) ▁هەر چ ەند ە ▁زۆربەی ▁ڕۆژ ەکان ▁بە ▁تایبەت ی ▁ئەوانەی ▁بەرەو ▁ڕۆژه ەڵات ▁دە ڕۆ ن ▁و ▁مۆڵ ەتی ▁جا کار / بۆ م تە نگ ▁لە ▁نێوان ▁ ٠ ٦ : ٣ ٠ ▁بۆ ▁ ٠ ٧ : ٣ ٠ .
[2026-03-18 01:29:36] Total translation time: 42.07602s
[2026-03-18 01:29:36] [valid] Ep. 40 : Up. 52000 : chrf : 44.9126 : stalled 1 times (last best: 44.97)
[2026-03-18 01:29:37] [valid] Ep. 40 : Up. 52000 : perplexity : 8.77178 : stalled 12 times (last best: 8.65573)
[2026-03-18 01:32:28] Ep. 40 : Up. 53000 : Sen. 282,533 : Cost 2.10446477 * 13,475,864 @ 11,987 after 712,270,937 : Time 262.07s : 51420.52 words/s : gNorm 0.6243 : L.r. 1.6483e-04
[2026-03-18 01:32:28] Saving model weights and runtime parameters to /workspace/OPUS-MT-train/work/en-ckb/curated-floresdev.spm4k-spm4k.transformer.model1.npz
[2026-03-18 01:32:29] Saving Adam parameters
[2026-03-18 01:32:31] [training] Saving training checkpoint to /workspace/OPUS-MT-train/work/en-ckb/curated-floresdev.spm4k-spm4k.transformer.model1.npz and /workspace/OPUS-MT-train/work/en-ckb/curated-floresdev.spm4k-spm4k.transformer.model1.npz.optimizer.npz
[2026-03-18 01:32:34] Translating validation set...
[2026-03-18 01:32:35] Best translation 0 : ▁ئەم ▁زار اوە یە ▁لە ▁ئاشنا ی ی ▁دێ رین ▁لەگەڵ ▁بێ د - بە گ ەکان ▁و ەر گیراو ە ، ▁کە ▁مێر وو ەکان ▁زۆر ▁گونجاو ن ▁بۆ ▁م شە خ ۆر کردنی ▁مرۆڤ ەکان .
[2026-03-18 01:32:35] Best translation 1 : ▁هێرش بەر ەکانی ▁م ۆم بای ▁گەیشت نە ▁بە لە م ەکان ▁لە ▁٢ ٦ ی ▁تشرین ی ▁یەکەم ی ▁ ٢٠٠ ٨ ▁و ▁نار نج ۆک ▁و ▁چە کی ▁ئۆتۆ م اتی کی ▁و ▁چەندین ▁ئامانج یان ▁لە خۆ گرت بوو ▁لەنێو یاندا ▁خە ت ەنە کردنی ▁ش ە مەند ە فەر ی ▁شی ڤا جی ▁ت ێر مین وس ▁و ▁وێستگ ەی ▁ش ە مەند ە فەر ی ▁بە ناو بان گی ▁هۆ تێ لی ▁تا ج ▁مە ح ال .
[2026-03-18 01:32:36] Best translation 2 : ▁گەڕ ان ەکە ▁لە ▁لایەن ▁هەمان ▁کە ش وه ە وای ▁خراپ ەوە ▁کۆ سپ ی ▁بەسەر دا ▁هات بوو ▁کە ▁بوو بوو ە ▁هۆی ▁نە ه ێ شتنی ▁زەوی ەکە ▁.
[2026-03-18 01:32:36] Best translation 3 : ▁هه ▁روه ▁ها ▁ئه ▁ی ▁سی ▁ئێم ا ▁ئه ▁وه ▁شی ▁ئاشکرا کرد ، ▁سه ▁ره ▁ر ِ ای ▁ئه ▁و ▁گرت ه ▁ڤیدیۆ ییه ▁ی ▁له ▁سه ▁ر ▁تۆر ِ ی ▁ئینته ▁رنێت ▁بڵاو بۆ ته ▁وه ▁، ▁به ▁ڵام ▁برا ▁گه ▁وره ▁که ▁یاسا کانی ▁سان سۆر کردنی ▁ناوه ▁ر ِ ۆکی ▁ئێن ته ▁رنێت ی ▁له ▁کاتی ▁ئه ▁وه ▁ی ▁ڕاگه ▁یاندن ▁له ▁ماڵپ ه ▁ر ِ ی ▁برا گ ▁نه ▁هه ▁ڵ نه ▁گیراوه ▁ته ▁وه ▁.
[2026-03-18 01:32:36] Best translation 4 : ▁سوپای ه ▁کی ▁لاواز تر ▁و ▁هێزی ▁ده ▁ری ایی ▁لاواز تر ی ▁هه ▁بوو ، ▁هه ▁رچ ه ▁نده ▁تازه ▁به ▁ر ▁له ▁ده ▁ست پێ کردنی ▁شه ▁ڕ ، ▁چوار ▁که ▁شتی ▁نوێ یان ▁دروست ▁کردبوو .
[2026-03-18 01:32:36] Best translation 5 : ▁دووه ەم ▁گۆڵی ▁ش ەو ەکە ▁٦ ٠ ی ▁و ەرز ەکەی ▁بوو ، ▁کە ▁بووە ▁یەکەم ▁یاریزان ▁کە ▁لە ▁و ەرز ێکدا ▁٦ ٠ ▁یان ▁زیاتر ▁گۆڵ ▁تۆمار ▁بکات ▁لە ▁و ەرز ێکدا ▁لە ▁ساڵی ▁١٩ ٩ ٥ - ٩ ٦ ەوە ، ▁کاتێک ▁ی ار ۆم یر ▁جا گر ▁و ▁مار ی ۆ ▁لێ می ۆ کس ▁هەر ی ەکەیان ▁گەیشت نە ▁ئەو ▁کەم ترین ▁ئاست ە .
[2026-03-18 01:32:36] Best translation 10 : ▁خوێن ▁له ▁ناو ▁ل وول ه ▁کان ▁له ▁دڵ ▁دوور ▁ده ▁که ▁وێت ه ▁وه ▁به ▁ناوی ▁خوێن به ▁ره ▁کان ه ▁وه ▁و ▁.، له ▁بۆ ری یه ▁کاندا ▁دێت ه ▁وه ▁دڵ ▁که ▁پێی ▁ده ▁گوت رێ ▁ده ▁مار ه ▁کان ، ▁بچوک ترین ▁ل وول ه ▁کان ▁پێی ▁ده ▁گوت رێت ▁کا پ ل ێت .
[2026-03-18 01:32:36] Best translation 20 : ▁کا ف ۆڵ د ▁دەکرێت ▁هەم ▁مە ج ازی ▁و ▁ڕاست ە ق ین ▁بێت ، ▁بە ▁مانای ەکی ▁تر ، ▁مامۆستا ▁جۆرێک ە ▁لە ▁پەی کەر ە ▁سەر کەوت وو ەکان ▁بەڵام ▁لەبەر ▁ئەوە ▁پیاو ە ▁بچووک ی ▁ک اغ ە ز ەکەی ە ▁لە ▁مای ک رۆس ۆف ت ▁ئۆفیس .
[2026-03-18 01:32:36] Best translation 40 : ▁ناڕ ە ز ایەتی یەکان ▁لە ▁دە ور وب ەری ▁ی از دە ی ▁بە ▁کاتی ▁خۆ جێ ی ▁( <0x55> T C <0x2B> 1 ) ▁لە ▁شاری ▁وا یت ھا ل ▁لە ▁بەرامبەر ▁چوون ە ▁دەر ەوە ی ▁پۆلیس ▁بۆ ▁ش ە ق امی ▁دا ون ینگ ▁کە ▁شوێنی ▁نیشتەجێ کردنی ▁فەر می ▁سەرۆک ▁وە زیر انە ▁دەستی ▁پێ ▁کرد .
[2026-03-18 01:32:36] Best translation 80 : ▁نیشان ەکە ▁لە ▁ڕووی ▁جەستە ی یەوە ▁زیانی ▁پێ نە گەی شت ووە ؛ ▁دەست کاری کردن ەکە ▁بە ▁بەکارهێنانی ▁ t ar p ol in s ی ▁ڕە ش ▁کە ▁بە ▁نیشان ەکانی ▁ئاشتی ▁و ▁دڵ ▁ڕ از ێن راون ەتەوە ▁بۆ ▁گۆڕینی ▁" <0x4F> " ▁بۆ ▁خوێندن ەوە ی ▁" کە م بوون ەوە " ▁ئەنجام درا .
[2026-03-18 01:32:39] Best translation 160 : ▁خەڵک ▁بە ▁کورسی ▁لێی دە دان ▁، ▁بەڵام ▁پ ە نج ەر ەکان ▁بێ ▁پ ە نج ەرە ▁بوون ▁.
[2026-03-18 01:32:42] Best translation 320 : ▁بە دوا دا چوونی ▁نە خ شە کێش انی ▁دەریا ی ی ▁تی ژ ەکە ▁دۆزرای ەوە ▁بە ▁بەکارهێنانی ▁ئا ڕ ▁ئۆ ▁ڤی .
[2026-03-18 01:32:48] Best translation 640 : ▁ژاپۆن یه ▁کان ▁نزیکه ▁ی ▁حه ▁وت ▁هه ▁زار ▁دوور گه ▁یان ▁هه ▁یه ▁- ▁گه ▁وره ▁ترین ▁دوور گه ▁ی ▁" ه ۆن ش ۆ " ـ یان ▁هه ▁یه ▁و ▁.، به ▁مه ▁ش ▁ژاپۆن ▁حه ▁وته ▁مین ▁دوور گه ▁ی ▁له ▁جیهاندا ▁داد ه ▁نێت !
[2026-03-18 01:33:01] Best translation 1280 : ▁پاس ەکان ▁وێستگ ەی ▁پاس ی ▁نێوان ▁قە دە غ ە ▁دەکەن ▁( بە ▁درێژایی ▁ڕۆژ ▁ڕووب ار ەکە ) ▁هەر چ ەند ە ▁زۆربەی ▁ڕۆژ ەکان ▁بە ▁تایبەت ی ▁ئەوانەی ▁بەرەو ▁ڕۆژه ەڵات ▁دە ڕۆ ن ▁و ▁مۆڵ ەتی ▁جا کار / بۆ م تە نگ ▁لە ▁نێوان ▁ ٠ ٦ : ٣ ٠ ▁بۆ ▁ ٠ ٧ : ٣ ٠ .
[2026-03-18 01:33:16] Total translation time: 40.99285s
[2026-03-18 01:33:16] [valid] Ep. 40 : Up. 53000 : bleu : 14.0814 : stalled 3 times (last best: 14.1573)
[2026-03-18 01:33:16] Translating validation set...
[2026-03-18 01:33:16] Best translation 0 : ▁ئەم ▁زار اوە یە ▁لە ▁ئاشنا ی ی ▁دێ رین ▁لەگەڵ ▁بێ د - بە گ ەکان ▁و ەر گیراو ە ، ▁کە ▁مێر وو ەکان ▁زۆر ▁گونجاو ن ▁بۆ ▁م شە خ ۆر کردنی ▁مرۆڤ ەکان .
[2026-03-18 01:33:16] Best translation 1 : ▁هێرش بەر ەکانی ▁م ۆم بای ▁گەیشت نە ▁بە لە م ەکان ▁لە ▁٢ ٦ ی ▁تشرین ی ▁یەکەم ی ▁ ٢٠٠ ٨ ▁و ▁نار نج ۆک ▁و ▁چە کی ▁ئۆتۆ م اتی کی ▁و ▁چەندین ▁ئامانج یان ▁لە خۆ گرت بوو ▁لەنێو یاندا ▁خە ت ەنە کردنی ▁ش ە مەند ە فەر ی ▁شی ڤا جی ▁ت ێر مین وس ▁و ▁وێستگ ەی ▁ش ە مەند ە فەر ی ▁بە ناو بان گی ▁هۆ تێ لی ▁تا ج ▁مە ح ال .
[2026-03-18 01:33:17] Best translation 2 : ▁گەڕ ان ەکە ▁لە ▁لایەن ▁هەمان ▁کە ش وه ە وای ▁خراپ ەوە ▁کۆ سپ ی ▁بەسەر دا ▁هات بوو ▁کە ▁بوو بوو ە ▁هۆی ▁نە ه ێ شتنی ▁زەوی ەکە ▁.
[2026-03-18 01:33:17] Best translation 3 : ▁هه ▁روه ▁ها ▁ئه ▁ی ▁سی ▁ئێم ا ▁ئه ▁وه ▁شی ▁ئاشکرا کرد ، ▁سه ▁ره ▁ر ِ ای ▁ئه ▁و ▁گرت ه ▁ڤیدیۆ ییه ▁ی ▁له ▁سه ▁ر ▁تۆر ِ ی ▁ئینته ▁رنێت ▁بڵاو بۆ ته ▁وه ▁، ▁به ▁ڵام ▁برا ▁گه ▁وره ▁که ▁یاسا کانی ▁سان سۆر کردنی ▁ناوه ▁ر ِ ۆکی ▁ئێن ته ▁رنێت ی ▁له ▁کاتی ▁ئه ▁وه ▁ی ▁ڕاگه ▁یاندن ▁له ▁ماڵپ ه ▁ر ِ ی ▁برا گ ▁نه ▁هه ▁ڵ نه ▁گیراوه ▁ته ▁وه ▁.
[2026-03-18 01:33:17] Best translation 4 : ▁سوپای ه ▁کی ▁لاواز تر ▁و ▁هێزی ▁ده ▁ری ایی ▁لاواز تر ی ▁هه ▁بوو ، ▁هه ▁رچ ه ▁نده ▁تازه ▁به ▁ر ▁له ▁ده ▁ست پێ کردنی ▁شه ▁ڕ ، ▁چوار ▁که ▁شتی ▁نوێ یان ▁دروست ▁کردبوو .
[2026-03-18 01:33:17] Best translation 5 : ▁دووه ەم ▁گۆڵی ▁ش ەو ەکە ▁٦ ٠ ی ▁و ەرز ەکەی ▁بوو ، ▁کە ▁بووە ▁یەکەم ▁یاریزان ▁کە ▁لە ▁و ەرز ێکدا ▁٦ ٠ ▁یان ▁زیاتر ▁گۆڵ ▁تۆمار ▁بکات ▁لە ▁و ەرز ێکدا ▁لە ▁ساڵی ▁١٩ ٩ ٥ - ٩ ٦ ەوە ، ▁کاتێک ▁ی ار ۆم یر ▁جا گر ▁و ▁مار ی ۆ ▁لێ می ۆ کس ▁هەر ی ەکەیان ▁گەیشت نە ▁ئەو ▁کەم ترین ▁ئاست ە .
[2026-03-18 01:33:17] Best translation 10 : ▁خوێن ▁له ▁ناو ▁ل وول ه ▁کان ▁له ▁دڵ ▁دوور ▁ده ▁که ▁وێت ه ▁وه ▁به ▁ناوی ▁خوێن به ▁ره ▁کان ه ▁وه ▁و ▁.، له ▁بۆ ری یه ▁کاندا ▁دێت ه ▁وه ▁دڵ ▁که ▁پێی ▁ده ▁گوت رێ ▁ده ▁مار ه ▁کان ، ▁بچوک ترین ▁ل وول ه ▁کان ▁پێی ▁ده ▁گوت رێت ▁کا پ ل ێت .
[2026-03-18 01:33:17] Best translation 20 : ▁کا ف ۆڵ د ▁دەکرێت ▁هەم ▁مە ج ازی ▁و ▁ڕاست ە ق ین ▁بێت ، ▁بە ▁مانای ەکی ▁تر ، ▁مامۆستا ▁جۆرێک ە ▁لە ▁پەی کەر ە ▁سەر کەوت وو ەکان ▁بەڵام ▁لەبەر ▁ئەوە ▁پیاو ە ▁بچووک ی ▁ک اغ ە ز ەکەی ە ▁لە ▁مای ک رۆس ۆف ت ▁ئۆفیس .
[2026-03-18 01:33:17] Best translation 40 : ▁ناڕ ە ز ایەتی یەکان ▁لە ▁دە ور وب ەری ▁ی از دە ی ▁بە ▁کاتی ▁خۆ جێ ی ▁( <0x55> T C <0x2B> 1 ) ▁لە ▁شاری ▁وا یت ھا ل ▁لە ▁بەرامبەر ▁چوون ە ▁دەر ەوە ی ▁پۆلیس ▁بۆ ▁ش ە ق امی ▁دا ون ینگ ▁کە ▁شوێنی ▁نیشتەجێ کردنی ▁فەر می ▁سەرۆک ▁وە زیر انە ▁دەستی ▁پێ ▁کرد .
[2026-03-18 01:33:17] Best translation 80 : ▁نیشان ەکە ▁لە ▁ڕووی ▁جەستە ی یەوە ▁زیانی ▁پێ نە گەی شت ووە ؛ ▁دەست کاری کردن ەکە ▁بە ▁بەکارهێنانی ▁ t ar p ol in s ی ▁ڕە ش ▁کە ▁بە ▁نیشان ەکانی ▁ئاشتی ▁و ▁دڵ ▁ڕ از ێن راون ەتەوە ▁بۆ ▁گۆڕینی ▁" <0x4F> " ▁بۆ ▁خوێندن ەوە ی ▁" کە م بوون ەوە " ▁ئەنجام درا .
[2026-03-18 01:33:20] Best translation 160 : ▁خەڵک ▁بە ▁کورسی ▁لێی دە دان ▁، ▁بەڵام ▁پ ە نج ەر ەکان ▁بێ ▁پ ە نج ەرە ▁بوون ▁.
[2026-03-18 01:33:24] Best translation 320 : ▁بە دوا دا چوونی ▁نە خ شە کێش انی ▁دەریا ی ی ▁تی ژ ەکە ▁دۆزرای ەوە ▁بە ▁بەکارهێنانی ▁ئا ڕ ▁ئۆ ▁ڤی .
[2026-03-18 01:33:30] Best translation 640 : ▁ژاپۆن یه ▁کان ▁نزیکه ▁ی ▁حه ▁وت ▁هه ▁زار ▁دوور گه ▁یان ▁هه ▁یه ▁- ▁گه ▁وره ▁ترین ▁دوور گه ▁ی ▁" ه ۆن ش ۆ " ـ یان ▁هه ▁یه ▁و ▁.، به ▁مه ▁ش ▁ژاپۆن ▁حه ▁وته ▁مین ▁دوور گه ▁ی ▁له ▁جیهاندا ▁داد ه ▁نێت !
[2026-03-18 01:33:43] Best translation 1280 : ▁پاس ەکان ▁وێستگ ەی ▁پاس ی ▁نێوان ▁قە دە غ ە ▁دەکەن ▁( بە ▁درێژایی ▁ڕۆژ ▁ڕووب ار ەکە ) ▁هەر چ ەند ە ▁زۆربەی ▁ڕۆژ ەکان ▁بە ▁تایبەت ی ▁ئەوانەی ▁بەرەو ▁ڕۆژه ەڵات ▁دە ڕۆ ن ▁و ▁مۆڵ ەتی ▁جا کار / بۆ م تە نگ ▁لە ▁نێوان ▁ ٠ ٦ : ٣ ٠ ▁بۆ ▁ ٠ ٧ : ٣ ٠ .
[2026-03-18 01:33:58] Total translation time: 42.16789s
[2026-03-18 01:33:58] Saving model weights and runtime parameters to /workspace/OPUS-MT-train/work/en-ckb/curated-floresdev.spm4k-spm4k.transformer.model1.npz.best-chrf.npz
[2026-03-18 01:33:59] [valid] Ep. 40 : Up. 53000 : chrf : 44.9737 : new best
[2026-03-18 01:34:01] [valid] Ep. 40 : Up. 53000 : perplexity : 8.7931 : stalled 13 times (last best: 8.65573)
[2026-03-18 01:34:21] Seen 310,206 samples
[2026-03-18 01:34:21] Starting data epoch 41 in logical epoch 41
[2026-03-18 01:36:51] Ep. 41 : Up. 54000 : Sen. 205,995 : Cost 2.09506917 * 13,425,108 @ 16,760 after 725,696,045 : Time 263.49s : 50951.28 words/s : gNorm 0.6016 : L.r. 1.6330e-04
[2026-03-18 01:36:51] Saving model weights and runtime parameters to /workspace/OPUS-MT-train/work/en-ckb/curated-floresdev.spm4k-spm4k.transformer.model1.npz
[2026-03-18 01:36:53] Saving Adam parameters
[2026-03-18 01:36:55] [training] Saving training checkpoint to /workspace/OPUS-MT-train/work/en-ckb/curated-floresdev.spm4k-spm4k.transformer.model1.npz and /workspace/OPUS-MT-train/work/en-ckb/curated-floresdev.spm4k-spm4k.transformer.model1.npz.optimizer.npz
[2026-03-18 01:36:58] Translating validation set...
[2026-03-18 01:36:59] Best translation 0 : ▁ئەم ▁زار اوە یە ▁لە ▁ئاشنا ی ی ▁دێ رین ▁لەگەڵ ▁بێ د - بە گ ەکان ▁و ەر گیراو ە ، ▁کە ▁مێر وو ەکان ▁زۆر ▁گونجاو ن ▁بۆ ▁م شە خ ۆر کردنی ▁مرۆڤ ەکان .
[2026-03-18 01:36:59] Best translation 1 : ▁هێرش بەر ەکانی ▁م ۆم بای ▁لە ▁٢ ٦ ی ▁تشرین ی ▁دووەمی ▁ ٢٠٠ ٨ دا ▁گەیشت نە ▁بە لە م ەکان ▁و ▁نار نج ۆک ▁و ▁چە کی ▁ئۆتۆ م اتی کی ▁و ▁چەندین ▁ئامانج یان ▁لە خۆ گرت بوو ▁لەنێو یاندا ▁جە ماو ەر ەکەی ▁چ تر اپ اتی ▁شی ڤا جی ▁ت ێر مین وس ▁و ▁وێستگ ەی ▁ش ە مەند ە فەر ی ▁بە ناو بان گ ▁هۆ تێ لی ▁تا ج ▁مە ح ال .
[2026-03-18 01:37:00] Best translation 2 : ▁گەڕ ان ەکە ▁لە ▁لایەن ▁هەمان ▁کە ش وه ە وای ▁خراپ ەوە ▁کۆ سپ ی ▁بەسەر دا ▁هات بوو ▁کە ▁بوو بوو ە ▁هۆی ▁نە ه ێ شتنی ▁زەوی ەکە ▁.
[2026-03-18 01:37:00] Best translation 3 : ▁هه ▁روه ▁ها ▁ئه ▁ی ▁سی ▁ئێم ا ▁ئه ▁وه ▁شی ▁ئاشکرا کرد ، ▁سه ▁ره ▁ر ِ ای ▁ئه ▁و ▁گرت ه ▁ڤیدیۆ ییه ▁ی ▁له ▁سه ▁ر ▁تۆر ِ ی ▁ئینته ▁رنێت ▁بڵاو بۆ ته ▁وه ▁، ▁به ▁ڵام ▁برا ▁گه ▁وره ▁که ▁یاسا کانی ▁سان سۆر کردنی ▁ناوه ▁ر ِ ۆکی ▁ئێن ته ▁رنێت ی ▁له ▁کاتێکدا ▁که ▁ڕاگه ▁یاندن ه ▁کان ▁له ▁سه ▁ر ▁ماڵپ ه ▁ر ِ ی ▁برا گە ور ه ▁هه ▁ڵ نه ▁گیراوه ▁ته ▁وه ▁.
[2026-03-18 01:37:00] Best translation 4 : ▁سوپای ه ▁کی ▁لاواز تر ▁و ▁هێزی ▁ده ▁ری ایی ▁لاواز تر ی ▁هه ▁بوو ، ▁هه ▁رچ ه ▁نده ▁تازه ▁به ▁ر ▁له ▁ده ▁ست پێ کردنی ▁شه ▁ڕ ، ▁چوار ▁که ▁شتی ▁نوێ یان ▁دروست ▁کردبوو .
[2026-03-18 01:37:00] Best translation 5 : ▁دووه ▁م ▁گۆڵی ▁ئه ▁و ▁شه ▁و ▁بریتی ▁بوو ▁له ▁شه ▁سته ▁مین ▁گۆڵی ▁له ▁و ▁وه ▁رزه ▁، ▁به ▁مه ▁ش ▁بووه ▁یه ▁که ▁م ▁یاریزان ▁که ▁له ▁وه ▁رز ێک ▁له ▁ساڵی ▁١٩ ٩ ٥ - ٩ ٦ ه ▁وه ▁٦ ٠ ▁گۆڵ ▁یاخود ▁زیاتر ▁تۆمار ▁بکات ، ▁کاتێک ▁یاریزان ▁یا رۆ می ر ▁جا گر ▁و ▁مار ی ۆ ▁لێ می ۆ کس ▁هه ▁ری ه ▁که ▁یان ▁گه ▁یشتن ه ▁ئه ▁و ▁قۆناغ ه ▁.
[2026-03-18 01:37:00] Best translation 10 : ▁خوێن ▁له ▁ناو ▁ل وول ه ▁کان ▁له ▁دڵ ▁دوور ▁ده ▁که ▁وێت ه ▁وه ▁به ▁ناوی ▁خوێن به ▁ره ▁کان ه ▁وه ▁و ▁.، له ▁بۆ ری یه ▁کاندا ▁دێت ه ▁وه ▁ناو ▁دڵ ه ▁وه ▁که ▁پێی ▁ده ▁گوت رێ ▁ده ▁مار ه ▁کان ، ▁بچوک ترین ▁ل وول ه ▁کان ▁به ▁کا بۆ ییه ▁کان ▁ناو ده ▁بر ێن .
[2026-03-18 01:37:00] Best translation 20 : ▁کا ف ۆڵ د ▁دەکرێت ▁هەم ▁مە ج ازی ▁و ▁ڕاست ە ق ین ▁بێت ، ▁بە ▁مانای ەکی ▁تر ، ▁مامۆستا ▁جۆرێک ە ▁لە ▁پەی کەر ە ▁سەر کەوت وو ەکان ▁بەڵام ▁لەبەر ▁ئەوە ▁پیاو ە ▁بچووک ی ▁ک اغ ە ز ەکەی ە ▁لە ▁مای ک رۆس ۆف ت ▁ئۆفیس .
[2026-03-18 01:37:00] Best translation 40 : ▁ناڕ ە ز ایەتی یەکان ▁لە ▁دە ور وب ەری ▁ی از دە ی ▁بە ▁کاتی ▁خۆ جێ ی ▁( <0x55> T C <0x2B> 1 ) ▁لە ▁شاری ▁وا یت ھا ل ▁لە ▁بەرامبەر ▁چوون ە ▁دەر ەوە ی ▁پۆلیس ▁بۆ ▁ش ە ق امی ▁دا ون ینگ ▁کە ▁شوێنی ▁نیشتەجێ کردنی ▁فەر می ▁سەرۆک ▁وە زیر انە ▁دەستی ▁پێ ▁کرد .
[2026-03-18 01:37:00] Best translation 80 : ▁نیشان ەکە ▁لە ▁ڕووی ▁جەستە ی یەوە ▁زیانی ▁پێ نە گەی شت بوو ؛ ▁دەست کاری کردن ەکە ▁بە ▁بەکارهێنانی ▁ t ar p ol in s ی ▁ڕە ش ▁کە ▁بە ▁نیشان ەکانی ▁ئاشتی ▁و ▁دڵ ▁ڕ از ێن راوە ▁بۆ ▁گۆڕینی ▁" <0x4F> " ▁بۆ ▁خوێندن ەوە ی ▁" کە م بوون ەوە " ▁ئەنجام درا .
[2026-03-18 01:37:03] Best translation 160 : ▁خەڵک ▁بە ▁کورسی ▁لێی دە دان ▁، ▁بەڵام ▁پ ە نج ەر ەکان ▁بێ ▁پ ە نج ەرە ▁بوون ▁.
[2026-03-18 01:37:06] Best translation 320 : ▁بە دوا دا چوونی ▁نە خ شە کێش انی ▁دەریا ی ی ▁تی ژ ەکە ▁دۆزرای ەوە ▁بە ▁بەکارهێنانی ▁ئا ڕ ▁ئۆ ▁ڤی .
[2026-03-18 01:37:12] Best translation 640 : ▁ژاپۆن یه ▁کان ▁نزیکه ▁ی ▁حه ▁وت ▁هه ▁زار ▁دوور گه ▁یان ▁هه ▁یه ▁- ▁گه ▁وره ▁ترین ▁دوور گه ▁ی ▁" ه ۆن ش ۆ " ـ یان ▁هه ▁یه ▁و ▁.، به ▁مه ▁ش ▁ژاپۆن ▁حه ▁وته ▁مین ▁دوور گه ▁ی ▁له ▁جیهاندا ▁داد ه ▁نێت !
[2026-03-18 01:37:24] Best translation 1280 : ▁پاس ەکان ▁وێستگ ەی ▁پاس ی ▁نێوان ▁قە دە غ ە ▁دەکەن ▁( بە ▁درێژایی ▁ڕۆژ ▁ڕووب ار ەکە ) ▁هەر چ ەند ە ▁زۆربەی ▁ڕۆژ ەکان ▁بە ▁تایبەت ی ▁ئەوانەی ▁بەرەو ▁ڕۆژه ەڵات ▁دە ڕۆ ن ▁و ▁مۆڵ ەتی ▁جا کار / بۆ م تە نگ ▁لە ▁نێوان ▁ ٠ ٦ : ٣ ٠ ▁بۆ ▁ ٠ ٧ : ٣ ٠ .
[2026-03-18 01:37:39] Total translation time: 40.91527s
[2026-03-18 01:37:39] [valid] Ep. 41 : Up. 54000 : bleu : 14.1386 : stalled 4 times (last best: 14.1573)
[2026-03-18 01:37:39] Translating validation set...
[2026-03-18 01:37:40] Best translation 0 : ▁ئەم ▁زار اوە یە ▁لە ▁ئاشنا ی ی ▁دێ رین ▁لەگەڵ ▁بێ د - بە گ ەکان ▁و ەر گیراو ە ، ▁کە ▁مێر وو ەکان ▁زۆر ▁گونجاو ن ▁بۆ ▁م شە خ ۆر کردنی ▁مرۆڤ ەکان .
[2026-03-18 01:37:40] Best translation 1 : ▁هێرش بەر ەکانی ▁م ۆم بای ▁لە ▁٢ ٦ ی ▁تشرین ی ▁دووەمی ▁ ٢٠٠ ٨ دا ▁گەیشت نە ▁بە لە م ەکان ▁و ▁نار نج ۆک ▁و ▁چە کی ▁ئۆتۆ م اتی کی ▁و ▁چەندین ▁ئامانج یان ▁لە خۆ گرت بوو ▁لەنێو یاندا ▁جە ماو ەر ەکەی ▁چ تر اپ اتی ▁شی ڤا جی ▁ت ێر مین وس ▁و ▁وێستگ ەی ▁ش ە مەند ە فەر ی ▁بە ناو بان گ ▁هۆ تێ لی ▁تا ج ▁مە ح ال .
[2026-03-18 01:37:41] Best translation 2 : ▁گەڕ ان ەکە ▁لە ▁لایەن ▁هەمان ▁کە ش وه ە وای ▁خراپ ەوە ▁کۆ سپ ی ▁بەسەر دا ▁هات بوو ▁کە ▁بوو بوو ە ▁هۆی ▁نە ه ێ شتنی ▁زەوی ەکە ▁.
[2026-03-18 01:37:41] Best translation 3 : ▁هه ▁روه ▁ها ▁ئه ▁ی ▁سی ▁ئێم ا ▁ئه ▁وه ▁شی ▁ئاشکرا کرد ، ▁سه ▁ره ▁ر ِ ای ▁ئه ▁و ▁گرت ه ▁ڤیدیۆ ییه ▁ی ▁له ▁سه ▁ر ▁تۆر ِ ی ▁ئینته ▁رنێت ▁بڵاو بۆ ته ▁وه ▁، ▁به ▁ڵام ▁برا ▁گه ▁وره ▁که ▁یاسا کانی ▁سان سۆر کردنی ▁ناوه ▁ر ِ ۆکی ▁ئێن ته ▁رنێت ی ▁له ▁کاتێکدا ▁که ▁ڕاگه ▁یاندن ه ▁کان ▁له ▁سه ▁ر ▁ماڵپ ه ▁ر ِ ی ▁برا گە ور ه ▁هه ▁ڵ نه ▁گیراوه ▁ته ▁وه ▁.
[2026-03-18 01:37:41] Best translation 4 : ▁سوپای ه ▁کی ▁لاواز تر ▁و ▁هێزی ▁ده ▁ری ایی ▁لاواز تر ی ▁هه ▁بوو ، ▁هه ▁رچ ه ▁نده ▁تازه ▁به ▁ر ▁له ▁ده ▁ست پێ کردنی ▁شه ▁ڕ ، ▁چوار ▁که ▁شتی ▁نوێ یان ▁دروست ▁کردبوو .
[2026-03-18 01:37:41] Best translation 5 : ▁دووه ▁م ▁گۆڵی ▁ئه ▁و ▁شه ▁و ▁بریتی ▁بوو ▁له ▁شه ▁سته ▁مین ▁گۆڵی ▁له ▁و ▁وه ▁رزه ▁، ▁به ▁مه ▁ش ▁بووه ▁یه ▁که ▁م ▁یاریزان ▁که ▁له ▁وه ▁رز ێک ▁له ▁ساڵی ▁١٩ ٩ ٥ - ٩ ٦ ه ▁وه ▁٦ ٠ ▁گۆڵ ▁یاخود ▁زیاتر ▁تۆمار ▁بکات ، ▁کاتێک ▁یاریزان ▁یا رۆ می ر ▁جا گر ▁و ▁مار ی ۆ ▁لێ می ۆ کس ▁هه ▁ری ه ▁که ▁یان ▁گه ▁یشتن ه ▁ئه ▁و ▁قۆناغ ه ▁.
[2026-03-18 01:37:41] Best translation 10 : ▁خوێن ▁له ▁ناو ▁ل وول ه ▁کان ▁له ▁دڵ ▁دوور ▁ده ▁که ▁وێت ه ▁وه ▁به ▁ناوی ▁خوێن به ▁ره ▁کان ه ▁وه ▁و ▁.، له ▁بۆ ری یه ▁کاندا ▁دێت ه ▁وه ▁ناو ▁دڵ ه ▁وه ▁که ▁پێی ▁ده ▁گوت رێ ▁ده ▁مار ه ▁کان ، ▁بچوک ترین ▁ل وول ه ▁کان ▁به ▁کا بۆ ییه ▁کان ▁ناو ده ▁بر ێن .
[2026-03-18 01:37:41] Best translation 20 : ▁کا ف ۆڵ د ▁دەکرێت ▁هەم ▁مە ج ازی ▁و ▁ڕاست ە ق ین ▁بێت ، ▁بە ▁مانای ەکی ▁تر ، ▁مامۆستا ▁جۆرێک ە ▁لە ▁پەی کەر ە ▁سەر کەوت وو ەکان ▁بەڵام ▁لەبەر ▁ئەوە ▁پیاو ە ▁بچووک ی ▁ک اغ ە ز ەکەی ە ▁لە ▁مای ک رۆس ۆف ت ▁ئۆفیس .
[2026-03-18 01:37:41] Best translation 40 : ▁ناڕ ە ز ایەتی یەکان ▁لە ▁دە ور وب ەری ▁ی از دە ی ▁بە ▁کاتی ▁خۆ جێ ی ▁( <0x55> T C <0x2B> 1 ) ▁لە ▁شاری ▁وا یت ھا ل ▁لە ▁بەرامبەر ▁چوون ە ▁دەر ەوە ی ▁پۆلیس ▁بۆ ▁ش ە ق امی ▁دا ون ینگ ▁کە ▁شوێنی ▁نیشتەجێ کردنی ▁فەر می ▁سەرۆک ▁وە زیر انە ▁دەستی ▁پێ ▁کرد .
[2026-03-18 01:37:41] Best translation 80 : ▁نیشان ەکە ▁لە ▁ڕووی ▁جەستە ی یەوە ▁زیانی ▁پێ نە گەی شت بوو ؛ ▁دەست کاری کردن ەکە ▁بە ▁بەکارهێنانی ▁ t ar p ol in s ی ▁ڕە ش ▁کە ▁بە ▁نیشان ەکانی ▁ئاشتی ▁و ▁دڵ ▁ڕ از ێن راوە ▁بۆ ▁گۆڕینی ▁" <0x4F> " ▁بۆ ▁خوێندن ەوە ی ▁" کە م بوون ەوە " ▁ئەنجام درا .
[2026-03-18 01:37:44] Best translation 160 : ▁خەڵک ▁بە ▁کورسی ▁لێی دە دان ▁، ▁بەڵام ▁پ ە نج ەر ەکان ▁بێ ▁پ ە نج ەرە ▁بوون ▁.
[2026-03-18 01:37:47] Best translation 320 : ▁بە دوا دا چوونی ▁نە خ شە کێش انی ▁دەریا ی ی ▁تی ژ ەکە ▁دۆزرای ەوە ▁بە ▁بەکارهێنانی ▁ئا ڕ ▁ئۆ ▁ڤی .
[2026-03-18 01:37:53] Best translation 640 : ▁ژاپۆن یه ▁کان ▁نزیکه ▁ی ▁حه ▁وت ▁هه ▁زار ▁دوور گه ▁یان ▁هه ▁یه ▁- ▁گه ▁وره ▁ترین ▁دوور گه ▁ی ▁" ه ۆن ش ۆ " ـ یان ▁هه ▁یه ▁و ▁.، به ▁مه ▁ش ▁ژاپۆن ▁حه ▁وته ▁مین ▁دوور گه ▁ی ▁له ▁جیهاندا ▁داد ه ▁نێت !
[2026-03-18 01:38:06] Best translation 1280 : ▁پاس ەکان ▁وێستگ ەی ▁پاس ی ▁نێوان ▁قە دە غ ە ▁دەکەن ▁( بە ▁درێژایی ▁ڕۆژ ▁ڕووب ار ەکە ) ▁هەر چ ەند ە ▁زۆربەی ▁ڕۆژ ەکان ▁بە ▁تایبەت ی ▁ئەوانەی ▁بەرەو ▁ڕۆژه ەڵات ▁دە ڕۆ ن ▁و ▁مۆڵ ەتی ▁جا کار / بۆ م تە نگ ▁لە ▁نێوان ▁ ٠ ٦ : ٣ ٠ ▁بۆ ▁ ٠ ٧ : ٣ ٠ .
[2026-03-18 01:38:21] Total translation time: 42.10382s
[2026-03-18 01:38:21] Saving model weights and runtime parameters to /workspace/OPUS-MT-train/work/en-ckb/curated-floresdev.spm4k-spm4k.transformer.model1.npz.best-chrf.npz
[2026-03-18 01:38:22] [valid] Ep. 41 : Up. 54000 : chrf : 45.0113 : new best
[2026-03-18 01:38:24] [valid] Ep. 41 : Up. 54000 : perplexity : 8.81504 : stalled 14 times (last best: 8.65573)
[2026-03-18 01:39:41] Seen 310,206 samples
[2026-03-18 01:39:41] Starting data epoch 42 in logical epoch 42
[2026-03-18 01:41:14] Ep. 42 : Up. 55000 : Sen. 128,040 : Cost 2.09176874 * 13,388,189 @ 14,514 after 739,084,234 : Time 263.06s : 50894.84 words/s : gNorm 0.6145 : L.r. 1.6181e-04
[2026-03-18 01:41:14] Saving model weights and runtime parameters to /workspace/OPUS-MT-train/work/en-ckb/curated-floresdev.spm4k-spm4k.transformer.model1.npz
[2026-03-18 01:41:16] Saving Adam parameters
[2026-03-18 01:41:18] [training] Saving training checkpoint to /workspace/OPUS-MT-train/work/en-ckb/curated-floresdev.spm4k-spm4k.transformer.model1.npz and /workspace/OPUS-MT-train/work/en-ckb/curated-floresdev.spm4k-spm4k.transformer.model1.npz.optimizer.npz
[2026-03-18 01:41:21] Translating validation set...
[2026-03-18 01:41:22] Best translation 0 : ▁ئەم ▁زار اوە یە ▁لە ▁ئاشنا ی ی ▁کۆن ▁و ەر گیراو ە ▁لەگەڵ ▁بێ د - بە گ ەکان ، ▁کە ▁مێر وو ەکان ▁زۆر ▁گونجاو ن ▁بۆ ▁م شە خ ۆر کردنی ▁مرۆڤ ەکان .
[2026-03-18 01:41:22] Best translation 1 : ▁هێرش بەر ەکانی ▁م ۆم بای ▁لە ▁٢ ٦ ی ▁تشرین ی ▁دووەمی ▁ ٢٠٠ ٨ دا ▁گەیشت نە ▁بە لە م ەکان ▁و ▁نار نج ۆک ▁و ▁چە کی ▁ئۆتۆ م اتی کی ▁و ▁چەندین ▁ئامانج یان ▁پێک ا ▁لەنێو یاندا ▁ق ەرە ب اڵ غ ی ▁چ تر اپ اتی ▁شی ڤا جی ▁ت ێر مین وس ▁و ▁وێستگ ەی ▁ش ە مەند ە فەر ی ▁بە ناو بان گ ▁هۆ تێ لی ▁تا ج ▁مە ح ال .
[2026-03-18 01:41:22] Best translation 2 : ▁گەڕ ان ەکە ▁لە ▁لایەن ▁هەمان ▁کە ش وه ە وای ▁خراپ ەوە ▁کۆ سپ ی ▁بەسەر دا ▁هات بوو ▁کە ▁بوو بوو ە ▁هۆی ▁نە ه ێ شتنی ▁زەوی ەکە ▁.
[2026-03-18 01:41:22] Best translation 3 : ▁هه ▁روه ▁ها ▁ئه ▁ی ▁سی ▁ئێم ا ▁بۆ ی ▁ده ▁رک ه ▁وت ▁که ▁سه ▁ره ▁ڕای ▁ئه ▁و ▁گرت ه ▁ڤیدیۆ یه ▁ی ▁له ▁سه ▁ر ▁تۆڕی ▁ئینته ▁رنێت ▁بڵاو ▁کرا یه ▁وه ▁، ▁به ▁ڵام ▁برا ▁گه ▁وره ▁که ▁یاسا کانی ▁سان سۆر کردنی ▁ناوه ▁ڕۆک ی ▁سه ▁ر ▁ئینته ▁رنێت ی ▁تێک ▁نه ▁ش ک اند بوو ▁له ▁کاتێکدا ▁که ▁ڕاگه ▁یاندن ه ▁کان ▁له ▁سه ▁ر ▁ماڵپ ه ▁ڕی ▁برا ▁گه ▁وره ▁کان ▁هه ▁ڵ نه ▁گیرا بوون .
[2026-03-18 01:41:22] Best translation 4 : ▁سوپای ه ▁کی ▁لاواز تر ▁و ▁هێزی ▁ده ▁ری ایی ▁لاواز تر ی ▁هه ▁بوو ، ▁هه ▁رچ ه ▁نده ▁تازه ▁به ▁ر ▁له ▁ده ▁ست پێ کردنی ▁شه ▁ڕ ، ▁چوار ▁که ▁شتی ی ▁نوێ یان ▁دروست ▁کردبوو .
[2026-03-18 01:41:22] Best translation 5 : ▁دووه ▁م ▁گۆڵی ▁ئه ▁و ▁شه ▁و ▁بریتی ▁بوو ▁له ▁شه ▁سته ▁مین ▁گۆڵی ▁له ▁و ▁وه ▁رزه ▁، ▁به ▁مه ▁ش ▁بووه ▁یه ▁که ▁م ▁یاریزان ▁که ▁له ▁وه ▁رز ێک ▁له ▁ساڵی ▁١٩ ٩ ٥ - ٩ ٦ ه ▁وه ▁٦ ٠ ▁گۆڵ ▁یاخود ▁زیاتر ▁تۆمار ▁بکات ، ▁کاتێک ▁یاریزان ▁یا رۆ می ر ▁جا گر ▁و ▁مار ی ۆ ▁لێ می ۆ کس ▁هه ▁ری ه ▁که ▁یان ▁گه ▁یشتن ه ▁ئه ▁و ▁قۆناغ ه ▁.
[2026-03-18 01:41:22] Best translation 10 : ▁خوێن ▁له ▁ناو ▁ل وول ه ▁کان ▁له ▁دڵ ▁دوور ▁ده ▁که ▁وێت ه ▁وه ▁به ▁ناوی ▁خوێن به ▁ره ▁کان ه ▁وه ▁و ▁.، له ▁بۆ ری یه ▁کاندا ▁دێت ه ▁وه ▁دڵ ▁که ▁پێی ▁ده ▁گوت رێ ▁شه ▁مه ▁نده ▁فه ▁ر ، ▁ل وول ه ▁بچوک ه ▁کان ▁به ▁کا بۆ ییه ▁کان ▁ناو ده ▁بر ێن .
[2026-03-18 01:41:22] Best translation 20 : ▁کا ف ۆڵ د ▁دەکرێت ▁هەم ▁مە ج ازی ▁و ▁هەم ▁ڕاست ە ق ین ▁بێت ، ▁بە ▁مانای ەکی ▁تر ، ▁مامۆستا ▁جۆرێک ە ▁لە ▁پەی کەر ە ▁سەر کەوت وو ەکان ▁بەڵام ▁لەبەر ▁ئەوە ▁پیاو ە ▁بچووک ی ▁ک اغ ە ز ەکەی ە ▁لە ▁مای ک رۆس ۆف ت ▁ئۆفیس .
[2026-03-18 01:41:22] Best translation 40 : ▁ناڕ ە ز ایەتی یەکان ▁لە ▁دە ور وب ەری ▁ی از دە ی ▁بە ▁کاتی ▁خۆ جێ ی ▁( <0x55> T C <0x2B> 1 ) ▁لە ▁شاری ▁وا یت ھا ل ▁لە ▁بەرامبەر ▁چوون ە ▁دەر ەوە ی ▁پۆلیس ▁بۆ ▁ش ە ق امی ▁دا ون ینگ ▁کە ▁شوێنی ▁نیشتەجێ کردنی ▁فەر می ▁سەرۆک ▁وە زیر انە ▁دەستی ▁پێ ▁کرد .
[2026-03-18 01:41:23] Best translation 80 : ▁نیشان ەکە ▁لە ▁ڕووی ▁جەستە ی یەوە ▁زیانی ▁پێ نە گەی شت ووە ؛ ▁دەست کاری کردن ەکە ▁بە ▁بەکارهێنانی ▁ t ar p ol in s ی ▁ڕە ش ▁کە ▁بە ▁نیشان ەکانی ▁ئاشتی ▁و ▁دڵ ▁ڕ از ێن راون ەتەوە ▁بۆ ▁گۆڕینی ▁" <0x4F> " ▁بۆ ▁خوێندن ەوە ی ▁" کە م بوون ەوە " ▁ئەنجام درا .
[2026-03-18 01:41:26] Best translation 160 : ▁خەڵک ▁بە ▁کورسی ▁لێی دە دان ▁، ▁بەڵام ▁پ ە نج ەر ەکان ▁بێ ▁پ ە نج ەرە ▁بوون ▁.
[2026-03-18 01:41:29] Best translation 320 : ▁بە دوا دا چوونی ▁نە خ شە کێش انی ▁دەریا ی ی ▁تی ژ ەکە ▁دۆزرای ەوە ▁بە ▁بەکارهێنانی ▁ئا ڕ ▁ئۆ ▁ڤی .
[2026-03-18 01:41:35] Best translation 640 : ▁ژاپۆن یه ▁کان ▁نزیکه ▁ی ▁حه ▁وت ▁هه ▁زار ▁دوور گه ▁یان ▁هه ▁یه ▁- ▁گه ▁وره ▁ترین ▁دوور گه ▁ی ▁" ه ۆن ش ۆ " ـ یان ▁هه ▁یه ▁و ▁.، به ▁مه ▁ش ▁ژاپۆن ▁حه ▁وته ▁مین ▁دوور گه ▁ی ▁له ▁جیهاندا ▁داد ه ▁نێت !
[2026-03-18 01:41:47] Best translation 1280 : ▁پاس ەکان ▁وێستگ ەی ▁پاس ی ▁نێوان ▁قە دە غ ە ▁دەکەن ▁( دە وری ▁ڕووب ار ەکە ) ▁لە ▁ماوەی ▁ڕۆژ دا ، ▁هەر چ ەند ە ▁زۆربەی ان ▁بە ▁تایبەت ی ▁ئەوانەی ▁بەرەو ▁ڕۆژه ەڵات ▁دە ڕۆ ن ▁و ▁مۆڵ ەتی ▁جا کار / بۆ م تە نگ ▁لە ▁نێوان ▁ ٠ ٦ : ٣ ٠ ▁بۆ ▁ ٠ ٧ : ٣ ٠ .
[2026-03-18 01:42:02] Total translation time: 40.92905s
[2026-03-18 01:42:02] Saving model weights and runtime parameters to /workspace/OPUS-MT-train/work/en-ckb/curated-floresdev.spm4k-spm4k.transformer.model1.npz.best-bleu.npz
[2026-03-18 01:42:03] [valid] Ep. 42 : Up. 55000 : bleu : 14.2475 : new best
[2026-03-18 01:42:03] Translating validation set...
[2026-03-18 01:42:04] Best translation 0 : ▁ئەم ▁زار اوە یە ▁لە ▁ئاشنا ی ی ▁کۆن ▁و ەر گیراو ە ▁لەگەڵ ▁بێ د - بە گ ەکان ، ▁کە ▁مێر وو ەکان ▁زۆر ▁گونجاو ن ▁بۆ ▁م شە خ ۆر کردنی ▁مرۆڤ ەکان .
[2026-03-18 01:42:04] Best translation 1 : ▁هێرش بەر ەکانی ▁م ۆم بای ▁لە ▁٢ ٦ ی ▁تشرین ی ▁دووەمی ▁ ٢٠٠ ٨ دا ▁گەیشت نە ▁بە لە م ەکان ▁و ▁نار نج ۆک ▁و ▁چە کی ▁ئۆتۆ م اتی کی ▁و ▁چەندین ▁ئامانج یان ▁پێک ا ▁لەنێو یاندا ▁ق ەرە ب اڵ غ ی ▁چ تر اپ اتی ▁شی ڤا جی ▁ت ێر مین وس ▁و ▁وێستگ ەی ▁ش ە مەند ە فەر ی ▁بە ناو بان گ ▁هۆ تێ لی ▁تا ج ▁مە ح ال .
[2026-03-18 01:42:04] Best translation 2 : ▁گەڕ ان ەکە ▁لە ▁لایەن ▁هەمان ▁کە ش وه ە وای ▁خراپ ەوە ▁کۆ سپ ی ▁بەسەر دا ▁هات بوو ▁کە ▁بوو بوو ە ▁هۆی ▁نە ه ێ شتنی ▁زەوی ەکە ▁.
[2026-03-18 01:42:04] Best translation 3 : ▁هه ▁روه ▁ها ▁ئه ▁ی ▁سی ▁ئێم ا ▁بۆ ی ▁ده ▁رک ه ▁وت ▁که ▁سه ▁ره ▁ڕای ▁ئه ▁و ▁گرت ه ▁ڤیدیۆ یه ▁ی ▁له ▁سه ▁ر ▁تۆڕی ▁ئینته ▁رنێت ▁بڵاو ▁کرا یه ▁وه ▁، ▁به ▁ڵام ▁برا ▁گه ▁وره ▁که ▁یاسا کانی ▁سان سۆر کردنی ▁ناوه ▁ڕۆک ی ▁سه ▁ر ▁ئینته ▁رنێت ی ▁تێک ▁نه ▁ش ک اند بوو ▁له ▁کاتێکدا ▁که ▁ڕاگه ▁یاندن ه ▁کان ▁له ▁سه ▁ر ▁ماڵپ ه ▁ڕی ▁برا ▁گه ▁وره ▁کان ▁هه ▁ڵ نه ▁گیرا بوون .
[2026-03-18 01:42:04] Best translation 4 : ▁سوپای ه ▁کی ▁لاواز تر ▁و ▁هێزی ▁ده ▁ری ایی ▁لاواز تر ی ▁هه ▁بوو ، ▁هه ▁رچ ه ▁نده ▁تازه ▁به ▁ر ▁له ▁ده ▁ست پێ کردنی ▁شه ▁ڕ ، ▁چوار ▁که ▁شتی ی ▁نوێ یان ▁دروست ▁کردبوو .
[2026-03-18 01:42:04] Best translation 5 : ▁دووه ▁م ▁گۆڵی ▁ئه ▁و ▁شه ▁و ▁بریتی ▁بوو ▁له ▁شه ▁سته ▁مین ▁گۆڵی ▁له ▁و ▁وه ▁رزه ▁، ▁به ▁مه ▁ش ▁بووه ▁یه ▁که ▁م ▁یاریزان ▁که ▁له ▁وه ▁رز ێک ▁له ▁ساڵی ▁١٩ ٩ ٥ - ٩ ٦ ه ▁وه ▁٦ ٠ ▁گۆڵ ▁یاخود ▁زیاتر ▁تۆمار ▁بکات ، ▁کاتێک ▁یاریزان ▁یا رۆ می ر ▁جا گر ▁و ▁مار ی ۆ ▁لێ می ۆ کس ▁هه ▁ری ه ▁که ▁یان ▁گه ▁یشتن ه ▁ئه ▁و ▁قۆناغ ه ▁.
[2026-03-18 01:42:05] Best translation 10 : ▁خوێن ▁له ▁ناو ▁ل وول ه ▁کان ▁له ▁دڵ ▁دوور ▁ده ▁که ▁وێت ه ▁وه ▁به ▁ناوی ▁خوێن به ▁ره ▁کان ه ▁وه ▁و ▁.، له ▁بۆ ری یه ▁کاندا ▁دێت ه ▁وه ▁دڵ ▁که ▁پێی ▁ده ▁گوت رێ ▁شه ▁مه ▁نده ▁فه ▁ر ، ▁ل وول ه ▁بچوک ه ▁کان ▁به ▁کا بۆ ییه ▁کان ▁ناو ده ▁بر ێن .
[2026-03-18 01:42:05] Best translation 20 : ▁کا ف ۆڵ د ▁دەکرێت ▁هەم ▁مە ج ازی ▁و ▁هەم ▁ڕاست ە ق ین ▁بێت ، ▁بە ▁مانای ەکی ▁تر ، ▁مامۆستا ▁جۆرێک ە ▁لە ▁پەی کەر ە ▁سەر کەوت وو ەکان ▁بەڵام ▁لەبەر ▁ئەوە ▁پیاو ە ▁بچووک ی ▁ک اغ ە ز ەکەی ە ▁لە ▁مای ک رۆس ۆف ت ▁ئۆفیس .
[2026-03-18 01:42:05] Best translation 40 : ▁ناڕ ە ز ایەتی یەکان ▁لە ▁دە ور وب ەری ▁ی از دە ی ▁بە ▁کاتی ▁خۆ جێ ی ▁( <0x55> T C <0x2B> 1 ) ▁لە ▁شاری ▁وا یت ھا ل ▁لە ▁بەرامبەر ▁چوون ە ▁دەر ەوە ی ▁پۆلیس ▁بۆ ▁ش ە ق امی ▁دا ون ینگ ▁کە ▁شوێنی ▁نیشتەجێ کردنی ▁فەر می ▁سەرۆک ▁وە زیر انە ▁دەستی ▁پێ ▁کرد .
[2026-03-18 01:42:05] Best translation 80 : ▁نیشان ەکە ▁لە ▁ڕووی ▁جەستە ی یەوە ▁زیانی ▁پێ نە گەی شت ووە ؛ ▁دەست کاری کردن ەکە ▁بە ▁بەکارهێنانی ▁ t ar p ol in s ی ▁ڕە ش ▁کە ▁بە ▁نیشان ەکانی ▁ئاشتی ▁و ▁دڵ ▁ڕ از ێن راون ەتەوە ▁بۆ ▁گۆڕینی ▁" <0x4F> " ▁بۆ ▁خوێندن ەوە ی ▁" کە م بوون ەوە " ▁ئەنجام درا .
[2026-03-18 01:42:08] Best translation 160 : ▁خەڵک ▁بە ▁کورسی ▁لێی دە دان ▁، ▁بەڵام ▁پ ە نج ەر ەکان ▁بێ ▁پ ە نج ەرە ▁بوون ▁.
[2026-03-18 01:42:11] Best translation 320 : ▁بە دوا دا چوونی ▁نە خ شە کێش انی ▁دەریا ی ی ▁تی ژ ەکە ▁دۆزرای ەوە ▁بە ▁بەکارهێنانی ▁ئا ڕ ▁ئۆ ▁ڤی .
[2026-03-18 01:42:17] Best translation 640 : ▁ژاپۆن یه ▁کان ▁نزیکه ▁ی ▁حه ▁وت ▁هه ▁زار ▁دوور گه ▁یان ▁هه ▁یه ▁- ▁گه ▁وره ▁ترین ▁دوور گه ▁ی ▁" ه ۆن ش ۆ " ـ یان ▁هه ▁یه ▁و ▁.، به ▁مه ▁ش ▁ژاپۆن ▁حه ▁وته ▁مین ▁دوور گه ▁ی ▁له ▁جیهاندا ▁داد ه ▁نێت !
[2026-03-18 01:42:30] Best translation 1280 : ▁پاس ەکان ▁وێستگ ەی ▁پاس ی ▁نێوان ▁قە دە غ ە ▁دەکەن ▁( دە وری ▁ڕووب ار ەکە ) ▁لە ▁ماوەی ▁ڕۆژ دا ، ▁هەر چ ەند ە ▁زۆربەی ان ▁بە ▁تایبەت ی ▁ئەوانەی ▁بەرەو ▁ڕۆژه ەڵات ▁دە ڕۆ ن ▁و ▁مۆڵ ەتی ▁جا کار / بۆ م تە نگ ▁لە ▁نێوان ▁ ٠ ٦ : ٣ ٠ ▁بۆ ▁ ٠ ٧ : ٣ ٠ .
[2026-03-18 01:42:45] Total translation time: 42.16236s
[2026-03-18 01:42:45] Saving model weights and runtime parameters to /workspace/OPUS-MT-train/work/en-ckb/curated-floresdev.spm4k-spm4k.transformer.model1.npz.best-chrf.npz
[2026-03-18 01:42:46] [valid] Ep. 42 : Up. 55000 : chrf : 45.1083 : new best
[2026-03-18 01:42:48] [valid] Ep. 42 : Up. 55000 : perplexity : 8.83944 : stalled 15 times (last best: 8.65573)
[2026-03-18 01:45:01] Seen 310,206 samples
[2026-03-18 01:45:01] Starting data epoch 43 in logical epoch 43
[2026-03-18 01:45:39] Ep. 43 : Up. 56000 : Sen. 51,213 : Cost 2.08699942 * 13,456,167 @ 10,111 after 752,540,401 : Time 264.42s : 50888.41 words/s : gNorm 0.6295 : L.r. 1.6036e-04
[2026-03-18 01:45:39] Saving model weights and runtime parameters to /workspace/OPUS-MT-train/work/en-ckb/curated-floresdev.spm4k-spm4k.transformer.model1.npz
[2026-03-18 01:45:40] Saving Adam parameters
[2026-03-18 01:45:42] [training] Saving training checkpoint to /workspace/OPUS-MT-train/work/en-ckb/curated-floresdev.spm4k-spm4k.transformer.model1.npz and /workspace/OPUS-MT-train/work/en-ckb/curated-floresdev.spm4k-spm4k.transformer.model1.npz.optimizer.npz
[2026-03-18 01:45:45] Translating validation set...
[2026-03-18 01:45:46] Best translation 0 : ▁ئەم ▁زار اوە یە ▁لە ▁ئاشنا ی ی ▁کۆن ▁و ەر گیراو ە ▁لەگەڵ ▁بێ د - بە گ ەکان ، ▁کە ▁مێر وو ەکان ▁زۆر ▁گونجاو ن ▁بۆ ▁م شە خ ۆر کردنی ▁مرۆڤ ەکان .
[2026-03-18 01:45:46] Best translation 1 : ▁هێرش بەر ەکانی ▁م ۆم بای ▁لە ▁٢ ٦ ی ▁تشرین ی ▁دووەمی ▁ ٢٠٠ ٨ دا ▁گەیشت نە ▁بە لە م ەکان ▁و ▁نار نج ۆک ▁و ▁چە کی ▁ئۆتۆ م اتی کی ▁و ▁چەندین ▁ئامانج یان ▁پێک ا ▁لەنێو یاندا ▁ق ەرە ب اڵ غ ی ▁چ تر اپ اتی ▁شی ڤا جی ▁ت ێر مین وس ▁و ▁وێستگ ەی ▁ش ە مەند ە فەر ی ▁بە ناو بان گ ▁هۆ تێ لی ▁تا ج ▁مە ح ال .
[2026-03-18 01:45:47] Best translation 2 : ▁گەڕ ان ەکە ▁لە ▁لایەن ▁هەمان ▁کە ش وه ە وای ▁خراپ ەوە ▁کۆ سپ ی ▁بەسەر دا ▁هات بوو ▁کە ▁بوو بوو ە ▁هۆی ▁نە ه ێ شتنی ▁زەوی ەکە ▁.
[2026-03-18 01:45:47] Best translation 3 : ▁هه ▁روه ▁ها ▁ئه ▁ی ▁سی ▁ئێم ا ▁ئه ▁وه ▁شی ▁ئاشکرا کرد ، ▁سه ▁ره ▁ر ِ ای ▁بڵاوبوون ه ▁وه ▁ی ▁ئه ▁و ▁گرت ه ▁ڤیدیۆ ییه ▁له ▁سه ▁ر ▁تۆر ِ ی ▁ئینته ▁رنێت ، ▁به ▁ڵام ▁برا ▁گه ▁وره ▁که ▁یاسا کانی ▁سان سۆر کردنی ▁ناوه ▁ر ِ ۆکی ▁ئێن ته ▁رنێت ی ▁له ▁کاتێکدا ▁که ▁ڕاگه ▁یاندن ه ▁کان ▁له ▁سه ▁ر ▁ماڵپ ه ▁ر ِ ی ▁برا گە ور ه ▁هه ▁ڵ نه ▁گیراوه ▁ته ▁وه ▁.
[2026-03-18 01:45:47] Best translation 4 : ▁سوپای ه ▁کی ▁لاواز تر ▁و ▁هێزی ▁ده ▁ری ایی ▁لاواز تر ی ▁هه ▁بوو ، ▁هه ▁رچ ه ▁نده ▁تازه ▁به ▁ر ▁له ▁ده ▁ست پێ کردنی ▁شه ▁ڕ ، ▁چوار ▁که ▁شتی ی ▁نوێ یان ▁دروست ▁کردبوو .
[2026-03-18 01:45:47] Best translation 5 : ▁دووه ▁م ▁گۆڵی ▁ئه ▁و ▁شه ▁و ▁بریتی ▁بوو ▁له ▁شه ▁سته ▁مین ▁گۆڵی ▁له ▁و ▁وه ▁رزه ▁، ▁به ▁مه ▁ش ▁بووه ▁یه ▁که ▁م ▁یاریزان ▁که ▁له ▁وه ▁رز ێک ▁له ▁ساڵی ▁١٩ ٩ ٥ - ٩ ٦ ه ▁وه ▁٦ ٠ ▁گۆڵ ▁یاخود ▁زیاتر ▁تۆمار ▁بکات ، ▁کاتێک ▁یاریزان ▁یا رۆ می ر ▁جا گر ▁و ▁مار ی ۆ ▁لێ می ۆ کس ▁هه ▁ری ه ▁که ▁یان ▁گه ▁یشتن ه ▁ئه ▁و ▁قۆناغ ه ▁.
[2026-03-18 01:45:47] Best translation 10 : ▁خوێن ▁له ▁ناو ▁ل وول ه ▁کان ▁له ▁دڵ ▁دوور ▁ده ▁که ▁وێت ه ▁وه ▁به ▁ناوی ▁خوێن به ▁ره ▁کان ▁و ▁له ▁ناو ▁ل وول ه ▁کاندا ▁ده ▁گه ▁ڕێت ه ▁وه ▁بۆ ▁دڵ ▁که ▁پێی ▁ده ▁گوت رێ ▁ده ▁مار ه ▁کان ، ▁بچوک ترین ▁ل وول ه ▁کان ▁پێی ▁ده ▁گوت رێت ▁کا پ ل ێت .
[2026-03-18 01:45:47] Best translation 20 : ▁کا ف ۆڵ د ▁دەکرێت ▁هەم ▁مە ج ازی ▁و ▁هەم ▁ڕاست ە ق ین ▁بێت ، ▁بە ▁مانای ەکی ▁تر ، ▁مامۆستا ▁جۆرێک ە ▁لە ▁پەی کەر ە ▁سەر کەوت وو ەکان ▁بەڵام ▁لەبەر ▁ئەوە ▁پیاو ە ▁بچووک ی ▁ک اغ ە ز ەکەی ە ▁لە ▁مای ک رۆس ۆف ت ▁ئۆفیس .
[2026-03-18 01:45:47] Best translation 40 : ▁ناڕ ە ز ایەتی یەکان ▁لە ▁دە ور وب ەری ▁ی از دە ی ▁بە ▁کاتی ▁ناوخۆیی ▁( <0x55> T C <0x2B> 1 ) ▁لە ▁شاری ▁وا یت ھا ل ▁لە ▁بەر ان بەر ▁چوون ە ▁ژوور ەوە ی ▁پۆلیس ▁بۆ ▁ش ە ق امی ▁دا ون ینگ ▁کە ▁شوێنی ▁نیشتەجێ کردنی ▁فەر می ▁سەرۆک ▁وە زیر انە ▁دەستی ▁پێ ▁کرد .
[2026-03-18 01:45:47] Best translation 80 : ▁نیشان ەکە ▁لە ▁ڕووی ▁جەستە ی یەوە ▁زیانی ▁پێ نە گەی شت ووە ؛ ▁دەست کاری کردن ەکە ▁بە ▁بەکارهێنانی ▁ t ar p a u l in s ی ▁ڕە ش ▁کە ▁بە ▁نیشان ەکانی ▁ئاشتی ▁و ▁دڵ ▁ڕ از ێن راون ەتەوە ▁بۆ ▁گۆڕینی ▁" <0x4F> " ▁بۆ ▁خوێندن ەوە ی ▁" کە م بوون ەوە " ▁ئەنجام درا .
[2026-03-18 01:45:50] Best translation 160 : ▁خەڵک ▁بە ▁کورسی ▁لێی دە دان ▁، ▁بەڵام ▁پ ە نج ەر ەکان ▁بێ ▁پ ە نج ەرە ▁بوون ▁.
[2026-03-18 01:45:53] Best translation 320 : ▁بە دوا دا چوونی ▁نە خ شە کێش انی ▁دەریا ی ی ▁تی ژ ەکە ▁دۆزرای ەوە ▁بە ▁بەکارهێنانی ▁R <0x4F> <0x56> .
[2026-03-18 01:45:59] Best translation 640 : ▁ژاپۆن یه ▁کان ▁نزیکه ▁ی ▁حه ▁وت ▁هه ▁زار ▁دوور گه ▁یان ▁هه ▁یه ▁- ▁گه ▁وره ▁ترین ▁دوور گه ▁ی ▁" ه ۆن ش ۆ " ـ یان ▁هه ▁یه ▁و ▁.، به ▁مه ▁ش ▁ژاپۆن ▁حه ▁وته ▁مین ▁دوور گه ▁ی ▁له ▁جیهاندا ▁داد ه ▁نێت !
[2026-03-18 01:46:12] Best translation 1280 : ▁پاس ەکان ▁وێستگ ەی ▁پاس ی ▁نێوان ▁قە دە غ ە ▁دەکەن ▁( دە وری ▁ڕووب ار ەکە ) ▁لە ▁ماوەی ▁ڕۆژ دا ، ▁هەر چ ەند ە ▁زۆربەی ان ▁بە ▁تایبەت ی ▁ئەوانەی ▁بەرەو ▁ڕۆژه ەڵات ▁دە ڕۆ ن ▁و ▁مۆڵ ەتی ▁جا کار / بۆ م تە نگ ▁لە ▁نێوان ▁ ٠ ٦ : ٣ ٠ ▁بۆ ▁ ٠ ٧ : ٣ ٠ .
[2026-03-18 01:46:26] Total translation time: 40.85670s
[2026-03-18 01:46:26] [valid] Ep. 43 : Up. 56000 : bleu : 14.1373 : stalled 1 times (last best: 14.2475)
[2026-03-18 01:46:26] Translating validation set...
[2026-03-18 01:46:27] Best translation 0 : ▁ئەم ▁زار اوە یە ▁لە ▁ئاشنا ی ی ▁کۆن ▁و ەر گیراو ە ▁لەگەڵ ▁بێ د - بە گ ەکان ، ▁کە ▁مێر وو ەکان ▁زۆر ▁گونجاو ن ▁بۆ ▁م شە خ ۆر کردنی ▁مرۆڤ ەکان .
[2026-03-18 01:46:27] Best translation 1 : ▁هێرش بەر ەکانی ▁م ۆم بای ▁لە ▁٢ ٦ ی ▁تشرین ی ▁دووەمی ▁ ٢٠٠ ٨ دا ▁گەیشت نە ▁بە لە م ەکان ▁و ▁نار نج ۆک ▁و ▁چە کی ▁ئۆتۆ م اتی کی ▁و ▁چەندین ▁ئامانج یان ▁پێک ا ▁لەنێو یاندا ▁ق ەرە ب اڵ غ ی ▁چ تر اپ اتی ▁شی ڤا جی ▁ت ێر مین وس ▁و ▁وێستگ ەی ▁ش ە مەند ە فەر ی ▁بە ناو بان گ ▁هۆ تێ لی ▁تا ج ▁مە ح ال .
[2026-03-18 01:46:28] Best translation 2 : ▁گەڕ ان ەکە ▁لە ▁لایەن ▁هەمان ▁کە ش وه ە وای ▁خراپ ەوە ▁کۆ سپ ی ▁بەسەر دا ▁هات بوو ▁کە ▁بوو بوو ە ▁هۆی ▁نە ه ێ شتنی ▁زەوی ەکە ▁.
[2026-03-18 01:46:28] Best translation 3 : ▁هه ▁روه ▁ها ▁ئه ▁ی ▁سی ▁ئێم ا ▁ئه ▁وه ▁شی ▁ئاشکرا کرد ، ▁سه ▁ره ▁ر ِ ای ▁بڵاوبوون ه ▁وه ▁ی ▁ئه ▁و ▁گرت ه ▁ڤیدیۆ ییه ▁له ▁سه ▁ر ▁تۆر ِ ی ▁ئینته ▁رنێت ، ▁به ▁ڵام ▁برا ▁گه ▁وره ▁که ▁یاسا کانی ▁سان سۆر کردنی ▁ناوه ▁ر ِ ۆکی ▁ئێن ته ▁رنێت ی ▁له ▁کاتێکدا ▁که ▁ڕاگه ▁یاندن ه ▁کان ▁له ▁سه ▁ر ▁ماڵپ ه ▁ر ِ ی ▁برا گە ور ه ▁هه ▁ڵ نه ▁گیراوه ▁ته ▁وه ▁.
[2026-03-18 01:46:28] Best translation 4 : ▁سوپای ه ▁کی ▁لاواز تر ▁و ▁هێزی ▁ده ▁ری ایی ▁لاواز تر ی ▁هه ▁بوو ، ▁هه ▁رچ ه ▁نده ▁تازه ▁به ▁ر ▁له ▁ده ▁ست پێ کردنی ▁شه ▁ڕ ، ▁چوار ▁که ▁شتی ی ▁نوێ یان ▁دروست ▁کردبوو .
[2026-03-18 01:46:28] Best translation 5 : ▁دووه ▁م ▁گۆڵی ▁ئه ▁و ▁شه ▁و ▁بریتی ▁بوو ▁له ▁شه ▁سته ▁مین ▁گۆڵی ▁له ▁و ▁وه ▁رزه ▁، ▁به ▁مه ▁ش ▁بووه ▁یه ▁که ▁م ▁یاریزان ▁که ▁له ▁وه ▁رز ێک ▁له ▁ساڵی ▁١٩ ٩ ٥ - ٩ ٦ ه ▁وه ▁٦ ٠ ▁گۆڵ ▁یاخود ▁زیاتر ▁تۆمار ▁بکات ، ▁کاتێک ▁یاریزان ▁یا رۆ می ر ▁جا گر ▁و ▁مار ی ۆ ▁لێ می ۆ کس ▁هه ▁ری ه ▁که ▁یان ▁گه ▁یشتن ه ▁ئه ▁و ▁قۆناغ ه ▁.
[2026-03-18 01:46:28] Best translation 10 : ▁خوێن ▁له ▁ناو ▁ل وول ه ▁کان ▁له ▁دڵ ▁دوور ▁ده ▁که ▁وێت ه ▁وه ▁به ▁ناوی ▁خوێن به ▁ره ▁کان ▁و ▁له ▁ناو ▁ل وول ه ▁کاندا ▁ده ▁گه ▁ڕێت ه ▁وه ▁بۆ ▁دڵ ▁که ▁پێی ▁ده ▁گوت رێ ▁ده ▁مار ه ▁کان ، ▁بچوک ترین ▁ل وول ه ▁کان ▁پێی ▁ده ▁گوت رێت ▁کا پ ل ێت .
[2026-03-18 01:46:28] Best translation 20 : ▁کا ف ۆڵ د ▁دەکرێت ▁هەم ▁مە ج ازی ▁و ▁هەم ▁ڕاست ە ق ین ▁بێت ، ▁بە ▁مانای ەکی ▁تر ، ▁مامۆستا ▁جۆرێک ە ▁لە ▁پەی کەر ە ▁سەر کەوت وو ەکان ▁بەڵام ▁لەبەر ▁ئەوە ▁پیاو ە ▁بچووک ی ▁ک اغ ە ز ەکەی ە ▁لە ▁مای ک رۆس ۆف ت ▁ئۆفیس .
[2026-03-18 01:46:28] Best translation 40 : ▁ناڕ ە ز ایەتی یەکان ▁لە ▁دە ور وب ەری ▁ی از دە ی ▁بە ▁کاتی ▁ناوخۆیی ▁( <0x55> T C <0x2B> 1 ) ▁لە ▁شاری ▁وا یت ھا ل ▁لە ▁بەر ان بەر ▁چوون ە ▁ژوور ەوە ی ▁پۆلیس ▁بۆ ▁ش ە ق امی ▁دا ون ینگ ▁کە ▁شوێنی ▁نیشتەجێ کردنی ▁فەر می ▁سەرۆک ▁وە زیر انە ▁دەستی ▁پێ ▁کرد .
[2026-03-18 01:46:28] Best translation 80 : ▁نیشان ەکە ▁لە ▁ڕووی ▁جەستە ی یەوە ▁زیانی ▁پێ نە گەی شت ووە ؛ ▁دەست کاری کردن ەکە ▁بە ▁بەکارهێنانی ▁ t ar p a u l in s ی ▁ڕە ش ▁کە ▁بە ▁نیشان ەکانی ▁ئاشتی ▁و ▁دڵ ▁ڕ از ێن راون ەتەوە ▁بۆ ▁گۆڕینی ▁" <0x4F> " ▁بۆ ▁خوێندن ەوە ی ▁" کە م بوون ەوە " ▁ئەنجام درا .
[2026-03-18 01:46:31] Best translation 160 : ▁خەڵک ▁بە ▁کورسی ▁لێی دە دان ▁، ▁بەڵام ▁پ ە نج ەر ەکان ▁بێ ▁پ ە نج ەرە ▁بوون ▁.
[2026-03-18 01:46:35] Best translation 320 : ▁بە دوا دا چوونی ▁نە خ شە کێش انی ▁دەریا ی ی ▁تی ژ ەکە ▁دۆزرای ەوە ▁بە ▁بەکارهێنانی ▁R <0x4F> <0x56> .
[2026-03-18 01:46:41] Best translation 640 : ▁ژاپۆن یه ▁کان ▁نزیکه ▁ی ▁حه ▁وت ▁هه ▁زار ▁دوور گه ▁یان ▁هه ▁یه ▁- ▁گه ▁وره ▁ترین ▁دوور گه ▁ی ▁" ه ۆن ش ۆ " ـ یان ▁هه ▁یه ▁و ▁.، به ▁مه ▁ش ▁ژاپۆن ▁حه ▁وته ▁مین ▁دوور گه ▁ی ▁له ▁جیهاندا ▁داد ه ▁نێت !
[2026-03-18 01:46:53] Best translation 1280 : ▁پاس ەکان ▁وێستگ ەی ▁پاس ی ▁نێوان ▁قە دە غ ە ▁دەکەن ▁( دە وری ▁ڕووب ار ەکە ) ▁لە ▁ماوەی ▁ڕۆژ دا ، ▁هەر چ ەند ە ▁زۆربەی ان ▁بە ▁تایبەت ی ▁ئەوانەی ▁بەرەو ▁ڕۆژه ەڵات ▁دە ڕۆ ن ▁و ▁مۆڵ ەتی ▁جا کار / بۆ م تە نگ ▁لە ▁نێوان ▁ ٠ ٦ : ٣ ٠ ▁بۆ ▁ ٠ ٧ : ٣ ٠ .
[2026-03-18 01:47:09] Total translation time: 42.19180s
[2026-03-18 01:47:09] [valid] Ep. 43 : Up. 56000 : chrf : 45.063 : stalled 1 times (last best: 45.1083)
[2026-03-18 01:47:10] [valid] Ep. 43 : Up. 56000 : perplexity : 8.86171 : stalled 16 times (last best: 8.65573)
[2026-03-18 01:50:01] Ep. 43 : Up. 57000 : Sen. 285,869 : Cost 2.08050942 * 13,487,075 @ 16,773 after 766,027,476 : Time 261.91s : 51494.51 words/s : gNorm 0.6239 : L.r. 1.5894e-04
[2026-03-18 01:50:01] Saving model weights and runtime parameters to /workspace/OPUS-MT-train/work/en-ckb/curated-floresdev.spm4k-spm4k.transformer.model1.npz
[2026-03-18 01:50:02] Saving Adam parameters
[2026-03-18 01:50:04] [training] Saving training checkpoint to /workspace/OPUS-MT-train/work/en-ckb/curated-floresdev.spm4k-spm4k.transformer.model1.npz and /workspace/OPUS-MT-train/work/en-ckb/curated-floresdev.spm4k-spm4k.transformer.model1.npz.optimizer.npz
[2026-03-18 01:50:08] Translating validation set...
[2026-03-18 01:50:09] Best translation 0 : ▁ئەم ▁زار اوە یە ▁لە ▁ئاشنا ی ی ▁کۆن ▁و ەر گیراو ە ▁لەگەڵ ▁بێ د - بە گ س ، ▁کە ▁مێر وو ەکان ▁بە ▁شێوەیەکی ▁زۆر ▁گونجاو ن ▁بۆ ▁م شە خۆ ری ▁مرۆڤ .
[2026-03-18 01:50:09] Best translation 1 : ▁هێرش بەر ەکانی ▁م ۆم بای ▁لە ▁٢ ٦ ی ▁تشرین ی ▁دووەمی ▁ ٢٠٠ ٨ دا ▁گەیشت نە ▁بە لە م ەکان ▁و ▁نار نج ۆک ▁و ▁چە کی ▁ئۆتۆ م اتی کی ▁و ▁چەندین ▁ئامانج یان ▁دە هێنا ▁لەنێو یاندا ▁ق ەرە ب اڵ غ ی ▁چ تر اپ اتی ▁شی ڤا جی ▁ت ێر مین وس ▁و ▁وێستگ ەی ▁ش ە مەند ە فەر ی ▁بە ناو بان گی ▁تا ج ▁مە ح ال .
[2026-03-18 01:50:09] Best translation 2 : ▁بە ▁هۆی ▁هەمان ▁کە ش وه ە وای ▁خراپ ەوە ▁گەڕ ان ەکە ▁بەر بەست ی ▁گرت بوو ▁کە ▁بووە ▁هۆی ▁نیشت نەوەی ▁بێ زار بوو ەکە ▁.
[2026-03-18 01:50:09] Best translation 3 : ▁هه ▁روه ▁ها ▁A C M A ▁بۆ ی ▁ده ▁رک ه ▁وت ▁که ▁سه ▁ره ▁ڕای ▁ئه ▁و ▁گرت ه ▁ڤیدیۆ یه ▁ی ▁له ▁سه ▁ر ▁تۆڕی ▁ئینته ▁رنێت ▁بڵاو بۆ ته ▁وه ▁، ▁به ▁ڵام ▁برا ▁گه ▁وره ▁که ▁یاسا کانی ▁سان سۆر کردنی ▁ناوه ▁ڕۆک ی ▁ئینته ▁رنێت ی ▁نه ▁ش ک اندووه ▁له ▁کاتێکدا ▁که ▁ڕاگه ▁یاندن ه ▁کان ▁له ▁سه ▁ر ▁ماڵپ ه ▁ڕی ▁برا گی ▁برای ه ▁ر ▁هه ▁ڵ نه ▁گیراوه ▁.
[2026-03-18 01:50:09] Best translation 4 : ▁سوپای ه ▁کی ▁لاواز تر ▁و ▁هێزی ▁ده ▁ری ایی ▁لاواز تر ی ▁هه ▁بوو ، ▁هه ▁رچ ه ▁نده ▁تازه ▁به ▁ر ▁له ▁ده ▁ست پێ کردنی ▁شه ▁ڕ ، ▁چوار ▁که ▁شتی ی ▁نوێ یان ▁دروست ▁کردبوو .
[2026-03-18 01:50:09] Best translation 5 : ▁دووه ▁م ▁گۆڵی ▁شه ▁و ی ▁یه ▁که ▁م ▁بریتی ▁بوو ▁له ▁٦ ٠ یه ▁می ▁ئه ▁م ▁وه ▁رزه ▁، ▁که ▁بووه ▁یه ▁که ▁م ▁یاریزان ▁که ▁له ▁وه ▁رز ێک ▁له ▁ساڵی ▁١٩ ٩ ٥ - ٩ ٦ ه ▁وه ▁٦ ٠ ▁گۆڵ ▁یاخود ▁زیاتر ▁تۆمار ▁بکات ، ▁کاتێک ▁هه ▁ری ه ▁که ▁له ▁یاریزانان ▁یا رۆ می ر ▁جا گر ▁و ▁مار ی ۆ ▁لێ می ۆ کس ▁هه ▁ری ه ▁که ▁یان ▁گه ▁یشتن ه ▁ئه ▁و ▁قۆناغ ه ▁.
[2026-03-18 01:50:09] Best translation 10 : ▁خوێن ▁له ▁ناو ▁ل وول ه ▁کان ▁له ▁دڵ ▁دوور ▁ده ▁که ▁وێت ه ▁وه ▁به ▁ناوی ▁خوێن به ▁ره ▁کان ▁و ▁له ▁ناو ▁ل وول ه ▁کاندا ▁ده ▁گه ▁ڕێت ه ▁وه ▁بۆ ▁دڵ ▁به ▁ناوی ▁ده ▁مار ه ▁کان ، ▁بچوک ترین ▁ل وول ه ▁کان ▁پێی ▁ده ▁گوت رێت ▁کا پ ل ێت .
[2026-03-18 01:50:09] Best translation 20 : ▁کا ف ۆڵ د ▁دەکرێت ▁هەم ▁مە ج ازی ▁و ▁هەم ▁ڕاست ە ق ین ▁بێت ، ▁بە ▁مانای ەکی ▁تر ، ▁مامۆستا ▁جۆرێک ە ▁لە ▁پەی ژ ە ▁بەڵام ▁کەواتە ▁پیاو ی ▁بچووک ی ▁ک اغ ە ز ▁لە ▁مای ک رۆس ۆف ت ▁ئۆفیس ە .
[2026-03-18 01:50:09] Best translation 40 : ▁خۆپ ـ یش ـ اند انه ▁که ▁ده ▁س ـ تی پ ـ ێ ـ کرد ▁له ▁کاتژمێر ▁ی از ده ▁ی ▁به ▁یانی ▁به ▁کاتی ▁خۆ جێ ی ▁ی و ▁تی ▁سی <0x2B> ١ ▁له ▁سه ▁ر ▁وا یت اڵ ▁به ▁رامب ه ▁ر ▁به ▁چوون ه ▁ژوور ه ▁وه ▁ی ▁پ ـ ۆلیس ▁بۆ ▁شه ▁قامی ▁دا ون ینگ ▁که ▁شوێنی ▁فه ▁رمی ▁سه ▁رۆک ▁وه ▁زیران ه ▁.
[2026-03-18 01:50:10] Best translation 80 : ▁نیشان ەکە ▁لە ▁ڕووی ▁جەستە ی یەوە ▁زیانی ▁پێ نە گەی شت ووە ؛ ▁دەست کاری کردن ەکە ▁بە ▁بەکارهێنانی ▁ t ar p a u l in s ی ▁ڕە ش ▁کە ▁بە ▁نیشان ەکانی ▁ئاشتی ▁و ▁دڵ ▁ڕ از ێن راون ەتەوە ▁بۆ ▁گۆڕینی ▁" <0x4F> " ▁بۆ ▁خوێندن ەوە ی ▁" کە م بوون ەوە " ▁ئەنجام درا .
[2026-03-18 01:50:13] Best translation 160 : ▁خەڵک ▁بە ▁کورسی ▁لێی دە دان ▁، ▁بەڵام ▁پ ە نج ەر ەکان ▁بێ ▁پ ە نج ەرە ▁بوون ▁.
[2026-03-18 01:50:16] Best translation 320 : ▁بە دوا دا چوونی ▁نە خ شە کێش انی ▁دەریا ی ی ▁تی ژ ەکە ▁دۆزرای ەوە ▁بە ▁بەکارهێنانی ▁ئا ڕ ▁ئۆ ▁ڤی .
[2026-03-18 01:50:22] Best translation 640 : ▁ژاپۆن یه ▁کان ▁نزیکه ▁ی ▁حه ▁وت ▁هه ▁زار ▁دوور گه ▁یان ▁هه ▁یه ▁- ▁گه ▁وره ▁ترین ▁دوور گه ▁ی ▁" ه ۆن ش و " ▁بووه ▁، ▁به ▁مه ▁ش ▁ژاپۆن ▁حه ▁وته ▁مین ▁دوور گه ▁ی ▁له ▁جیهاندا ▁داد ه ▁نێت !
[2026-03-18 01:50:34] Best translation 1280 : ▁پاس ەکان ▁وێستگ ەی ▁پاس ی ▁نێوان ▁قە دە غ ە ▁دەکەن ▁( بە ▁درێژایی ▁ڕۆژ ▁ڕووب ار ەکە ) ▁هەر چ ەند ە ▁زۆربەی ▁ڕۆژ ەکان ▁بە ▁تایبەت ی ▁ئەوانەی ▁بەرەو ▁ڕۆژه ەڵات ▁و ▁مۆڵ ەتی ▁جا کار / بۆ م ت ەنگ ▁لە ▁نێوان ▁ ٠ ٦ : ٣ ٠ ▁بۆ ▁ ٠ ٧ : ٣ ٠ .
[2026-03-18 01:50:49] Total translation time: 40.88135s
[2026-03-18 01:50:49] [valid] Ep. 43 : Up. 57000 : bleu : 14.1652 : stalled 2 times (last best: 14.2475)
[2026-03-18 01:50:49] Translating validation set...
[2026-03-18 01:50:50] Best translation 0 : ▁ئەم ▁زار اوە یە ▁لە ▁ئاشنا ی ی ▁کۆن ▁و ەر گیراو ە ▁لەگەڵ ▁بێ د - بە گ س ، ▁کە ▁مێر وو ەکان ▁بە ▁شێوەیەکی ▁زۆر ▁گونجاو ن ▁بۆ ▁م شە خۆ ری ▁مرۆڤ .
[2026-03-18 01:50:50] Best translation 1 : ▁هێرش بەر ەکانی ▁م ۆم بای ▁لە ▁٢ ٦ ی ▁تشرین ی ▁دووەمی ▁ ٢٠٠ ٨ دا ▁گەیشت نە ▁بە لە م ەکان ▁و ▁نار نج ۆک ▁و ▁چە کی ▁ئۆتۆ م اتی کی ▁و ▁چەندین ▁ئامانج یان ▁دە هێنا ▁لەنێو یاندا ▁ق ەرە ب اڵ غ ی ▁چ تر اپ اتی ▁شی ڤا جی ▁ت ێر مین وس ▁و ▁وێستگ ەی ▁ش ە مەند ە فەر ی ▁بە ناو بان گی ▁تا ج ▁مە ح ال .
[2026-03-18 01:50:50] Best translation 2 : ▁بە ▁هۆی ▁هەمان ▁کە ش وه ە وای ▁خراپ ەوە ▁گەڕ ان ەکە ▁بەر بەست ی ▁گرت بوو ▁کە ▁بووە ▁هۆی ▁نیشت نەوەی ▁بێ زار بوو ەکە ▁.
[2026-03-18 01:50:50] Best translation 3 : ▁هه ▁روه ▁ها ▁A C M A ▁بۆ ی ▁ده ▁رک ه ▁وت ▁که ▁سه ▁ره ▁ڕای ▁ئه ▁و ▁گرت ه ▁ڤیدیۆ یه ▁ی ▁له ▁سه ▁ر ▁تۆڕی ▁ئینته ▁رنێت ▁بڵاو بۆ ته ▁وه ▁، ▁به ▁ڵام ▁برا ▁گه ▁وره ▁که ▁یاسا کانی ▁سان سۆر کردنی ▁ناوه ▁ڕۆک ی ▁ئینته ▁رنێت ی ▁نه ▁ش ک اندووه ▁له ▁کاتێکدا ▁که ▁ڕاگه ▁یاندن ه ▁کان ▁له ▁سه ▁ر ▁ماڵپ ه ▁ڕی ▁برا گی ▁برای ه ▁ر ▁هه ▁ڵ نه ▁گیراوه ▁.
[2026-03-18 01:50:50] Best translation 4 : ▁سوپای ه ▁کی ▁لاواز تر ▁و ▁هێزی ▁ده ▁ری ایی ▁لاواز تر ی ▁هه ▁بوو ، ▁هه ▁رچ ه ▁نده ▁تازه ▁به ▁ر ▁له ▁ده ▁ست پێ کردنی ▁شه ▁ڕ ، ▁چوار ▁که ▁شتی ی ▁نوێ یان ▁دروست ▁کردبوو .
[2026-03-18 01:50:50] Best translation 5 : ▁دووه ▁م ▁گۆڵی ▁شه ▁و ی ▁یه ▁که ▁م ▁بریتی ▁بوو ▁له ▁٦ ٠ یه ▁می ▁ئه ▁م ▁وه ▁رزه ▁، ▁که ▁بووه ▁یه ▁که ▁م ▁یاریزان ▁که ▁له ▁وه ▁رز ێک ▁له ▁ساڵی ▁١٩ ٩ ٥ - ٩ ٦ ه ▁وه ▁٦ ٠ ▁گۆڵ ▁یاخود ▁زیاتر ▁تۆمار ▁بکات ، ▁کاتێک ▁هه ▁ری ه ▁که ▁له ▁یاریزانان ▁یا رۆ می ر ▁جا گر ▁و ▁مار ی ۆ ▁لێ می ۆ کس ▁هه ▁ری ه ▁که ▁یان ▁گه ▁یشتن ه ▁ئه ▁و ▁قۆناغ ه ▁.
[2026-03-18 01:50:50] Best translation 10 : ▁خوێن ▁له ▁ناو ▁ل وول ه ▁کان ▁له ▁دڵ ▁دوور ▁ده ▁که ▁وێت ه ▁وه ▁به ▁ناوی ▁خوێن به ▁ره ▁کان ▁و ▁له ▁ناو ▁ل وول ه ▁کاندا ▁ده ▁گه ▁ڕێت ه ▁وه ▁بۆ ▁دڵ ▁به ▁ناوی ▁ده ▁مار ه ▁کان ، ▁بچوک ترین ▁ل وول ه ▁کان ▁پێی ▁ده ▁گوت رێت ▁کا پ ل ێت .
[2026-03-18 01:50:50] Best translation 20 : ▁کا ف ۆڵ د ▁دەکرێت ▁هەم ▁مە ج ازی ▁و ▁هەم ▁ڕاست ە ق ین ▁بێت ، ▁بە ▁مانای ەکی ▁تر ، ▁مامۆستا ▁جۆرێک ە ▁لە ▁پەی ژ ە ▁بەڵام ▁کەواتە ▁پیاو ی ▁بچووک ی ▁ک اغ ە ز ▁لە ▁مای ک رۆس ۆف ت ▁ئۆفیس ە .
[2026-03-18 01:50:50] Best translation 40 : ▁خۆپ ـ یش ـ اند انه ▁که ▁ده ▁س ـ تی پ ـ ێ ـ کرد ▁له ▁کاتژمێر ▁ی از ده ▁ی ▁به ▁یانی ▁به ▁کاتی ▁خۆ جێ ی ▁ی و ▁تی ▁سی <0x2B> ١ ▁له ▁سه ▁ر ▁وا یت اڵ ▁به ▁رامب ه ▁ر ▁به ▁چوون ه ▁ژوور ه ▁وه ▁ی ▁پ ـ ۆلیس ▁بۆ ▁شه ▁قامی ▁دا ون ینگ ▁که ▁شوێنی ▁فه ▁رمی ▁سه ▁رۆک ▁وه ▁زیران ه ▁.
[2026-03-18 01:50:51] Best translation 80 : ▁نیشان ەکە ▁لە ▁ڕووی ▁جەستە ی یەوە ▁زیانی ▁پێ نە گەی شت ووە ؛ ▁دەست کاری کردن ەکە ▁بە ▁بەکارهێنانی ▁ t ar p a u l in s ی ▁ڕە ش ▁کە ▁بە ▁نیشان ەکانی ▁ئاشتی ▁و ▁دڵ ▁ڕ از ێن راون ەتەوە ▁بۆ ▁گۆڕینی ▁" <0x4F> " ▁بۆ ▁خوێندن ەوە ی ▁" کە م بوون ەوە " ▁ئەنجام درا .
[2026-03-18 01:50:54] Best translation 160 : ▁خەڵک ▁بە ▁کورسی ▁لێی دە دان ▁، ▁بەڵام ▁پ ە نج ەر ەکان ▁بێ ▁پ ە نج ەرە ▁بوون ▁.
[2026-03-18 01:50:57] Best translation 320 : ▁بە دوا دا چوونی ▁نە خ شە کێش انی ▁دەریا ی ی ▁تی ژ ەکە ▁دۆزرای ەوە ▁بە ▁بەکارهێنانی ▁ئا ڕ ▁ئۆ ▁ڤی .
[2026-03-18 01:51:03] Best translation 640 : ▁ژاپۆن یه ▁کان ▁نزیکه ▁ی ▁حه ▁وت ▁هه ▁زار ▁دوور گه ▁یان ▁هه ▁یه ▁- ▁گه ▁وره ▁ترین ▁دوور گه ▁ی ▁" ه ۆن ش و " ▁بووه ▁، ▁به ▁مه ▁ش ▁ژاپۆن ▁حه ▁وته ▁مین ▁دوور گه ▁ی ▁له ▁جیهاندا ▁داد ه ▁نێت !
[2026-03-18 01:51:16] Best translation 1280 : ▁پاس ەکان ▁وێستگ ەی ▁پاس ی ▁نێوان ▁قە دە غ ە ▁دەکەن ▁( بە ▁درێژایی ▁ڕۆژ ▁ڕووب ار ەکە ) ▁هەر چ ەند ە ▁زۆربەی ▁ڕۆژ ەکان ▁بە ▁تایبەت ی ▁ئەوانەی ▁بەرەو ▁ڕۆژه ەڵات ▁و ▁مۆڵ ەتی ▁جا کار / بۆ م ت ەنگ ▁لە ▁نێوان ▁ ٠ ٦ : ٣ ٠ ▁بۆ ▁ ٠ ٧ : ٣ ٠ .
[2026-03-18 01:51:31] Total translation time: 42.34125s
[2026-03-18 01:51:31] Saving model weights and runtime parameters to /workspace/OPUS-MT-train/work/en-ckb/curated-floresdev.spm4k-spm4k.transformer.model1.npz.best-chrf.npz
[2026-03-18 01:51:33] [valid] Ep. 43 : Up. 57000 : chrf : 45.1117 : new best
[2026-03-18 01:51:35] [valid] Ep. 43 : Up. 57000 : perplexity : 8.88378 : stalled 17 times (last best: 8.65573)
[2026-03-18 01:51:52] Seen 310,206 samples
[2026-03-18 01:51:52] Starting data epoch 44 in logical epoch 44
[2026-03-18 01:54:25] Ep. 44 : Up. 58000 : Sen. 211,138 : Cost 2.07147288 * 13,406,836 @ 13,817 after 779,434,312 : Time 264.21s : 50742.33 words/s : gNorm 0.6268 : L.r. 1.5757e-04
[2026-03-18 01:54:25] Saving model weights and runtime parameters to /workspace/OPUS-MT-train/work/en-ckb/curated-floresdev.spm4k-spm4k.transformer.model1.npz
[2026-03-18 01:54:27] Saving Adam parameters
[2026-03-18 01:54:29] [training] Saving training checkpoint to /workspace/OPUS-MT-train/work/en-ckb/curated-floresdev.spm4k-spm4k.transformer.model1.npz and /workspace/OPUS-MT-train/work/en-ckb/curated-floresdev.spm4k-spm4k.transformer.model1.npz.optimizer.npz
[2026-03-18 01:54:32] Translating validation set...
[2026-03-18 01:54:33] Best translation 0 : ▁ئەم ▁زار اوە یە ▁لە ▁ئاشنا ی ی ▁کۆن ▁و ەر گیراو ە ▁لەگەڵ ▁بێ د - بە گ س ، ▁کە ▁مێر وو ەکان ▁بە ▁شێوەیەکی ▁زۆر ▁گونجاو ن ▁بۆ ▁م شە خۆ ری ▁مرۆڤ .
[2026-03-18 01:54:33] Best translation 1 : ▁هێرش بەر ەکانی ▁م ۆم بای ▁لە ▁٢ ٦ ی ▁تشرین ی ▁دووەمی ▁ ٢٠٠ ٨ دا ▁گەیشت نە ▁ڕێگەی ▁بە لە م ەکان ▁و ▁نار نج ۆک ▁و ▁چە کی ▁ئۆتۆ م اتی کی ▁و ▁چەندین ▁ئامانج یان ▁دە هێنا ▁لەنێو یاندا ▁ق ەرە ب اڵ غ ی ▁چ تر اپ اتی ▁شی ڤا جی ▁ت ێر مین وس ▁و ▁وێستگ ەی ▁ش ە مەند ە فەر ی ▁بە ناو بان گی ▁تا ج ▁مە ح ال .
[2026-03-18 01:54:33] Best translation 2 : ▁بە ▁هۆی ▁هەمان ▁کە ش وه ە وای ▁خراپ ەوە ▁گەڕ ان ەکە ▁بەر بەست ی ▁گرت بوو ▁کە ▁بووە ▁هۆی ▁نیشت نەوەی ▁بێ زار بوو ەکە ▁.
[2026-03-18 01:54:33] Best translation 3 : ▁هه ▁روه ▁ها ▁A C M A ▁بۆ ی ▁ده ▁رک ه ▁وت ▁که ▁سه ▁ره ▁ڕای ▁ئه ▁و ▁گرت ه ▁ڤیدیۆ یه ▁ی ▁له ▁سه ▁ر ▁تۆڕی ▁ئینته ▁رنێت ▁بڵاو بۆ ته ▁وه ▁، ▁به ▁ڵام ▁برا ▁گه ▁وره ▁که ▁یاسا کانی ▁سان سۆر کردنی ▁ناوه ▁ڕۆک ی ▁ئینته ▁رنێت ی ▁نه ▁ش ک اندووه ▁له ▁کاتێکدا ▁که ▁ڕاگه ▁یاندن ه ▁کان ▁له ▁سه ▁ر ▁ماڵپ ه ▁ڕی ▁برا گی ▁برای ه ▁ر ▁هه ▁ڵ نه ▁گیراوه ▁.
[2026-03-18 01:54:33] Best translation 4 : ▁سوپای ه ▁کی ▁لاواز تر ▁و ▁هێزی ▁ده ▁ری ایی ▁لاواز تر ی ▁هه ▁بوو ، ▁هه ▁رچ ه ▁نده ▁تازه ▁به ▁ر ▁له ▁ده ▁ست پێ کردنی ▁شه ▁ڕ ، ▁چوار ▁که ▁شتی ی ▁نوێ یان ▁دروست ▁کردبوو .
[2026-03-18 01:54:33] Best translation 5 : ▁دووه ▁م ▁گۆڵی ▁ئه ▁و ▁شه ▁و ▁بریتی ▁بوو ▁له ▁شه ▁سته ▁مین ▁گۆڵی ▁له ▁و ▁وه ▁رزه ▁، ▁به ▁مه ▁ش ▁بووه ▁یه ▁که ▁م ▁یاریزان ▁که ▁له ▁وه ▁رز ێک ▁له ▁ساڵی ▁١٩ ٩ ٥ - ٩ ٦ ه ▁وه ▁٦ ٠ ▁گۆڵ ▁یاخود ▁زیاتر ▁تۆمار ▁بکات ، ▁کاتێک ▁هه ▁ری ه ▁که ▁له ▁یاریزانان ▁یا رۆ می ر ▁جا گر ▁و ▁مار ی ۆ ▁لێ می ۆ کس ▁هه ▁ری ه ▁که ▁یان ▁گه ▁یشتن ه ▁ئه ▁و ▁قۆناغ ه ▁.
[2026-03-18 01:54:34] Best translation 10 : ▁خوێن ▁له ▁ناو ▁ل وول ه ▁کان ▁له ▁دڵ ▁دوور ▁ده ▁که ▁وێت ه ▁وه ▁به ▁ناوی ▁خوێن به ▁ره ▁کان ▁و ▁له ▁ناو ▁ل وول ه ▁کاندا ▁دێت ه ▁وه ▁ناو ▁دڵ ه ▁وه ▁که ▁پێی ▁ده ▁گوت رێ ▁ده ▁مار ه ▁کان ، ▁بچوک ترین ▁ل وول ه ▁کان ▁پێی ▁ده ▁گوت رێت ▁کا پ لی یه ▁کان .
[2026-03-18 01:54:34] Best translation 20 : ▁کا ف ۆڵ د ▁دەکرێت ▁هەم ▁مە ج ازی ▁و ▁هەم ▁ڕاست ە ق ین ▁بێت ، ▁بە ▁مانای ەکی ▁تر ، ▁مامۆستا ▁جۆرێک ە ▁لە ▁پەی ژ ە ▁بەڵام ▁کەواتە ▁پیاو ی ▁بچووک ی ▁ک اغ ە ز ▁لە ▁مای ک رۆس ۆف ت ▁ئۆفیس ە .
[2026-03-18 01:54:34] Best translation 40 : ▁خۆپ ـ یش ـ اند انه ▁که ▁ده ▁س ـ تی پ ـ ێ ـ کرد ▁له ▁کاتژمێر ▁ی از ده ▁ی ▁به ▁یانی ▁به ▁کاتی ▁خۆ جێ ی ▁ی و ▁تی ▁سی <0x2B> ١ ▁له ▁سه ▁ر ▁ش ـ اری ▁وا یت اڵ ▁به ▁رامب ه ▁ر ▁به ▁چوون ه ▁ده ▁ره ▁وه ▁ی ▁پ ـ ۆلیس ▁بۆ ▁شه ▁قامی ▁دا ون ینگ ▁که ▁شوێنی ▁فه ▁رمی ▁سه ▁رۆک ▁وه ▁زیر ▁بوو .
[2026-03-18 01:54:34] Best translation 80 : ▁نیشان ەکە ▁لە ▁ڕووی ▁جەستە ی یەوە ▁زیانی ▁پێ نە گەی شت ووە ؛ ▁دەست کاری کردن ەکە ▁بە ▁بەکارهێنانی ▁ t ar p ol in s ی ▁ڕە ش ▁کە ▁بە ▁نیشان ەکانی ▁ئاشتی ▁و ▁دڵ ▁ڕ از ێن راوە ▁بۆ ▁گۆڕینی ▁" <0x4F> ▁" ▁ئەنجام ▁درا ▁بۆ ▁خوێندن ەوە ی ▁" ▁.
[2026-03-18 01:54:37] Best translation 160 : ▁خەڵک ▁بە ▁کورسی ▁لێی دە دان ▁، ▁بەڵام ▁پ ە نج ەر ەکان ▁بێ ▁پ ە نج ەرە ▁بوون ▁.
[2026-03-18 01:54:40] Best translation 320 : ▁بە دوا دا چوونی ▁نە خ شە کێش انی ▁دەریا ی ی ▁تی ژ ەکە ▁دۆزرای ەوە ▁بە ▁بەکارهێنانی ▁ئا ڕ ▁ئۆ ▁ڤی .
[2026-03-18 01:54:46] Best translation 640 : ▁ژاپۆن یه ▁کان ▁نزیکه ▁ی ▁حه ▁وت ▁هه ▁زار ▁دوور گه ▁یان ▁هه ▁یه ▁- ▁گه ▁وره ▁ترین ▁دوور گه ▁ی ▁" ه ۆن ش و " ▁بووه ▁، ▁به ▁مه ▁ش ▁ژاپۆن ▁ده ▁بێته ▁حه ▁وته ▁مین ▁دور گه ▁ی ▁گه ▁وره ▁له ▁جیهاندا ▁ !
[2026-03-18 01:54:58] Best translation 1280 : ▁پاس ەکان ▁وێستگ ەی ▁پاس ی ▁نێوان ▁ت ەو ژ م ▁( بە ▁ئینگلیزی : ▁ <0x42> us es ) ▁بە ▁درێژایی ▁ڕۆژ ▁بە ▁درێژایی ▁ڕۆژ ▁وێستگ ەی ▁پاس ەکان ▁( ئە م ▁ڕووب ار ە ▁لەناو دە بات ) ▁هەر چ ەند ە ▁زۆربەی ان ▁بە تای بە تی ▁ئەوانەی ▁بەرەو ▁ڕۆژه ەڵات ▁دە ڕۆ ن ▁و ▁مۆڵ ەتی ▁جا کار / <0x42> u m t an g ▁لە ▁نێوان ▁ ٠ ٦ : ٣ ٠ ▁بۆ ▁ ٠ ٧ : ٣ ٠ .
[2026-03-18 01:55:13] Total translation time: 40.85602s
[2026-03-18 01:55:13] [valid] Ep. 44 : Up. 58000 : bleu : 14.0556 : stalled 3 times (last best: 14.2475)
[2026-03-18 01:55:13] Translating validation set...
[2026-03-18 01:55:14] Best translation 0 : ▁ئەم ▁زار اوە یە ▁لە ▁ئاشنا ی ی ▁کۆن ▁و ەر گیراو ە ▁لەگەڵ ▁بێ د - بە گ س ، ▁کە ▁مێر وو ەکان ▁بە ▁شێوەیەکی ▁زۆر ▁گونجاو ن ▁بۆ ▁م شە خۆ ری ▁مرۆڤ .
[2026-03-18 01:55:14] Best translation 1 : ▁هێرش بەر ەکانی ▁م ۆم بای ▁لە ▁٢ ٦ ی ▁تشرین ی ▁دووەمی ▁ ٢٠٠ ٨ دا ▁گەیشت نە ▁ڕێگەی ▁بە لە م ەکان ▁و ▁نار نج ۆک ▁و ▁چە کی ▁ئۆتۆ م اتی کی ▁و ▁چەندین ▁ئامانج یان ▁دە هێنا ▁لەنێو یاندا ▁ق ەرە ب اڵ غ ی ▁چ تر اپ اتی ▁شی ڤا جی ▁ت ێر مین وس ▁و ▁وێستگ ەی ▁ش ە مەند ە فەر ی ▁بە ناو بان گی ▁تا ج ▁مە ح ال .
[2026-03-18 01:55:14] Best translation 2 : ▁بە ▁هۆی ▁هەمان ▁کە ش وه ە وای ▁خراپ ەوە ▁گەڕ ان ەکە ▁بەر بەست ی ▁گرت بوو ▁کە ▁بووە ▁هۆی ▁نیشت نەوەی ▁بێ زار بوو ەکە ▁.
[2026-03-18 01:55:14] Best translation 3 : ▁هه ▁روه ▁ها ▁A C M A ▁بۆ ی ▁ده ▁رک ه ▁وت ▁که ▁سه ▁ره ▁ڕای ▁ئه ▁و ▁گرت ه ▁ڤیدیۆ یه ▁ی ▁له ▁سه ▁ر ▁تۆڕی ▁ئینته ▁رنێت ▁بڵاو بۆ ته ▁وه ▁، ▁به ▁ڵام ▁برا ▁گه ▁وره ▁که ▁یاسا کانی ▁سان سۆر کردنی ▁ناوه ▁ڕۆک ی ▁ئینته ▁رنێت ی ▁نه ▁ش ک اندووه ▁له ▁کاتێکدا ▁که ▁ڕاگه ▁یاندن ه ▁کان ▁له ▁سه ▁ر ▁ماڵپ ه ▁ڕی ▁برا گی ▁برای ه ▁ر ▁هه ▁ڵ نه ▁گیراوه ▁.
[2026-03-18 01:55:14] Best translation 4 : ▁سوپای ه ▁کی ▁لاواز تر ▁و ▁هێزی ▁ده ▁ری ایی ▁لاواز تر ی ▁هه ▁بوو ، ▁هه ▁رچ ه ▁نده ▁تازه ▁به ▁ر ▁له ▁ده ▁ست پێ کردنی ▁شه ▁ڕ ، ▁چوار ▁که ▁شتی ی ▁نوێ یان ▁دروست ▁کردبوو .
[2026-03-18 01:55:14] Best translation 5 : ▁دووه ▁م ▁گۆڵی ▁ئه ▁و ▁شه ▁و ▁بریتی ▁بوو ▁له ▁شه ▁سته ▁مین ▁گۆڵی ▁له ▁و ▁وه ▁رزه ▁، ▁به ▁مه ▁ش ▁بووه ▁یه ▁که ▁م ▁یاریزان ▁که ▁له ▁وه ▁رز ێک ▁له ▁ساڵی ▁١٩ ٩ ٥ - ٩ ٦ ه ▁وه ▁٦ ٠ ▁گۆڵ ▁یاخود ▁زیاتر ▁تۆمار ▁بکات ، ▁کاتێک ▁هه ▁ری ه ▁که ▁له ▁یاریزانان ▁یا رۆ می ر ▁جا گر ▁و ▁مار ی ۆ ▁لێ می ۆ کس ▁هه ▁ری ه ▁که ▁یان ▁گه ▁یشتن ه ▁ئه ▁و ▁قۆناغ ه ▁.
[2026-03-18 01:55:14] Best translation 10 : ▁خوێن ▁له ▁ناو ▁ل وول ه ▁کان ▁له ▁دڵ ▁دوور ▁ده ▁که ▁وێت ه ▁وه ▁به ▁ناوی ▁خوێن به ▁ره ▁کان ▁و ▁له ▁ناو ▁ل وول ه ▁کاندا ▁دێت ه ▁وه ▁ناو ▁دڵ ه ▁وه ▁که ▁پێی ▁ده ▁گوت رێ ▁ده ▁مار ه ▁کان ، ▁بچوک ترین ▁ل وول ه ▁کان ▁پێی ▁ده ▁گوت رێت ▁کا پ لی یه ▁کان .
[2026-03-18 01:55:14] Best translation 20 : ▁کا ف ۆڵ د ▁دەکرێت ▁هەم ▁مە ج ازی ▁و ▁هەم ▁ڕاست ە ق ین ▁بێت ، ▁بە ▁مانای ەکی ▁تر ، ▁مامۆستا ▁جۆرێک ە ▁لە ▁پەی ژ ە ▁بەڵام ▁کەواتە ▁پیاو ی ▁بچووک ی ▁ک اغ ە ز ▁لە ▁مای ک رۆس ۆف ت ▁ئۆفیس ە .
[2026-03-18 01:55:14] Best translation 40 : ▁خۆپ ـ یش ـ اند انه ▁که ▁ده ▁س ـ تی پ ـ ێ ـ کرد ▁له ▁کاتژمێر ▁ی از ده ▁ی ▁به ▁یانی ▁به ▁کاتی ▁خۆ جێ ی ▁ی و ▁تی ▁سی <0x2B> ١ ▁له ▁سه ▁ر ▁ش ـ اری ▁وا یت اڵ ▁به ▁رامب ه ▁ر ▁به ▁چوون ه ▁ده ▁ره ▁وه ▁ی ▁پ ـ ۆلیس ▁بۆ ▁شه ▁قامی ▁دا ون ینگ ▁که ▁شوێنی ▁فه ▁رمی ▁سه ▁رۆک ▁وه ▁زیر ▁بوو .
[2026-03-18 01:55:15] Best translation 80 : ▁نیشان ەکە ▁لە ▁ڕووی ▁جەستە ی یەوە ▁زیانی ▁پێ نە گەی شت ووە ؛ ▁دەست کاری کردن ەکە ▁بە ▁بەکارهێنانی ▁ t ar p ol in s ی ▁ڕە ش ▁کە ▁بە ▁نیشان ەکانی ▁ئاشتی ▁و ▁دڵ ▁ڕ از ێن راوە ▁بۆ ▁گۆڕینی ▁" <0x4F> ▁" ▁ئەنجام ▁درا ▁بۆ ▁خوێندن ەوە ی ▁" ▁.
[2026-03-18 01:55:18] Best translation 160 : ▁خەڵک ▁بە ▁کورسی ▁لێی دە دان ▁، ▁بەڵام ▁پ ە نج ەر ەکان ▁بێ ▁پ ە نج ەرە ▁بوون ▁.
[2026-03-18 01:55:21] Best translation 320 : ▁بە دوا دا چوونی ▁نە خ شە کێش انی ▁دەریا ی ی ▁تی ژ ەکە ▁دۆزرای ەوە ▁بە ▁بەکارهێنانی ▁ئا ڕ ▁ئۆ ▁ڤی .
[2026-03-18 01:55:27] Best translation 640 : ▁ژاپۆن یه ▁کان ▁نزیکه ▁ی ▁حه ▁وت ▁هه ▁زار ▁دوور گه ▁یان ▁هه ▁یه ▁- ▁گه ▁وره ▁ترین ▁دوور گه ▁ی ▁" ه ۆن ش و " ▁بووه ▁، ▁به ▁مه ▁ش ▁ژاپۆن ▁ده ▁بێته ▁حه ▁وته ▁مین ▁دور گه ▁ی ▁گه ▁وره ▁له ▁جیهاندا ▁ !
[2026-03-18 01:55:40] Best translation 1280 : ▁پاس ەکان ▁وێستگ ەی ▁پاس ی ▁نێوان ▁ت ەو ژ م ▁( بە ▁ئینگلیزی : ▁ <0x42> us es ) ▁بە ▁درێژایی ▁ڕۆژ ▁بە ▁درێژایی ▁ڕۆژ ▁وێستگ ەی ▁پاس ەکان ▁( ئە م ▁ڕووب ار ە ▁لەناو دە بات ) ▁هەر چ ەند ە ▁زۆربەی ان ▁بە تای بە تی ▁ئەوانەی ▁بەرەو ▁ڕۆژه ەڵات ▁دە ڕۆ ن ▁و ▁مۆڵ ەتی ▁جا کار / <0x42> u m t an g ▁لە ▁نێوان ▁ ٠ ٦ : ٣ ٠ ▁بۆ ▁ ٠ ٧ : ٣ ٠ .
[2026-03-18 01:55:55] Total translation time: 42.11219s
[2026-03-18 01:55:55] Saving model weights and runtime parameters to /workspace/OPUS-MT-train/work/en-ckb/curated-floresdev.spm4k-spm4k.transformer.model1.npz.best-chrf.npz
[2026-03-18 01:55:56] [valid] Ep. 44 : Up. 58000 : chrf : 45.1146 : new best
[2026-03-18 01:55:58] [valid] Ep. 44 : Up. 58000 : perplexity : 8.90047 : stalled 18 times (last best: 8.65573)
[2026-03-18 01:57:12] Seen 310,206 samples
[2026-03-18 01:57:12] Starting data epoch 45 in logical epoch 45
[2026-03-18 01:58:48] Ep. 45 : Up. 59000 : Sen. 131,503 : Cost 2.06653214 * 13,408,417 @ 14,320 after 792,842,729 : Time 263.31s : 50922.84 words/s : gNorm 0.6196 : L.r. 1.5623e-04
[2026-03-18 01:58:48] Saving model weights and runtime parameters to /workspace/OPUS-MT-train/work/en-ckb/curated-floresdev.spm4k-spm4k.transformer.model1.npz
[2026-03-18 01:58:50] Saving Adam parameters
[2026-03-18 01:58:52] [training] Saving training checkpoint to /workspace/OPUS-MT-train/work/en-ckb/curated-floresdev.spm4k-spm4k.transformer.model1.npz and /workspace/OPUS-MT-train/work/en-ckb/curated-floresdev.spm4k-spm4k.transformer.model1.npz.optimizer.npz
[2026-03-18 01:58:55] Translating validation set...
[2026-03-18 01:58:56] Best translation 0 : ▁ئەم ▁زار اوە یە ▁لە ▁ئاشنا ی ی ▁دێ رین ▁لەگەڵ ▁بێ د - بە گ ەکان ▁و ەر گیراو ە ، ▁کە ▁مێر وو ەکان ▁زۆر ▁گونجاو ن ▁بۆ ▁م شە خ ۆر کردنی ▁مرۆڤ ەکان .
[2026-03-18 01:58:56] Best translation 1 : ▁هێرش بەر ەکانی ▁م ۆم بای ▁لە ▁٢ ٦ ی ▁تشرین ی ▁دووەمی ▁ ٢٠٠ ٨ دا ▁گەیشت نە ▁ڕێگەی ▁بە لە م ەکە ▁و ▁نار نج ۆک ▁و ▁چە کی ▁ئۆتۆ م اتی کی ▁و ▁چەندین ▁ئامانج یان ▁دە هێنا ▁لەنێو یاندا ▁ق ەرە ب اڵ غ ی ▁چ تر اپ اتی ▁شی ڤا جی ▁ت ێر مین وس ▁و ▁وێستگ ەی ▁ش ە مەند ە فەر ی ▁بە ناو بان گی ▁هۆ تێ لی ▁تا ج ▁مە ح ال .
[2026-03-18 01:58:57] Best translation 2 : ▁بە ▁هۆی ▁هەمان ▁کە ش وه ە وای ▁خراپ ەوە ▁گەڕ ان ەکە ▁بەر بەست ی ▁کردبوو ▁کە ▁بووە ▁هۆی ▁نیشت نەوەی ▁بێ زار بوو ەکە ▁.
[2026-03-18 01:58:57] Best translation 3 : ▁هه ▁روه ▁ها ▁A C M A ▁بۆ ی ▁ده ▁رک ه ▁وت ▁که ▁سه ▁ره ▁ڕای ▁ئه ▁و ▁گرت ه ▁ڤیدیۆ یه ▁ی ▁له ▁سه ▁ر ▁تۆڕی ▁ئینته ▁رنێت ▁بڵاو بۆ ته ▁وه ▁، ▁به ▁ڵام ▁برا ▁گه ▁وره ▁که ▁یاسا کانی ▁سان سۆر کردنی ▁ناوه ▁ڕۆک ی ▁ئینته ▁رنێت ی ▁له ▁سه ▁ر ▁ئینته ▁رنێت ▁نه ▁ش ک اندووه ▁له ▁کاتێکدا ▁که ▁ڕاگه ▁یاندن ه ▁کان ▁له ▁ماڵپ ه ▁ڕی ▁برا گی ▁به ▁ریتانی دا ▁هه ▁ڵ نه ▁گیراوه ▁.
[2026-03-18 01:58:57] Best translation 4 : ▁سوپای ه ▁کی ▁لاواز تر ▁و ▁هێزی ▁ده ▁ری ایی ▁لاواز تر ی ▁هه ▁بوو ، ▁هه ▁رچ ه ▁نده ▁تازه ▁به ▁ر ▁له ▁ده ▁ست پێ کردنی ▁شه ▁ڕ ، ▁چوار ▁که ▁شتی ی ▁نوێ یان ▁دروست ▁کردبوو .
[2026-03-18 01:58:57] Best translation 5 : ▁دووه ▁م ▁گۆڵی ▁ئه ▁و ▁شه ▁و ▁بریتی ▁بوو ▁له ▁شه ▁سته ▁مین ▁گۆڵی ▁له ▁و ▁وه ▁رزه ▁، ▁به ▁مه ▁ش ▁بووه ▁یه ▁که ▁م ▁یاریزان ▁که ▁له ▁وه ▁رز ێک ه ▁وه ▁٦ ٠ ▁یان ▁زیاتر ▁گۆڵ ▁تۆمار ▁بکات ▁له ▁وه ▁رز ێک ▁له ▁ساڵی ▁١٩ ٩ ٥ - ٩ ٦ ، ▁کاتێک ▁یاریزان ▁یا رۆ می ر ▁جا گر ▁و ▁مار ی ۆ ▁لێ می ۆ کس ▁هه ▁ری ه ▁که ▁یان ▁گه ▁یشتن ه ▁ئه ▁و ▁قۆناغ ه ▁.
[2026-03-18 01:58:57] Best translation 10 : ▁خوێن ▁له ▁ناو ▁ل وول ه ▁کان ▁له ▁دڵ ▁دوور ▁ده ▁که ▁وێت ه ▁وه ▁به ▁ناوی ▁خوێن به ▁ره ▁کان ▁و ▁له ▁ناو ▁ل وول ه ▁کاندا ▁دێت ه ▁وه ▁ناو ▁دڵ ه ▁وه ▁که ▁پێی ▁ده ▁گوت رێ ▁ده ▁مار ه ▁کان ، ▁بچوک ترین ▁ل وول ه ▁کان ▁پێی ▁ده ▁گوت رێت ▁کا پ لی یه ▁کان .
[2026-03-18 01:58:57] Best translation 20 : ▁کا ف ۆڵ د ▁دەکرێت ▁هەم ▁مە ج ازی ▁و ▁هەم ▁ڕاست ە ق ین ▁بێت ، ▁بە ▁وا تا یەکی ▁تر ، ▁مامۆستا ▁جۆرێک ە ▁لە ▁پەی ژ ە ▁بەڵام ▁بۆیە ▁پیاو ی ▁بچووک ی ▁ک اغ ە ز ▁لە ▁نووسینگ ەی ▁مای ک رۆس ۆف ت .
[2026-03-18 01:58:57] Best translation 40 : ▁خۆپ ـ یش ـ اند انه ▁که ▁ده ▁س ـ تی پ ـ ێ ـ کرد ▁له ▁کاتژمێر ▁ی از ده ▁ی ▁به ▁یانی ▁به ▁کاتی ▁خۆ جێ ی ▁ی و ▁تی ▁سی <0x2B> ١ ▁له ▁سه ▁ر ▁ش ـ اری ▁وا یت اڵ ▁به ▁رامب ه ▁ر ▁به ▁چوون ه ▁ده ▁ره ▁وه ▁ی ▁پ ـ ۆلیس ▁بۆ ▁شه ▁قامی ▁دا ون ینگ ▁که ▁شوێنی ▁فه ▁رمی ▁سه ▁رۆک ▁وه ▁زیر ▁بوو .
[2026-03-18 01:58:57] Best translation 80 : ▁نیشان ەکە ▁لە ▁ڕووی ▁جەستە ی یەوە ▁زیانی ▁پێ نە گەی شت ووە ؛ ▁دەست کاری کردن ەکە ▁بە ▁بەکارهێنانی ▁ t ar p a u l in s ی ▁ڕە ش ▁کە ▁بە ▁نیشان ەکانی ▁ئاشتی ▁و ▁دڵ ▁ڕ از ێن راون ەتەوە ▁بۆ ▁گۆڕینی ▁" <0x4F> " ▁بۆ ▁خوێندن ەوە ی ▁" کە م بوون ەوە " ▁ئەنجام درا .
[2026-03-18 01:59:00] Best translation 160 : ▁خەڵک ▁بە ▁کورسی ▁لێی دە دان ▁، ▁بەڵام ▁پ ە نج ەر ەکان ▁بێ ▁پ ە نج ەرە ▁بوون ▁.
[2026-03-18 01:59:03] Best translation 320 : ▁بە دوا دا چوونی ▁نە خ شە کێش انی ▁دەریا ی ی ▁تی ژ ەکە ▁دۆزرای ەوە ▁بە ▁بەکارهێنانی ▁ئامێری ▁R <0x4F> <0x56> .
[2026-03-18 01:59:09] Best translation 640 : ▁ژاپۆن یه ▁کان ▁نزیکه ▁ی ▁حه ▁وت ▁هه ▁زار ▁دوور گه ▁یان ▁هه ▁یه ▁- ▁گه ▁وره ▁ترین ▁دوور گه ▁ی ▁" ه ۆن ش ۆ " ـ ی ▁هه ▁یه ▁و ▁.، به ▁مه ▁ش ▁ژاپۆن ▁حه ▁وته ▁مین ▁دوور گه ▁ی ▁له ▁جیهاندا ▁داد ه ▁نێت !
[2026-03-18 01:59:22] Best translation 1280 : ▁پاس ەکان ▁وێستگ ەی ▁پاس ی ▁نێوان ▁ت ەو ژ م ▁( بە ▁ئینگلیزی : ▁ <0x42> us es ) ▁بە ▁درێژایی ▁ڕۆژ ▁بە ▁درێژایی ▁ڕۆژ ▁وێستگ ەی ▁پاس ەکان ▁( ئە م ▁ڕووب ار ە ▁لەناو دە بات ) ▁هەر چ ەند ە ▁زۆربەی ان ▁بە ▁تایبەت ی ▁ئەوانەی ▁بەرەو ▁ڕۆژه ەڵات ▁دە ڕۆ ن ▁و ▁مۆڵ ەتی ▁جا کار / بۆ م ت ەنگ ▁لە ▁نێوان ▁ ٠ ٦ : ٣ ٠ ▁بۆ ▁ ٠ ٧ : ٣ ٠ .
[2026-03-18 01:59:37] Total translation time: 41.18929s
[2026-03-18 01:59:37] [valid] Ep. 45 : Up. 59000 : bleu : 14.0118 : stalled 4 times (last best: 14.2475)
[2026-03-18 01:59:37] Translating validation set...
[2026-03-18 01:59:37] Best translation 0 : ▁ئەم ▁زار اوە یە ▁لە ▁ئاشنا ی ی ▁دێ رین ▁لەگەڵ ▁بێ د - بە گ ەکان ▁و ەر گیراو ە ، ▁کە ▁مێر وو ەکان ▁زۆر ▁گونجاو ن ▁بۆ ▁م شە خ ۆر کردنی ▁مرۆڤ ەکان .
[2026-03-18 01:59:37] Best translation 1 : ▁هێرش بەر ەکانی ▁م ۆم بای ▁لە ▁٢ ٦ ی ▁تشرین ی ▁دووەمی ▁ ٢٠٠ ٨ دا ▁گەیشت نە ▁ڕێگەی ▁بە لە م ەکە ▁و ▁نار نج ۆک ▁و ▁چە کی ▁ئۆتۆ م اتی کی ▁و ▁چەندین ▁ئامانج یان ▁دە هێنا ▁لەنێو یاندا ▁ق ەرە ب اڵ غ ی ▁چ تر اپ اتی ▁شی ڤا جی ▁ت ێر مین وس ▁و ▁وێستگ ەی ▁ش ە مەند ە فەر ی ▁بە ناو بان گی ▁هۆ تێ لی ▁تا ج ▁مە ح ال .
[2026-03-18 01:59:38] Best translation 2 : ▁بە ▁هۆی ▁هەمان ▁کە ش وه ە وای ▁خراپ ەوە ▁گەڕ ان ەکە ▁بەر بەست ی ▁کردبوو ▁کە ▁بووە ▁هۆی ▁نیشت نەوەی ▁بێ زار بوو ەکە ▁.
[2026-03-18 01:59:38] Best translation 3 : ▁هه ▁روه ▁ها ▁A C M A ▁بۆ ی ▁ده ▁رک ه ▁وت ▁که ▁سه ▁ره ▁ڕای ▁ئه ▁و ▁گرت ه ▁ڤیدیۆ یه ▁ی ▁له ▁سه ▁ر ▁تۆڕی ▁ئینته ▁رنێت ▁بڵاو بۆ ته ▁وه ▁، ▁به ▁ڵام ▁برا ▁گه ▁وره ▁که ▁یاسا کانی ▁سان سۆر کردنی ▁ناوه ▁ڕۆک ی ▁ئینته ▁رنێت ی ▁له ▁سه ▁ر ▁ئینته ▁رنێت ▁نه ▁ش ک اندووه ▁له ▁کاتێکدا ▁که ▁ڕاگه ▁یاندن ه ▁کان ▁له ▁ماڵپ ه ▁ڕی ▁برا گی ▁به ▁ریتانی دا ▁هه ▁ڵ نه ▁گیراوه ▁.
[2026-03-18 01:59:38] Best translation 4 : ▁سوپای ه ▁کی ▁لاواز تر ▁و ▁هێزی ▁ده ▁ری ایی ▁لاواز تر ی ▁هه ▁بوو ، ▁هه ▁رچ ه ▁نده ▁تازه ▁به ▁ر ▁له ▁ده ▁ست پێ کردنی ▁شه ▁ڕ ، ▁چوار ▁که ▁شتی ی ▁نوێ یان ▁دروست ▁کردبوو .
[2026-03-18 01:59:38] Best translation 5 : ▁دووه ▁م ▁گۆڵی ▁ئه ▁و ▁شه ▁و ▁بریتی ▁بوو ▁له ▁شه ▁سته ▁مین ▁گۆڵی ▁له ▁و ▁وه ▁رزه ▁، ▁به ▁مه ▁ش ▁بووه ▁یه ▁که ▁م ▁یاریزان ▁که ▁له ▁وه ▁رز ێک ه ▁وه ▁٦ ٠ ▁یان ▁زیاتر ▁گۆڵ ▁تۆمار ▁بکات ▁له ▁وه ▁رز ێک ▁له ▁ساڵی ▁١٩ ٩ ٥ - ٩ ٦ ، ▁کاتێک ▁یاریزان ▁یا رۆ می ر ▁جا گر ▁و ▁مار ی ۆ ▁لێ می ۆ کس ▁هه ▁ری ه ▁که ▁یان ▁گه ▁یشتن ه ▁ئه ▁و ▁قۆناغ ه ▁.
[2026-03-18 01:59:38] Best translation 10 : ▁خوێن ▁له ▁ناو ▁ل وول ه ▁کان ▁له ▁دڵ ▁دوور ▁ده ▁که ▁وێت ه ▁وه ▁به ▁ناوی ▁خوێن به ▁ره ▁کان ▁و ▁له ▁ناو ▁ل وول ه ▁کاندا ▁دێت ه ▁وه ▁ناو ▁دڵ ه ▁وه ▁که ▁پێی ▁ده ▁گوت رێ ▁ده ▁مار ه ▁کان ، ▁بچوک ترین ▁ل وول ه ▁کان ▁پێی ▁ده ▁گوت رێت ▁کا پ لی یه ▁کان .
[2026-03-18 01:59:38] Best translation 20 : ▁کا ف ۆڵ د ▁دەکرێت ▁هەم ▁مە ج ازی ▁و ▁هەم ▁ڕاست ە ق ین ▁بێت ، ▁بە ▁وا تا یەکی ▁تر ، ▁مامۆستا ▁جۆرێک ە ▁لە ▁پەی ژ ە ▁بەڵام ▁بۆیە ▁پیاو ی ▁بچووک ی ▁ک اغ ە ز ▁لە ▁نووسینگ ەی ▁مای ک رۆس ۆف ت .
[2026-03-18 01:59:38] Best translation 40 : ▁خۆپ ـ یش ـ اند انه ▁که ▁ده ▁س ـ تی پ ـ ێ ـ کرد ▁له ▁کاتژمێر ▁ی از ده ▁ی ▁به ▁یانی ▁به ▁کاتی ▁خۆ جێ ی ▁ی و ▁تی ▁سی <0x2B> ١ ▁له ▁سه ▁ر ▁ش ـ اری ▁وا یت اڵ ▁به ▁رامب ه ▁ر ▁به ▁چوون ه ▁ده ▁ره ▁وه ▁ی ▁پ ـ ۆلیس ▁بۆ ▁شه ▁قامی ▁دا ون ینگ ▁که ▁شوێنی ▁فه ▁رمی ▁سه ▁رۆک ▁وه ▁زیر ▁بوو .
[2026-03-18 01:59:39] Best translation 80 : ▁نیشان ەکە ▁لە ▁ڕووی ▁جەستە ی یەوە ▁زیانی ▁پێ نە گەی شت ووە ؛ ▁دەست کاری کردن ەکە ▁بە ▁بەکارهێنانی ▁ t ar p a u l in s ی ▁ڕە ش ▁کە ▁بە ▁نیشان ەکانی ▁ئاشتی ▁و ▁دڵ ▁ڕ از ێن راون ەتەوە ▁بۆ ▁گۆڕینی ▁" <0x4F> " ▁بۆ ▁خوێندن ەوە ی ▁" کە م بوون ەوە " ▁ئەنجام درا .
[2026-03-18 01:59:41] Best translation 160 : ▁خەڵک ▁بە ▁کورسی ▁لێی دە دان ▁، ▁بەڵام ▁پ ە نج ەر ەکان ▁بێ ▁پ ە نج ەرە ▁بوون ▁.
[2026-03-18 01:59:45] Best translation 320 : ▁بە دوا دا چوونی ▁نە خ شە کێش انی ▁دەریا ی ی ▁تی ژ ەکە ▁دۆزرای ەوە ▁بە ▁بەکارهێنانی ▁ئامێری ▁R <0x4F> <0x56> .
[2026-03-18 01:59:51] Best translation 640 : ▁ژاپۆن یه ▁کان ▁نزیکه ▁ی ▁حه ▁وت ▁هه ▁زار ▁دوور گه ▁یان ▁هه ▁یه ▁- ▁گه ▁وره ▁ترین ▁دوور گه ▁ی ▁" ه ۆن ش ۆ " ـ ی ▁هه ▁یه ▁و ▁.، به ▁مه ▁ش ▁ژاپۆن ▁حه ▁وته ▁مین ▁دوور گه ▁ی ▁له ▁جیهاندا ▁داد ه ▁نێت !
[2026-03-18 02:00:04] Best translation 1280 : ▁پاس ەکان ▁وێستگ ەی ▁پاس ی ▁نێوان ▁ت ەو ژ م ▁( بە ▁ئینگلیزی : ▁ <0x42> us es ) ▁بە ▁درێژایی ▁ڕۆژ ▁بە ▁درێژایی ▁ڕۆژ ▁وێستگ ەی ▁پاس ەکان ▁( ئە م ▁ڕووب ار ە ▁لەناو دە بات ) ▁هەر چ ەند ە ▁زۆربەی ان ▁بە ▁تایبەت ی ▁ئەوانەی ▁بەرەو ▁ڕۆژه ەڵات ▁دە ڕۆ ن ▁و ▁مۆڵ ەتی ▁جا کار / بۆ م ت ەنگ ▁لە ▁نێوان ▁ ٠ ٦ : ٣ ٠ ▁بۆ ▁ ٠ ٧ : ٣ ٠ .
[2026-03-18 02:00:19] Total translation time: 42.63187s
[2026-03-18 02:00:19] [valid] Ep. 45 : Up. 59000 : chrf : 45.0652 : stalled 1 times (last best: 45.1146)
[2026-03-18 02:00:21] [valid] Ep. 45 : Up. 59000 : perplexity : 8.92493 : stalled 19 times (last best: 8.65573)
[2026-03-18 02:02:31] Seen 310,206 samples
[2026-03-18 02:02:31] Starting data epoch 46 in logical epoch 46
[2026-03-18 02:03:12] Ep. 46 : Up. 60000 : Sen. 54,292 : Cost 2.06489992 * 13,478,571 @ 15,884 after 806,321,300 : Time 263.88s : 51078.42 words/s : gNorm 0.6379 : L.r. 1.5492e-04
[2026-03-18 02:03:12] Saving model weights and runtime parameters to /workspace/OPUS-MT-train/work/en-ckb/curated-floresdev.spm4k-spm4k.transformer.model1.npz
[2026-03-18 02:03:14] Saving Adam parameters
[2026-03-18 02:03:16] [training] Saving training checkpoint to /workspace/OPUS-MT-train/work/en-ckb/curated-floresdev.spm4k-spm4k.transformer.model1.npz and /workspace/OPUS-MT-train/work/en-ckb/curated-floresdev.spm4k-spm4k.transformer.model1.npz.optimizer.npz
[2026-03-18 02:03:19] Translating validation set...
[2026-03-18 02:03:20] Best translation 0 : ▁ئەم ▁زار اوە یە ▁لە ▁ئاشنا ی ی ▁دێ رین ▁لەگەڵ ▁بێ د - بە گ ەکان ▁و ەر گیراو ە ، ▁کە ▁مێر وو ەکان ▁بە ▁شێوەیەکی ▁زۆر ▁گونجاو ن ▁بۆ ▁م شە خ ۆر کردنی ▁مرۆڤ ەکان .
[2026-03-18 02:03:20] Best translation 1 : ▁هێرش بەر ەکانی ▁م ۆم بای ▁لە ▁٢ ٦ ی ▁تشرین ی ▁دووەمی ▁ ٢٠٠ ٨ دا ▁گەیشت نە ▁ڕێگەی ▁بە لە م ▁و ▁نار نج ۆک ▁و ▁چە کی ▁ئۆتۆ م اتی کی ▁و ▁چەندین ▁ئامانج یان ▁پێک ا ▁لەنێو یاندا ▁ق ەرە ب اڵ غ ی ▁چ تر اپ اتی ▁شی ڤا جی ▁ت ێر مین وس ▁و ▁وێستگ ەی ▁ش ە مەند ە فەر ی ▁بە ناو بان گی ▁تا ج ▁مە ح ال .
[2026-03-18 02:03:20] Best translation 2 : ▁بە ▁هۆی ▁هەمان ▁کە ش وه ە وای ▁خراپ ەوە ▁گەڕ ان ەکە ▁بەر بەست ی ▁کردبوو ▁کە ▁بووە ▁هۆی ▁نیشت نەوەی ▁بێ زار بوو ەکە ▁.
[2026-03-18 02:03:20] Best translation 3 : ▁هه ▁روه ▁ها ▁A C M A ▁بۆ ی ▁ده ▁رک ه ▁وت ▁که ▁سه ▁ره ▁ڕای ▁ئه ▁و ▁گرت ه ▁ڤیدیۆ یه ▁ی ▁له ▁سه ▁ر ▁تۆڕی ▁ئینته ▁رنێت ▁بڵاو بۆ ته ▁وه ▁، ▁به ▁ڵام ▁برا ▁گه ▁وره ▁که ▁یاسا کانی ▁سان سۆر کردنی ▁ناوه ▁ڕۆک ی ▁ئینته ▁رنێت ی ▁نه ▁ش ک اندووه ▁له ▁کاتێکدا ▁که ▁ڕاگه ▁یاندن ه ▁کان ▁له ▁ماڵپ ه ▁ڕی ▁برا گی ▁به ▁ریتانی دا ▁هه ▁ڵ نه ▁گیراوه ▁.
[2026-03-18 02:03:20] Best translation 4 : ▁سوپای ه ▁کی ▁لاواز تر ▁و ▁هێزی ▁ده ▁ری ایی ▁لاواز تر ی ▁هه ▁بوو ، ▁هه ▁رچ ه ▁نده ▁تازه ▁به ▁ر ▁له ▁ده ▁ست پێ کردنی ▁شه ▁ڕ ، ▁چوار ▁که ▁شتی ی ▁نوێ یان ▁دروست ▁کردبوو .
[2026-03-18 02:03:20] Best translation 5 : ▁دووه ▁م ▁گۆڵی ▁ئه ▁و ▁شه ▁و ▁بریتی ▁بوو ▁له ▁شه ▁سته ▁مین ▁گۆڵی ▁له ▁و ▁وه ▁رزه ▁، ▁به ▁مه ▁ش ▁بووه ▁یه ▁که ▁م ▁یاریزان ▁که ▁له ▁وه ▁رز ێک ه ▁وه ▁٦ ٠ ▁یان ▁زیاتر ▁گۆڵ ▁تۆمار ▁بکات ▁له ▁وه ▁رز ێک ▁له ▁ساڵی ▁١٩ ٩ ٥ - ٩ ٦ ، ▁کاتێک ▁یاریزان ▁یا رۆ می ر ▁جا گر ▁و ▁مار ی ۆ ▁لێ می ۆ کس ▁هه ▁ری ه ▁که ▁یان ▁گه ▁یشتن ه ▁ئه ▁و ▁قۆناغ ه ▁.
[2026-03-18 02:03:20] Best translation 10 : ▁خوێن ▁له ▁ناو ▁ل وول ه ▁کان ▁له ▁دڵ ▁دوور ▁ده ▁که ▁وێت ه ▁وه ▁به ▁ناوی ▁خوێن به ▁ره ▁کان ▁و ▁له ▁ناو ▁ل وول ه ▁کاندا ▁دێت ه ▁وه ▁ناو ▁دڵ ه ▁وه ▁که ▁پێی ▁ده ▁گوت رێ ▁ده ▁مار ه ▁کان ، ▁بچوک ترین ▁ل وول ه ▁کان ▁پێی ▁ده ▁گوت رێت ▁کا پ لی یه ▁کان .
[2026-03-18 02:03:20] Best translation 20 : ▁کا ف ۆڵ د ▁دەکرێت ▁هەم ▁مە ج ازی ▁و ▁هەم ▁ڕاست ە ق ین ▁بێت ، ▁بە ▁وا تا یەکی ▁تر ، ▁مامۆستا ▁جۆرێک ە ▁لە ▁پەی ژ ە ▁بەڵام ▁کەواتە ▁پیاو ی ▁بچووک ی ▁ک اغ ە ز ▁لە ▁مای ک رۆس ۆف ت ▁ئۆفیس ە .
[2026-03-18 02:03:20] Best translation 40 : ▁خۆپ ـ یش ـ اند انه ▁که ▁ده ▁س ـ تی پ ـ ێ ـ کرد ▁له ▁کاتژمێر ▁ی از ده ▁ی ▁به ▁یانی ▁به ▁کاتی ▁خۆ جێ ی ▁ی و ▁تی ▁سی <0x2B> ١ ▁له ▁سه ▁ر ▁ش ـ اری ▁وا یت اڵ ▁له ▁به ▁رامب ه ▁ر ▁چوون ه ▁ژوور ه ▁وه ▁ی ▁پ ـ ۆلیس ▁بۆ ▁شه ▁قامی ▁دا ون ینگ ▁که ▁شوێنی ▁فه ▁رمی ▁سه ▁رۆک ▁وه ▁زیر ▁بوو .
[2026-03-18 02:03:21] Best translation 80 : ▁نیشان ەکە ▁لە ▁ڕووی ▁جەستە ی یەوە ▁زیانی ▁پێ نە گەی شت ووە ؛ ▁دەست کاری کردن ەکە ▁بە ▁بەکارهێنانی ▁ t ar p a u l in s ی ▁ڕە ش ▁کە ▁بە ▁نیشان ەکانی ▁ئاشتی ▁و ▁دڵ ▁ڕ از ێن راون ەتەوە ▁بۆ ▁گۆڕینی ▁" <0x4F> " ▁بۆ ▁خوێندن ەوە ی ▁" کە م بوون ەوە " ▁ئەنجام درا .
[2026-03-18 02:03:24] Best translation 160 : ▁خەڵک ▁بە ▁کورسی ▁لێی دە دان ▁، ▁بەڵام ▁پ ە نج ەر ەکان ▁بێ ▁پ ە نج ەرە ▁بوون ▁.
[2026-03-18 02:03:27] Best translation 320 : ▁بە دوا دا چوونی ▁نە خ شە کێش انی ▁دەریا ی ی ▁تی ژ ەکە ▁دۆزرای ەوە ▁بە ▁بەکارهێنانی ▁ئامێری ▁R <0x4F> <0x56> .
[2026-03-18 02:03:33] Best translation 640 : ▁ژاپۆن یه ▁کان ▁نزیکه ▁ی ▁حه ▁وت ▁هه ▁زار ▁دوور گه ▁یان ▁هه ▁یه ▁- ▁گه ▁وره ▁ترین ▁دوور گه ▁ی ▁" ه ۆن ش ۆ " ـ ی ▁هه ▁یه ▁و ▁.، به ▁مه ▁ش ▁ژاپۆن ▁حه ▁وته ▁مین ▁دوور گه ▁ی ▁له ▁جیهاندا ▁داد ه ▁نێت !
[2026-03-18 02:03:45] Best translation 1280 : ▁پاس ەکان ▁وێستگ ەی ▁پاس ی ▁نێوان ▁ت ەو ژ م ▁( بە ▁درێژایی ▁ڕۆژ ▁بە ▁ڕووب ار ەکە ▁دا دە بە ز ێنن ) ▁هەر چ ەند ە ▁زۆربەی ▁ڕۆژ ەکان ▁بە ▁تایبەت ی ▁ئەوانەی ▁بەرەو ▁ڕۆژه ەڵات ▁دە ڕۆ ن ▁و ▁مۆڵ ەتی ▁جا کار / بۆ م ۆنگ ▁لە ▁نێوان ▁ ٠ ٦ : ٣ ٠ ▁بۆ ▁ ٠ ٧ : ٣ ٠ .
[2026-03-18 02:04:00] Total translation time: 41.19952s
[2026-03-18 02:04:00] [valid] Ep. 46 : Up. 60000 : bleu : 14.0893 : stalled 5 times (last best: 14.2475)
[2026-03-18 02:04:00] Translating validation set...
[2026-03-18 02:04:01] Best translation 0 : ▁ئەم ▁زار اوە یە ▁لە ▁ئاشنا ی ی ▁دێ رین ▁لەگەڵ ▁بێ د - بە گ ەکان ▁و ەر گیراو ە ، ▁کە ▁مێر وو ەکان ▁بە ▁شێوەیەکی ▁زۆر ▁گونجاو ن ▁بۆ ▁م شە خ ۆر کردنی ▁مرۆڤ ەکان .
[2026-03-18 02:04:01] Best translation 1 : ▁هێرش بەر ەکانی ▁م ۆم بای ▁لە ▁٢ ٦ ی ▁تشرین ی ▁دووەمی ▁ ٢٠٠ ٨ دا ▁گەیشت نە ▁ڕێگەی ▁بە لە م ▁و ▁نار نج ۆک ▁و ▁چە کی ▁ئۆتۆ م اتی کی ▁و ▁چەندین ▁ئامانج یان ▁پێک ا ▁لەنێو یاندا ▁ق ەرە ب اڵ غ ی ▁چ تر اپ اتی ▁شی ڤا جی ▁ت ێر مین وس ▁و ▁وێستگ ەی ▁ش ە مەند ە فەر ی ▁بە ناو بان گی ▁تا ج ▁مە ح ال .
[2026-03-18 02:04:01] Best translation 2 : ▁بە ▁هۆی ▁هەمان ▁کە ش وه ە وای ▁خراپ ەوە ▁گەڕ ان ەکە ▁بەر بەست ی ▁کردبوو ▁کە ▁بووە ▁هۆی ▁نیشت نەوەی ▁بێ زار بوو ەکە ▁.
[2026-03-18 02:04:01] Best translation 3 : ▁هه ▁روه ▁ها ▁A C M A ▁بۆ ی ▁ده ▁رک ه ▁وت ▁که ▁سه ▁ره ▁ڕای ▁ئه ▁و ▁گرت ه ▁ڤیدیۆ یه ▁ی ▁له ▁سه ▁ر ▁تۆڕی ▁ئینته ▁رنێت ▁بڵاو بۆ ته ▁وه ▁، ▁به ▁ڵام ▁برا ▁گه ▁وره ▁که ▁یاسا کانی ▁سان سۆر کردنی ▁ناوه ▁ڕۆک ی ▁ئینته ▁رنێت ی ▁نه ▁ش ک اندووه ▁له ▁کاتێکدا ▁که ▁ڕاگه ▁یاندن ه ▁کان ▁له ▁ماڵپ ه ▁ڕی ▁برا گی ▁به ▁ریتانی دا ▁هه ▁ڵ نه ▁گیراوه ▁.
[2026-03-18 02:04:01] Best translation 4 : ▁سوپای ه ▁کی ▁لاواز تر ▁و ▁هێزی ▁ده ▁ری ایی ▁لاواز تر ی ▁هه ▁بوو ، ▁هه ▁رچ ه ▁نده ▁تازه ▁به ▁ر ▁له ▁ده ▁ست پێ کردنی ▁شه ▁ڕ ، ▁چوار ▁که ▁شتی ی ▁نوێ یان ▁دروست ▁کردبوو .
[2026-03-18 02:04:01] Best translation 5 : ▁دووه ▁م ▁گۆڵی ▁ئه ▁و ▁شه ▁و ▁بریتی ▁بوو ▁له ▁شه ▁سته ▁مین ▁گۆڵی ▁له ▁و ▁وه ▁رزه ▁، ▁به ▁مه ▁ش ▁بووه ▁یه ▁که ▁م ▁یاریزان ▁که ▁له ▁وه ▁رز ێک ه ▁وه ▁٦ ٠ ▁یان ▁زیاتر ▁گۆڵ ▁تۆمار ▁بکات ▁له ▁وه ▁رز ێک ▁له ▁ساڵی ▁١٩ ٩ ٥ - ٩ ٦ ، ▁کاتێک ▁یاریزان ▁یا رۆ می ر ▁جا گر ▁و ▁مار ی ۆ ▁لێ می ۆ کس ▁هه ▁ری ه ▁که ▁یان ▁گه ▁یشتن ه ▁ئه ▁و ▁قۆناغ ه ▁.
[2026-03-18 02:04:02] Best translation 10 : ▁خوێن ▁له ▁ناو ▁ل وول ه ▁کان ▁له ▁دڵ ▁دوور ▁ده ▁که ▁وێت ه ▁وه ▁به ▁ناوی ▁خوێن به ▁ره ▁کان ▁و ▁له ▁ناو ▁ل وول ه ▁کاندا ▁دێت ه ▁وه ▁ناو ▁دڵ ه ▁وه ▁که ▁پێی ▁ده ▁گوت رێ ▁ده ▁مار ه ▁کان ، ▁بچوک ترین ▁ل وول ه ▁کان ▁پێی ▁ده ▁گوت رێت ▁کا پ لی یه ▁کان .
[2026-03-18 02:04:02] Best translation 20 : ▁کا ف ۆڵ د ▁دەکرێت ▁هەم ▁مە ج ازی ▁و ▁هەم ▁ڕاست ە ق ین ▁بێت ، ▁بە ▁وا تا یەکی ▁تر ، ▁مامۆستا ▁جۆرێک ە ▁لە ▁پەی ژ ە ▁بەڵام ▁کەواتە ▁پیاو ی ▁بچووک ی ▁ک اغ ە ز ▁لە ▁مای ک رۆس ۆف ت ▁ئۆفیس ە .
[2026-03-18 02:04:02] Best translation 40 : ▁خۆپ ـ یش ـ اند انه ▁که ▁ده ▁س ـ تی پ ـ ێ ـ کرد ▁له ▁کاتژمێر ▁ی از ده ▁ی ▁به ▁یانی ▁به ▁کاتی ▁خۆ جێ ی ▁ی و ▁تی ▁سی <0x2B> ١ ▁له ▁سه ▁ر ▁ش ـ اری ▁وا یت اڵ ▁له ▁به ▁رامب ه ▁ر ▁چوون ه ▁ژوور ه ▁وه ▁ی ▁پ ـ ۆلیس ▁بۆ ▁شه ▁قامی ▁دا ون ینگ ▁که ▁شوێنی ▁فه ▁رمی ▁سه ▁رۆک ▁وه ▁زیر ▁بوو .
[2026-03-18 02:04:02] Best translation 80 : ▁نیشان ەکە ▁لە ▁ڕووی ▁جەستە ی یەوە ▁زیانی ▁پێ نە گەی شت ووە ؛ ▁دەست کاری کردن ەکە ▁بە ▁بەکارهێنانی ▁ t ar p a u l in s ی ▁ڕە ش ▁کە ▁بە ▁نیشان ەکانی ▁ئاشتی ▁و ▁دڵ ▁ڕ از ێن راون ەتەوە ▁بۆ ▁گۆڕینی ▁" <0x4F> " ▁بۆ ▁خوێندن ەوە ی ▁" کە م بوون ەوە " ▁ئەنجام درا .
[2026-03-18 02:04:05] Best translation 160 : ▁خەڵک ▁بە ▁کورسی ▁لێی دە دان ▁، ▁بەڵام ▁پ ە نج ەر ەکان ▁بێ ▁پ ە نج ەرە ▁بوون ▁.
[2026-03-18 02:04:09] Best translation 320 : ▁بە دوا دا چوونی ▁نە خ شە کێش انی ▁دەریا ی ی ▁تی ژ ەکە ▁دۆزرای ەوە ▁بە ▁بەکارهێنانی ▁ئامێری ▁R <0x4F> <0x56> .
[2026-03-18 02:04:15] Best translation 640 : ▁ژاپۆن یه ▁کان ▁نزیکه ▁ی ▁حه ▁وت ▁هه ▁زار ▁دوور گه ▁یان ▁هه ▁یه ▁- ▁گه ▁وره ▁ترین ▁دوور گه ▁ی ▁" ه ۆن ش ۆ " ـ ی ▁هه ▁یه ▁و ▁.، به ▁مه ▁ش ▁ژاپۆن ▁حه ▁وته ▁مین ▁دوور گه ▁ی ▁له ▁جیهاندا ▁داد ه ▁نێت !
[2026-03-18 02:04:28] Best translation 1280 : ▁پاس ەکان ▁وێستگ ەی ▁پاس ی ▁نێوان ▁ت ەو ژ م ▁( بە ▁درێژایی ▁ڕۆژ ▁بە ▁ڕووب ار ەکە ▁دا دە بە ز ێنن ) ▁هەر چ ەند ە ▁زۆربەی ▁ڕۆژ ەکان ▁بە ▁تایبەت ی ▁ئەوانەی ▁بەرەو ▁ڕۆژه ەڵات ▁دە ڕۆ ن ▁و ▁مۆڵ ەتی ▁جا کار / بۆ م ۆنگ ▁لە ▁نێوان ▁ ٠ ٦ : ٣ ٠ ▁بۆ ▁ ٠ ٧ : ٣ ٠ .
[2026-03-18 02:04:43] Total translation time: 42.87276s
[2026-03-18 02:04:43] [valid] Ep. 46 : Up. 60000 : chrf : 45.0878 : stalled 2 times (last best: 45.1146)
[2026-03-18 02:04:45] [valid] Ep. 46 : Up. 60000 : perplexity : 8.94504 : stalled 20 times (last best: 8.65573)
[2026-03-18 02:07:35] Ep. 46 : Up. 61000 : Sen. 290,775 : Cost 2.05520225 * 13,466,573 @ 17,328 after 819,787,873 : Time 262.83s : 51236.32 words/s : gNorm 0.6322 : L.r. 1.5364e-04
[2026-03-18 02:07:35] Saving model weights and runtime parameters to /workspace/OPUS-MT-train/work/en-ckb/curated-floresdev.spm4k-spm4k.transformer.model1.npz
[2026-03-18 02:07:37] Saving Adam parameters
[2026-03-18 02:07:38] [training] Saving training checkpoint to /workspace/OPUS-MT-train/work/en-ckb/curated-floresdev.spm4k-spm4k.transformer.model1.npz and /workspace/OPUS-MT-train/work/en-ckb/curated-floresdev.spm4k-spm4k.transformer.model1.npz.optimizer.npz
[2026-03-18 02:07:42] Translating validation set...
[2026-03-18 02:07:43] Best translation 0 : ▁ئەم ▁زار اوە یە ▁لە ▁ئاشنا ی ی ▁دێ رین ▁لەگەڵ ▁بێ د - بە گ ەکان ▁و ەر گیراو ە ، ▁کە ▁مێر وو ەکان ▁بە ▁شێوەیەکی ▁زۆر ▁گونجاو ن ▁بۆ ▁م شە خ ۆر کردنی ▁مرۆڤ ەکان .
[2026-03-18 02:07:43] Best translation 1 : ▁هێرش بەر ەکانی ▁م ۆم بای ▁لە ▁٢ ٦ ی ▁تشرین ی ▁دووەمی ▁ ٢٠٠ ٨ ▁گەیشت نە ▁ڕێگەی ▁بە لە م ەکە ▁و ▁نار نج ۆک ▁و ▁چە کی ▁ئۆتۆ م اتی کی ▁و ▁چەندین ▁ئامانج یان ▁پێک ا ▁لەنێو یاندا ▁ق ەرە ب اڵ غ ی ▁چ تر اپ اتی ▁شی ڤا جی ▁ت ێر مین وس ▁و ▁وێستگ ەی ▁ش ە مەند ە فەر ی ▁بە ناو بان گی ▁تا ج ▁مە ح ال .
[2026-03-18 02:07:43] Best translation 2 : ▁بە ▁هۆی ▁هەمان ▁کە ش وه ە وای ▁خراپ ەوە ▁گەڕ ان ەکە ▁بەر بەست ی ▁کردبوو ▁کە ▁بووە ▁هۆی ▁نیشت نەوەی ▁هەڵ اتوو ▁.
[2026-03-18 02:07:43] Best translation 3 : ▁هه ▁روه ▁ها ▁A C M A ▁بۆ ی ▁ده ▁رک ه ▁وت ▁که ▁سه ▁ره ▁ڕای ▁ئه ▁و ▁گرت ه ▁ڤیدیۆ یه ▁ی ▁له ▁سه ▁ر ▁تۆڕی ▁ئینته ▁رنێت ▁بڵاو بۆ ته ▁وه ▁، ▁به ▁ڵام ▁برا ▁گه ▁وره ▁که ▁یاسا کانی ▁سان سۆر کردنی ▁ناوه ▁ڕۆک ی ▁ئینته ▁رنێت ی ▁نه ▁ش ک اندووه ▁له ▁کاتێکدا ▁که ▁ڕاگه ▁یاندن ه ▁کان ▁له ▁ماڵپ ه ▁ڕی ▁برا گی ▁به ▁ریتانی دا ▁هه ▁ڵ نه ▁گیراوه ▁.
[2026-03-18 02:07:43] Best translation 4 : ▁سوپای ه ▁کی ▁لاواز تر ▁و ▁هێزی ▁ده ▁ری ایی ▁لاواز تر ی ▁هه ▁بوو ، ▁هه ▁رچ ه ▁نده ▁تازه ▁به ▁ر ▁له ▁ده ▁ست پێ کردنی ▁شه ▁ڕ ، ▁چوار ▁که ▁شتی ی ▁نوێ یان ▁دروست ▁کردبوو .
[2026-03-18 02:07:43] Best translation 5 : ▁دووه ▁م ▁گۆڵی ▁ئه ▁و ▁شه ▁و ▁بریتی ▁بوو ▁له ▁شه ▁سته ▁مین ▁گۆڵی ▁له ▁و ▁وه ▁رزه ▁، ▁به ▁مه ▁ش ▁بووه ▁یه ▁که ▁م ▁یاریزان ▁که ▁له ▁وه ▁رز ێک ▁له ▁ساڵی ▁١٩ ٩ ٥ - ٩ ٦ ه ▁وه ▁٦ ٠ ▁گۆڵ ▁یاخود ▁زیاتر ▁تۆمار ▁بکات ، ▁کاتێک ▁هه ▁ری ه ▁که ▁له ▁یاریزانان ▁یا رۆ می ر ▁جا گر ▁و ▁مار ی ۆ ▁لێ می ۆ کس ▁هه ▁ری ه ▁که ▁یان ▁گه ▁یشتن ه ▁ئه ▁و ▁قۆناغ ه ▁.
[2026-03-18 02:07:43] Best translation 10 : ▁خوێن ▁له ▁ناو ▁ل وول ه ▁کان ▁له ▁دڵ ▁دوور ▁ده ▁که ▁وێت ه ▁وه ▁به ▁ناوی ▁خوێن به ▁ره ▁کان ▁و ▁له ▁ناو ▁ل وول ه ▁کاندا ▁ده ▁گه ▁ڕێت ه ▁وه ▁بۆ ▁دڵ ▁که ▁پێی ▁ده ▁گوت رێ ▁ده ▁مار ه ▁کان ، ▁ل وول ه ▁بچوک ه ▁کان ▁به ▁ناوی ▁کا پ لی یه ▁کان ه ▁وه ▁ناو ده ▁بر ێن .
[2026-03-18 02:07:43] Best translation 20 : ▁کا ف ۆڵ د ▁دەکرێت ▁هەم ▁مە ج ازی ▁و ▁هەم ▁ڕاست ە ق ین ▁بێت ، ▁بە ▁مانای ەکی ▁تر ، ▁مامۆستا ▁جۆرێک ە ▁لە ▁پەی ژ ە ▁بەڵام ▁کەواتە ▁پیاو ی ▁بچووک ی ▁ک اغ ە ز ▁لە ▁مای ک رۆس ۆف ت ▁ئۆفیس ە .
[2026-03-18 02:07:43] Best translation 40 : ▁خۆپ ـ یش ـ اند انه ▁که ▁ده ▁س ـ تی پ ـ ێ ـ کرد ▁له ▁کاتژمێر ▁ی از ده ▁ی ▁به ▁یانی ▁به ▁کاتی ▁خۆ جێ ی ▁ی و ▁تی ▁سی <0x2B> ١ ▁له ▁سه ▁ر ▁ش ـ اری ▁وا یت اڵ ▁به ▁رامب ه ▁ر ▁به ▁چوون ه ▁ژوور ه ▁وه ▁ی ▁پ ـ ۆلیس ▁بۆ ▁شه ▁قامی ▁دا ون ینگ ▁که ▁شوێنی ▁فه ▁رمی ▁سه ▁رۆک ▁وه ▁زیران ه ▁.
[2026-03-18 02:07:44] Best translation 80 : ▁نیشان ەکە ▁لە ▁ڕووی ▁جەستە ی یەوە ▁زیانی ▁پێ نە گەی شت بوو ؛ ▁دەست کاری کردن ەکە ▁بە ▁بەکارهێنانی ▁ t ar p a u l in s ی ▁ڕە ش ▁کە ▁ڕ از ێن را وەتەوە ▁بە ▁نیشان ەکانی ▁ئاشتی ▁و ▁دڵ ▁بۆ ▁گۆڕینی ▁" <0x4F> " ▁بۆ ▁خوێندن ەوە ی ▁" کە م بوون ەوە " ▁ئەنجام درا .
[2026-03-18 02:07:46] Best translation 160 : ▁خەڵک ▁بە ▁کورسی ▁لێی دە دان ▁، ▁بەڵام ▁پ ە نج ەر ەکان ▁بێ ▁پ ە نج ەرە ▁بوون ▁.
[2026-03-18 02:07:50] Best translation 320 : ▁بە دوا دا چوونی ▁نە خ شە کێش انی ▁دەریا ی ی ▁تی ژ ەکە ▁دۆزرای ەوە ▁بە ▁بەکارهێنانی ▁ئا ڕ ▁ئۆ ▁ڤی .
[2026-03-18 02:07:56] Best translation 640 : ▁ژاپۆن یه ▁کان ▁نزیکه ▁ی ▁حه ▁وت ▁هه ▁زار ▁دوور گه ▁یان ▁هه ▁یه ▁- ▁گه ▁وره ▁ترین ▁دوور گه ▁ی ▁" ه ۆن ش ۆ " ـ ی ▁هه ▁یه ▁و ▁.، به ▁مه ▁ش ▁ژاپۆن ▁ده ▁بێته ▁حه ▁وته ▁مین ▁دوور گه ▁ی ▁گه ▁وره ▁له ▁جیهاندا !
[2026-03-18 02:08:08] Best translation 1280 : ▁پاس ەکان ▁وێستگ ەی ▁پاس ی ▁نێوان ▁ت ەو ژ م ▁( بە ▁درێژایی ▁ڕۆژ ▁بە ▁ڕووب ار ەکە ▁دا دە بە ز ێنن ) ▁هەر چ ەند ە ▁زۆربەی ▁ڕۆژ ەکان ▁بە ▁تایبەت ی ▁ئەوانەی ▁بەرەو ▁ڕۆژه ەڵات ▁دە ڕۆ ن ▁و ▁مۆڵ ەتی ▁جا کار / بۆ م ۆنگ ▁لە ▁نێوان ▁ ٠ ٦ : ٣ ٠ ▁بۆ ▁ ٠ ٧ : ٣ ٠ .
[2026-03-18 02:08:23] Total translation time: 41.00311s
[2026-03-18 02:08:23] [valid] Ep. 46 : Up. 61000 : bleu : 14.1048 : stalled 6 times (last best: 14.2475)
[2026-03-18 02:08:23] Translating validation set...
[2026-03-18 02:08:24] Best translation 0 : ▁ئەم ▁زار اوە یە ▁لە ▁ئاشنا ی ی ▁دێ رین ▁لەگەڵ ▁بێ د - بە گ ەکان ▁و ەر گیراو ە ، ▁کە ▁مێر وو ەکان ▁بە ▁شێوەیەکی ▁زۆر ▁گونجاو ن ▁بۆ ▁م شە خ ۆر کردنی ▁مرۆڤ ەکان .
[2026-03-18 02:08:24] Best translation 1 : ▁هێرش بەر ەکانی ▁م ۆم بای ▁لە ▁٢ ٦ ی ▁تشرین ی ▁دووەمی ▁ ٢٠٠ ٨ ▁گەیشت نە ▁ڕێگەی ▁بە لە م ەکە ▁و ▁نار نج ۆک ▁و ▁چە کی ▁ئۆتۆ م اتی کی ▁و ▁چەندین ▁ئامانج یان ▁پێک ا ▁لەنێو یاندا ▁ق ەرە ب اڵ غ ی ▁چ تر اپ اتی ▁شی ڤا جی ▁ت ێر مین وس ▁و ▁وێستگ ەی ▁ش ە مەند ە فەر ی ▁بە ناو بان گی ▁تا ج ▁مە ح ال .
[2026-03-18 02:08:24] Best translation 2 : ▁بە ▁هۆی ▁هەمان ▁کە ش وه ە وای ▁خراپ ەوە ▁گەڕ ان ەکە ▁بەر بەست ی ▁کردبوو ▁کە ▁بووە ▁هۆی ▁نیشت نەوەی ▁هەڵ اتوو ▁.
[2026-03-18 02:08:24] Best translation 3 : ▁هه ▁روه ▁ها ▁A C M A ▁بۆ ی ▁ده ▁رک ه ▁وت ▁که ▁سه ▁ره ▁ڕای ▁ئه ▁و ▁گرت ه ▁ڤیدیۆ یه ▁ی ▁له ▁سه ▁ر ▁تۆڕی ▁ئینته ▁رنێت ▁بڵاو بۆ ته ▁وه ▁، ▁به ▁ڵام ▁برا ▁گه ▁وره ▁که ▁یاسا کانی ▁سان سۆر کردنی ▁ناوه ▁ڕۆک ی ▁ئینته ▁رنێت ی ▁نه ▁ش ک اندووه ▁له ▁کاتێکدا ▁که ▁ڕاگه ▁یاندن ه ▁کان ▁له ▁ماڵپ ه ▁ڕی ▁برا گی ▁به ▁ریتانی دا ▁هه ▁ڵ نه ▁گیراوه ▁.
[2026-03-18 02:08:24] Best translation 4 : ▁سوپای ه ▁کی ▁لاواز تر ▁و ▁هێزی ▁ده ▁ری ایی ▁لاواز تر ی ▁هه ▁بوو ، ▁هه ▁رچ ه ▁نده ▁تازه ▁به ▁ر ▁له ▁ده ▁ست پێ کردنی ▁شه ▁ڕ ، ▁چوار ▁که ▁شتی ی ▁نوێ یان ▁دروست ▁کردبوو .
[2026-03-18 02:08:24] Best translation 5 : ▁دووه ▁م ▁گۆڵی ▁ئه ▁و ▁شه ▁و ▁بریتی ▁بوو ▁له ▁شه ▁سته ▁مین ▁گۆڵی ▁له ▁و ▁وه ▁رزه ▁، ▁به ▁مه ▁ش ▁بووه ▁یه ▁که ▁م ▁یاریزان ▁که ▁له ▁وه ▁رز ێک ▁له ▁ساڵی ▁١٩ ٩ ٥ - ٩ ٦ ه ▁وه ▁٦ ٠ ▁گۆڵ ▁یاخود ▁زیاتر ▁تۆمار ▁بکات ، ▁کاتێک ▁هه ▁ری ه ▁که ▁له ▁یاریزانان ▁یا رۆ می ر ▁جا گر ▁و ▁مار ی ۆ ▁لێ می ۆ کس ▁هه ▁ری ه ▁که ▁یان ▁گه ▁یشتن ه ▁ئه ▁و ▁قۆناغ ه ▁.
[2026-03-18 02:08:24] Best translation 10 : ▁خوێن ▁له ▁ناو ▁ل وول ه ▁کان ▁له ▁دڵ ▁دوور ▁ده ▁که ▁وێت ه ▁وه ▁به ▁ناوی ▁خوێن به ▁ره ▁کان ▁و ▁له ▁ناو ▁ل وول ه ▁کاندا ▁ده ▁گه ▁ڕێت ه ▁وه ▁بۆ ▁دڵ ▁که ▁پێی ▁ده ▁گوت رێ ▁ده ▁مار ه ▁کان ، ▁ل وول ه ▁بچوک ه ▁کان ▁به ▁ناوی ▁کا پ لی یه ▁کان ه ▁وه ▁ناو ده ▁بر ێن .
[2026-03-18 02:08:24] Best translation 20 : ▁کا ف ۆڵ د ▁دەکرێت ▁هەم ▁مە ج ازی ▁و ▁هەم ▁ڕاست ە ق ین ▁بێت ، ▁بە ▁مانای ەکی ▁تر ، ▁مامۆستا ▁جۆرێک ە ▁لە ▁پەی ژ ە ▁بەڵام ▁کەواتە ▁پیاو ی ▁بچووک ی ▁ک اغ ە ز ▁لە ▁مای ک رۆس ۆف ت ▁ئۆفیس ە .
[2026-03-18 02:08:24] Best translation 40 : ▁خۆپ ـ یش ـ اند انه ▁که ▁ده ▁س ـ تی پ ـ ێ ـ کرد ▁له ▁کاتژمێر ▁ی از ده ▁ی ▁به ▁یانی ▁به ▁کاتی ▁خۆ جێ ی ▁ی و ▁تی ▁سی <0x2B> ١ ▁له ▁سه ▁ر ▁ش ـ اری ▁وا یت اڵ ▁به ▁رامب ه ▁ر ▁به ▁چوون ه ▁ژوور ه ▁وه ▁ی ▁پ ـ ۆلیس ▁بۆ ▁شه ▁قامی ▁دا ون ینگ ▁که ▁شوێنی ▁فه ▁رمی ▁سه ▁رۆک ▁وه ▁زیران ه ▁.
[2026-03-18 02:08:25] Best translation 80 : ▁نیشان ەکە ▁لە ▁ڕووی ▁جەستە ی یەوە ▁زیانی ▁پێ نە گەی شت بوو ؛ ▁دەست کاری کردن ەکە ▁بە ▁بەکارهێنانی ▁ t ar p a u l in s ی ▁ڕە ش ▁کە ▁ڕ از ێن را وەتەوە ▁بە ▁نیشان ەکانی ▁ئاشتی ▁و ▁دڵ ▁بۆ ▁گۆڕینی ▁" <0x4F> " ▁بۆ ▁خوێندن ەوە ی ▁" کە م بوون ەوە " ▁ئەنجام درا .
[2026-03-18 02:08:28] Best translation 160 : ▁خەڵک ▁بە ▁کورسی ▁لێی دە دان ▁، ▁بەڵام ▁پ ە نج ەر ەکان ▁بێ ▁پ ە نج ەرە ▁بوون ▁.
[2026-03-18 02:08:31] Best translation 320 : ▁بە دوا دا چوونی ▁نە خ شە کێش انی ▁دەریا ی ی ▁تی ژ ەکە ▁دۆزرای ەوە ▁بە ▁بەکارهێنانی ▁ئا ڕ ▁ئۆ ▁ڤی .
[2026-03-18 02:08:37] Best translation 640 : ▁ژاپۆن یه ▁کان ▁نزیکه ▁ی ▁حه ▁وت ▁هه ▁زار ▁دوور گه ▁یان ▁هه ▁یه ▁- ▁گه ▁وره ▁ترین ▁دوور گه ▁ی ▁" ه ۆن ش ۆ " ـ ی ▁هه ▁یه ▁و ▁.، به ▁مه ▁ش ▁ژاپۆن ▁ده ▁بێته ▁حه ▁وته ▁مین ▁دوور گه ▁ی ▁گه ▁وره ▁له ▁جیهاندا !
[2026-03-18 02:08:50] Best translation 1280 : ▁پاس ەکان ▁وێستگ ەی ▁پاس ی ▁نێوان ▁ت ەو ژ م ▁( بە ▁درێژایی ▁ڕۆژ ▁بە ▁ڕووب ار ەکە ▁دا دە بە ز ێنن ) ▁هەر چ ەند ە ▁زۆربەی ▁ڕۆژ ەکان ▁بە ▁تایبەت ی ▁ئەوانەی ▁بەرەو ▁ڕۆژه ەڵات ▁دە ڕۆ ن ▁و ▁مۆڵ ەتی ▁جا کار / بۆ م ۆنگ ▁لە ▁نێوان ▁ ٠ ٦ : ٣ ٠ ▁بۆ ▁ ٠ ٧ : ٣ ٠ .
[2026-03-18 02:09:05] Total translation time: 42.45822s
[2026-03-18 02:09:05] [valid] Ep. 46 : Up. 61000 : chrf : 45.0799 : stalled 3 times (last best: 45.1146)
[2026-03-18 02:09:07] [valid] Ep. 46 : Up. 61000 : perplexity : 8.96565 : stalled 21 times (last best: 8.65573)
[2026-03-18 02:09:22] Seen 310,206 samples
[2026-03-18 02:09:22] Starting data epoch 47 in logical epoch 47
[2026-03-18 02:11:58] Ep. 47 : Up. 62000 : Sen. 211,945 : Cost 2.04991436 * 13,408,273 @ 17,426 after 833,196,146 : Time 262.74s : 51033.19 words/s : gNorm 0.6227 : L.r. 1.5240e-04
[2026-03-18 02:11:58] Saving model weights and runtime parameters to /workspace/OPUS-MT-train/work/en-ckb/curated-floresdev.spm4k-spm4k.transformer.model1.npz
[2026-03-18 02:11:59] Saving Adam parameters
[2026-03-18 02:12:01] [training] Saving training checkpoint to /workspace/OPUS-MT-train/work/en-ckb/curated-floresdev.spm4k-spm4k.transformer.model1.npz and /workspace/OPUS-MT-train/work/en-ckb/curated-floresdev.spm4k-spm4k.transformer.model1.npz.optimizer.npz
[2026-03-18 02:12:05] Translating validation set...
[2026-03-18 02:12:06] Best translation 0 : ▁ئەم ▁زار اوە یە ▁لە ▁ئاشنا ی ی ▁دێ رین ▁لەگەڵ ▁بێ د - بە گ ەکان ▁و ەر گیراو ە ، ▁کە ▁مێر وو ەکان ▁بە ▁شێوەیەکی ▁زۆر ▁گونجاو ن ▁بۆ ▁م شە خ ۆر کردنی ▁مرۆڤ ەکان .
[2026-03-18 02:12:06] Best translation 1 : ▁هێرش بەر ەکانی ▁م ۆم بای ▁لە ▁٢ ٦ ی ▁تشرین ی ▁دووەمی ▁ ٢٠٠ ٨ ▁گەیشت نە ▁ڕێگەی ▁بە لە م ▁و ▁نار نج ۆک ▁و ▁چە کی ▁ئۆتۆ م اتی کی ▁و ▁چەندین ▁ئامانج یان ▁پێک ا ▁لەنێو یاندا ▁ق ەرە ب اڵ غ ی ▁چ تر اپ اتی ▁شی ڤا جی ▁ت ێر مین وس ▁و ▁وێستگ ەی ▁ش ە مەند ە فەر ی ▁بە ناو بان گی ▁تا ج ▁مە ح ال .
[2026-03-18 02:12:06] Best translation 2 : ▁بە ▁هۆی ▁هەمان ▁کە ش وه ە وای ▁خراپ ەوە ▁گەڕ ان ەکە ▁بەر بەست ی ▁کردبوو ▁کە ▁بووە ▁هۆی ▁نیشت نەوەی ▁هەڵ اتوو ▁.
[2026-03-18 02:12:06] Best translation 3 : ▁هه ▁روه ▁ها ▁A C M A ▁بۆ ی ▁ده ▁رک ه ▁وتووه ▁که ▁سه ▁ره ▁ڕای ▁ئه ▁و ▁گرت ه ▁ڤیدیۆ یه ▁ی ▁له ▁سه ▁ر ▁تۆڕی ▁ئینته ▁رنێت ▁بڵاو بۆ ته ▁وه ▁، ▁به ▁ڵام ▁برا ▁گه ▁وره ▁که ▁یاسا کانی ▁سان سۆر کردنی ▁ناوه ▁ڕۆک ی ▁ئینته ▁رنێت ی ▁نه ▁ش ک اندووه ▁له ▁کاتێکدا ▁که ▁ڕاگه ▁یاندن ه ▁کان ▁له ▁ماڵپ ه ▁ڕی ▁برا گی ▁به ▁ریتانی دا ▁هه ▁ڵ نه ▁گیراوه ▁.
[2026-03-18 02:12:06] Best translation 4 : ▁سوپای ه ▁کی ▁لاواز تر ▁و ▁هێزی ▁ده ▁ری ایی ▁لاواز تر ی ▁هه ▁بوو ، ▁هه ▁رچ ه ▁نده ▁تازه ▁به ▁ر ▁له ▁ده ▁ست پێ کردنی ▁شه ▁ڕ ، ▁چوار ▁که ▁شتی ی ▁نوێ یان ▁دروست ▁کردبوو .
[2026-03-18 02:12:06] Best translation 5 : ▁دووه ▁م ▁گۆڵی ▁شه ▁و ی ▁ئه ▁م ▁وه ▁رزه ▁بریتی ▁بوو ▁له ▁٦ ٠ ه ه ▁مین ▁گۆڵی ، ▁که ▁بووه ▁یه ▁که ▁م ▁یاریزان ▁که ▁له ▁وه ▁رز ێک ▁له ▁ساڵی ▁١٩ ٩ ٥ - ٩ ٦ ه ▁وه ▁٦ ٠ ▁گۆڵ ▁یاخود ▁زیاتر ▁تۆمار ▁بکات ، ▁کاتێک ▁هه ▁ری ه ▁که ▁له ▁یاریزانان ▁یا رۆ می ر ▁جا گر ▁و ▁مار ی ۆ ▁لێ می ۆ کس ▁هه ▁ری ه ▁که ▁یان ▁گه ▁یشتن ه ▁ئه ▁و ▁قۆناغ ه ▁.
[2026-03-18 02:12:06] Best translation 10 : ▁خوێن ▁له ▁ناو ▁ل وول ه ▁کاندا ▁له ▁دڵ ▁دوور ▁ده ▁که ▁وێت ه ▁وه ▁به ▁ناوی ▁خوێن به ▁ره ▁کان ▁و ▁له ▁ناو ▁ل وول ه ▁کاندا ▁ده ▁گه ▁ڕێت ه ▁وه ▁بۆ ▁دڵ ▁به ▁ناوی ▁ده ▁مار ه ▁کان ▁و ▁بچوک ترین ▁ل وول ه ▁کان ▁پێی ▁ده ▁گوت رێت ▁کا پ لی ه ▁کان .
[2026-03-18 02:12:06] Best translation 20 : ▁کا ف ۆڵ د ▁دەکرێت ▁هەم ▁مە ج ازی ▁و ▁هەم ▁ڕاست ە ق ین ▁بێت ، ▁بە ▁مانای ەکی ▁تر ، ▁مامۆستا ▁جۆرێک ە ▁لە ▁پەی ژ ە ▁بەڵام ▁کەواتە ▁پیاو ی ▁بچووک ی ▁ک اغ ە ز ▁لە ▁مای ک رۆس ۆف ت ▁ئۆفیس ە .
[2026-03-18 02:12:06] Best translation 40 : ▁خۆپ ـ یش ـ اند انه ▁که ▁ده ▁س ـ تی پ ـ ێ ـ کرد ▁له ▁کاتژمێر ▁ی از ده ▁ی ▁به ▁یانی ▁به ▁کاتی ▁خۆ جێ ی ▁ی و ▁تی ▁سی <0x2B> ١ ▁له ▁سه ▁ر ▁وا یت ه ال ▁له ▁به ▁رامب ه ▁ر ▁چوون ه ▁ژوور ه ▁وه ▁ی ▁پ ـ ۆلیس ▁بۆ ▁شه ▁قامی ▁دا ون ینگ ▁که ▁شوێنی ▁فه ▁رمی ▁سه ▁رۆک ▁وه ▁زیران ه ▁.
[2026-03-18 02:12:07] Best translation 80 : ▁نیشان ەکە ▁لە ▁ڕووی ▁جەستە ی یەوە ▁زیانی ▁پێ نە گەی شت ووە ؛ ▁دەست کاری کردن ەکە ▁بە ▁بەکارهێنانی ▁ t ar p a u l in s ی ▁ڕە ش ▁کە ▁بە ▁نیشان ەکانی ▁ئاشتی ▁و ▁دڵ ▁ڕ از ێن راون ەتەوە ▁بۆ ▁گۆڕینی ▁" <0x4F> " ▁بۆ ▁خوێندن ەوە ی ▁" کە م بوون ەوە " ▁ئەنجام درا .
[2026-03-18 02:12:09] Best translation 160 : ▁خەڵک ▁بە ▁کورسی ▁لێی دە دان ▁، ▁بەڵام ▁پ ە نج ەر ەکان ▁بێ ▁پ ە نج ەرە ▁بوون ▁.
[2026-03-18 02:12:13] Best translation 320 : ▁بە دوا دا چوونی ▁نە خ شە کێش انی ▁دەریا ی ی ▁تی ژ ەکە ▁دۆزرای ەوە ▁بە ▁بەکارهێنانی ▁ئا ڕ ▁ئۆ ▁ڤی .
[2026-03-18 02:12:19] Best translation 640 : ▁ژاپۆن یه ▁کان ▁نزیکه ▁ی ▁حه ▁وت ▁هه ▁زار ▁دوور گه ▁یان ▁هه ▁یه ▁- ▁گه ▁وره ▁ترین ▁دوور گه ▁ی ▁" ه ۆن ش ۆ " ـ ی ▁هه ▁یه ▁و ▁.، به ▁مه ▁ش ▁ژاپۆن ▁ده ▁بێته ▁حه ▁وته ▁مین ▁دوور گه ▁ی ▁گه ▁وره ▁له ▁جیهاندا !
[2026-03-18 02:12:31] Best translation 1280 : ▁پاس ەکان ▁وێستگ ەی ▁پاس ی ▁نێوان ▁ت ەو ژ م ▁( بە ▁ئینگلیزی : ▁ <0x42> us es ) ▁بە ▁درێژایی ▁ڕۆژ ▁بە ▁درێژایی ▁ڕۆژ ▁وێستگ ەی ▁پاس ەکان ▁( ئە م ▁ڕووب ار ە ▁لەناو دە بات ) ▁هەر چ ەند ە ▁زۆربەی ان ▁بە تای بە تی ▁ئەوانەی ▁بەرەو ▁ڕۆژه ەڵات ▁دە ڕۆ ن ▁و ▁مۆڵ ەتی ▁جا کار / بۆ م ت ەنگ ▁لە ▁نێوان ▁ ٠ ٦ : ٣ ٠ ▁بۆ ▁ ٠ ٧ : ٣ ٠ .
[2026-03-18 02:12:46] Total translation time: 41.29756s
[2026-03-18 02:12:46] [valid] Ep. 47 : Up. 62000 : bleu : 13.9859 : stalled 7 times (last best: 14.2475)
[2026-03-18 02:12:46] Translating validation set...
[2026-03-18 02:12:47] Best translation 0 : ▁ئەم ▁زار اوە یە ▁لە ▁ئاشنا ی ی ▁دێ رین ▁لەگەڵ ▁بێ د - بە گ ەکان ▁و ەر گیراو ە ، ▁کە ▁مێر وو ەکان ▁بە ▁شێوەیەکی ▁زۆر ▁گونجاو ن ▁بۆ ▁م شە خ ۆر کردنی ▁مرۆڤ ەکان .
[2026-03-18 02:12:47] Best translation 1 : ▁هێرش بەر ەکانی ▁م ۆم بای ▁لە ▁٢ ٦ ی ▁تشرین ی ▁دووەمی ▁ ٢٠٠ ٨ ▁گەیشت نە ▁ڕێگەی ▁بە لە م ▁و ▁نار نج ۆک ▁و ▁چە کی ▁ئۆتۆ م اتی کی ▁و ▁چەندین ▁ئامانج یان ▁پێک ا ▁لەنێو یاندا ▁ق ەرە ب اڵ غ ی ▁چ تر اپ اتی ▁شی ڤا جی ▁ت ێر مین وس ▁و ▁وێستگ ەی ▁ش ە مەند ە فەر ی ▁بە ناو بان گی ▁تا ج ▁مە ح ال .
[2026-03-18 02:12:47] Best translation 2 : ▁بە ▁هۆی ▁هەمان ▁کە ش وه ە وای ▁خراپ ەوە ▁گەڕ ان ەکە ▁بەر بەست ی ▁کردبوو ▁کە ▁بووە ▁هۆی ▁نیشت نەوەی ▁هەڵ اتوو ▁.
[2026-03-18 02:12:47] Best translation 3 : ▁هه ▁روه ▁ها ▁A C M A ▁بۆ ی ▁ده ▁رک ه ▁وتووه ▁که ▁سه ▁ره ▁ڕای ▁ئه ▁و ▁گرت ه ▁ڤیدیۆ یه ▁ی ▁له ▁سه ▁ر ▁تۆڕی ▁ئینته ▁رنێت ▁بڵاو بۆ ته ▁وه ▁، ▁به ▁ڵام ▁برا ▁گه ▁وره ▁که ▁یاسا کانی ▁سان سۆر کردنی ▁ناوه ▁ڕۆک ی ▁ئینته ▁رنێت ی ▁نه ▁ش ک اندووه ▁له ▁کاتێکدا ▁که ▁ڕاگه ▁یاندن ه ▁کان ▁له ▁ماڵپ ه ▁ڕی ▁برا گی ▁به ▁ریتانی دا ▁هه ▁ڵ نه ▁گیراوه ▁.
[2026-03-18 02:12:47] Best translation 4 : ▁سوپای ه ▁کی ▁لاواز تر ▁و ▁هێزی ▁ده ▁ری ایی ▁لاواز تر ی ▁هه ▁بوو ، ▁هه ▁رچ ه ▁نده ▁تازه ▁به ▁ر ▁له ▁ده ▁ست پێ کردنی ▁شه ▁ڕ ، ▁چوار ▁که ▁شتی ی ▁نوێ یان ▁دروست ▁کردبوو .
[2026-03-18 02:12:47] Best translation 5 : ▁دووه ▁م ▁گۆڵی ▁شه ▁و ی ▁ئه ▁م ▁وه ▁رزه ▁بریتی ▁بوو ▁له ▁٦ ٠ ه ه ▁مین ▁گۆڵی ، ▁که ▁بووه ▁یه ▁که ▁م ▁یاریزان ▁که ▁له ▁وه ▁رز ێک ▁له ▁ساڵی ▁١٩ ٩ ٥ - ٩ ٦ ه ▁وه ▁٦ ٠ ▁گۆڵ ▁یاخود ▁زیاتر ▁تۆمار ▁بکات ، ▁کاتێک ▁هه ▁ری ه ▁که ▁له ▁یاریزانان ▁یا رۆ می ر ▁جا گر ▁و ▁مار ی ۆ ▁لێ می ۆ کس ▁هه ▁ری ه ▁که ▁یان ▁گه ▁یشتن ه ▁ئه ▁و ▁قۆناغ ه ▁.
[2026-03-18 02:12:48] Best translation 10 : ▁خوێن ▁له ▁ناو ▁ل وول ه ▁کاندا ▁له ▁دڵ ▁دوور ▁ده ▁که ▁وێت ه ▁وه ▁به ▁ناوی ▁خوێن به ▁ره ▁کان ▁و ▁له ▁ناو ▁ل وول ه ▁کاندا ▁ده ▁گه ▁ڕێت ه ▁وه ▁بۆ ▁دڵ ▁به ▁ناوی ▁ده ▁مار ه ▁کان ▁و ▁بچوک ترین ▁ل وول ه ▁کان ▁پێی ▁ده ▁گوت رێت ▁کا پ لی ه ▁کان .
[2026-03-18 02:12:48] Best translation 20 : ▁کا ف ۆڵ د ▁دەکرێت ▁هەم ▁مە ج ازی ▁و ▁هەم ▁ڕاست ە ق ین ▁بێت ، ▁بە ▁مانای ەکی ▁تر ، ▁مامۆستا ▁جۆرێک ە ▁لە ▁پەی ژ ە ▁بەڵام ▁کەواتە ▁پیاو ی ▁بچووک ی ▁ک اغ ە ز ▁لە ▁مای ک رۆس ۆف ت ▁ئۆفیس ە .
[2026-03-18 02:12:48] Best translation 40 : ▁خۆپ ـ یش ـ اند انه ▁که ▁ده ▁س ـ تی پ ـ ێ ـ کرد ▁له ▁کاتژمێر ▁ی از ده ▁ی ▁به ▁یانی ▁به ▁کاتی ▁خۆ جێ ی ▁ی و ▁تی ▁سی <0x2B> ١ ▁له ▁سه ▁ر ▁وا یت ه ال ▁له ▁به ▁رامب ه ▁ر ▁چوون ه ▁ژوور ه ▁وه ▁ی ▁پ ـ ۆلیس ▁بۆ ▁شه ▁قامی ▁دا ون ینگ ▁که ▁شوێنی ▁فه ▁رمی ▁سه ▁رۆک ▁وه ▁زیران ه ▁.
[2026-03-18 02:12:48] Best translation 80 : ▁نیشان ەکە ▁لە ▁ڕووی ▁جەستە ی یەوە ▁زیانی ▁پێ نە گەی شت ووە ؛ ▁دەست کاری کردن ەکە ▁بە ▁بەکارهێنانی ▁ t ar p a u l in s ی ▁ڕە ش ▁کە ▁بە ▁نیشان ەکانی ▁ئاشتی ▁و ▁دڵ ▁ڕ از ێن راون ەتەوە ▁بۆ ▁گۆڕینی ▁" <0x4F> " ▁بۆ ▁خوێندن ەوە ی ▁" کە م بوون ەوە " ▁ئەنجام درا .
[2026-03-18 02:12:51] Best translation 160 : ▁خەڵک ▁بە ▁کورسی ▁لێی دە دان ▁، ▁بەڵام ▁پ ە نج ەر ەکان ▁بێ ▁پ ە نج ەرە ▁بوون ▁.
[2026-03-18 02:12:54] Best translation 320 : ▁بە دوا دا چوونی ▁نە خ شە کێش انی ▁دەریا ی ی ▁تی ژ ەکە ▁دۆزرای ەوە ▁بە ▁بەکارهێنانی ▁ئا ڕ ▁ئۆ ▁ڤی .
[2026-03-18 02:13:01] Best translation 640 : ▁ژاپۆن یه ▁کان ▁نزیکه ▁ی ▁حه ▁وت ▁هه ▁زار ▁دوور گه ▁یان ▁هه ▁یه ▁- ▁گه ▁وره ▁ترین ▁دوور گه ▁ی ▁" ه ۆن ش ۆ " ـ ی ▁هه ▁یه ▁و ▁.، به ▁مه ▁ش ▁ژاپۆن ▁ده ▁بێته ▁حه ▁وته ▁مین ▁دوور گه ▁ی ▁گه ▁وره ▁له ▁جیهاندا !
[2026-03-18 02:13:14] Best translation 1280 : ▁پاس ەکان ▁وێستگ ەی ▁پاس ی ▁نێوان ▁ت ەو ژ م ▁( بە ▁ئینگلیزی : ▁ <0x42> us es ) ▁بە ▁درێژایی ▁ڕۆژ ▁بە ▁درێژایی ▁ڕۆژ ▁وێستگ ەی ▁پاس ەکان ▁( ئە م ▁ڕووب ار ە ▁لەناو دە بات ) ▁هەر چ ەند ە ▁زۆربەی ان ▁بە تای بە تی ▁ئەوانەی ▁بەرەو ▁ڕۆژه ەڵات ▁دە ڕۆ ن ▁و ▁مۆڵ ەتی ▁جا کار / بۆ م ت ەنگ ▁لە ▁نێوان ▁ ٠ ٦ : ٣ ٠ ▁بۆ ▁ ٠ ٧ : ٣ ٠ .
[2026-03-18 02:13:29] Total translation time: 43.01626s
[2026-03-18 02:13:29] [valid] Ep. 47 : Up. 62000 : chrf : 45.0404 : stalled 4 times (last best: 45.1146)
[2026-03-18 02:13:31] [valid] Ep. 47 : Up. 62000 : perplexity : 8.98942 : stalled 22 times (last best: 8.65573)
[2026-03-18 02:14:42] Seen 310,206 samples
[2026-03-18 02:14:42] Starting data epoch 48 in logical epoch 48
[2026-03-18 02:16:21] Ep. 48 : Up. 63000 : Sen. 135,647 : Cost 2.04512453 * 13,408,158 @ 15,876 after 846,604,304 : Time 263.53s : 50878.52 words/s : gNorm 0.6237 : L.r. 1.5119e-04
[2026-03-18 02:16:21] Saving model weights and runtime parameters to /workspace/OPUS-MT-train/work/en-ckb/curated-floresdev.spm4k-spm4k.transformer.model1.npz
[2026-03-18 02:16:23] Saving Adam parameters
[2026-03-18 02:16:25] [training] Saving training checkpoint to /workspace/OPUS-MT-train/work/en-ckb/curated-floresdev.spm4k-spm4k.transformer.model1.npz and /workspace/OPUS-MT-train/work/en-ckb/curated-floresdev.spm4k-spm4k.transformer.model1.npz.optimizer.npz
[2026-03-18 02:16:28] Translating validation set...
[2026-03-18 02:16:29] Best translation 0 : ▁ئەم ▁زار اوە یە ▁لە ▁ئاشنا ی ی ▁دێ رین ▁لەگەڵ ▁بێ د - بە گ ەکان ▁و ەر گیراو ە ، ▁کە ▁مێر وو ەکان ▁بە ▁شێوەیەکی ▁زۆر ▁گونجاو ن ▁بۆ ▁م شە خ ۆر کردنی ▁مرۆڤ ەکان .
[2026-03-18 02:16:29] Best translation 1 : ▁هێرش بەر ەکانی ▁م ۆم بای ▁لە ▁٢ ٦ ی ▁تشرین ی ▁دووەمی ▁ ٢٠٠ ٨ ▁گەیشت نە ▁ڕێگەی ▁بە لە م ▁و ▁نار نج ۆک ▁و ▁چە کی ▁ئۆتۆ م اتی کی ▁و ▁چەندین ▁ئامانج یان ▁پێک ا ▁لەنێو یاندا ▁ق ەرە ب اڵ غ ی ▁چ تر اپ اتی ▁شی ڤا جی ▁ت ێر مین وس ▁و ▁وێستگ ەی ▁ش ە مەند ە فەر ی ▁بە ناو بان گی ▁تا ج ▁مە ح ال .
[2026-03-18 02:16:30] Best translation 2 : ▁بە ▁هۆی ▁هەمان ▁کە ش وه ە وای ▁خراپ ەوە ▁گەڕ ان ەکە ▁بەر بەست ی ▁کردبوو ▁کە ▁بووە ▁هۆی ▁نیشت نەوەی ▁هەڵ اتوو ▁.
[2026-03-18 02:16:30] Best translation 3 : ▁هه ▁روه ▁ها ▁A C M A ▁بۆ ی ▁ده ▁رک ه ▁وت ▁که ▁سه ▁ره ▁ڕای ▁ئه ▁و ▁گرت ه ▁ڤیدیۆ یه ▁ی ▁له ▁سه ▁ر ▁تۆڕی ▁ئینته ▁رنێت ▁بڵاو بۆ ته ▁وه ▁، ▁به ▁ڵام ▁برا ▁گه ▁وره ▁که ▁یاسا کانی ▁سان سۆر کردنی ▁ناوه ▁ڕۆک ی ▁ئینته ▁رنێت ی ▁نه ▁ش ک اندووه ▁له ▁کاتێکدا ▁که ▁ڕاگه ▁یاندن ه ▁کان ▁له ▁سه ▁ر ▁ماڵپ ه ▁ڕی ▁برا ▁گه ▁وره ▁کان ▁هه ▁ڵ نه ▁گیراوه ▁.
[2026-03-18 02:16:30] Best translation 4 : ▁سوپای ه ▁کی ▁لاواز تر ▁و ▁هێزی ▁ده ▁ری ایی ▁لاواز تر ی ▁هه ▁بوو ، ▁هه ▁رچ ه ▁نده ▁تازه ▁به ▁ر ▁له ▁ده ▁ست پێ کردنی ▁شه ▁ڕ ، ▁چوار ▁که ▁شتی ی ▁نوێ یان ▁دروست ▁کردبوو .
[2026-03-18 02:16:30] Best translation 5 : ▁دووه ▁م ▁گۆڵی ▁شه ▁و ی ▁ئه ▁م ▁وه ▁رزه ▁بریتی ▁بوو ▁له ▁٦ ٠ ه ه ▁مین ▁گۆڵی ، ▁که ▁بووه ▁یه ▁که ▁م ▁یاریزان ▁که ▁له ▁وه ▁رز ێک ▁له ▁ساڵی ▁١٩ ٩ ٥ - ٩ ٦ ه ▁وه ▁٦ ٠ ▁گۆڵ ▁یاخود ▁زیاتر ▁تۆمار ▁بکات ، ▁کاتێک ▁یاریزان ▁یا رۆ می ر ▁جا گر ▁و ▁مار ی ۆ ▁لێ می ۆ کس ▁هه ▁ری ه ▁که ▁یان ▁گه ▁یشتن ه ▁ئه ▁و ▁قۆناغ ه ▁.
[2026-03-18 02:16:30] Best translation 10 : ▁خوێن ▁له ▁ناو ▁ل وول ه ▁کاندا ▁له ▁دڵ ▁دوور ▁ده ▁که ▁وێت ه ▁وه ▁به ▁ناوی ▁خوێن به ▁ره ▁کان ▁و ▁له ▁ناو ▁ل وول ه ▁کاندا ▁ده ▁گه ▁ڕێت ه ▁وه ▁بۆ ▁دڵ ▁به ▁ناوی ▁ده ▁مار ه ▁کان ▁و ▁بچوک ترین ▁ل وول ه ▁کان ▁پێی ▁ده ▁گوت رێت ▁کا پ لی ه ▁کان .
[2026-03-18 02:16:30] Best translation 20 : ▁کا ف ۆڵ د ▁دەکرێت ▁هەم ▁مە ج ازی ▁و ▁هەم ▁ڕاست ە ق ین ▁بێت ، ▁بە ▁مانای ەکی ▁تر ، ▁مامۆستا ▁جۆرێک ە ▁لە ▁پەی ژ ە ▁بەڵام ▁کەواتە ▁پیاو ی ▁بچووک ی ▁ک اغ ە ز ▁لە ▁مای ک رۆس ۆف ت ▁ئۆفیس ە .
[2026-03-18 02:16:30] Best translation 40 : ▁خۆپ ـ یش ـ اند انه ▁که ▁ده ▁س ـ تی پ ـ ێ ـ کرد ▁له ▁کاتژمێر ▁ی از ده ▁ی ▁به ▁یانی ▁به ▁کاتی ▁خۆ جێ ی ▁ی و ▁تی ▁سی <0x2B> ١ ▁له ▁سه ▁ر ▁وا یت ه ال ▁له ▁به ▁رامب ه ▁ر ▁چوون ه ▁ژوور ه ▁وه ▁ی ▁پ ـ ۆلیس ▁بۆ ▁شه ▁قامی ▁دا ون ینگ ▁که ▁شوێنی ▁فه ▁رمی ▁سه ▁رۆک ▁وه ▁زیران ه ▁.
[2026-03-18 02:16:30] Best translation 80 : ▁نیشان ەکە ▁لە ▁ڕووی ▁جەستە ی یەوە ▁زیانی ▁پێ نە گەی شت ووە ؛ ▁دەست کاری کردن ەکە ▁بە ▁بەکارهێنانی ▁ t ar p a u l in s ی ▁ڕە ش ▁کە ▁بە ▁نیشان ەکانی ▁ئاشتی ▁و ▁دڵ ▁ڕ از ێن راون ەتەوە ▁بۆ ▁گۆڕینی ▁" <0x4F> " ▁بۆ ▁خوێندن ەوە ی ▁" کە م بوون ەوە " ▁ئەنجام درا .
[2026-03-18 02:16:33] Best translation 160 : ▁خەڵک ▁بە ▁کورسی ▁لێی دە دان ▁، ▁بەڵام ▁پ ە نج ەر ەکان ▁بێ ▁پ ە نج ەرە ▁بوون ▁.
[2026-03-18 02:16:36] Best translation 320 : ▁بە دوا دا چوونی ▁نە خ شە کێش انی ▁دەریا ی ی ▁تی ژ ەکە ▁دۆزرای ەوە ▁بە ▁بەکارهێنانی ▁ئا ڕ ▁ئۆ ▁ڤی .
[2026-03-18 02:16:42] Best translation 640 : ▁ژاپۆن یه ▁کان ▁نزیکه ▁ی ▁حه ▁وت ▁هه ▁زار ▁دوور گه ▁یان ▁هه ▁یه ▁- ▁گه ▁وره ▁ترین ▁دوور گه ▁ی ▁" ه ۆن ش ۆ " ـ ی ▁هه ▁یه ▁و ▁.، به ▁مه ▁ش ▁ژاپۆن ▁ده ▁بێته ▁حه ▁وته ▁مین ▁دوور گه ▁ی ▁گه ▁وره ▁له ▁جیهاندا !
[2026-03-18 02:16:55] Best translation 1280 : ▁پاس ەکان ▁وێستگ ەی ▁پاس ی ▁نێوان ▁ت ەو ژ م ▁( بە ▁ئینگلیزی : ▁ <0x42> us es ) ▁بە ▁درێژایی ▁ڕۆژ ▁بە ▁درێژایی ▁ڕۆژ ▁وێستگ ەی ▁پاس ▁لە ▁ڕووب ار ەکە ▁دا دە بە ز ێنن ، ▁هەر چ ەند ە ▁زۆربەی ان ▁بە ▁تایبەت ی ▁ئەوانەی ▁بەرەو ▁ڕۆژه ەڵات ▁و ▁مۆڵ ەتی ▁جا کار / بۆ م ت ەنگ ▁لە ▁نێوان ▁ ٠ ٦ : ٣ ٠ ▁بۆ ▁ ٠ ٧ : ٣ ٠ .
[2026-03-18 02:17:10] Total translation time: 41.30644s
[2026-03-18 02:17:10] [valid] Ep. 48 : Up. 63000 : bleu : 13.9964 : stalled 8 times (last best: 14.2475)
[2026-03-18 02:17:10] Translating validation set...
[2026-03-18 02:17:10] Best translation 0 : ▁ئەم ▁زار اوە یە ▁لە ▁ئاشنا ی ی ▁دێ رین ▁لەگەڵ ▁بێ د - بە گ ەکان ▁و ەر گیراو ە ، ▁کە ▁مێر وو ەکان ▁بە ▁شێوەیەکی ▁زۆر ▁گونجاو ن ▁بۆ ▁م شە خ ۆر کردنی ▁مرۆڤ ەکان .
[2026-03-18 02:17:10] Best translation 1 : ▁هێرش بەر ەکانی ▁م ۆم بای ▁لە ▁٢ ٦ ی ▁تشرین ی ▁دووەمی ▁ ٢٠٠ ٨ ▁گەیشت نە ▁ڕێگەی ▁بە لە م ▁و ▁نار نج ۆک ▁و ▁چە کی ▁ئۆتۆ م اتی کی ▁و ▁چەندین ▁ئامانج یان ▁پێک ا ▁لەنێو یاندا ▁ق ەرە ب اڵ غ ی ▁چ تر اپ اتی ▁شی ڤا جی ▁ت ێر مین وس ▁و ▁وێستگ ەی ▁ش ە مەند ە فەر ی ▁بە ناو بان گی ▁تا ج ▁مە ح ال .
[2026-03-18 02:17:11] Best translation 2 : ▁بە ▁هۆی ▁هەمان ▁کە ش وه ە وای ▁خراپ ەوە ▁گەڕ ان ەکە ▁بەر بەست ی ▁کردبوو ▁کە ▁بووە ▁هۆی ▁نیشت نەوەی ▁هەڵ اتوو ▁.
[2026-03-18 02:17:11] Best translation 3 : ▁هه ▁روه ▁ها ▁A C M A ▁بۆ ی ▁ده ▁رک ه ▁وت ▁که ▁سه ▁ره ▁ڕای ▁ئه ▁و ▁گرت ه ▁ڤیدیۆ یه ▁ی ▁له ▁سه ▁ر ▁تۆڕی ▁ئینته ▁رنێت ▁بڵاو بۆ ته ▁وه ▁، ▁به ▁ڵام ▁برا ▁گه ▁وره ▁که ▁یاسا کانی ▁سان سۆر کردنی ▁ناوه ▁ڕۆک ی ▁ئینته ▁رنێت ی ▁نه ▁ش ک اندووه ▁له ▁کاتێکدا ▁که ▁ڕاگه ▁یاندن ه ▁کان ▁له ▁سه ▁ر ▁ماڵپ ه ▁ڕی ▁برا ▁گه ▁وره ▁کان ▁هه ▁ڵ نه ▁گیراوه ▁.
[2026-03-18 02:17:11] Best translation 4 : ▁سوپای ه ▁کی ▁لاواز تر ▁و ▁هێزی ▁ده ▁ری ایی ▁لاواز تر ی ▁هه ▁بوو ، ▁هه ▁رچ ه ▁نده ▁تازه ▁به ▁ر ▁له ▁ده ▁ست پێ کردنی ▁شه ▁ڕ ، ▁چوار ▁که ▁شتی ی ▁نوێ یان ▁دروست ▁کردبوو .
[2026-03-18 02:17:11] Best translation 5 : ▁دووه ▁م ▁گۆڵی ▁شه ▁و ی ▁ئه ▁م ▁وه ▁رزه ▁بریتی ▁بوو ▁له ▁٦ ٠ ه ه ▁مین ▁گۆڵی ، ▁که ▁بووه ▁یه ▁که ▁م ▁یاریزان ▁که ▁له ▁وه ▁رز ێک ▁له ▁ساڵی ▁١٩ ٩ ٥ - ٩ ٦ ه ▁وه ▁٦ ٠ ▁گۆڵ ▁یاخود ▁زیاتر ▁تۆمار ▁بکات ، ▁کاتێک ▁یاریزان ▁یا رۆ می ر ▁جا گر ▁و ▁مار ی ۆ ▁لێ می ۆ کس ▁هه ▁ری ه ▁که ▁یان ▁گه ▁یشتن ه ▁ئه ▁و ▁قۆناغ ه ▁.
[2026-03-18 02:17:11] Best translation 10 : ▁خوێن ▁له ▁ناو ▁ل وول ه ▁کاندا ▁له ▁دڵ ▁دوور ▁ده ▁که ▁وێت ه ▁وه ▁به ▁ناوی ▁خوێن به ▁ره ▁کان ▁و ▁له ▁ناو ▁ل وول ه ▁کاندا ▁ده ▁گه ▁ڕێت ه ▁وه ▁بۆ ▁دڵ ▁به ▁ناوی ▁ده ▁مار ه ▁کان ▁و ▁بچوک ترین ▁ل وول ه ▁کان ▁پێی ▁ده ▁گوت رێت ▁کا پ لی ه ▁کان .
[2026-03-18 02:17:11] Best translation 20 : ▁کا ف ۆڵ د ▁دەکرێت ▁هەم ▁مە ج ازی ▁و ▁هەم ▁ڕاست ە ق ین ▁بێت ، ▁بە ▁مانای ەکی ▁تر ، ▁مامۆستا ▁جۆرێک ە ▁لە ▁پەی ژ ە ▁بەڵام ▁کەواتە ▁پیاو ی ▁بچووک ی ▁ک اغ ە ز ▁لە ▁مای ک رۆس ۆف ت ▁ئۆفیس ە .
[2026-03-18 02:17:11] Best translation 40 : ▁خۆپ ـ یش ـ اند انه ▁که ▁ده ▁س ـ تی پ ـ ێ ـ کرد ▁له ▁کاتژمێر ▁ی از ده ▁ی ▁به ▁یانی ▁به ▁کاتی ▁خۆ جێ ی ▁ی و ▁تی ▁سی <0x2B> ١ ▁له ▁سه ▁ر ▁وا یت ه ال ▁له ▁به ▁رامب ه ▁ر ▁چوون ه ▁ژوور ه ▁وه ▁ی ▁پ ـ ۆلیس ▁بۆ ▁شه ▁قامی ▁دا ون ینگ ▁که ▁شوێنی ▁فه ▁رمی ▁سه ▁رۆک ▁وه ▁زیران ه ▁.
[2026-03-18 02:17:12] Best translation 80 : ▁نیشان ەکە ▁لە ▁ڕووی ▁جەستە ی یەوە ▁زیانی ▁پێ نە گەی شت ووە ؛ ▁دەست کاری کردن ەکە ▁بە ▁بەکارهێنانی ▁ t ar p a u l in s ی ▁ڕە ش ▁کە ▁بە ▁نیشان ەکانی ▁ئاشتی ▁و ▁دڵ ▁ڕ از ێن راون ەتەوە ▁بۆ ▁گۆڕینی ▁" <0x4F> " ▁بۆ ▁خوێندن ەوە ی ▁" کە م بوون ەوە " ▁ئەنجام درا .
[2026-03-18 02:17:14] Best translation 160 : ▁خەڵک ▁بە ▁کورسی ▁لێی دە دان ▁، ▁بەڵام ▁پ ە نج ەر ەکان ▁بێ ▁پ ە نج ەرە ▁بوون ▁.
[2026-03-18 02:17:18] Best translation 320 : ▁بە دوا دا چوونی ▁نە خ شە کێش انی ▁دەریا ی ی ▁تی ژ ەکە ▁دۆزرای ەوە ▁بە ▁بەکارهێنانی ▁ئا ڕ ▁ئۆ ▁ڤی .
[2026-03-18 02:17:24] Best translation 640 : ▁ژاپۆن یه ▁کان ▁نزیکه ▁ی ▁حه ▁وت ▁هه ▁زار ▁دوور گه ▁یان ▁هه ▁یه ▁- ▁گه ▁وره ▁ترین ▁دوور گه ▁ی ▁" ه ۆن ش ۆ " ـ ی ▁هه ▁یه ▁و ▁.، به ▁مه ▁ش ▁ژاپۆن ▁ده ▁بێته ▁حه ▁وته ▁مین ▁دوور گه ▁ی ▁گه ▁وره ▁له ▁جیهاندا !
[2026-03-18 02:17:37] Best translation 1280 : ▁پاس ەکان ▁وێستگ ەی ▁پاس ی ▁نێوان ▁ت ەو ژ م ▁( بە ▁ئینگلیزی : ▁ <0x42> us es ) ▁بە ▁درێژایی ▁ڕۆژ ▁بە ▁درێژایی ▁ڕۆژ ▁وێستگ ەی ▁پاس ▁لە ▁ڕووب ار ەکە ▁دا دە بە ز ێنن ، ▁هەر چ ەند ە ▁زۆربەی ان ▁بە ▁تایبەت ی ▁ئەوانەی ▁بەرەو ▁ڕۆژه ەڵات ▁و ▁مۆڵ ەتی ▁جا کار / بۆ م ت ەنگ ▁لە ▁نێوان ▁ ٠ ٦ : ٣ ٠ ▁بۆ ▁ ٠ ٧ : ٣ ٠ .
[2026-03-18 02:17:52] Total translation time: 42.73526s
[2026-03-18 02:17:52] [valid] Ep. 48 : Up. 63000 : chrf : 45.0284 : stalled 5 times (last best: 45.1146)
[2026-03-18 02:17:54] [valid] Ep. 48 : Up. 63000 : perplexity : 9.0143 : stalled 23 times (last best: 8.65573)
[2026-03-18 02:20:02] Seen 310,206 samples
[2026-03-18 02:20:02] Starting data epoch 49 in logical epoch 49
[2026-03-18 02:20:46] Ep. 49 : Up. 64000 : Sen. 61,085 : Cost 2.04381680 * 13,473,479 @ 11,592 after 860,077,783 : Time 264.22s : 50992.71 words/s : gNorm 0.6444 : L.r. 1.5000e-04
[2026-03-18 02:20:46] Saving model weights and runtime parameters to /workspace/OPUS-MT-train/work/en-ckb/curated-floresdev.spm4k-spm4k.transformer.model1.npz
[2026-03-18 02:20:47] Saving Adam parameters
[2026-03-18 02:20:49] [training] Saving training checkpoint to /workspace/OPUS-MT-train/work/en-ckb/curated-floresdev.spm4k-spm4k.transformer.model1.npz and /workspace/OPUS-MT-train/work/en-ckb/curated-floresdev.spm4k-spm4k.transformer.model1.npz.optimizer.npz
[2026-03-18 02:20:52] Translating validation set...
[2026-03-18 02:20:53] Best translation 0 : ▁ئەم ▁زار اوە یە ▁لە ▁ئاشنا ی ی ▁دێ رین ▁لەگەڵ ▁بێ د - بە گ ەکان ▁و ەر گیراو ە ، ▁کە ▁مێر وو ەکان ▁بە ▁شێوەیەکی ▁زۆر ▁گونجاو ن ▁بۆ ▁م شە خ ۆر کردنی ▁مرۆڤ ەکان .
[2026-03-18 02:20:53] Best translation 1 : ▁هێرش بەر ەکانی ▁م ۆم بای ▁لە ▁٢ ٦ ی ▁تشرین ی ▁دووەمی ▁ ٢٠٠ ٨ ▁گەیشت نە ▁ڕێگەی ▁بە لە م ▁و ▁نار نج ۆک ▁و ▁چە کی ▁ئۆتۆ م اتی کی ▁و ▁چەندین ▁ئامانج یان ▁پێک ا ▁لەنێو یاندا ▁ق ەرە ب اڵ غ ی ▁چ تر اپ اتی ▁شی ڤا جی ▁ت ێر مین وس ▁و ▁وێستگ ەی ▁ش ە مەند ە فەر ی ▁بە ناو بان گی ▁تا ج ▁مە ح ال .
[2026-03-18 02:20:54] Best translation 2 : ▁بە ▁هۆی ▁هەمان ▁کە ش وه ە وای ▁خراپ ەوە ▁گەڕ ان ەکە ▁بەر بەست ی ▁کردبوو ▁کە ▁بووە ▁هۆی ▁نیشت نەوەی ▁هەڵ اتوو ▁.
[2026-03-18 02:20:54] Best translation 3 : ▁هه ▁روه ▁ها ▁A C M A ▁بۆ ی ▁ده ▁رک ه ▁وت ▁که ▁سه ▁ره ▁ڕای ▁ئه ▁و ▁گرت ه ▁ڤیدیۆ یه ▁ی ▁له ▁سه ▁ر ▁تۆڕی ▁ئینته ▁رنێت ▁بڵاو بۆ ته ▁وه ▁، ▁به ▁ڵام ▁برا ▁گه ▁وره ▁که ▁یاسا کانی ▁سان سۆر ی ▁ناوه ▁ڕۆک ی ▁سه ▁ر ▁ئینته ▁رنێت ی ▁نه ▁ش ک اندووه ▁له ▁کاتێکدا ▁که ▁ڕاگه ▁یاندن ه ▁کان ▁له ▁ماڵپ ه ▁ڕی ▁برا ▁گه ▁وره ▁کان ▁هه ▁ڵ نه ▁گیراوه ▁.
[2026-03-18 02:20:54] Best translation 4 : ▁سوپای ه ▁کی ▁لاواز تر ▁و ▁هێزی ▁ده ▁ری ایی ▁لاواز تر ی ▁هه ▁بوو ، ▁هه ▁رچ ه ▁نده ▁تازه ▁به ▁ر ▁له ▁ده ▁ست پێ کردنی ▁شه ▁ڕ ، ▁چوار ▁که ▁شتی ی ▁نوێ یان ▁دروست ▁کردبوو .
[2026-03-18 02:20:54] Best translation 5 : ▁دووه ▁م ▁گۆڵی ▁شه ▁و ی ▁ئه ▁م ▁وه ▁رزه ▁بریتی ▁بوو ▁له ▁٦ ٠ ه ه ▁مین ▁گۆڵی ، ▁که ▁بووه ▁یه ▁که ▁م ▁یاریزان ▁که ▁له ▁وه ▁رز ێک ▁له ▁ساڵی ▁١٩ ٩ ٥ - ٩ ٦ ه ▁وه ▁٦ ٠ ▁گۆڵ ▁یاخود ▁زیاتر ▁تۆمار ▁بکات ، ▁کاتێک ▁یاریزان ▁یا رۆ می ر ▁جا گر ▁و ▁مار ی ۆ ▁لێ می ۆ کس ▁هه ▁ری ه ▁که ▁یان ▁گه ▁یشتن ه ▁ئه ▁و ▁قۆناغ ه ▁.
[2026-03-18 02:20:54] Best translation 10 : ▁خوێن ▁له ▁ناو ▁ل وول ه ▁کاندا ▁له ▁دڵ ▁دوور ▁ده ▁که ▁وێت ه ▁وه ▁به ▁ناوی ▁خوێن به ▁ره ▁کان ▁و ▁له ▁ناو ▁ل وول ه ▁کاندا ▁ده ▁گه ▁ڕێت ه ▁وه ▁بۆ ▁دڵ ▁به ▁ناوی ▁ده ▁مار ه ▁کان ▁و ▁بچوک ترین ▁ل وول ه ▁کان ▁پێی ▁ده ▁گوت رێت ▁کا پ لی ه ▁کان .
[2026-03-18 02:20:54] Best translation 20 : ▁کا ف ۆڵ د ▁دەکرێت ▁هەم ▁مە ج ازی ▁و ▁هەم ▁ڕاست ە ق ین ▁بێت ، ▁بە ▁مانای ەکی ▁تر ، ▁مامۆستا ▁جۆرێک ە ▁لە ▁پەی ژ ە ▁بەڵام ▁کەواتە ▁پیاو ی ▁بچووک ی ▁ک اغ ە ز ▁لە ▁مای ک رۆس ۆف ت ▁ئۆفیس ە .
[2026-03-18 02:20:54] Best translation 40 : ▁خۆپ ـ یش ـ اند انه ▁که ▁ده ▁س ـ تی پ ـ ێ ـ کرد ▁له ▁کاتژمێر ▁ی از ده ▁ی ▁به ▁یانی ▁به ▁کاتی ▁خۆ جێ ی ▁ی و ▁تی ▁سی <0x2B> ١ ▁له ▁سه ▁ر ▁وا یت ه ال ▁له ▁به ▁رامب ه ▁ر ▁چوون ه ▁ژوور ه ▁وه ▁ی ▁پ ـ ۆلیس ▁بۆ ▁شه ▁قامی ▁دا ون ینگ ▁که ▁شوێنی ▁فه ▁رمی ▁سه ▁رۆک ▁وه ▁زیران ه ▁.
[2026-03-18 02:20:54] Best translation 80 : ▁نیشان ەکە ▁لە ▁ڕووی ▁جەستە ی یەوە ▁زیانی ▁پێ نە گەی شت بوو ؛ ▁دەست کاری کردن ەکە ▁بە ▁بەکارهێنانی ▁ t ar p a u l in s ی ▁ڕە ش ▁کە ▁ڕ از ێن را وەتەوە ▁بە ▁نیشان ەکانی ▁ئاشتی ▁و ▁دڵ ▁بۆ ▁گۆڕینی ▁" <0x4F> ▁" ▁بۆ ▁ئەوەی ▁ب خوێن رێت ەوە ▁" ▁.
[2026-03-18 02:20:57] Best translation 160 : ▁خەڵک ▁بە ▁کورسی ▁لێی دە دان ▁، ▁بەڵام ▁پ ە نج ەر ەکان ▁بێ ▁پ ە نج ەرە ▁بوون ▁.
[2026-03-18 02:21:00] Best translation 320 : ▁بە دوا دا چوونی ▁نە خ شە کێش انی ▁دەریا ی ی ▁تی ژ ەکە ▁دۆزرای ەوە ▁بە ▁بەکارهێنانی ▁ئا ڕ ▁ئۆ ▁ڤی .
[2026-03-18 02:21:06] Best translation 640 : ▁ژاپۆن یه ▁کان ▁نزیکه ▁ی ▁حه ▁وت ▁هه ▁زار ▁دوور گه ▁یان ▁هه ▁یه ▁- ▁گه ▁وره ▁ترین ▁دوور گه ▁ی ▁" ه ۆن ش ۆ " ـ ی ▁هه ▁یه ▁و ▁.، به ▁مه ▁ش ▁ژاپۆن ▁ده ▁بێته ▁حه ▁وته ▁مین ▁دوور گه ▁ی ▁گه ▁وره ▁له ▁جیهاندا !
[2026-03-18 02:21:19] Best translation 1280 : ▁پاس ەکان ▁وێستگ ەی ▁پاس ی ▁نێوان ▁ت ەو ژ م ▁( بە ▁ئینگلیزی : ▁ <0x42> us es ) ▁بە ▁درێژایی ▁ڕۆژ ▁بە ▁درێژایی ▁ڕۆژ ▁وێستگ ەی ▁پاس ▁لە ▁ڕووب ار ەکە ▁دا دە بە ز ێنن ، ▁هەر چ ەند ە ▁زۆربەی ان ▁بە ▁تایبەت ی ▁ئەوانەی ▁بەرەو ▁ڕۆژه ەڵات ▁و ▁مۆڵ ەتی ▁جا کار / بۆ م ت ەنگ ▁لە ▁نێوان ▁ ٠ ٦ : ٣ ٠ ▁بۆ ▁ ٠ ٧ : ٣ ٠ .
[2026-03-18 02:21:34] Total translation time: 41.36654s
[2026-03-18 02:21:34] [valid] Ep. 49 : Up. 64000 : bleu : 13.9314 : stalled 9 times (last best: 14.2475)
[2026-03-18 02:21:34] Translating validation set...
[2026-03-18 02:21:35] Best translation 0 : ▁ئەم ▁زار اوە یە ▁لە ▁ئاشنا ی ی ▁دێ رین ▁لەگەڵ ▁بێ د - بە گ ەکان ▁و ەر گیراو ە ، ▁کە ▁مێر وو ەکان ▁بە ▁شێوەیەکی ▁زۆر ▁گونجاو ن ▁بۆ ▁م شە خ ۆر کردنی ▁مرۆڤ ەکان .
[2026-03-18 02:21:35] Best translation 1 : ▁هێرش بەر ەکانی ▁م ۆم بای ▁لە ▁٢ ٦ ی ▁تشرین ی ▁دووەمی ▁ ٢٠٠ ٨ ▁گەیشت نە ▁ڕێگەی ▁بە لە م ▁و ▁نار نج ۆک ▁و ▁چە کی ▁ئۆتۆ م اتی کی ▁و ▁چەندین ▁ئامانج یان ▁پێک ا ▁لەنێو یاندا ▁ق ەرە ب اڵ غ ی ▁چ تر اپ اتی ▁شی ڤا جی ▁ت ێر مین وس ▁و ▁وێستگ ەی ▁ش ە مەند ە فەر ی ▁بە ناو بان گی ▁تا ج ▁مە ح ال .
[2026-03-18 02:21:35] Best translation 2 : ▁بە ▁هۆی ▁هەمان ▁کە ش وه ە وای ▁خراپ ەوە ▁گەڕ ان ەکە ▁بەر بەست ی ▁کردبوو ▁کە ▁بووە ▁هۆی ▁نیشت نەوەی ▁هەڵ اتوو ▁.
[2026-03-18 02:21:35] Best translation 3 : ▁هه ▁روه ▁ها ▁A C M A ▁بۆ ی ▁ده ▁رک ه ▁وت ▁که ▁سه ▁ره ▁ڕای ▁ئه ▁و ▁گرت ه ▁ڤیدیۆ یه ▁ی ▁له ▁سه ▁ر ▁تۆڕی ▁ئینته ▁رنێت ▁بڵاو بۆ ته ▁وه ▁، ▁به ▁ڵام ▁برا ▁گه ▁وره ▁که ▁یاسا کانی ▁سان سۆر ی ▁ناوه ▁ڕۆک ی ▁سه ▁ر ▁ئینته ▁رنێت ی ▁نه ▁ش ک اندووه ▁له ▁کاتێکدا ▁که ▁ڕاگه ▁یاندن ه ▁کان ▁له ▁ماڵپ ه ▁ڕی ▁برا ▁گه ▁وره ▁کان ▁هه ▁ڵ نه ▁گیراوه ▁.
[2026-03-18 02:21:35] Best translation 4 : ▁سوپای ه ▁کی ▁لاواز تر ▁و ▁هێزی ▁ده ▁ری ایی ▁لاواز تر ی ▁هه ▁بوو ، ▁هه ▁رچ ه ▁نده ▁تازه ▁به ▁ر ▁له ▁ده ▁ست پێ کردنی ▁شه ▁ڕ ، ▁چوار ▁که ▁شتی ی ▁نوێ یان ▁دروست ▁کردبوو .
[2026-03-18 02:21:35] Best translation 5 : ▁دووه ▁م ▁گۆڵی ▁شه ▁و ی ▁ئه ▁م ▁وه ▁رزه ▁بریتی ▁بوو ▁له ▁٦ ٠ ه ه ▁مین ▁گۆڵی ، ▁که ▁بووه ▁یه ▁که ▁م ▁یاریزان ▁که ▁له ▁وه ▁رز ێک ▁له ▁ساڵی ▁١٩ ٩ ٥ - ٩ ٦ ه ▁وه ▁٦ ٠ ▁گۆڵ ▁یاخود ▁زیاتر ▁تۆمار ▁بکات ، ▁کاتێک ▁یاریزان ▁یا رۆ می ر ▁جا گر ▁و ▁مار ی ۆ ▁لێ می ۆ کس ▁هه ▁ری ه ▁که ▁یان ▁گه ▁یشتن ه ▁ئه ▁و ▁قۆناغ ه ▁.
[2026-03-18 02:21:35] Best translation 10 : ▁خوێن ▁له ▁ناو ▁ل وول ه ▁کاندا ▁له ▁دڵ ▁دوور ▁ده ▁که ▁وێت ه ▁وه ▁به ▁ناوی ▁خوێن به ▁ره ▁کان ▁و ▁له ▁ناو ▁ل وول ه ▁کاندا ▁ده ▁گه ▁ڕێت ه ▁وه ▁بۆ ▁دڵ ▁به ▁ناوی ▁ده ▁مار ه ▁کان ▁و ▁بچوک ترین ▁ل وول ه ▁کان ▁پێی ▁ده ▁گوت رێت ▁کا پ لی ه ▁کان .
[2026-03-18 02:21:35] Best translation 20 : ▁کا ف ۆڵ د ▁دەکرێت ▁هەم ▁مە ج ازی ▁و ▁هەم ▁ڕاست ە ق ین ▁بێت ، ▁بە ▁مانای ەکی ▁تر ، ▁مامۆستا ▁جۆرێک ە ▁لە ▁پەی ژ ە ▁بەڵام ▁کەواتە ▁پیاو ی ▁بچووک ی ▁ک اغ ە ز ▁لە ▁مای ک رۆس ۆف ت ▁ئۆفیس ە .
[2026-03-18 02:21:35] Best translation 40 : ▁خۆپ ـ یش ـ اند انه ▁که ▁ده ▁س ـ تی پ ـ ێ ـ کرد ▁له ▁کاتژمێر ▁ی از ده ▁ی ▁به ▁یانی ▁به ▁کاتی ▁خۆ جێ ی ▁ی و ▁تی ▁سی <0x2B> ١ ▁له ▁سه ▁ر ▁وا یت ه ال ▁له ▁به ▁رامب ه ▁ر ▁چوون ه ▁ژوور ه ▁وه ▁ی ▁پ ـ ۆلیس ▁بۆ ▁شه ▁قامی ▁دا ون ینگ ▁که ▁شوێنی ▁فه ▁رمی ▁سه ▁رۆک ▁وه ▁زیران ه ▁.
[2026-03-18 02:21:36] Best translation 80 : ▁نیشان ەکە ▁لە ▁ڕووی ▁جەستە ی یەوە ▁زیانی ▁پێ نە گەی شت بوو ؛ ▁دەست کاری کردن ەکە ▁بە ▁بەکارهێنانی ▁ t ar p a u l in s ی ▁ڕە ش ▁کە ▁ڕ از ێن را وەتەوە ▁بە ▁نیشان ەکانی ▁ئاشتی ▁و ▁دڵ ▁بۆ ▁گۆڕینی ▁" <0x4F> ▁" ▁بۆ ▁ئەوەی ▁ب خوێن رێت ەوە ▁" ▁.
[2026-03-18 02:21:39] Best translation 160 : ▁خەڵک ▁بە ▁کورسی ▁لێی دە دان ▁، ▁بەڵام ▁پ ە نج ەر ەکان ▁بێ ▁پ ە نج ەرە ▁بوون ▁.
[2026-03-18 02:21:42] Best translation 320 : ▁بە دوا دا چوونی ▁نە خ شە کێش انی ▁دەریا ی ی ▁تی ژ ەکە ▁دۆزرای ەوە ▁بە ▁بەکارهێنانی ▁ئا ڕ ▁ئۆ ▁ڤی .
[2026-03-18 02:21:48] Best translation 640 : ▁ژاپۆن یه ▁کان ▁نزیکه ▁ی ▁حه ▁وت ▁هه ▁زار ▁دوور گه ▁یان ▁هه ▁یه ▁- ▁گه ▁وره ▁ترین ▁دوور گه ▁ی ▁" ه ۆن ش ۆ " ـ ی ▁هه ▁یه ▁و ▁.، به ▁مه ▁ش ▁ژاپۆن ▁ده ▁بێته ▁حه ▁وته ▁مین ▁دوور گه ▁ی ▁گه ▁وره ▁له ▁جیهاندا !
[2026-03-18 02:22:01] Best translation 1280 : ▁پاس ەکان ▁وێستگ ەی ▁پاس ی ▁نێوان ▁ت ەو ژ م ▁( بە ▁ئینگلیزی : ▁ <0x42> us es ) ▁بە ▁درێژایی ▁ڕۆژ ▁بە ▁درێژایی ▁ڕۆژ ▁وێستگ ەی ▁پاس ▁لە ▁ڕووب ار ەکە ▁دا دە بە ز ێنن ، ▁هەر چ ەند ە ▁زۆربەی ان ▁بە ▁تایبەت ی ▁ئەوانەی ▁بەرەو ▁ڕۆژه ەڵات ▁و ▁مۆڵ ەتی ▁جا کار / بۆ م ت ەنگ ▁لە ▁نێوان ▁ ٠ ٦ : ٣ ٠ ▁بۆ ▁ ٠ ٧ : ٣ ٠ .
[2026-03-18 02:22:16] Total translation time: 42.66177s
[2026-03-18 02:22:16] [valid] Ep. 49 : Up. 64000 : chrf : 44.916 : stalled 6 times (last best: 45.1146)
[2026-03-18 02:22:18] [valid] Ep. 49 : Up. 64000 : perplexity : 9.03894 : stalled 24 times (last best: 8.65573)
[2026-03-18 02:25:09] Ep. 49 : Up. 65000 : Sen. 293,897 : Cost 2.03571391 * 13,467,932 @ 13,375 after 873,545,715 : Time 263.07s : 51195.64 words/s : gNorm 0.6356 : L.r. 1.4884e-04
[2026-03-18 02:25:09] Saving model weights and runtime parameters to /workspace/OPUS-MT-train/work/en-ckb/curated-floresdev.spm4k-spm4k.transformer.model1.npz
[2026-03-18 02:25:10] Saving Adam parameters
[2026-03-18 02:25:12] [training] Saving training checkpoint to /workspace/OPUS-MT-train/work/en-ckb/curated-floresdev.spm4k-spm4k.transformer.model1.npz and /workspace/OPUS-MT-train/work/en-ckb/curated-floresdev.spm4k-spm4k.transformer.model1.npz.optimizer.npz
[2026-03-18 02:25:16] Translating validation set...
[2026-03-18 02:25:16] Best translation 0 : ▁ئەم ▁زار اوە یە ▁لە ▁ئاشنا ی ی ▁دێ رین ▁لەگەڵ ▁بێ د - بە گ ەکان ▁و ەر گیراو ە ، ▁کە ▁مێر وو ەکان ▁بە ▁شێوەیەکی ▁زۆر ▁گونجاو ن ▁بۆ ▁م شە خ ۆر کردنی ▁مرۆڤ ەکان .
[2026-03-18 02:25:16] Best translation 1 : ▁هێرش بەر انی ▁م ۆم بای ▁لە ▁٢ ٦ ی ▁تشرین ی ▁دووەمی ▁ ٢٠٠ ٨ ▁گەیشت نە ▁ڕێگەی ▁بە لە م ▁و ▁نار نج ۆک ▁و ▁چە کی ▁ئۆتۆ م اتی کی ▁و ▁چەندین ▁ئامانج یان ▁پێک ا ▁لەنێو یاندا ▁ق ەرە ب اڵ غ ی ▁چ تر اپ اتی ▁شی ڤا جی ▁ت ێر مین وس ▁و ▁وێستگ ەی ▁ش ە مەند ە فەر ی ▁بە ناو بان گی ▁تا ج ▁مە ح ال .
[2026-03-18 02:25:17] Best translation 2 : ▁بە ▁هۆی ▁هەمان ▁کە ش وه ە وای ▁خراپ ەوە ▁گەڕ ان ەکە ▁بەر بەست ی ▁کردبوو ▁کە ▁بووە ▁هۆی ▁نیشت نەوەی ▁هەڵ اتوو ▁.
[2026-03-18 02:25:17] Best translation 3 : ▁هه ▁روه ▁ها ▁A C M A ▁بۆ ی ▁ده ▁رک ه ▁وت ▁که ▁سه ▁ره ▁ڕای ▁ئه ▁و ▁گرت ه ▁ڤیدیۆ یه ▁ی ▁له ▁سه ▁ر ▁تۆڕی ▁ئینته ▁رنێت ▁بڵاو بۆ ته ▁وه ▁، ▁به ▁ڵام ▁برا ▁گه ▁وره ▁که ▁یاسا کانی ▁سان سۆر ی ▁ناوه ▁ڕۆک ی ▁سه ▁ر ▁ئینته ▁رنێت ی ▁نه ▁ش ک اندووه ▁له ▁کاتێکدا ▁که ▁ڕاگه ▁یاندن ه ▁کان ▁له ▁ماڵپ ه ▁ڕی ▁برا ▁گه ▁وره ▁کان ▁هه ▁ڵ نه ▁گیراوه ▁.
[2026-03-18 02:25:17] Best translation 4 : ▁سوپای ه ▁کی ▁لاواز تر ▁و ▁هێزی ▁ده ▁ری ایی ▁لاواز تر ی ▁هه ▁بوو ، ▁هه ▁رچ ه ▁نده ▁تازه ▁به ▁ر ▁له ▁ده ▁ست پێ کردنی ▁شه ▁ڕ ، ▁چوار ▁که ▁شتی ی ▁نوێ یان ▁دروست ▁کردبوو .
[2026-03-18 02:25:17] Best translation 5 : ▁دووه ▁م ▁گۆڵی ▁شه ▁و ی ▁ئه ▁م ▁وه ▁رزه ▁بریتی ▁بوو ▁له ▁٦ ٠ ه ه ▁مین ▁گۆڵی ، ▁که ▁بووه ▁یه ▁که ▁م ▁یاریزان ▁که ▁له ▁وه ▁رز ێک ▁له ▁ساڵی ▁١٩ ٩ ٥ - ٩ ٦ ه ▁وه ▁٦ ٠ ▁گۆڵ ▁یاخود ▁زیاتر ▁تۆمار ▁بکات ، ▁کاتێک ▁هه ▁ری ه ▁که ▁له ▁یاریزانان ▁یا رۆ می ر ▁جا گر ▁و ▁مار ی ۆ ▁لێ می ۆ کس ▁هه ▁ری ه ▁که ▁یان ▁گه ▁یشتن ه ▁ئه ▁و ▁قۆناغ ه ▁.
[2026-03-18 02:25:17] Best translation 10 : ▁خوێن ▁له ▁ناو ▁ل وول ه ▁کاندا ▁له ▁دڵ ▁دوور ▁ده ▁که ▁وێت ه ▁وه ▁به ▁ناوی ▁خوێن به ▁ره ▁کان ▁و ▁له ▁ناو ▁ل وول ه ▁کاندا ▁ده ▁گه ▁ڕێت ه ▁وه ▁بۆ ▁دڵ ▁به ▁ناوی ▁ده ▁مار ه ▁کان ▁و ▁بچوک ترین ▁ل وول ه ▁کان ▁پێی ▁ده ▁گوت رێت ▁کا پ لی ه ▁کان .
[2026-03-18 02:25:17] Best translation 20 : ▁کا ف ۆڵ د ▁دەکرێت ▁هەم ▁مە ج ازی ▁و ▁هەم ▁ڕاست ە ق ین ▁بێت ، ▁بە ▁مانای ەکی ▁تر ، ▁مامۆستا ▁جۆرێک ە ▁لە ▁پەی ژ ە ▁بەڵام ▁کەواتە ▁پیاو ی ▁بچووک ی ▁ک اغ ە ز ▁لە ▁مای ک رۆس ۆف ت ▁ئۆفیس ە .
[2026-03-18 02:25:17] Best translation 40 : ▁خۆپ ـ یش ـ اند انه ▁که ▁ده ▁س ـ تی پ ـ ێ ـ کرد ▁له ▁کاتژمێر ▁ی از ده ▁ی ▁به ▁یانی ▁به ▁کاتی ▁خۆ جێ ی ی ▁( <0x55> T C <0x2B> 1 ) ▁له ▁سه ▁ر ▁وا یت ه ال ▁به ▁رامب ه ▁ر ▁به ▁چوون ه ▁ژوور ه ▁وه ▁ی ▁پ ـ ۆلیس ▁بۆ ▁شه ▁قامی ▁دا ون ینگ ▁که ▁شوێنی ▁فه ▁رمی ▁سه ▁رۆک ▁وه ▁زیران ه ▁.
[2026-03-18 02:25:18] Best translation 80 : ▁نیشان ەکە ▁لە ▁ڕووی ▁جەستە ی یەوە ▁زیانی ▁پێ نە گەی شت بوو ؛ ▁دەست کاری کردن ەکە ▁بە ▁بەکارهێنانی ▁ t ar p a u l in s ی ▁ڕە ش ▁کە ▁ڕ از ێن را وەتەوە ▁بە ▁نیشان ەکانی ▁ئاشتی ▁و ▁دڵ ▁بۆ ▁گۆڕینی ▁" <0x4F> ▁" ▁بۆ ▁ئەوەی ▁ب خوێن رێت ەوە ▁" ▁.
[2026-03-18 02:25:20] Best translation 160 : ▁خەڵک ▁بە ▁کورسی ▁لێی دە دان ▁، ▁بەڵام ▁پ ە نج ەر ەکان ▁بێ ▁پ ە نج ەرە ▁بوون ▁.
[2026-03-18 02:25:24] Best translation 320 : ▁بە دوا دا چوونی ▁نە خ شە کێش انی ▁دەریا ی ی ▁کە لو پ ەل ەکە ▁دۆز را وەتەوە ▁بە ▁بەکارهێنانی ▁ئا ڕ ▁ئۆ ▁ڤی ▁.
[2026-03-18 02:25:29] Best translation 640 : ▁ژاپۆن یه ▁کان ▁نزیکه ▁ی ▁حه ▁وت ▁هه ▁زار ▁دوور گه ▁یان ▁هه ▁یه ▁- ▁گه ▁وره ▁ترین ▁دوور گه ▁ی ▁" ه ۆن ش ۆ " ـ ی ▁هه ▁یه ▁و ▁.، به ▁مه ▁ش ▁ژاپۆن ▁ده ▁بێته ▁حه ▁وته ▁مین ▁دوور گه ▁ی ▁گه ▁وره ▁له ▁جیهاندا !
[2026-03-18 02:25:42] Best translation 1280 : ▁پاس ەکان ▁وێستگ ەی ▁پاس ی ▁نێوان ▁ت ەو ژ م ▁( بە ▁درێژایی ▁ڕۆژ ▁بە ▁ڕووب ار ەکە ▁دەگ و از نەوە ) ▁هەر چ ەند ە ▁زۆربەی ▁ڕۆژ ەکان ، ▁بە تای بە تی ▁ئەوانەی ▁بەرەو ▁ڕۆژه ەڵات ▁و ▁مۆڵ ەتی ▁جا کار / بۆ م ت ەنگ ▁لە ▁نێوان ▁ ٠ ٦ : ٣ ٠ ▁بۆ ▁ ٠ ٧ : ٣ ٠ .
[2026-03-18 02:25:56] Total translation time: 40.77475s
[2026-03-18 02:25:56] [valid] Ep. 49 : Up. 65000 : bleu : 13.8314 : stalled 10 times (last best: 14.2475)
[2026-03-18 02:25:56] Translating validation set...
[2026-03-18 02:25:57] Best translation 0 : ▁ئەم ▁زار اوە یە ▁لە ▁ئاشنا ی ی ▁دێ رین ▁لەگەڵ ▁بێ د - بە گ ەکان ▁و ەر گیراو ە ، ▁کە ▁مێر وو ەکان ▁بە ▁شێوەیەکی ▁زۆر ▁گونجاو ن ▁بۆ ▁م شە خ ۆر کردنی ▁مرۆڤ ەکان .
[2026-03-18 02:25:57] Best translation 1 : ▁هێرش بەر انی ▁م ۆم بای ▁لە ▁٢ ٦ ی ▁تشرین ی ▁دووەمی ▁ ٢٠٠ ٨ ▁گەیشت نە ▁ڕێگەی ▁بە لە م ▁و ▁نار نج ۆک ▁و ▁چە کی ▁ئۆتۆ م اتی کی ▁و ▁چەندین ▁ئامانج یان ▁پێک ا ▁لەنێو یاندا ▁ق ەرە ب اڵ غ ی ▁چ تر اپ اتی ▁شی ڤا جی ▁ت ێر مین وس ▁و ▁وێستگ ەی ▁ش ە مەند ە فەر ی ▁بە ناو بان گی ▁تا ج ▁مە ح ال .
[2026-03-18 02:25:58] Best translation 2 : ▁بە ▁هۆی ▁هەمان ▁کە ش وه ە وای ▁خراپ ەوە ▁گەڕ ان ەکە ▁بەر بەست ی ▁کردبوو ▁کە ▁بووە ▁هۆی ▁نیشت نەوەی ▁هەڵ اتوو ▁.
[2026-03-18 02:25:58] Best translation 3 : ▁هه ▁روه ▁ها ▁A C M A ▁بۆ ی ▁ده ▁رک ه ▁وت ▁که ▁سه ▁ره ▁ڕای ▁ئه ▁و ▁گرت ه ▁ڤیدیۆ یه ▁ی ▁له ▁سه ▁ر ▁تۆڕی ▁ئینته ▁رنێت ▁بڵاو بۆ ته ▁وه ▁، ▁به ▁ڵام ▁برا ▁گه ▁وره ▁که ▁یاسا کانی ▁سان سۆر ی ▁ناوه ▁ڕۆک ی ▁سه ▁ر ▁ئینته ▁رنێت ی ▁نه ▁ش ک اندووه ▁له ▁کاتێکدا ▁که ▁ڕاگه ▁یاندن ه ▁کان ▁له ▁ماڵپ ه ▁ڕی ▁برا ▁گه ▁وره ▁کان ▁هه ▁ڵ نه ▁گیراوه ▁.
[2026-03-18 02:25:58] Best translation 4 : ▁سوپای ه ▁کی ▁لاواز تر ▁و ▁هێزی ▁ده ▁ری ایی ▁لاواز تر ی ▁هه ▁بوو ، ▁هه ▁رچ ه ▁نده ▁تازه ▁به ▁ر ▁له ▁ده ▁ست پێ کردنی ▁شه ▁ڕ ، ▁چوار ▁که ▁شتی ی ▁نوێ یان ▁دروست ▁کردبوو .
[2026-03-18 02:25:58] Best translation 5 : ▁دووه ▁م ▁گۆڵی ▁شه ▁و ی ▁ئه ▁م ▁وه ▁رزه ▁بریتی ▁بوو ▁له ▁٦ ٠ ه ه ▁مین ▁گۆڵی ، ▁که ▁بووه ▁یه ▁که ▁م ▁یاریزان ▁که ▁له ▁وه ▁رز ێک ▁له ▁ساڵی ▁١٩ ٩ ٥ - ٩ ٦ ه ▁وه ▁٦ ٠ ▁گۆڵ ▁یاخود ▁زیاتر ▁تۆمار ▁بکات ، ▁کاتێک ▁هه ▁ری ه ▁که ▁له ▁یاریزانان ▁یا رۆ می ر ▁جا گر ▁و ▁مار ی ۆ ▁لێ می ۆ کس ▁هه ▁ری ه ▁که ▁یان ▁گه ▁یشتن ه ▁ئه ▁و ▁قۆناغ ه ▁.
[2026-03-18 02:25:58] Best translation 10 : ▁خوێن ▁له ▁ناو ▁ل وول ه ▁کاندا ▁له ▁دڵ ▁دوور ▁ده ▁که ▁وێت ه ▁وه ▁به ▁ناوی ▁خوێن به ▁ره ▁کان ▁و ▁له ▁ناو ▁ل وول ه ▁کاندا ▁ده ▁گه ▁ڕێت ه ▁وه ▁بۆ ▁دڵ ▁به ▁ناوی ▁ده ▁مار ه ▁کان ▁و ▁بچوک ترین ▁ل وول ه ▁کان ▁پێی ▁ده ▁گوت رێت ▁کا پ لی ه ▁کان .
[2026-03-18 02:25:58] Best translation 20 : ▁کا ف ۆڵ د ▁دەکرێت ▁هەم ▁مە ج ازی ▁و ▁هەم ▁ڕاست ە ق ین ▁بێت ، ▁بە ▁مانای ەکی ▁تر ، ▁مامۆستا ▁جۆرێک ە ▁لە ▁پەی ژ ە ▁بەڵام ▁کەواتە ▁پیاو ی ▁بچووک ی ▁ک اغ ە ز ▁لە ▁مای ک رۆس ۆف ت ▁ئۆفیس ە .
[2026-03-18 02:25:58] Best translation 40 : ▁خۆپ ـ یش ـ اند انه ▁که ▁ده ▁س ـ تی پ ـ ێ ـ کرد ▁له ▁کاتژمێر ▁ی از ده ▁ی ▁به ▁یانی ▁به ▁کاتی ▁خۆ جێ ی ی ▁( <0x55> T C <0x2B> 1 ) ▁له ▁سه ▁ر ▁وا یت ه ال ▁به ▁رامب ه ▁ر ▁به ▁چوون ه ▁ژوور ه ▁وه ▁ی ▁پ ـ ۆلیس ▁بۆ ▁شه ▁قامی ▁دا ون ینگ ▁که ▁شوێنی ▁فه ▁رمی ▁سه ▁رۆک ▁وه ▁زیران ه ▁.
[2026-03-18 02:25:58] Best translation 80 : ▁نیشان ەکە ▁لە ▁ڕووی ▁جەستە ی یەوە ▁زیانی ▁پێ نە گەی شت بوو ؛ ▁دەست کاری کردن ەکە ▁بە ▁بەکارهێنانی ▁ t ar p a u l in s ی ▁ڕە ش ▁کە ▁ڕ از ێن را وەتەوە ▁بە ▁نیشان ەکانی ▁ئاشتی ▁و ▁دڵ ▁بۆ ▁گۆڕینی ▁" <0x4F> ▁" ▁بۆ ▁ئەوەی ▁ب خوێن رێت ەوە ▁" ▁.
[2026-03-18 02:26:01] Best translation 160 : ▁خەڵک ▁بە ▁کورسی ▁لێی دە دان ▁، ▁بەڵام ▁پ ە نج ەر ەکان ▁بێ ▁پ ە نج ەرە ▁بوون ▁.
[2026-03-18 02:26:05] Best translation 320 : ▁بە دوا دا چوونی ▁نە خ شە کێش انی ▁دەریا ی ی ▁کە لو پ ەل ەکە ▁دۆز را وەتەوە ▁بە ▁بەکارهێنانی ▁ئا ڕ ▁ئۆ ▁ڤی ▁.
[2026-03-18 02:26:11] Best translation 640 : ▁ژاپۆن یه ▁کان ▁نزیکه ▁ی ▁حه ▁وت ▁هه ▁زار ▁دوور گه ▁یان ▁هه ▁یه ▁- ▁گه ▁وره ▁ترین ▁دوور گه ▁ی ▁" ه ۆن ش ۆ " ـ ی ▁هه ▁یه ▁و ▁.، به ▁مه ▁ش ▁ژاپۆن ▁ده ▁بێته ▁حه ▁وته ▁مین ▁دوور گه ▁ی ▁گه ▁وره ▁له ▁جیهاندا !
[2026-03-18 02:26:23] Best translation 1280 : ▁پاس ەکان ▁وێستگ ەی ▁پاس ی ▁نێوان ▁ت ەو ژ م ▁( بە ▁درێژایی ▁ڕۆژ ▁بە ▁ڕووب ار ەکە ▁دەگ و از نەوە ) ▁هەر چ ەند ە ▁زۆربەی ▁ڕۆژ ەکان ، ▁بە تای بە تی ▁ئەوانەی ▁بەرەو ▁ڕۆژه ەڵات ▁و ▁مۆڵ ەتی ▁جا کار / بۆ م ت ەنگ ▁لە ▁نێوان ▁ ٠ ٦ : ٣ ٠ ▁بۆ ▁ ٠ ٧ : ٣ ٠ .
[2026-03-18 02:26:38] Total translation time: 42.05704s
[2026-03-18 02:26:38] [valid] Ep. 49 : Up. 65000 : chrf : 44.7959 : stalled 7 times (last best: 45.1146)
[2026-03-18 02:26:40] [valid] Ep. 49 : Up. 65000 : perplexity : 9.0663 : stalled 25 times (last best: 8.65573)
[2026-03-18 02:26:40] Training finished
[2026-03-18 02:26:40] Saving model weights and runtime parameters to /workspace/OPUS-MT-train/work/en-ckb/curated-floresdev.spm4k-spm4k.transformer.model1.npz
[2026-03-18 02:26:42] Saving Adam parameters
[2026-03-18 02:26:44] [training] Saving training checkpoint to /workspace/OPUS-MT-train/work/en-ckb/curated-floresdev.spm4k-spm4k.transformer.model1.npz and /workspace/OPUS-MT-train/work/en-ckb/curated-floresdev.spm4k-spm4k.transformer.model1.npz.optimizer.npz
